2026/09/29 19:37:45.279, 1230, 1215, 51.69, 32, 0x0000000000000001
2026/09/29 19:37:45.536, 1230, 1215, 51.69, 32, 0x0000000000000001
2026/09/29 19:37:45.788, 1230, 1215, 51.69, 32, 0x0000000000000001
2026/09/29 19:37:46.038, 1230, 1215, 51.96, 32, 0x0000000000000001
2026/09/29 19:37:46.288, 1230, 1215, 51.69, 32, 0x0000000000000001
2026/09/29 19:37:46.539, 1230, 1215, 51.69, 32, 0x0000000000000001
2026/09/29 19:37:46.789, 1230, 1215, 51.96, 32, 0x0000000000000001
2026/09/29 19:37:47.039, 255, 1215, 42.34, 32, 0x0000000000000001
2026/09/29 19:37:47.289, 225, 1215, 41.74, 31, 0x0000000000000001
2026/09/29 19:37:47.539, 210, 1215, 41.74, 31, 0x0000000000000001
2026/09/29 19:37:47.789, 210, 1215, 41.74, 31, 0x0000000000000001
2026/09/29 19:37:48.040, 210, 1215, 41.74, 31, 0x0000000000000001
2026/09/29 19:37:48.290, 210, 1215, 41.74, 31, 0x0000000000000001
2026/09/29 19:37:48.540, 210, 1215, 41.74, 31, 0x0000000000000001
2026/09/29 19:37:48.790, 210, 1215, 41.74, 31, 0x0000000000000001
2026/09/29 19:37:49.040, 210, 1215, 42.47, 31, 0x0000000000000001
2026/09/29 19:37:49.290, 210, 1215, 41.87, 31, 0x0000000000000001
2026/09/29 19:37:49.541, 210, 1215, 41.87, 31, 0x0000000000000001
2026/09/29 19:37:49.791, 210, 1215, 41.92, 31, 0x0000000000000001
2026/09/29 19:37:50.041, 210, 1215, 41.92, 31, 0x0000000000000001
2026/09/29 19:37:50.291, 210, 1215, 41.92, 31, 0x0000000000000001
2026/09/29 19:37:50.541, 210, 1215, 41.96, 31, 0x0000000000000001
2026/09/29 19:37:50.791, 210, 1215, 41.96, 31, 0x0000000000000001
2026/09/29 19:37:51.042, 210, 1215, 41.92, 31, 0x0000000000000001
2026/09/29 19:37:51.292, 210, 1215, 41.92, 31, 0x0000000000000001
2026/09/29 19:37:51.542, 210, 1215, 41.87, 31, 0x0000000000000001
2026/09/29 19:37:51.792, 210, 1215, 41.87, 31, 0x0000000000000001
2026/09/29 19:37:52.042, 210, 1215, 41.87, 31, 0x0000000000000001
2026/09/29 19:37:52.292, 210, 1215, 41.87, 31, 0x0000000000000001
2026/09/29 19:37:52.542, 210, 1215, 41.87, 31, 0x0000000000000001
2026/09/29 19:37:52.793, 210, 1215, 41.87, 31, 0x0000000000000001
2026/09/29 19:37:53.043, 1080, 1215, 47.11, 32, 0x0000000000000001
2026/09/29 19:37:53.293, 1080, 1215, 47.11, 32, 0x0000000000000001
2026/09/29 19:37:53.543, 1080, 1215, 47.06, 32, 0x0000000000000001
2026/09/29 19:37:53.793, 1080, 1215, 47.06, 32, 0x0000000000000001
2026/09/29 19:37:54.043, 1080, 1215, 47.06, 32, 0x0000000000000001
2026/09/29 19:37:54.293, 1080, 1215, 46.74, 32, 0x0000000000000001
2026/09/29 19:37:54.544, 225, 1215, 47.33, 32, 0x0000000000000001
2026/09/29 19:37:54.794, 210, 1215, 41.78, 31, 0x0000000000000001
2026/09/29 19:37:55.044, 210, 1215, 41.74, 31, 0x0000000000000001
2026/09/29 19:37:55.295, 210, 1215, 41.74, 31, 0x0000000000000001
2026/09/29 19:37:55.545, 210, 1215, 41.74, 31, 0x0000000000000001
2026/09/29 19:37:55.795, 210, 1215, 41.74, 31, 0x0000000000000001
2026/09/29 19:37:56.045, 210, 1215, 41.74, 31, 0x0000000000000001
2026/09/29 19:37:56.296, 210, 1215, 41.78, 31, 0x0000000000000001
2026/09/29 19:37:56.546, 210, 1215, 41.74, 31, 0x0000000000000001
2026/09/29 19:37:56.796, 210, 1215, 41.74, 31, 0x0000000000000001
2026/09/29 19:37:57.046, 210, 1215, 41.74, 31, 0x0000000000000001
2026/09/29 19:37:57.296, 210, 1215, 41.74, 31, 0x0000000000000001
2026/09/29 19:37:57.546, 210, 1215, 41.74, 31, 0x0000000000000001
2026/09/29 19:37:57.797, 210, 1215, 41.74, 31, 0x0000000000000001
2026/09/29 19:37:58.047, 210, 1215, 41.74, 31, 0x0000000000000001
2026/09/29 19:37:58.297, 210, 1215, 41.74, 31, 0x0000000000000001
2026/09/29 19:37:58.547, 210, 1215, 41.83, 31, 0x0000000000000001
2026/09/29 19:37:58.797, 210, 1215, 41.87, 31, 0x0000000000000001
2026/09/29 19:37:59.047, 210, 1215, 41.92, 31, 0x0000000000000001
2026/09/29 19:37:59.298, 210, 1215, 41.87, 31, 0x0000000000000001
2026/09/29 19:37:59.548, 210, 1215, 41.92, 31, 0x0000000000000001
2026/09/29 19:37:59.798, 210, 1215, 41.96, 31, 0x0000000000000001
2026/09/29 19:38:00.048, 210, 1215, 41.96, 31, 0x0000000000000001
2026/09/29 19:38:00.298, 210, 1215, 41.96, 31, 0x0000000000000001
2026/09/29 19:38:00.548, 210, 1215, 41.92, 31, 0x0000000000000001
2026/09/29 19:38:00.799, 210, 1215, 41.87, 31, 0x0000000000000001
2026/09/29 19:38:01.049, 210, 1215, 41.92, 31, 0x0000000000000001
2026/09/29 19:38:01.299, 210, 1215, 41.87, 31, 0x0000000000000001
2026/09/29 19:38:01.549, 210, 1215, 41.87, 31, 0x0000000000000001
2026/09/29 19:38:01.799, 210, 1215, 41.87, 31, 0x0000000000000001
2026/09/29 19:38:02.049, 210, 1215, 41.83, 31, 0x0000000000000001
2026/09/29 19:38:02.300, 210, 1215, 41.87, 31, 0x0000000000000001
2026/09/29 19:38:02.550, 210, 1215, 41.92, 31, 0x0000000000000001
2026/09/29 19:38:02.800, 210, 1215, 41.92, 31, 0x0000000000000001
2026/09/29 19:38:03.050, 210, 1215, 41.96, 31, 0x0000000000000001
2026/09/29 19:38:03.300, 210, 1215, 41.96, 31, 0x0000000000000001
2026/09/29 19:38:03.550, 210, 1215, 42.00, 31, 0x0000000000000001
2026/09/29 19:38:03.801, 210, 1215, 42.00, 31, 0x0000000000000001
2026/09/29 19:38:04.051, 210, 1215, 42.00, 31, 0x0000000000000001
2026/09/29 19:38:04.301, 210, 1215, 41.92, 31, 0x0000000000000001
2026/09/29 19:38:04.551, 210, 1215, 41.92, 31, 0x0000000000000001
2026/09/29 19:38:04.801, 210, 1215, 41.92, 31, 0x0000000000000001
2026/09/29 19:38:05.051, 210, 1215, 41.92, 31, 0x0000000000000001
2026/09/29 19:38:05.301, 210, 1215, 41.92, 31, 0x0000000000000001
2026/09/29 19:38:05.552, 210, 1215, 41.87, 31, 0x0000000000000001
2026/09/29 19:38:05.802, 210, 1215, 41.83, 31, 0x0000000000000001
2026/09/29 19:38:06.052, 210, 1215, 41.83, 31, 0x0000000000000001
2026/09/29 19:38:06.302, 210, 1215, 41.83, 31, 0x0000000000000001
2026/09/29 19:38:06.552, 210, 1215, 41.78, 31, 0x0000000000000001
2026/09/29 19:38:06.803, 210, 1215, 41.78, 31, 0x0000000000000001
2026/09/29 19:38:07.053, 210, 1215, 41.74, 31, 0x0000000000000001
2026/09/29 19:38:07.303, 210, 1215, 41.78, 31, 0x0000000000000001
2026/09/29 19:38:07.553, 210, 1215, 41.78, 31, 0x0000000000000001
2026/09/29 19:38:07.803, 210, 1215, 41.74, 31, 0x0000000000000001
2026/09/29 19:38:08.053, 210, 1215, 41.74, 31, 0x0000000000000001
2026/09/29 19:38:08.303, 210, 1215, 41.78, 31, 0x0000000000000001
2026/09/29 19:38:08.554, 210, 1215, 41.74, 31, 0x0000000000000001
2026/09/29 19:38:08.804, 210, 1215, 41.74, 31, 0x0000000000000001
2026/09/29 19:38:09.054, 210, 1215, 41.74, 31, 0x0000000000000001
2026/09/29 19:38:09.304, 210, 1215, 41.74, 31, 0x0000000000000001
2026/09/29 19:38:09.554, 210, 1215, 41.74, 31, 0x0000000000000001
2026/09/29 19:38:09.804, 210, 1215, 41.74, 31, 0x0000000000000001
2026/09/29 19:38:10.054, 210, 1215, 41.74, 31, 0x0000000000000001
2026/09/29 19:38:10.305, 210, 1215, 41.74, 31, 0x0000000000000001
2026/09/29 19:38:10.555, 210, 1215, 41.74, 31, 0x0000000000000001
2026/09/29 19:38:10.805, 210, 1215, 41.74, 31, 0x0000000000000001
2026/09/29 19:38:11.055, 210, 1215, 41.74, 31, 0x0000000000000001
2026/09/29 19:38:11.305, 210, 1215, 41.74, 31, 0x0000000000000001
2026/09/29 19:38:11.555, 210, 1215, 41.74, 31, 0x0000000000000001
2026/09/29 19:38:11.806, 210, 1215, 41.74, 31, 0x0000000000000001
2026/09/29 19:38:12.056, 210, 1215, 41.74, 31, 0x0000000000000001
2026/09/29 19:38:12.306, 210, 1215, 41.74, 31, 0x0000000000000001
2026/09/29 19:38:12.556, 210, 1215, 41.74, 31, 0x0000000000000001
2026/09/29 19:38:12.806, 210, 1215, 41.74, 31, 0x0000000000000001
2026/09/29 19:38:13.056, 210, 1215, 41.74, 31, 0x0000000000000001
2026/09/29 19:38:13.307, 210, 1215, 41.74, 31, 0x0000000000000001
2026/09/29 19:38:13.557, 210, 1215, 41.74, 31, 0x0000000000000001
2026/09/29 19:38:13.807, 210, 1215, 41.74, 31, 0x0000000000000001
2026/09/29 19:38:14.057, 210, 1215, 41.74, 31, 0x0000000000000001
2026/09/29 19:38:14.307, 210, 1215, 41.74, 31, 0x0000000000000001
2026/09/29 19:38:14.558, 210, 1215, 41.74, 31, 0x0000000000000001
2026/09/29 19:38:14.808, 210, 1215, 41.74, 31, 0x0000000000000001
2026/09/29 19:38:15.058, 210, 1215, 41.74, 31, 0x0000000000000001
2026/09/29 19:38:15.308, 210, 1215, 41.74, 31, 0x0000000000000001
2026/09/29 19:38:15.558, 210, 1215, 41.74, 31, 0x0000000000000001
2026/09/29 19:38:15.808, 210, 1215, 41.74, 31, 0x0000000000000001
2026/09/29 19:38:16.059, 210, 1215, 41.74, 31, 0x0000000000000001
2026/09/29 19:38:16.309, 210, 1215, 41.74, 31, 0x0000000000000001
2026/09/29 19:38:16.559, 210, 1215, 41.74, 31, 0x0000000000000001
2026/09/29 19:38:16.809, 210, 1215, 41.74, 31, 0x0000000000000001
2026/09/29 19:38:17.059, 210, 1215, 41.87, 31, 0x0000000000000001
2026/09/29 19:38:17.310, 210, 1215, 41.87, 31, 0x0000000000000001
2026/09/29 19:38:17.560, 210, 1215, 41.60, 31, 0x0000000000000001
2026/09/29 19:38:17.811, 210, 1215, 41.92, 31, 0x0000000000000001
2026/09/29 19:38:18.061, 210, 1215, 41.92, 31, 0x0000000000000001
2026/09/29 19:38:18.311, 210, 1215, 41.92, 31, 0x0000000000000001
2026/09/29 19:38:18.561, 210, 1215, 41.96, 31, 0x0000000000000001
2026/09/29 19:38:18.811, 210, 1215, 41.92, 31, 0x0000000000000001
2026/09/29 19:38:19.061, 210, 1215, 41.96, 31, 0x0000000000000001
2026/09/29 19:38:19.312, 210, 1215, 41.69, 31, 0x0000000000000001
2026/09/29 19:38:19.562, 210, 1215, 41.92, 31, 0x0000000000000001
2026/09/29 19:38:19.817, 210, 1215, 41.96, 31, 0x0000000000000001
2026/09/29 19:38:20.071, 210, 1215, 41.96, 31, 0x0000000000000001
2026/09/29 19:38:20.321, 210, 1215, 41.92, 31, 0x0000000000000001
2026/09/29 19:38:20.571, 210, 1215, 41.92, 31, 0x0000000000000001
2026/09/29 19:38:20.821, 210, 1215, 41.92, 31, 0x0000000000000001
2026/09/29 19:38:21.072, 210, 1215, 41.87, 31, 0x0000000000000001
2026/09/29 19:38:21.322, 210, 1215, 41.87, 31, 0x0000000000000001
2026/09/29 19:38:21.572, 210, 1215, 41.87, 31, 0x0000000000000001
2026/09/29 19:38:21.823, 210, 1215, 41.83, 31, 0x0000000000000001
2026/09/29 19:38:22.073, 210, 1215, 41.83, 31, 0x0000000000000001
2026/09/29 19:38:22.323, 210, 1215, 41.78, 31, 0x0000000000000001
2026/09/29 19:38:22.573, 210, 1215, 41.78, 31, 0x0000000000000001
2026/09/29 19:38:22.823, 210, 1215, 41.78, 31, 0x0000000000000001
2026/09/29 19:38:23.074, 210, 1215, 41.74, 31, 0x0000000000000001
2026/09/29 19:38:23.324, 210, 1215, 41.78, 31, 0x0000000000000001
2026/09/29 19:38:23.574, 210, 1215, 41.78, 31, 0x0000000000000001
2026/09/29 19:38:23.824, 210, 1215, 41.74, 31, 0x0000000000000001
2026/09/29 19:38:24.074, 210, 1215, 41.78, 31, 0x0000000000000001
2026/09/29 19:38:24.324, 210, 1215, 41.74, 31, 0x0000000000000001
2026/09/29 19:38:24.575, 210, 1215, 41.74, 31, 0x0000000000000001
2026/09/29 19:38:24.825, 210, 1215, 41.78, 31, 0x0000000000000001
2026/09/29 19:38:25.075, 210, 1215, 41.74, 31, 0x0000000000000001
2026/09/29 19:38:25.325, 210, 1215, 41.78, 31, 0x0000000000000001
2026/09/29 19:38:25.576, 210, 1215, 41.78, 31, 0x0000000000000001
2026/09/29 19:38:25.826, 210, 1215, 41.74, 31, 0x0000000000000001
2026/09/29 19:38:26.079, 210, 1215, 41.78, 31, 0x0000000000000001
2026/09/29 19:38:26.330, 210, 1215, 41.78, 31, 0x0000000000000001
2026/09/29 19:38:26.581, 210, 1215, 41.74, 31, 0x0000000000000001
2026/09/29 19:38:26.832, 210, 1215, 41.78, 31, 0x0000000000000001
2026/09/29 19:38:27.083, 210, 1215, 41.78, 31, 0x0000000000000001
2026/09/29 19:38:27.333, 210, 1215, 41.74, 31, 0x0000000000000001
2026/09/29 19:38:27.583, 210, 1215, 41.78, 31, 0x0000000000000001
2026/09/29 19:38:27.833, 210, 1215, 41.74, 31, 0x0000000000000001
2026/09/29 19:38:28.084, 210, 1215, 41.74, 31, 0x0000000000000001
2026/09/29 19:38:28.334, 210, 1215, 41.78, 31, 0x0000000000000001
2026/09/29 19:38:28.584, 210, 1215, 41.74, 31, 0x0000000000000001
2026/09/29 19:38:28.834, 210, 1215, 41.78, 31, 0x0000000000000001
2026/09/29 19:38:29.084, 210, 1215, 41.78, 31, 0x0000000000000001
2026/09/29 19:38:29.334, 210, 1215, 41.87, 31, 0x0000000000000001
2026/09/29 19:38:29.584, 210, 1215, 41.92, 31, 0x0000000000000001
2026/09/29 19:38:29.835, 210, 1215, 41.92, 31, 0x0000000000000001
2026/09/29 19:38:30.085, 210, 1215, 41.92, 31, 0x0000000000000001
2026/09/29 19:38:30.335, 210, 1215, 41.96, 31, 0x0000000000000001
2026/09/29 19:38:30.585, 210, 1215, 41.96, 31, 0x0000000000000001
2026/09/29 19:38:30.835, 210, 1215, 41.96, 31, 0x0000000000000001
2026/09/29 19:38:31.086, 210, 1215, 41.96, 31, 0x0000000000000001
2026/09/29 19:38:31.336, 210, 1215, 41.92, 31, 0x0000000000000001
2026/09/29 19:38:31.586, 210, 1215, 42.00, 31, 0x0000000000000001
2026/09/29 19:38:31.836, 210, 1215, 42.04, 31, 0x0000000000000001
2026/09/29 19:38:32.086, 210, 1215, 41.77, 31, 0x0000000000000001
2026/09/29 19:38:32.336, 210, 1215, 42.00, 31, 0x0000000000000001
2026/09/29 19:38:32.587, 210, 1215, 41.77, 31, 0x0000000000000001
2026/09/29 19:38:32.837, 210, 1215, 42.00, 31, 0x0000000000000001
2026/09/29 19:38:33.087, 210, 1215, 42.00, 31, 0x0000000000000001
2026/09/29 19:38:33.337, 210, 1215, 41.73, 31, 0x0000000000000001
2026/09/29 19:38:33.587, 210, 1215, 41.96, 31, 0x0000000000000001
2026/09/29 19:38:33.837, 210, 1215, 42.00, 31, 0x0000000000000001
2026/09/29 19:38:34.088, 210, 1215, 42.00, 31, 0x0000000000000001
2026/09/29 19:38:34.338, 210, 1215, 41.96, 31, 0x0000000000000001
2026/09/29 19:38:34.588, 210, 1215, 41.69, 31, 0x0000000000000001
2026/09/29 19:38:34.838, 210, 1215, 41.96, 31, 0x0000000000000001
2026/09/29 19:38:35.088, 210, 1215, 41.96, 31, 0x0000000000000001
2026/09/29 19:38:35.338, 210, 1215, 41.69, 31, 0x0000000000000001
2026/09/29 19:38:35.588, 210, 1215, 41.96, 31, 0x0000000000000001
2026/09/29 19:38:35.839, 210, 1215, 41.96, 31, 0x0000000000000001
2026/09/29 19:38:36.089, 210, 1215, 41.96, 31, 0x0000000000000001
2026/09/29 19:38:36.339, 210, 1215, 41.92, 31, 0x0000000000000001
2026/09/29 19:38:36.589, 210, 1215, 41.92, 31, 0x0000000000000001
2026/09/29 19:38:36.839, 210, 1215, 41.92, 31, 0x0000000000000001
2026/09/29 19:38:37.089, 210, 1215, 41.92, 31, 0x0000000000000001
2026/09/29 19:38:37.339, 210, 1215, 41.87, 31, 0x0000000000000001
2026/09/29 19:38:37.590, 210, 1215, 41.87, 31, 0x0000000000000001
2026/09/29 19:38:37.840, 210, 1215, 41.83, 31, 0x0000000000000001
2026/09/29 19:38:38.090, 210, 1215, 41.83, 31, 0x0000000000000001
2026/09/29 19:38:38.340, 210, 1215, 41.83, 31, 0x0000000000000001
2026/09/29 19:38:38.591, 210, 1215, 41.83, 31, 0x0000000000000001
2026/09/29 19:38:38.841, 210, 1215, 41.83, 31, 0x0000000000000001
2026/09/29 19:38:39.091, 210, 1215, 41.83, 31, 0x0000000000000001
2026/09/29 19:38:39.341, 210, 1215, 41.83, 31, 0x0000000000000001
2026/09/29 19:38:39.591, 210, 1215, 41.83, 31, 0x0000000000000001
2026/09/29 19:38:39.841, 210, 1215, 41.83, 31, 0x0000000000000001
2026/09/29 19:38:40.092, 210, 1215, 41.83, 31, 0x0000000000000001
2026/09/29 19:38:40.342, 210, 1215, 41.83, 31, 0x0000000000000001
2026/09/29 19:38:40.592, 210, 1215, 41.78, 31, 0x0000000000000001
2026/09/29 19:38:40.842, 210, 1215, 41.83, 31, 0x0000000000000001
2026/09/29 19:38:41.092, 210, 1215, 41.83, 31, 0x0000000000000001
2026/09/29 19:38:41.343, 210, 1215, 41.78, 31, 0x0000000000000001
2026/09/29 19:38:41.593, 210, 1215, 41.83, 31, 0x0000000000000001
2026/09/29 19:38:41.843, 210, 1215, 41.78, 31, 0x0000000000000001
2026/09/29 19:38:42.093, 210, 1215, 41.78, 31, 0x0000000000000001
2026/09/29 19:38:42.344, 210, 1215, 41.83, 31, 0x0000000000000001
2026/09/29 19:38:42.596, 210, 1215, 41.78, 31, 0x0000000000000001
2026/09/29 19:38:42.846, 210, 1215, 41.78, 31, 0x0000000000000001
2026/09/29 19:38:43.096, 210, 1215, 41.83, 31, 0x0000000000000001
2026/09/29 19:38:43.346, 210, 1215, 41.78, 31, 0x0000000000000001
2026/09/29 19:38:43.598, 210, 1215, 41.78, 31, 0x0000000000000001
2026/09/29 19:38:43.848, 210, 1215, 41.78, 31, 0x0000000000000001
2026/09/29 19:38:44.098, 210, 1215, 41.78, 31, 0x0000000000000001
2026/09/29 19:38:44.350, 210, 1215, 41.83, 31, 0x0000000000000001
2026/09/29 19:38:44.600, 210, 1215, 41.78, 31, 0x0000000000000001
2026/09/29 19:38:44.850, 210, 1215, 41.78, 31, 0x0000000000000001
2026/09/29 19:38:45.100, 210, 1215, 41.83, 31, 0x0000000000000001
2026/09/29 19:38:45.350, 210, 1215, 41.78, 31, 0x0000000000000001
2026/09/29 19:38:45.601, 210, 1215, 41.78, 31, 0x0000000000000001
2026/09/29 19:38:45.851, 210, 1215, 41.78, 31, 0x0000000000000001
2026/09/29 19:38:46.101, 210, 1215, 41.78, 31, 0x0000000000000001
2026/09/29 19:38:46.352, 210, 1215, 41.83, 31, 0x0000000000000001
2026/09/29 19:38:46.602, 210, 1215, 41.83, 31, 0x0000000000000001
2026/09/29 19:38:46.852, 210, 1215, 41.78, 31, 0x0000000000000001
2026/09/29 19:38:47.102, 210, 1215, 41.78, 31, 0x0000000000000001
2026/09/29 19:38:47.352, 210, 1215, 41.83, 31, 0x0000000000000001
2026/09/29 19:38:47.602, 210, 1215, 41.78, 31, 0x0000000000000001
2026/09/29 19:38:47.853, 210, 1215, 41.83, 31, 0x0000000000000001
2026/09/29 19:38:48.103, 210, 1215, 41.78, 31, 0x0000000000000001
2026/09/29 19:38:48.353, 210, 1215, 41.78, 31, 0x0000000000000001
2026/09/29 19:38:48.603, 210, 1215, 41.83, 31, 0x0000000000000001
2026/09/29 19:38:48.853, 210, 1215, 41.78, 31, 0x0000000000000001
2026/09/29 19:38:49.103, 210, 1215, 41.78, 31, 0x0000000000000001
2026/09/29 19:38:49.354, 210, 1215, 41.83, 31, 0x0000000000000001
2026/09/29 19:38:49.604, 210, 1215, 41.78, 31, 0x0000000000000001
2026/09/29 19:38:49.855, 210, 1215, 41.78, 31, 0x0000000000000001
2026/09/29 19:38:50.106, 210, 1215, 41.78, 31, 0x0000000000000001
2026/09/29 19:38:50.356, 210, 1215, 41.78, 31, 0x0000000000000001
2026/09/29 19:38:50.606, 210, 1215, 41.78, 31, 0x0000000000000001
2026/09/29 19:38:50.856, 210, 1215, 41.83, 31, 0x0000000000000001
2026/09/29 19:38:51.107, 210, 1215, 41.78, 31, 0x0000000000000001
2026/09/29 19:38:51.357, 210, 1215, 41.78, 31, 0x0000000000000001
2026/09/29 19:38:51.609, 210, 1215, 41.78, 31, 0x0000000000000001
2026/09/29 19:38:51.859, 210, 1215, 41.78, 31, 0x0000000000000001
2026/09/29 19:38:52.109, 210, 1215, 41.78, 31, 0x0000000000000001
2026/09/29 19:38:52.360, 210, 1215, 41.78, 31, 0x0000000000000001
2026/09/29 19:38:52.610, 210, 1215, 41.78, 31, 0x0000000000000001
2026/09/29 19:38:52.860, 210, 1215, 41.83, 31, 0x0000000000000001
2026/09/29 19:38:53.110, 210, 1215, 41.78, 31, 0x0000000000000001
2026/09/29 19:38:53.360, 210, 1215, 41.78, 31, 0x0000000000000001
2026/09/29 19:38:53.610, 210, 1215, 41.78, 31, 0x0000000000000001
2026/09/29 19:38:53.862, 210, 1215, 41.78, 31, 0x0000000000000001
2026/09/29 19:38:54.112, 210, 1215, 41.83, 31, 0x0000000000000001
2026/09/29 19:38:54.366, 210, 1215, 41.83, 31, 0x0000000000000001
2026/09/29 19:38:54.616, 210, 1215, 41.78, 31, 0x0000000000000001
2026/09/29 19:38:54.867, 210, 1215, 41.83, 31, 0x0000000000000001
2026/09/29 19:38:55.117, 210, 1215, 41.78, 31, 0x0000000000000001
2026/09/29 19:38:55.367, 210, 1215, 41.83, 31, 0x0000000000000001
2026/09/29 19:38:55.617, 210, 1215, 41.83, 31, 0x0000000000000001
2026/09/29 19:38:55.867, 210, 1215, 41.78, 31, 0x0000000000000001
2026/09/29 19:38:56.117, 210, 1215, 41.78, 31, 0x0000000000000001
2026/09/29 19:38:56.368, 210, 1215, 41.83, 31, 0x0000000000000001
2026/09/29 19:38:56.618, 210, 1215, 41.78, 31, 0x0000000000000001
2026/09/29 19:38:56.868, 210, 1215, 41.83, 31, 0x0000000000000001
2026/09/29 19:38:57.118, 210, 1215, 41.83, 31, 0x0000000000000001
2026/09/29 19:38:57.370, 210, 1215, 41.78, 31, 0x0000000000000001
2026/09/29 19:38:57.620, 210, 1215, 41.78, 31, 0x0000000000000001
2026/09/29 19:38:57.870, 210, 1215, 41.78, 31, 0x0000000000000001
2026/09/29 19:38:58.120, 210, 1215, 41.78, 31, 0x0000000000000001
2026/09/29 19:38:58.371, 210, 1215, 41.78, 31, 0x0000000000000001
2026/09/29 19:38:58.621, 210, 1215, 41.78, 31, 0x0000000000000001
2026/09/29 19:38:58.871, 210, 1215, 41.78, 31, 0x0000000000000001
2026/09/29 19:38:59.121, 210, 1215, 41.78, 31, 0x0000000000000001
2026/09/29 19:38:59.372, 210, 1215, 41.78, 31, 0x0000000000000001
2026/09/29 19:38:59.622, 210, 1215, 41.78, 31, 0x0000000000000001
2026/09/29 19:38:59.872, 210, 1215, 41.83, 31, 0x0000000000000001
2026/09/29 19:39:00.122, 210, 1215, 41.78, 31, 0x0000000000000001
2026/09/29 19:39:00.372, 210, 1215, 41.83, 31, 0x0000000000000001
2026/09/29 19:39:00.623, 210, 1215, 41.83, 31, 0x0000000000000001
2026/09/29 19:39:00.873, 210, 1215, 41.78, 31, 0x0000000000000001
2026/09/29 19:39:01.123, 210, 1215, 41.83, 31, 0x0000000000000001
2026/09/29 19:39:01.373, 210, 1215, 41.78, 31, 0x0000000000000001
2026/09/29 19:39:01.623, 210, 1215, 41.78, 31, 0x0000000000000001
2026/09/29 19:39:01.874, 210, 1215, 41.78, 31, 0x0000000000000001
2026/09/29 19:39:02.124, 210, 1215, 41.78, 31, 0x0000000000000001
2026/09/29 19:39:02.374, 210, 1215, 41.78, 31, 0x0000000000000001
2026/09/29 19:39:02.624, 210, 1215, 41.78, 31, 0x0000000000000001
2026/09/29 19:39:02.874, 210, 1215, 41.78, 31, 0x0000000000000001
2026/09/29 19:39:03.124, 210, 1215, 41.78, 31, 0x0000000000000001
2026/09/29 19:39:03.374, 210, 1215, 41.78, 31, 0x0000000000000001
2026/09/29 19:39:03.625, 210, 1215, 41.78, 31, 0x0000000000000001
2026/09/29 19:39:03.875, 210, 1215, 41.83, 31, 0x0000000000000001
2026/09/29 19:39:04.125, 210, 1215, 41.78, 31, 0x0000000000000001
2026/09/29 19:39:04.375, 210, 1215, 41.78, 31, 0x0000000000000001
2026/09/29 19:39:04.625, 210, 1215, 41.83, 31, 0x0000000000000001
2026/09/29 19:39:04.875, 210, 1215, 41.78, 31, 0x0000000000000001
2026/09/29 19:39:05.125, 210, 1215, 41.78, 31, 0x0000000000000001
2026/09/29 19:39:05.376, 210, 1215, 41.83, 31, 0x0000000000000001
2026/09/29 19:39:05.626, 210, 1215, 41.78, 31, 0x0000000000000001
2026/09/29 19:39:05.876, 210, 1215, 41.83, 31, 0x0000000000000001
2026/09/29 19:39:06.126, 210, 1215, 41.78, 31, 0x0000000000000001
2026/09/29 19:39:06.376, 210, 1215, 41.78, 31, 0x0000000000000001
2026/09/29 19:39:06.626, 210, 1215, 41.78, 31, 0x0000000000000001
2026/09/29 19:39:06.876, 210, 1215, 41.78, 31, 0x0000000000000001
2026/09/29 19:39:07.126, 210, 1215, 41.78, 31, 0x0000000000000001
2026/09/29 19:39:07.377, 210, 1215, 41.83, 31, 0x0000000000000001
2026/09/29 19:39:07.627, 210, 1215, 41.78, 31, 0x0000000000000001
2026/09/29 19:39:07.877, 210, 1215, 41.78, 31, 0x0000000000000001
2026/09/29 19:39:08.127, 210, 1215, 41.83, 31, 0x0000000000000001
2026/09/29 19:39:08.377, 210, 1215, 41.78, 31, 0x0000000000000001
2026/09/29 19:39:08.627, 210, 1215, 41.78, 31, 0x0000000000000001
2026/09/29 19:39:08.878, 210, 1215, 41.78, 31, 0x0000000000000001
2026/09/29 19:39:09.128, 210, 1215, 41.78, 31, 0x0000000000000001
2026/09/29 19:39:09.378, 210, 1215, 41.83, 31, 0x0000000000000001
2026/09/29 19:39:09.628, 210, 1215, 41.78, 31, 0x0000000000000001
2026/09/29 19:39:09.878, 210, 1215, 41.78, 31, 0x0000000000000001
2026/09/29 19:39:10.128, 210, 1215, 41.83, 31, 0x0000000000000001
2026/09/29 19:39:10.378, 210, 1215, 41.83, 31, 0x0000000000000001
2026/09/29 19:39:10.628, 210, 1215, 41.78, 31, 0x0000000000000001
2026/09/29 19:39:10.879, 210, 1215, 41.78, 31, 0x0000000000000001
2026/09/29 19:39:11.129, 210, 1215, 41.78, 31, 0x0000000000000001
2026/09/29 19:39:11.379, 210, 1215, 41.78, 31, 0x0000000000000001
2026/09/29 19:39:11.629, 210, 1215, 41.78, 31, 0x0000000000000001
2026/09/29 19:39:11.879, 210, 1215, 41.78, 31, 0x0000000000000001
2026/09/29 19:39:12.129, 210, 1215, 41.83, 31, 0x0000000000000001
2026/09/29 19:39:12.379, 210, 1215, 41.83, 31, 0x0000000000000001
2026/09/29 19:39:12.630, 210, 1215, 41.78, 31, 0x0000000000000001
2026/09/29 19:39:12.880, 210, 1215, 41.78, 31, 0x0000000000000001
2026/09/29 19:39:13.130, 210, 1215, 41.78, 31, 0x0000000000000001
2026/09/29 19:39:13.380, 210, 1215, 41.78, 31, 0x0000000000000001
2026/09/29 19:39:13.630, 210, 1215, 41.83, 31, 0x0000000000000001
2026/09/29 19:39:13.880, 210, 1215, 41.78, 31, 0x0000000000000001
2026/09/29 19:39:14.131, 210, 1215, 41.78, 31, 0x0000000000000001
2026/09/29 19:39:14.381, 210, 1215, 41.78, 31, 0x0000000000000001
2026/09/29 19:39:14.631, 210, 1215, 41.78, 31, 0x0000000000000001
2026/09/29 19:39:14.881, 210, 1215, 41.78, 31, 0x0000000000000001
2026/09/29 19:39:15.131, 210, 1215, 41.78, 31, 0x0000000000000001
2026/09/29 19:39:15.381, 210, 1215, 41.83, 31, 0x0000000000000001
2026/09/29 19:39:15.631, 210, 1215, 41.83, 31, 0x0000000000000001
2026/09/29 19:39:15.881, 210, 1215, 41.83, 31, 0x0000000000000001
2026/09/29 19:39:16.132, 210, 1215, 41.78, 31, 0x0000000000000001
2026/09/29 19:39:16.382, 210, 1215, 41.83, 31, 0x0000000000000001
2026/09/29 19:39:16.632, 210, 1215, 41.78, 31, 0x0000000000000001
2026/09/29 19:39:16.882, 210, 1215, 41.78, 31, 0x0000000000000001
2026/09/29 19:39:17.132, 210, 1215, 41.83, 31, 0x0000000000000001
2026/09/29 19:39:17.382, 210, 1215, 41.83, 31, 0x0000000000000001
2026/09/29 19:39:17.633, 210, 1215, 41.83, 31, 0x0000000000000001
2026/09/29 19:39:17.883, 210, 1215, 41.83, 31, 0x0000000000000001
2026/09/29 19:39:18.133, 210, 1215, 41.78, 31, 0x0000000000000001
2026/09/29 19:39:18.383, 210, 1215, 41.83, 31, 0x0000000000000001
2026/09/29 19:39:18.634, 210, 1215, 41.83, 31, 0x0000000000000001
2026/09/29 19:39:18.884, 210, 1215, 41.78, 31, 0x0000000000000001
2026/09/29 19:39:19.134, 210, 1215, 41.83, 31, 0x0000000000000001
2026/09/29 19:39:19.384, 210, 1215, 41.83, 31, 0x0000000000000001
2026/09/29 19:39:19.634, 210, 1215, 41.78, 31, 0x0000000000000001
2026/09/29 19:39:19.884, 210, 1215, 41.83, 31, 0x0000000000000001
2026/09/29 19:39:20.135, 210, 1215, 41.78, 31, 0x0000000000000001
2026/09/29 19:39:20.385, 210, 1215, 41.78, 31, 0x0000000000000001
2026/09/29 19:39:20.635, 210, 1215, 41.83, 31, 0x0000000000000001
2026/09/29 19:39:20.885, 210, 1215, 41.78, 31, 0x0000000000000001
2026/09/29 19:39:21.135, 210, 1215, 41.83, 31, 0x0000000000000001
2026/09/29 19:39:21.385, 210, 1215, 41.78, 31, 0x0000000000000001
2026/09/29 19:39:21.636, 210, 1215, 41.78, 31, 0x0000000000000001
2026/09/29 19:39:21.886, 210, 1215, 41.83, 31, 0x0000000000000001
2026/09/29 19:39:22.136, 210, 1215, 41.78, 31, 0x0000000000000001
2026/09/29 19:39:22.386, 210, 1215, 41.78, 31, 0x0000000000000001
2026/09/29 19:39:22.636, 210, 1215, 41.78, 31, 0x0000000000000001
2026/09/29 19:39:22.887, 210, 1215, 41.78, 31, 0x0000000000000001
2026/09/29 19:39:23.137, 210, 1215, 41.78, 31, 0x0000000000000001
2026/09/29 19:39:23.387, 210, 1215, 41.83, 31, 0x0000000000000001
2026/09/29 19:39:23.637, 210, 1215, 41.78, 31, 0x0000000000000001
2026/09/29 19:39:23.887, 210, 1215, 41.83, 31, 0x0000000000000001
2026/09/29 19:39:24.137, 210, 1215, 41.83, 31, 0x0000000000000001
2026/09/29 19:39:24.388, 210, 1215, 41.78, 31, 0x0000000000000001
2026/09/29 19:39:24.638, 210, 1215, 41.83, 31, 0x0000000000000001
2026/09/29 19:39:24.888, 210, 1215, 41.83, 31, 0x0000000000000001
2026/09/29 19:39:25.138, 210, 1215, 41.78, 31, 0x0000000000000001
2026/09/29 19:39:25.388, 210, 1215, 41.83, 31, 0x0000000000000001
2026/09/29 19:39:25.638, 210, 1215, 41.78, 31, 0x0000000000000001
2026/09/29 19:39:25.889, 210, 1215, 41.87, 31, 0x0000000000000001
2026/09/29 19:39:26.139, 210, 1215, 41.92, 31, 0x0000000000000001
2026/09/29 19:39:26.389, 210, 1215, 41.92, 31, 0x0000000000000001
2026/09/29 19:39:26.639, 210, 1215, 41.92, 31, 0x0000000000000001
2026/09/29 19:39:26.889, 210, 1215, 41.96, 31, 0x0000000000000001
2026/09/29 19:39:27.139, 210, 1215, 41.96, 31, 0x0000000000000001
2026/09/29 19:39:27.390, 210, 1215, 41.96, 31, 0x0000000000000001
2026/09/29 19:39:27.640, 210, 1215, 42.00, 31, 0x0000000000000001
2026/09/29 19:39:27.890, 210, 1215, 42.00, 31, 0x0000000000000001
2026/09/29 19:39:28.140, 210, 1215, 41.96, 31, 0x0000000000000001
2026/09/29 19:39:28.390, 210, 1215, 41.92, 31, 0x0000000000000001
2026/09/29 19:39:28.641, 210, 1215, 41.87, 31, 0x0000000000000001
2026/09/29 19:39:28.891, 210, 1215, 41.87, 31, 0x0000000000000001
2026/09/29 19:39:29.141, 210, 1215, 41.83, 31, 0x0000000000000001
2026/09/29 19:39:29.391, 210, 1215, 41.87, 31, 0x0000000000000001
2026/09/29 19:39:29.641, 210, 1215, 41.87, 31, 0x0000000000000001
2026/09/29 19:39:29.891, 210, 1215, 41.83, 31, 0x0000000000000001
2026/09/29 19:39:30.142, 210, 1215, 41.83, 31, 0x0000000000000001
2026/09/29 19:39:30.392, 210, 1215, 41.83, 31, 0x0000000000000001
2026/09/29 19:39:30.642, 210, 1215, 41.78, 31, 0x0000000000000001
2026/09/29 19:39:30.892, 210, 1215, 41.83, 31, 0x0000000000000001
2026/09/29 19:39:31.142, 210, 1215, 41.78, 31, 0x0000000000000001
2026/09/29 19:39:31.392, 210, 1215, 41.78, 31, 0x0000000000000001
2026/09/29 19:39:31.643, 210, 1215, 41.78, 31, 0x0000000000000001
2026/09/29 19:39:31.893, 210, 1215, 41.78, 31, 0x0000000000000001
2026/09/29 19:39:32.143, 210, 1215, 41.78, 31, 0x0000000000000001
2026/09/29 19:39:32.393, 210, 1215, 41.78, 31, 0x0000000000000001
2026/09/29 19:39:32.643, 210, 1215, 41.74, 31, 0x0000000000000001
2026/09/29 19:39:32.893, 210, 1215, 41.78, 31, 0x0000000000000001
2026/09/29 19:39:33.144, 210, 1215, 41.74, 31, 0x0000000000000001
2026/09/29 19:39:33.394, 210, 1215, 41.74, 31, 0x0000000000000001
2026/09/29 19:39:33.644, 210, 1215, 41.78, 31, 0x0000000000000001
2026/09/29 19:39:33.894, 210, 1215, 41.74, 31, 0x0000000000000001
2026/09/29 19:39:34.144, 210, 1215, 41.74, 31, 0x0000000000000001
2026/09/29 19:39:34.394, 210, 1215, 41.78, 31, 0x0000000000000001
2026/09/29 19:39:34.645, 210, 1215, 41.74, 31, 0x0000000000000001
2026/09/29 19:39:34.895, 210, 1215, 41.74, 31, 0x0000000000000001
2026/09/29 19:39:35.145, 210, 1215, 41.74, 31, 0x0000000000000001
2026/09/29 19:39:35.395, 210, 1215, 41.74, 31, 0x0000000000000001
2026/09/29 19:39:35.645, 210, 1215, 41.74, 31, 0x0000000000000001
2026/09/29 19:39:35.895, 210, 1215, 41.74, 31, 0x0000000000000001
2026/09/29 19:39:36.146, 210, 1215, 41.74, 31, 0x0000000000000001
2026/09/29 19:39:36.396, 210, 1215, 41.78, 31, 0x0000000000000001
2026/09/29 19:39:36.646, 210, 1215, 41.74, 31, 0x0000000000000001
2026/09/29 19:39:36.896, 210, 1215, 41.74, 31, 0x0000000000000001
2026/09/29 19:39:37.146, 210, 1215, 41.78, 31, 0x0000000000000001
2026/09/29 19:39:37.396, 210, 1215, 41.74, 31, 0x0000000000000001
2026/09/29 19:39:37.647, 210, 1215, 41.74, 31, 0x0000000000000001
2026/09/29 19:39:37.897, 210, 1215, 41.78, 31, 0x0000000000000001
2026/09/29 19:39:38.147, 210, 1215, 41.74, 31, 0x0000000000000001
2026/09/29 19:39:38.397, 210, 1215, 41.74, 31, 0x0000000000000001
2026/09/29 19:39:38.647, 210, 1215, 41.74, 31, 0x0000000000000001
2026/09/29 19:39:38.897, 210, 1215, 41.74, 31, 0x0000000000000001
2026/09/29 19:39:39.148, 210, 1215, 41.74, 31, 0x0000000000000001
2026/09/29 19:39:39.398, 210, 1215, 41.74, 31, 0x0000000000000001
2026/09/29 19:39:39.648, 210, 1215, 41.74, 31, 0x0000000000000001
2026/09/29 19:39:39.898, 210, 1215, 41.74, 31, 0x0000000000000001
2026/09/29 19:39:40.148, 210, 1215, 41.47, 31, 0x0000000000000001
2026/09/29 19:39:40.398, 210, 1215, 41.78, 31, 0x0000000000000001
2026/09/29 19:39:40.648, 210, 1215, 41.78, 31, 0x0000000000000001
2026/09/29 19:39:40.899, 210, 1215, 41.74, 31, 0x0000000000000001
2026/09/29 19:39:41.149, 210, 1215, 41.87, 31, 0x0000000000000001
2026/09/29 19:39:41.399, 210, 1215, 41.87, 31, 0x0000000000000001
2026/09/29 19:39:41.649, 210, 1215, 41.87, 31, 0x0000000000000001
2026/09/29 19:39:41.899, 210, 1215, 41.87, 31, 0x0000000000000001
2026/09/29 19:39:42.149, 210, 1215, 41.92, 31, 0x0000000000000001
2026/09/29 19:39:42.400, 210, 1215, 41.92, 31, 0x0000000000000001
2026/09/29 19:39:42.650, 210, 1215, 41.96, 31, 0x0000000000000001
2026/09/29 19:39:42.900, 210, 1215, 41.92, 31, 0x0000000000000001
2026/09/29 19:39:43.150, 210, 1215, 41.96, 31, 0x0000000000000001
2026/09/29 19:39:43.400, 210, 1215, 41.96, 31, 0x0000000000000001
2026/09/29 19:39:43.650, 210, 1215, 41.87, 31, 0x0000000000000001
2026/09/29 19:39:43.900, 210, 1215, 41.92, 31, 0x0000000000000001
2026/09/29 19:39:44.151, 210, 1215, 41.87, 31, 0x0000000000000001
2026/09/29 19:39:44.401, 210, 1215, 41.87, 31, 0x0000000000000001
2026/09/29 19:39:44.651, 210, 1215, 41.87, 31, 0x0000000000000001
2026/09/29 19:39:44.901, 210, 1215, 41.83, 31, 0x0000000000000001
2026/09/29 19:39:45.151, 210, 1215, 41.87, 31, 0x0000000000000001
2026/09/29 19:39:45.401, 210, 1215, 41.83, 31, 0x0000000000000001
2026/09/29 19:39:45.652, 210, 1215, 41.83, 31, 0x0000000000000001
2026/09/29 19:39:45.902, 210, 1215, 41.83, 31, 0x0000000000000001
2026/09/29 19:39:46.152, 210, 1215, 41.83, 31, 0x0000000000000001
2026/09/29 19:39:46.402, 210, 1215, 41.51, 31, 0x0000000000000001
2026/09/29 19:39:46.652, 210, 1215, 41.78, 31, 0x0000000000000001
2026/09/29 19:39:46.903, 210, 1215, 41.78, 31, 0x0000000000000001
2026/09/29 19:39:47.153, 210, 1215, 41.74, 31, 0x0000000000000001
2026/09/29 19:39:47.403, 210, 1215, 41.78, 31, 0x0000000000000001
2026/09/29 19:39:47.653, 210, 1215, 41.78, 31, 0x0000000000000001
2026/09/29 19:39:47.903, 210, 1215, 41.47, 31, 0x0000000000000001
2026/09/29 19:39:48.153, 210, 1215, 41.74, 31, 0x0000000000000001
2026/09/29 19:39:48.404, 210, 1215, 41.74, 31, 0x0000000000000001
2026/09/29 19:39:48.654, 210, 1215, 41.74, 31, 0x0000000000000001
2026/09/29 19:39:48.904, 210, 1215, 41.74, 31, 0x0000000000000001
2026/09/29 19:39:49.154, 210, 1215, 41.74, 31, 0x0000000000000001
2026/09/29 19:39:49.404, 210, 1215, 41.74, 31, 0x0000000000000001
2026/09/29 19:39:49.654, 210, 1215, 41.78, 31, 0x0000000000000001
2026/09/29 19:39:49.904, 210, 1215, 41.74, 31, 0x0000000000000001
2026/09/29 19:39:50.155, 210, 1215, 41.74, 31, 0x0000000000000001
2026/09/29 19:39:50.405, 210, 1215, 41.74, 31, 0x0000000000000001
2026/09/29 19:39:50.655, 210, 1215, 41.74, 31, 0x0000000000000001
2026/09/29 19:39:50.905, 210, 1215, 41.78, 31, 0x0000000000000001
2026/09/29 19:39:51.155, 210, 1215, 41.74, 31, 0x0000000000000001
2026/09/29 19:39:51.405, 210, 1215, 41.74, 31, 0x0000000000000001
2026/09/29 19:39:51.656, 210, 1215, 41.74, 31, 0x0000000000000001
2026/09/29 19:39:51.906, 210, 1215, 41.74, 31, 0x0000000000000001
2026/09/29 19:39:52.156, 210, 1215, 41.74, 31, 0x0000000000000001
2026/09/29 19:39:52.406, 210, 1215, 41.78, 31, 0x0000000000000001
2026/09/29 19:39:52.656, 210, 1215, 41.74, 31, 0x0000000000000001
2026/09/29 19:39:52.906, 210, 1215, 41.74, 31, 0x0000000000000001
2026/09/29 19:39:53.157, 210, 1215, 41.74, 31, 0x0000000000000001
2026/09/29 19:39:53.407, 210, 1215, 41.74, 31, 0x0000000000000001
2026/09/29 19:39:53.657, 210, 1215, 41.74, 31, 0x0000000000000001
2026/09/29 19:39:53.907, 210, 1215, 41.74, 31, 0x0000000000000001
2026/09/29 19:39:54.157, 210, 1215, 41.74, 31, 0x0000000000000001
2026/09/29 19:39:54.407, 210, 1215, 41.74, 31, 0x0000000000000001
2026/09/29 19:39:54.658, 210, 1215, 41.74, 31, 0x0000000000000001
2026/09/29 19:39:54.908, 210, 1215, 41.74, 31, 0x0000000000000001
2026/09/29 19:39:55.158, 210, 1215, 41.74, 31, 0x0000000000000001
2026/09/29 19:39:55.408, 210, 1215, 41.74, 31, 0x0000000000000001
2026/09/29 19:39:55.658, 210, 1215, 41.74, 31, 0x0000000000000001
2026/09/29 19:39:55.909, 210, 1215, 41.74, 31, 0x0000000000000001
2026/09/29 19:39:56.159, 210, 1215, 41.74, 31, 0x0000000000000001
2026/09/29 19:39:56.409, 210, 1215, 41.78, 31, 0x0000000000000001
2026/09/29 19:39:56.659, 210, 1215, 41.74, 31, 0x0000000000000001
2026/09/29 19:39:56.909, 210, 1215, 41.74, 31, 0x0000000000000001
2026/09/29 19:39:57.159, 210, 1215, 42.34, 31, 0x0000000000000001
2026/09/29 19:39:57.410, 210, 1215, 41.74, 31, 0x0000000000000001
2026/09/29 19:39:57.661, 210, 1215, 41.74, 31, 0x0000000000000001
2026/09/29 19:39:57.911, 210, 1215, 41.74, 31, 0x0000000000000001
2026/09/29 19:39:58.161, 210, 1215, 41.74, 31, 0x0000000000000001
2026/09/29 19:39:58.412, 210, 1215, 41.74, 31, 0x0000000000000001
2026/09/29 19:39:58.662, 210, 1215, 41.74, 31, 0x0000000000000001
2026/09/29 19:39:58.912, 210, 1215, 41.74, 31, 0x0000000000000001
2026/09/29 19:39:59.162, 1095, 1215, 48.53, 31, 0x0000000000000000
2026/09/29 19:39:59.412, 1095, 1215, 47.28, 32, 0x0000000000000000
2026/09/29 19:39:59.662, 1095, 1215, 49.08, 32, 0x0000000000000000
2026/09/29 19:39:59.913, 1095, 1215, 49.62, 32, 0x0000000000000000
2026/09/29 19:40:00.163, 1320, 1215, 70.98, 33, 0x0000000000000000
2026/09/29 19:40:00.413, 1410, 1215, 71.25, 33, 0x0000000000000000
2026/09/29 19:40:00.663, 1410, 1215, 128.21, 35, 0x0000000000000000
2026/09/29 19:40:00.913, 1410, 1215, 76.20, 34, 0x0000000000000000
2026/09/29 19:40:01.163, 1410, 1215, 65.98, 33, 0x0000000000000000
2026/09/29 19:40:01.413, 1410, 1215, 154.52, 35, 0x0000000000000000
2026/09/29 19:40:01.663, 1410, 1215, 77.66, 33, 0x0000000000000000
2026/09/29 19:40:01.914, 1410, 1215, 62.18, 33, 0x0000000000000000
2026/09/29 19:40:02.164, 1410, 1215, 62.18, 33, 0x0000000000000000
2026/09/29 19:40:02.414, 1410, 1215, 62.18, 33, 0x0000000000000000
2026/09/29 19:40:02.664, 1410, 1215, 62.18, 33, 0x0000000000000000
2026/09/29 19:40:02.914, 1410, 1215, 62.50, 33, 0x0000000000000000
2026/09/29 19:40:03.164, 1410, 1215, 62.18, 33, 0x0000000000000000
2026/09/29 19:40:03.415, 1095, 1215, 47.61, 32, 0x0000000000000000
2026/09/29 19:40:03.665, 1095, 1215, 47.28, 32, 0x0000000000000000
2026/09/29 19:40:03.915, 1095, 1215, 47.61, 32, 0x0000000000000000
2026/09/29 19:40:04.165, 1095, 1215, 47.33, 32, 0x0000000000000000
2026/09/29 19:40:04.415, 1095, 1215, 47.28, 32, 0x0000000000000000
2026/09/29 19:40:04.665, 1095, 1215, 47.61, 32, 0x0000000000000000
2026/09/29 19:40:04.915, 1095, 1215, 47.61, 32, 0x0000000000000000
2026/09/29 19:40:05.166, 1095, 1215, 47.28, 32, 0x0000000000000000
2026/09/29 19:40:05.416, 1095, 1215, 47.28, 32, 0x0000000000000000
2026/09/29 19:40:05.666, 1095, 1215, 47.28, 32, 0x0000000000000000
2026/09/29 19:40:05.916, 1095, 1215, 47.28, 32, 0x0000000000000000
2026/09/29 19:40:06.166, 1095, 1215, 47.61, 32, 0x0000000000000000
2026/09/29 19:40:06.416, 1095, 1215, 47.61, 32, 0x0000000000000000
2026/09/29 19:40:06.666, 1095, 1215, 47.28, 32, 0x0000000000000000
2026/09/29 19:40:06.916, 1095, 1215, 47.88, 32, 0x0000000000000000
2026/09/29 19:40:07.167, 1095, 1215, 47.61, 32, 0x0000000000000000
2026/09/29 19:40:07.417, 1095, 1215, 47.28, 32, 0x0000000000000000
2026/09/29 19:40:07.667, 1095, 1215, 47.61, 32, 0x0000000000000000
2026/09/29 19:40:07.917, 1095, 1215, 47.61, 32, 0x0000000000000000
2026/09/29 19:40:08.167, 1095, 1215, 47.61, 32, 0x0000000000000000
2026/09/29 19:40:08.417, 1095, 1215, 48.15, 32, 0x0000000000000000
2026/09/29 19:40:08.668, 1095, 1215, 47.88, 32, 0x0000000000000000
2026/09/29 19:40:08.918, 1095, 1215, 47.61, 32, 0x0000000000000000
2026/09/29 19:40:09.168, 1095, 1215, 47.88, 32, 0x0000000000000000
2026/09/29 19:40:09.418, 1095, 1215, 47.61, 32, 0x0000000000000000
2026/09/29 19:40:09.668, 1095, 1215, 47.61, 32, 0x0000000000000000
2026/09/29 19:40:09.918, 1095, 1215, 47.61, 32, 0x0000000000000000
2026/09/29 19:40:10.168, 1095, 1215, 47.61, 32, 0x0000000000000000
2026/09/29 19:40:10.419, 1095, 1215, 47.88, 32, 0x0000000000000000
2026/09/29 19:40:10.669, 1095, 1215, 47.61, 32, 0x0000000000000000
2026/09/29 19:40:10.919, 1095, 1215, 47.61, 32, 0x0000000000000000
2026/09/29 19:40:11.169, 1095, 1215, 47.61, 32, 0x0000000000000000
2026/09/29 19:40:11.419, 1095, 1215, 47.61, 32, 0x0000000000000000
2026/09/29 19:40:11.669, 1095, 1215, 47.61, 32, 0x0000000000000000
2026/09/29 19:40:11.919, 1095, 1215, 47.66, 32, 0x0000000000000000
2026/09/29 19:40:12.169, 1095, 1215, 47.61, 32, 0x0000000000000000
2026/09/29 19:40:12.420, 1095, 1215, 47.61, 32, 0x0000000000000000
2026/09/29 19:40:12.670, 1095, 1215, 47.61, 32, 0x0000000000000000
2026/09/29 19:40:12.920, 1095, 1215, 47.61, 32, 0x0000000000000000
2026/09/29 19:40:13.170, 1095, 1215, 47.61, 32, 0x0000000000000000
2026/09/29 19:40:13.420, 1095, 1215, 47.88, 32, 0x0000000000000000
2026/09/29 19:40:13.670, 1095, 1215, 47.61, 32, 0x0000000000000000
2026/09/29 19:40:13.920, 1095, 1215, 47.88, 32, 0x0000000000000000
2026/09/29 19:40:14.171, 1095, 1215, 47.28, 32, 0x0000000000000000
2026/09/29 19:40:14.421, 1095, 1215, 47.61, 32, 0x0000000000000000
2026/09/29 19:40:14.671, 1095, 1215, 47.88, 32, 0x0000000000000000
2026/09/29 19:40:14.921, 1095, 1215, 47.28, 32, 0x0000000000000000
2026/09/29 19:40:15.171, 1095, 1215, 47.61, 32, 0x0000000000000000
2026/09/29 19:40:15.421, 1095, 1215, 47.28, 32, 0x0000000000000000
2026/09/29 19:40:15.671, 1095, 1215, 47.61, 32, 0x0000000000000000
2026/09/29 19:40:15.922, 1095, 1215, 47.28, 32, 0x0000000000000000
2026/09/29 19:40:16.172, 1095, 1215, 47.28, 32, 0x0000000000000000
2026/09/29 19:40:16.422, 1095, 1215, 47.28, 32, 0x0000000000000000
2026/09/29 19:40:16.672, 1095, 1215, 47.88, 32, 0x0000000000000000
2026/09/29 19:40:16.922, 1095, 1215, 47.88, 32, 0x0000000000000000
2026/09/29 19:40:17.172, 1095, 1215, 47.88, 32, 0x0000000000000000
2026/09/29 19:40:17.422, 1095, 1215, 47.88, 32, 0x0000000000000000
2026/09/29 19:40:17.673, 1095, 1215, 47.93, 32, 0x0000000000000000
2026/09/29 19:40:17.923, 1095, 1215, 47.61, 32, 0x0000000000000000
2026/09/29 19:40:18.173, 1095, 1215, 47.61, 32, 0x0000000000000000
2026/09/29 19:40:18.423, 1095, 1215, 47.88, 32, 0x0000000000000000
2026/09/29 19:40:18.673, 1095, 1215, 47.61, 32, 0x0000000000000000
2026/09/29 19:40:18.923, 1095, 1215, 47.28, 32, 0x0000000000000000
2026/09/29 19:40:19.173, 1095, 1215, 47.88, 32, 0x0000000000000000
2026/09/29 19:40:19.423, 1095, 1215, 47.43, 32, 0x0000000000000000
2026/09/29 19:40:19.674, 1095, 1215, 47.43, 32, 0x0000000000000000
2026/09/29 19:40:19.924, 1095, 1215, 47.43, 32, 0x0000000000000000
2026/09/29 19:40:20.174, 1095, 1215, 47.48, 32, 0x0000000000000000
2026/09/29 19:40:20.424, 1095, 1215, 47.81, 32, 0x0000000000000000
2026/09/29 19:40:20.674, 1095, 1215, 47.53, 32, 0x0000000000000000
2026/09/29 19:40:20.924, 1095, 1215, 47.86, 32, 0x0000000000000000
2026/09/29 19:40:21.174, 1095, 1215, 47.53, 32, 0x0000000000000000
2026/09/29 19:40:21.424, 1095, 1215, 47.81, 32, 0x0000000000000000
2026/09/29 19:40:21.675, 1095, 1215, 47.53, 32, 0x0000000000000000
2026/09/29 19:40:21.925, 1095, 1215, 47.81, 32, 0x0000000000000000
2026/09/29 19:40:22.175, 1095, 1215, 47.76, 32, 0x0000000000000000
2026/09/29 19:40:22.425, 1095, 1215, 47.81, 32, 0x0000000000000000
2026/09/29 19:40:22.675, 1095, 1215, 47.76, 32, 0x0000000000000000
2026/09/29 19:40:22.925, 1095, 1215, 47.76, 32, 0x0000000000000000
2026/09/29 19:40:23.175, 1095, 1215, 47.76, 32, 0x0000000000000000
2026/09/29 19:40:23.425, 1095, 1215, 47.71, 32, 0x0000000000000000
2026/09/29 19:40:23.675, 1095, 1215, 47.71, 32, 0x0000000000000000
2026/09/29 19:40:23.926, 1095, 1215, 47.71, 32, 0x0000000000000000
2026/09/29 19:40:24.176, 1095, 1215, 47.61, 32, 0x0000000000000000
2026/09/29 19:40:24.426, 1095, 1215, 47.28, 32, 0x0000000000000000
2026/09/29 19:40:24.676, 1095, 1215, 47.33, 32, 0x0000000000000000
2026/09/29 19:40:24.926, 1095, 1215, 47.28, 32, 0x0000000000000000
2026/09/29 19:40:25.176, 1095, 1215, 47.28, 32, 0x0000000000000000
2026/09/29 19:40:25.426, 1095, 1215, 47.66, 32, 0x0000000000000000
2026/09/29 19:40:25.676, 1095, 1215, 47.28, 32, 0x0000000000000000
2026/09/29 19:40:25.927, 1095, 1215, 47.66, 32, 0x0000000000000000
2026/09/29 19:40:26.177, 1095, 1215, 47.28, 32, 0x0000000000000000
2026/09/29 19:40:26.427, 1095, 1215, 47.28, 32, 0x0000000000000000
2026/09/29 19:40:26.677, 1095, 1215, 47.33, 32, 0x0000000000000000
2026/09/29 19:40:26.927, 1095, 1215, 47.61, 32, 0x0000000000000000
2026/09/29 19:40:27.177, 1095, 1215, 47.33, 32, 0x0000000000000000
2026/09/29 19:40:27.427, 1095, 1215, 47.61, 32, 0x0000000000000000
2026/09/29 19:40:27.677, 1095, 1215, 47.28, 32, 0x0000000000000000
2026/09/29 19:40:27.928, 1095, 1215, 47.33, 32, 0x0000000000000000
2026/09/29 19:40:28.178, 1095, 1215, 47.61, 32, 0x0000000000000000
2026/09/29 19:40:28.428, 1095, 1215, 47.28, 32, 0x0000000000000000
2026/09/29 19:40:28.678, 1095, 1215, 47.33, 32, 0x0000000000000000
2026/09/29 19:40:28.928, 1095, 1215, 47.61, 32, 0x0000000000000000
2026/09/29 19:40:29.178, 1095, 1215, 47.28, 32, 0x0000000000000000
2026/09/29 19:40:29.429, 1095, 1215, 47.66, 32, 0x0000000000000000
2026/09/29 19:40:29.679, 1095, 1215, 47.61, 32, 0x0000000000000000
2026/09/29 19:40:29.929, 1095, 1215, 47.88, 32, 0x0000000000000000
2026/09/29 19:40:30.179, 1095, 1215, 47.66, 32, 0x0000000000000000
2026/09/29 19:40:30.429, 1095, 1215, 47.88, 32, 0x0000000000000000
2026/09/29 19:40:30.679, 1095, 1215, 47.61, 32, 0x0000000000000000
2026/09/29 19:40:30.929, 1095, 1215, 47.66, 32, 0x0000000000000000
2026/09/29 19:40:31.179, 1095, 1215, 47.88, 32, 0x0000000000000000
2026/09/29 19:40:31.430, 1095, 1215, 47.66, 32, 0x0000000000000000
2026/09/29 19:40:31.680, 1095, 1215, 47.33, 32, 0x0000000000000000
2026/09/29 19:40:31.930, 1095, 1215, 47.28, 32, 0x0000000000000000
2026/09/29 19:40:32.180, 1095, 1215, 47.33, 32, 0x0000000000000000
2026/09/29 19:40:32.430, 1095, 1215, 47.33, 32, 0x0000000000000000
2026/09/29 19:40:32.680, 1095, 1215, 47.28, 32, 0x0000000000000000
2026/09/29 19:40:32.930, 1095, 1215, 47.33, 32, 0x0000000000000000
2026/09/29 19:40:33.181, 1095, 1215, 47.28, 32, 0x0000000000000000
2026/09/29 19:40:33.431, 1095, 1215, 47.33, 32, 0x0000000000000000
2026/09/29 19:40:33.681, 1095, 1215, 47.28, 32, 0x0000000000000000
2026/09/29 19:40:33.931, 1095, 1215, 47.28, 32, 0x0000000000000000
2026/09/29 19:40:34.181, 1095, 1215, 47.33, 32, 0x0000000000000000
2026/09/29 19:40:34.431, 1095, 1215, 47.66, 32, 0x0000000000000000
2026/09/29 19:40:34.681, 1095, 1215, 47.28, 32, 0x0000000000000000
2026/09/29 19:40:34.932, 1095, 1215, 47.33, 32, 0x0000000000000000
2026/09/29 19:40:35.182, 1095, 1215, 47.28, 32, 0x0000000000000000
2026/09/29 19:40:35.432, 1095, 1215, 47.28, 32, 0x0000000000000000
2026/09/29 19:40:35.682, 1095, 1215, 47.33, 32, 0x0000000000000000
2026/09/29 19:40:35.932, 1095, 1215, 47.28, 32, 0x0000000000000000
2026/09/29 19:40:36.182, 1095, 1215, 47.61, 32, 0x0000000000000000
2026/09/29 19:40:36.432, 1095, 1215, 47.33, 32, 0x0000000000000000
2026/09/29 19:40:36.683, 1095, 1215, 47.61, 32, 0x0000000000000000
2026/09/29 19:40:36.933, 1095, 1215, 47.66, 32, 0x0000000000000000
2026/09/29 19:40:37.183, 1095, 1215, 47.33, 32, 0x0000000000000000
2026/09/29 19:40:37.433, 1095, 1215, 47.61, 32, 0x0000000000000000
2026/09/29 19:40:37.683, 1095, 1215, 47.33, 32, 0x0000000000000000
2026/09/29 19:40:37.934, 1095, 1215, 47.61, 32, 0x0000000000000000
2026/09/29 19:40:38.184, 1095, 1215, 47.28, 32, 0x0000000000000000
2026/09/29 19:40:38.434, 1095, 1215, 47.33, 32, 0x0000000000000000
2026/09/29 19:40:38.684, 1095, 1215, 47.28, 32, 0x0000000000000000
2026/09/29 19:40:38.934, 1095, 1215, 47.28, 32, 0x0000000000000000
2026/09/29 19:40:39.184, 1095, 1215, 47.66, 32, 0x0000000000000000
2026/09/29 19:40:39.435, 1095, 1215, 47.28, 32, 0x0000000000000000
2026/09/29 19:40:39.685, 1095, 1215, 47.61, 32, 0x0000000000000000
2026/09/29 19:40:39.935, 1095, 1215, 47.33, 32, 0x0000000000000000
2026/09/29 19:40:40.185, 1095, 1215, 47.28, 32, 0x0000000000000000
2026/09/29 19:40:40.435, 1095, 1215, 47.33, 32, 0x0000000000000000
2026/09/29 19:40:40.685, 1095, 1215, 47.33, 32, 0x0000000000000000
2026/09/29 19:40:40.935, 1095, 1215, 47.28, 32, 0x0000000000000000
2026/09/29 19:40:41.186, 1095, 1215, 47.33, 32, 0x0000000000000000
2026/09/29 19:40:41.436, 1095, 1215, 47.28, 32, 0x0000000000000000
2026/09/29 19:40:41.686, 1095, 1215, 47.28, 32, 0x0000000000000000
2026/09/29 19:40:41.936, 1095, 1215, 47.33, 32, 0x0000000000000000
2026/09/29 19:40:42.186, 1095, 1215, 47.66, 32, 0x0000000000000000
2026/09/29 19:40:42.436, 1095, 1215, 47.28, 32, 0x0000000000000000
2026/09/29 19:40:42.686, 1095, 1215, 47.33, 32, 0x0000000000000000
2026/09/29 19:40:42.937, 1095, 1215, 47.61, 32, 0x0000000000000000
2026/09/29 19:40:43.187, 1095, 1215, 47.28, 32, 0x0000000000000000
2026/09/29 19:40:43.437, 1095, 1215, 47.33, 32, 0x0000000000000000
2026/09/29 19:40:43.687, 1095, 1215, 47.28, 32, 0x0000000000000000
2026/09/29 19:40:43.937, 1095, 1215, 47.28, 32, 0x0000000000000000
2026/09/29 19:40:44.187, 1095, 1215, 47.66, 32, 0x0000000000000000
2026/09/29 19:40:44.437, 1095, 1215, 47.28, 32, 0x0000000000000000
2026/09/29 19:40:44.687, 1095, 1215, 80.00, 32, 0x0000000000000000
2026/09/29 19:40:44.938, 1410, 1215, 100.49, 33, 0x0000000000000000
2026/09/29 19:40:45.188, 1410, 1215, 62.50, 33, 0x0000000000000000
2026/09/29 19:40:45.438, 1410, 1215, 61.97, 33, 0x0000000000000000
2026/09/29 19:40:45.688, 1410, 1215, 61.97, 33, 0x0000000000000000
2026/09/29 19:40:45.938, 1410, 1215, 61.91, 33, 0x0000000000000000
2026/09/29 19:40:46.188, 1410, 1215, 61.97, 33, 0x0000000000000000
2026/09/29 19:40:46.438, 1410, 1215, 61.91, 33, 0x0000000000000000
2026/09/29 19:40:46.689, 1095, 1215, 47.61, 32, 0x0000000000000000
2026/09/29 19:40:46.939, 1095, 1215, 47.66, 32, 0x0000000000000000
2026/09/29 19:40:47.189, 1095, 1215, 47.28, 32, 0x0000000000000000
2026/09/29 19:40:47.439, 1095, 1215, 47.66, 32, 0x0000000000000000
2026/09/29 19:40:47.689, 1095, 1215, 47.28, 32, 0x0000000000000000
2026/09/29 19:40:47.939, 1095, 1215, 47.28, 32, 0x0000000000000000
2026/09/29 19:40:48.189, 1095, 1215, 47.66, 32, 0x0000000000000000
2026/09/29 19:40:48.439, 1095, 1215, 47.33, 32, 0x0000000000000000
2026/09/29 19:40:48.690, 1095, 1215, 47.28, 32, 0x0000000000000000
2026/09/29 19:40:48.940, 1095, 1215, 47.66, 32, 0x0000000000000000
2026/09/29 19:40:49.190, 1095, 1215, 47.93, 32, 0x0000000000000000
2026/09/29 19:40:49.440, 1095, 1215, 47.88, 32, 0x0000000000000000
2026/09/29 19:40:49.690, 1095, 1215, 47.66, 32, 0x0000000000000000
2026/09/29 19:40:49.940, 1095, 1215, 47.93, 32, 0x0000000000000000
2026/09/29 19:40:50.190, 1095, 1215, 47.61, 32, 0x0000000000000000
2026/09/29 19:40:50.441, 1095, 1215, 47.66, 32, 0x0000000000000000
2026/09/29 19:40:50.691, 1095, 1215, 47.66, 32, 0x0000000000000000
2026/09/29 19:40:50.941, 1095, 1215, 47.61, 32, 0x0000000000000000
2026/09/29 19:40:51.191, 1095, 1215, 58.49, 32, 0x0000000000000000
2026/09/29 19:40:51.441, 1410, 1215, 69.19, 33, 0x0000000000000000
2026/09/29 19:40:51.691, 1410, 1215, 136.09, 34, 0x0000000000000000
2026/09/29 19:40:51.941, 1410, 1215, 62.24, 33, 0x0000000000000000
2026/09/29 19:40:52.192, 1410, 1215, 62.18, 33, 0x0000000000000000
2026/09/29 19:40:52.442, 1410, 1215, 62.77, 33, 0x0000000000000000
2026/09/29 19:40:52.692, 1410, 1215, 68.04, 33, 0x0000000000000000
2026/09/29 19:40:52.942, 1410, 1215, 62.18, 33, 0x0000000000000000
2026/09/29 19:40:53.193, 1410, 1215, 62.24, 33, 0x0000000000000000
2026/09/29 19:40:53.443, 1410, 1215, 62.18, 33, 0x0000000000000000
2026/09/29 19:40:53.693, 1095, 1215, 62.18, 33, 0x0000000000000000
2026/09/29 19:40:53.943, 1095, 1215, 47.66, 32, 0x0000000000000000
2026/09/29 19:40:54.194, 1095, 1215, 47.61, 32, 0x0000000000000000
2026/09/29 19:40:54.444, 405, 1215, 42.65, 32, 0x0000000000000001
2026/09/29 19:40:54.694, 375, 1215, 42.38, 32, 0x0000000000000001
2026/09/29 19:40:54.944, 345, 1215, 42.34, 32, 0x0000000000000001
2026/09/29 19:40:55.194, 315, 1215, 42.38, 32, 0x0000000000000001
2026/09/29 19:40:55.444, 255, 1215, 42.98, 32, 0x0000000000000001
2026/09/29 19:40:55.694, 1095, 1215, 48.48, 32, 0x0000000000000000
2026/09/29 19:40:55.944, 1095, 1215, 55.55, 32, 0x0000000000000000
2026/09/29 19:40:56.195, 1095, 1215, 47.66, 32, 0x0000000000000000
2026/09/29 19:40:56.445, 1095, 1215, 47.28, 32, 0x0000000000000000
2026/09/29 19:40:56.695, 1095, 1215, 47.33, 32, 0x0000000000000000
2026/09/29 19:40:56.945, 1095, 1215, 47.28, 32, 0x0000000000000000
2026/09/29 19:40:57.195, 1095, 1215, 47.28, 32, 0x0000000000000000
2026/09/29 19:40:57.445, 1095, 1215, 47.66, 32, 0x0000000000000000
2026/09/29 19:40:57.695, 1095, 1215, 49.08, 32, 0x0000000000000000
2026/09/29 19:40:57.946, 1095, 1215, 47.33, 32, 0x0000000000000000
2026/09/29 19:40:58.196, 1095, 1215, 47.33, 32, 0x0000000000000000
2026/09/29 19:40:58.446, 1095, 1215, 50.49, 32, 0x0000000000000000
2026/09/29 19:40:58.696, 1095, 1215, 47.33, 32, 0x0000000000000000
2026/09/29 19:40:58.966, 1095, 1215, 47.61, 32, 0x0000000000000000
2026/09/29 19:40:59.216, 1095, 1215, 47.28, 32, 0x0000000000000000
2026/09/29 19:40:59.466, 1095, 1215, 47.66, 32, 0x0000000000000000
2026/09/29 19:40:59.717, 1095, 1215, 47.28, 32, 0x0000000000000000
2026/09/29 19:40:59.967, 1095, 1215, 47.66, 32, 0x0000000000000000
2026/09/29 19:41:00.217, 1095, 1215, 50.27, 32, 0x0000000000000000
2026/09/29 19:41:00.467, 1095, 1215, 50.81, 32, 0x0000000000000000
2026/09/29 19:41:00.717, 1095, 1215, 47.88, 32, 0x0000000000000000
2026/09/29 19:41:00.967, 1095, 1215, 91.69, 33, 0x0000000000000000
2026/09/29 19:41:01.217, 1410, 1215, 62.50, 33, 0x0000000000000000
2026/09/29 19:41:01.468, 1410, 1215, 61.97, 33, 0x0000000000000000
2026/09/29 19:41:01.718, 1410, 1215, 61.97, 33, 0x0000000000000000
2026/09/29 19:41:01.968, 1410, 1215, 62.18, 33, 0x0000000000000000
2026/09/29 19:41:02.218, 1410, 1215, 62.24, 33, 0x0000000000000000
2026/09/29 19:41:02.468, 1410, 1215, 62.18, 33, 0x0000000000000000
2026/09/29 19:41:02.718, 1410, 1215, 62.18, 33, 0x0000000000000000
2026/09/29 19:41:02.968, 1095, 1215, 47.66, 32, 0x0000000000000000
2026/09/29 19:41:03.219, 1095, 1215, 47.66, 32, 0x0000000000000000
2026/09/29 19:41:03.469, 1095, 1215, 47.28, 32, 0x0000000000000000
2026/09/29 19:41:03.719, 1095, 1215, 107.77, 33, 0x0000000000000000
2026/09/29 19:41:03.969, 1410, 1215, 155.55, 35, 0x0000000000000000
2026/09/29 19:41:04.219, 1410, 1215, 174.22, 37, 0x0000000000000000
2026/09/29 19:41:04.469, 1410, 1215, 249.21, 38, 0x0000000000000000
2026/09/29 19:41:04.719, 1410, 1215, 209.24, 39, 0x0000000000000000
2026/09/29 19:41:04.969, 1410, 1215, 165.93, 38, 0x0000000000000000
2026/09/29 19:41:05.220, 1410, 1215, 163.87, 38, 0x0000000000000000
2026/09/29 19:41:05.470, 1410, 1215, 213.31, 39, 0x0000000000000000
2026/09/29 19:41:05.720, 1410, 1215, 254.14, 40, 0x0000000000000000
2026/09/29 19:41:05.970, 1410, 1215, 229.66, 41, 0x0000000000000000
2026/09/29 19:41:06.220, 1410, 1215, 311.64, 42, 0x0000000000000000
2026/09/29 19:41:06.470, 1410, 1215, 306.11, 42, 0x0000000000000000
2026/09/29 19:41:06.720, 1410, 1215, 202.33, 42, 0x0000000000000000
2026/09/29 19:41:06.971, 1410, 1215, 249.71, 42, 0x0000000000000000
2026/09/29 19:41:07.221, 1410, 1215, 131.28, 41, 0x0000000000000000
2026/09/29 19:41:07.471, 1410, 1215, 253.52, 42, 0x0000000000000000
2026/09/29 19:41:07.721, 1410, 1215, 245.55, 42, 0x0000000000000000
2026/09/29 19:41:07.971, 1410, 1215, 249.89, 43, 0x0000000000000000
2026/09/29 19:41:08.221, 1410, 1215, 257.27, 44, 0x0000000000000000
2026/09/29 19:41:08.472, 1410, 1215, 246.75, 44, 0x0000000000000000
2026/09/29 19:41:08.722, 1410, 1215, 281.03, 44, 0x0000000000000000
2026/09/29 19:41:08.972, 1410, 1215, 294.21, 46, 0x0000000000000000
2026/09/29 19:41:09.222, 1410, 1215, 327.34, 46, 0x0000000000000000
2026/09/29 19:41:09.472, 1410, 1215, 245.18, 46, 0x0000000000000000
2026/09/29 19:41:09.722, 1410, 1215, 360.79, 45, 0x0000000000000000
2026/09/29 19:41:09.973, 1410, 1215, 280.14, 46, 0x0000000000000000
2026/09/29 19:41:10.223, 1410, 1215, 303.87, 46, 0x0000000000000000
2026/09/29 19:41:10.473, 1410, 1215, 391.22, 48, 0x0000000000000000
2026/09/29 19:41:10.723, 1410, 1215, 157.67, 44, 0x0000000000000000
2026/09/29 19:41:10.973, 1410, 1215, 303.56, 45, 0x0000000000000000
2026/09/29 19:41:11.224, 1410, 1215, 300.07, 46, 0x0000000000000000
2026/09/29 19:41:11.474, 1410, 1215, 312.06, 47, 0x0000000000000000
2026/09/29 19:41:11.724, 1410, 1215, 333.68, 47, 0x0000000000000000
2026/09/29 19:41:11.974, 1410, 1215, 368.54, 48, 0x0000000000000000
2026/09/29 19:41:12.224, 1410, 1215, 326.66, 48, 0x0000000000000000
2026/09/29 19:41:12.474, 1410, 1215, 300.63, 49, 0x0000000000000000
2026/09/29 19:41:12.725, 1410, 1215, 277.23, 48, 0x0000000000000000
2026/09/29 19:41:12.975, 1410, 1215, 363.58, 48, 0x0000000000000000
2026/09/29 19:41:13.225, 1410, 1215, 358.90, 50, 0x0000000000000000
2026/09/29 19:41:13.475, 1410, 1215, 270.47, 48, 0x0000000000000000
2026/09/29 19:41:13.725, 1395, 1215, 280.44, 48, 0x0000000000000004
2026/09/29 19:41:13.975, 1410, 1215, 390.09, 48, 0x0000000000000000
2026/09/29 19:41:14.226, 1395, 1215, 380.85, 50, 0x0000000000000004
2026/09/29 19:41:14.476, 1395, 1215, 251.72, 50, 0x0000000000000004
2026/09/29 19:41:14.726, 1410, 1215, 341.83, 50, 0x0000000000000000
2026/09/29 19:41:14.976, 1410, 1215, 394.49, 49, 0x0000000000000000
2026/09/29 19:41:15.226, 1395, 1215, 342.07, 51, 0x0000000000000004
2026/09/29 19:41:15.476, 1380, 1215, 390.09, 48, 0x0000000000000004
2026/09/29 19:41:15.727, 1410, 1215, 156.90, 45, 0x0000000000000000
2026/09/29 19:41:15.977, 1410, 1215, 335.66, 49, 0x0000000000000000
2026/09/29 19:41:16.227, 1410, 1215, 290.69, 50, 0x0000000000000000
2026/09/29 19:41:16.477, 1410, 1215, 364.85, 49, 0x0000000000000000
2026/09/29 19:41:16.727, 1410, 1215, 286.58, 51, 0x0000000000000000
2026/09/29 19:41:16.977, 1410, 1215, 304.08, 50, 0x0000000000000000
2026/09/29 19:41:17.228, 1410, 1215, 385.81, 51, 0x0000000000000000
2026/09/29 19:41:17.478, 1410, 1215, 369.74, 51, 0x0000000000000000
2026/09/29 19:41:17.728, 1410, 1215, 303.81, 52, 0x0000000000000000
2026/09/29 19:41:17.978, 1395, 1215, 385.81, 51, 0x0000000000000004
2026/09/29 19:41:18.228, 1410, 1215, 394.55, 52, 0x0000000000000000
2026/09/29 19:41:18.479, 1410, 1215, 344.33, 52, 0x0000000000000000
2026/09/29 19:41:18.729, 1395, 1215, 260.87, 51, 0x0000000000000000
2026/09/29 19:41:18.979, 1410, 1215, 284.52, 52, 0x0000000000000000
2026/09/29 19:41:19.229, 1395, 1215, 399.49, 52, 0x0000000000000004
2026/09/29 19:41:19.479, 1380, 1215, 279.57, 53, 0x0000000000000004
2026/09/29 19:41:19.729, 1380, 1215, 293.00, 52, 0x0000000000000004
2026/09/29 19:41:19.980, 1380, 1215, 351.33, 52, 0x0000000000000004
2026/09/29 19:41:20.230, 1395, 1215, 369.46, 51, 0x0000000000000004
2026/09/29 19:41:20.480, 1380, 1215, 266.69, 52, 0x0000000000000004
2026/09/29 19:41:20.730, 1395, 1215, 405.35, 53, 0x0000000000000004
2026/09/29 19:41:20.980, 1395, 1215, 326.31, 53, 0x0000000000000004
2026/09/29 19:41:21.230, 1380, 1215, 345.79, 53, 0x0000000000000004
2026/09/29 19:41:21.481, 1380, 1215, 427.83, 54, 0x0000000000000004
2026/09/29 19:41:21.731, 1395, 1215, 246.25, 53, 0x0000000000000004
2026/09/29 19:41:21.981, 1365, 1215, 313.16, 54, 0x0000000000000004
2026/09/29 19:41:22.231, 1395, 1215, 384.61, 52, 0x0000000000000004
2026/09/29 19:41:22.481, 1380, 1215, 231.04, 53, 0x0000000000000004
2026/09/29 19:41:22.731, 1365, 1215, 316.97, 54, 0x0000000000000004
2026/09/29 19:41:22.982, 1395, 1215, 196.85, 51, 0x0000000000000004
2026/09/29 19:41:23.232, 1410, 1215, 161.96, 48, 0x0000000000000000
2026/09/29 19:41:23.482, 1410, 1215, 372.67, 52, 0x0000000000000000
2026/09/29 19:41:23.732, 1410, 1215, 357.79, 53, 0x0000000000000000
2026/09/29 19:41:23.982, 1410, 1215, 332.45, 54, 0x0000000000000000
2026/09/29 19:41:24.232, 1410, 1215, 304.68, 54, 0x0000000000000000
2026/09/29 19:41:24.483, 1395, 1215, 414.69, 55, 0x0000000000000004
2026/09/29 19:41:24.733, 1395, 1215, 309.95, 54, 0x0000000000000004
2026/09/29 19:41:24.983, 1410, 1215, 258.54, 53, 0x0000000000000000
2026/09/29 19:41:25.233, 1410, 1215, 359.90, 55, 0x0000000000000000
2026/09/29 19:41:25.483, 1410, 1215, 321.04, 54, 0x0000000000000000
2026/09/29 19:41:25.734, 1410, 1215, 294.14, 55, 0x0000000000000000
2026/09/29 19:41:25.984, 1395, 1215, 292.39, 56, 0x0000000000000004
2026/09/29 19:41:26.234, 1380, 1215, 253.27, 55, 0x0000000000000004
2026/09/29 19:41:26.484, 1365, 1215, 367.40, 56, 0x0000000000000004
2026/09/29 19:41:26.734, 1395, 1215, 344.05, 54, 0x0000000000000004
2026/09/29 19:41:26.984, 1380, 1215, 264.68, 55, 0x0000000000000004
2026/09/29 19:41:27.235, 1395, 1215, 372.34, 56, 0x0000000000000004
2026/09/29 19:41:27.485, 1410, 1215, 199.19, 55, 0x0000000000000000
2026/09/29 19:41:27.735, 1410, 1215, 389.88, 55, 0x0000000000000000
2026/09/29 19:41:27.985, 1395, 1215, 374.67, 55, 0x0000000000000004
2026/09/29 19:41:28.235, 1395, 1215, 333.58, 56, 0x0000000000000004
2026/09/29 19:41:28.485, 1365, 1215, 360.17, 56, 0x0000000000000004
2026/09/29 19:41:28.736, 1410, 1215, 294.14, 56, 0x0000000000000000
2026/09/29 19:41:28.986, 1395, 1215, 440.37, 55, 0x0000000000000004
2026/09/29 19:41:29.236, 1395, 1215, 395.55, 55, 0x0000000000000004
2026/09/29 19:41:29.486, 1350, 1215, 236.55, 57, 0x0000000000000004
2026/09/29 19:41:29.736, 1365, 1215, 326.52, 57, 0x0000000000000004
2026/09/29 19:41:29.986, 1395, 1215, 453.78, 55, 0x0000000000000004
2026/09/29 19:41:30.237, 1380, 1215, 292.39, 55, 0x0000000000000004
2026/09/29 19:41:30.487, 1350, 1215, 256.74, 57, 0x0000000000000004
2026/09/29 19:41:30.737, 1395, 1215, 407.96, 56, 0x0000000000000004
2026/09/29 19:41:30.987, 1380, 1215, 421.10, 56, 0x0000000000000004
2026/09/29 19:41:31.237, 1350, 1215, 265.22, 58, 0x0000000000000004
2026/09/29 19:41:31.488, 1395, 1215, 322.78, 56, 0x0000000000000004
2026/09/29 19:41:31.738, 1395, 1215, 422.83, 55, 0x0000000000000004
2026/09/29 19:41:31.988, 1350, 1215, 331.51, 57, 0x0000000000000004
2026/09/29 19:41:32.238, 1395, 1215, 246.25, 56, 0x0000000000000004
2026/09/29 19:41:32.488, 1395, 1215, 416.15, 55, 0x0000000000000004
2026/09/29 19:41:32.739, 1380, 1215, 442.70, 56, 0x0000000000000004
2026/09/29 19:41:32.989, 1320, 1215, 393.08, 58, 0x0000000000000004
2026/09/29 19:41:33.239, 1320, 1215, 418.49, 59, 0x0000000000000004
2026/09/29 19:41:33.489, 1395, 1215, 113.65, 53, 0x0000000000000004
2026/09/29 19:41:33.739, 1410, 1215, 73.07, 49, 0x0000000000000000
2026/09/29 19:41:33.989, 1410, 1215, 68.18, 47, 0x0000000000000000
2026/09/29 19:41:34.240, 1410, 1215, 67.52, 46, 0x0000000000000000
2026/09/29 19:41:34.490, 1410, 1215, 74.86, 46, 0x0000000000000000
2026/09/29 19:41:34.740, 1410, 1215, 70.19, 45, 0x0000000000000000
2026/09/29 19:41:34.990, 1410, 1215, 66.92, 45, 0x0000000000000000
2026/09/29 19:41:35.240, 1410, 1215, 66.65, 45, 0x0000000000000000
2026/09/29 19:41:35.490, 1410, 1215, 66.65, 44, 0x0000000000000000
2026/09/29 19:41:35.740, 1410, 1215, 66.38, 44, 0x0000000000000000
2026/09/29 19:41:35.991, 1410, 1215, 66.38, 44, 0x0000000000000000
2026/09/29 19:41:36.241, 1410, 1215, 71.05, 44, 0x0000000000000000
2026/09/29 19:41:36.491, 1410, 1215, 69.58, 44, 0x0000000000000000
2026/09/29 19:41:36.741, 1095, 1215, 104.95, 44, 0x0000000000000000
2026/09/29 19:41:36.991, 1410, 1215, 67.52, 45, 0x0000000000000000
2026/09/29 19:41:37.242, 1410, 1215, 386.67, 49, 0x0000000000000000
2026/09/29 19:41:37.492, 1410, 1215, 383.15, 53, 0x0000000000000000
2026/09/29 19:41:37.742, 1410, 1215, 67.52, 47, 0x0000000000000000
2026/09/29 19:41:37.992, 1410, 1215, 66.65, 45, 0x0000000000000000
2026/09/29 19:41:38.242, 1410, 1215, 66.38, 44, 0x0000000000000000
2026/09/29 19:41:38.492, 1410, 1215, 66.38, 44, 0x0000000000000000
2026/09/29 19:41:38.742, 1410, 1215, 65.50, 43, 0x0000000000000000
2026/09/29 19:41:38.993, 1410, 1215, 66.05, 43, 0x0000000000000000
2026/09/29 19:41:39.243, 1410, 1215, 66.05, 43, 0x0000000000000000
2026/09/29 19:41:39.493, 1095, 1215, 50.27, 43, 0x0000000000000000
2026/09/29 19:41:39.743, 1095, 1215, 50.27, 42, 0x0000000000000000
2026/09/29 19:41:39.993, 1095, 1215, 50.00, 42, 0x0000000000000000
2026/09/29 19:41:40.243, 1395, 1215, 221.42, 45, 0x0000000000000000
2026/09/29 19:41:40.494, 1410, 1215, 347.94, 51, 0x0000000000000000
2026/09/29 19:41:40.744, 1410, 1215, 305.82, 53, 0x0000000000000000
2026/09/29 19:41:40.994, 1410, 1215, 327.71, 51, 0x0000000000000000
2026/09/29 19:41:41.244, 1410, 1215, 152.94, 48, 0x0000000000000000
2026/09/29 19:41:41.494, 1410, 1215, 359.03, 54, 0x0000000000000000
2026/09/29 19:41:41.744, 1395, 1215, 318.10, 54, 0x0000000000000000
2026/09/29 19:41:41.995, 1410, 1215, 341.12, 55, 0x0000000000000000
2026/09/29 19:41:42.245, 1395, 1215, 385.41, 55, 0x0000000000000000
2026/09/29 19:41:42.495, 1410, 1215, 313.43, 56, 0x0000000000000000
2026/09/29 19:41:42.745, 1395, 1215, 427.23, 56, 0x0000000000000000
2026/09/29 19:41:42.995, 1380, 1215, 340.58, 56, 0x0000000000000004
2026/09/29 19:41:43.245, 1410, 1215, 69.26, 48, 0x0000000000000000
2026/09/29 19:41:43.496, 1410, 1215, 67.84, 46, 0x0000000000000000
2026/09/29 19:41:43.746, 1410, 1215, 67.52, 45, 0x0000000000000000
2026/09/29 19:41:43.996, 1410, 1215, 73.93, 45, 0x0000000000000000
2026/09/29 19:41:44.246, 1410, 1215, 66.65, 44, 0x0000000000000000
2026/09/29 19:41:44.498, 1410, 1215, 66.38, 44, 0x0000000000000000
2026/09/29 19:41:44.748, 1410, 1215, 66.05, 44, 0x0000000000000000
2026/09/29 19:41:44.998, 1410, 1215, 66.05, 43, 0x0000000000000000
2026/09/29 19:41:45.249, 1410, 1215, 66.05, 43, 0x0000000000000000
2026/09/29 19:41:45.499, 1410, 1215, 65.77, 43, 0x0000000000000001
2026/09/29 19:41:45.749, 1410, 1215, 71.60, 43, 0x0000000000000000
2026/09/29 19:41:45.999, 1095, 1215, 50.27, 42, 0x0000000000000000
2026/09/29 19:41:46.249, 1095, 1215, 50.87, 42, 0x0000000000000000
2026/09/29 19:41:46.500, 1095, 1215, 49.68, 42, 0x0000000000000000
2026/09/29 19:41:46.750, 1095, 1215, 49.68, 42, 0x0000000000000000
2026/09/29 19:41:47.000, 1095, 1215, 49.68, 41, 0x0000000000000000
2026/09/29 19:41:47.250, 1095, 1215, 49.40, 41, 0x0000000000000000
2026/09/29 19:41:47.500, 1095, 1215, 49.40, 41, 0x0000000000000000
2026/09/29 19:41:47.750, 1095, 1215, 49.73, 41, 0x0000000000000000
2026/09/29 19:41:48.000, 1095, 1215, 49.68, 41, 0x0000000000000000
2026/09/29 19:41:48.251, 1095, 1215, 49.40, 41, 0x0000000000000000
2026/09/29 19:41:48.501, 1095, 1215, 49.45, 41, 0x0000000000000000
2026/09/29 19:41:48.751, 1095, 1215, 49.40, 41, 0x0000000000000000
2026/09/29 19:41:49.001, 1095, 1215, 76.00, 42, 0x0000000000000000
2026/09/29 19:41:49.251, 1395, 1215, 202.72, 45, 0x0000000000000000
2026/09/29 19:41:49.501, 1410, 1215, 218.81, 47, 0x0000000000000000
2026/09/29 19:41:49.751, 1395, 1215, 379.94, 53, 0x0000000000000004
2026/09/29 19:41:50.001, 1350, 1215, 373.26, 55, 0x0000000000000004
2026/09/29 19:41:50.252, 1335, 1215, 380.26, 55, 0x0000000000000004
2026/09/29 19:41:50.502, 1335, 1215, 387.27, 57, 0x0000000000000004
2026/09/29 19:41:50.752, 1395, 1215, 273.43, 57, 0x0000000000000004
2026/09/29 19:41:51.002, 1335, 1215, 391.01, 57, 0x0000000000000004
2026/09/29 19:41:51.252, 1320, 1215, 413.49, 58, 0x0000000000000004
2026/09/29 19:41:51.502, 1320, 1215, 385.48, 58, 0x0000000000000004
2026/09/29 19:41:51.752, 1320, 1215, 381.14, 58, 0x0000000000000004
2026/09/29 19:41:52.003, 1335, 1215, 433.96, 57, 0x0000000000000004
2026/09/29 19:41:52.253, 1320, 1215, 412.03, 59, 0x0000000000000004
2026/09/29 19:41:52.503, 1335, 1215, 391.61, 59, 0x0000000000000004
2026/09/29 19:41:52.753, 1320, 1215, 388.41, 59, 0x0000000000000004
2026/09/29 19:41:53.003, 1320, 1215, 388.68, 59, 0x0000000000000004
2026/09/29 19:41:53.253, 1305, 1215, 401.28, 59, 0x0000000000000004
2026/09/29 19:41:53.503, 1305, 1215, 396.61, 59, 0x0000000000000004
2026/09/29 19:41:53.753, 1305, 1215, 396.88, 60, 0x0000000000000004
2026/09/29 19:41:54.005, 1305, 1215, 368.27, 60, 0x0000000000000004
2026/09/29 19:41:54.255, 1305, 1215, 360.13, 60, 0x0000000000000004
2026/09/29 19:41:54.505, 1305, 1215, 398.94, 60, 0x0000000000000004
2026/09/29 19:41:54.756, 1305, 1215, 401.28, 60, 0x0000000000000004
2026/09/29 19:41:55.006, 1305, 1215, 394.82, 60, 0x0000000000000004
2026/09/29 19:41:55.256, 1305, 1215, 406.49, 61, 0x0000000000000004
2026/09/29 19:41:55.506, 1410, 1215, 270.22, 58, 0x0000000000000000
2026/09/29 19:41:55.756, 1410, 1215, 70.19, 49, 0x0000000000000000
2026/09/29 19:41:56.006, 1410, 1215, 68.72, 47, 0x0000000000000000
2026/09/29 19:41:56.256, 1410, 1215, 68.11, 46, 0x0000000000000000
2026/09/29 19:41:56.507, 1410, 1215, 70.73, 46, 0x0000000000000000
2026/09/29 19:41:56.757, 1410, 1215, 67.52, 45, 0x0000000000000000
2026/09/29 19:41:57.007, 1410, 1215, 67.24, 45, 0x0000000000000000
2026/09/29 19:41:57.257, 1410, 1215, 66.92, 44, 0x0000000000000000
2026/09/29 19:41:57.507, 1410, 1215, 66.92, 44, 0x0000000000000000
2026/09/29 19:41:57.757, 1410, 1215, 66.65, 44, 0x0000000000000000
2026/09/29 19:41:58.007, 1410, 1215, 66.05, 44, 0x0000000000000000
2026/09/29 19:41:58.258, 1410, 1215, 66.05, 44, 0x0000000000000000
2026/09/29 19:41:58.508, 285, 1215, 50.00, 43, 0x0000000000000001
2026/09/29 19:41:58.758, 270, 1215, 45.04, 43, 0x0000000000000001
2026/09/29 19:41:59.008, 225, 1215, 44.99, 42, 0x0000000000000001
2026/09/29 19:41:59.258, 210, 1215, 44.99, 42, 0x0000000000000001
2026/09/29 19:41:59.508, 210, 1215, 44.72, 42, 0x0000000000000001
2026/09/29 19:41:59.759, 210, 1215, 44.72, 42, 0x0000000000000001
2026/09/29 19:42:00.009, 210, 1215, 44.72, 42, 0x0000000000000001
2026/09/29 19:42:00.259, 210, 1215, 44.72, 42, 0x0000000000000001
2026/09/29 19:42:00.509, 210, 1215, 44.72, 41, 0x0000000000000001
2026/09/29 19:42:00.759, 210, 1215, 44.72, 41, 0x0000000000000001
2026/09/29 19:42:01.009, 210, 1215, 44.50, 41, 0x0000000000000001
2026/09/29 19:42:01.259, 210, 1215, 44.99, 41, 0x0000000000000001
2026/09/29 19:42:01.509, 210, 1215, 44.45, 41, 0x0000000000000001
2026/09/29 19:42:01.760, 210, 1215, 44.45, 41, 0x0000000000000001
2026/09/29 19:42:02.010, 1095, 1215, 49.68, 41, 0x0000000000000000
2026/09/29 19:42:02.260, 1095, 1215, 49.68, 41, 0x0000000000000000
2026/09/29 19:42:02.511, 1095, 1215, 49.40, 41, 0x0000000000000000
2026/09/29 19:42:02.761, 1095, 1215, 49.40, 41, 0x0000000000000000
2026/09/29 19:42:03.011, 1095, 1215, 49.40, 41, 0x0000000000000000
2026/09/29 19:42:03.262, 1095, 1215, 50.27, 41, 0x0000000000000000
2026/09/29 19:42:03.512, 1095, 1215, 50.00, 41, 0x0000000000000000
2026/09/29 19:42:03.762, 1095, 1215, 49.40, 40, 0x0000000000000000
2026/09/29 19:42:04.012, 1095, 1215, 50.87, 40, 0x0000000000000000
2026/09/29 19:42:04.262, 1095, 1215, 50.00, 40, 0x0000000000000000
2026/09/29 19:42:04.512, 1095, 1215, 49.40, 40, 0x0000000000000000
2026/09/29 19:42:04.762, 1095, 1215, 50.87, 40, 0x0000000000000000
2026/09/29 19:42:05.013, 1095, 1215, 50.00, 40, 0x0000000000000000
2026/09/29 19:42:05.263, 1095, 1215, 49.40, 40, 0x0000000000000000
2026/09/29 19:42:05.513, 1095, 1215, 50.27, 40, 0x0000000000000000
2026/09/29 19:42:05.763, 1095, 1215, 49.68, 40, 0x0000000000000000
2026/09/29 19:42:06.013, 1095, 1215, 50.27, 40, 0x0000000000000000
2026/09/29 19:42:06.263, 1095, 1215, 49.13, 40, 0x0000000000000000
2026/09/29 19:42:06.513, 1095, 1215, 49.18, 40, 0x0000000000000000
2026/09/29 19:42:06.764, 1095, 1215, 49.13, 40, 0x0000000000000000
2026/09/29 19:42:07.014, 1095, 1215, 49.13, 39, 0x0000000000000000
2026/09/29 19:42:07.264, 1095, 1215, 49.13, 39, 0x0000000000000000
2026/09/29 19:42:07.514, 1095, 1215, 49.13, 39, 0x0000000000000000
2026/09/29 19:42:07.764, 1095, 1215, 49.18, 39, 0x0000000000000000
2026/09/29 19:42:08.014, 1095, 1215, 49.40, 39, 0x0000000000000000
2026/09/29 19:42:08.264, 1095, 1215, 87.10, 40, 0x0000000000000000
2026/09/29 19:42:08.515, 1365, 1215, 114.63, 41, 0x0000000000000000
2026/09/29 19:42:08.765, 1410, 1215, 125.13, 41, 0x0000000000000000
2026/09/29 19:42:09.015, 1410, 1215, 126.60, 42, 0x0000000000000000
2026/09/29 19:42:09.265, 1410, 1215, 127.47, 42, 0x0000000000000000
2026/09/29 19:42:09.515, 1410, 1215, 123.66, 42, 0x0000000000000000
2026/09/29 19:42:09.765, 1410, 1215, 64.58, 41, 0x0000000000000000
2026/09/29 19:42:10.015, 1410, 1215, 340.58, 49, 0x0000000000000000
2026/09/29 19:42:10.265, 1410, 1215, 325.12, 52, 0x0000000000000000
2026/09/29 19:42:10.516, 1410, 1215, 358.93, 53, 0x0000000000000000
2026/09/29 19:42:10.766, 1410, 1215, 377.60, 51, 0x0000000000000000
2026/09/29 19:42:11.016, 1410, 1215, 374.13, 54, 0x0000000000000000
2026/09/29 19:42:11.266, 1410, 1215, 357.79, 55, 0x0000000000000000
2026/09/29 19:42:11.516, 1410, 1215, 383.47, 55, 0x0000000000000000
2026/09/29 19:42:11.766, 1410, 1215, 398.35, 56, 0x0000000000000000
2026/09/29 19:42:12.016, 1410, 1215, 392.81, 57, 0x0000000000000000
2026/09/29 19:42:12.267, 1410, 1215, 402.42, 57, 0x0000000000000000
2026/09/29 19:42:12.517, 1410, 1215, 397.15, 57, 0x0000000000000000
2026/09/29 19:42:12.767, 1410, 1215, 398.02, 57, 0x0000000000000000
2026/09/29 19:42:13.017, 1410, 1215, 399.81, 57, 0x0000000000000000
2026/09/29 19:42:13.267, 1410, 1215, 398.20, 58, 0x0000000000000000
2026/09/29 19:42:13.517, 1395, 1215, 398.94, 58, 0x0000000000000004
2026/09/29 19:42:13.768, 1395, 1215, 412.62, 58, 0x0000000000000004
2026/09/29 19:42:14.018, 1410, 1215, 409.42, 58, 0x0000000000000000
2026/09/29 19:42:14.268, 1395, 1215, 393.95, 58, 0x0000000000000004
2026/09/29 19:42:14.518, 1395, 1215, 408.82, 59, 0x0000000000000004
2026/09/29 19:42:14.768, 1395, 1215, 383.74, 59, 0x0000000000000004
2026/09/29 19:42:15.018, 1395, 1215, 405.03, 59, 0x0000000000000004
2026/09/29 19:42:15.269, 1395, 1215, 397.48, 59, 0x0000000000000004
2026/09/29 19:42:15.519, 1380, 1215, 388.68, 59, 0x0000000000000004
2026/09/29 19:42:15.769, 1395, 1215, 329.18, 59, 0x0000000000000004
2026/09/29 19:42:16.019, 1380, 1215, 392.21, 59, 0x0000000000000004
2026/09/29 19:42:16.269, 1395, 1215, 394.55, 60, 0x0000000000000004
2026/09/29 19:42:16.519, 1395, 1215, 364.79, 59, 0x0000000000000004
2026/09/29 19:42:16.769, 1380, 1215, 404.61, 60, 0x0000000000000004
2026/09/29 19:42:17.020, 1365, 1215, 371.20, 59, 0x0000000000000004
2026/09/29 19:42:17.270, 1365, 1215, 403.89, 60, 0x0000000000000004
2026/09/29 19:42:17.520, 1380, 1215, 414.37, 60, 0x0000000000000004
2026/09/29 19:42:17.770, 1380, 1215, 410.89, 60, 0x0000000000000004
2026/09/29 19:42:18.020, 1380, 1215, 433.64, 61, 0x0000000000000004
2026/09/29 19:42:18.270, 1395, 1215, 417.89, 61, 0x0000000000000004
2026/09/29 19:42:18.521, 1395, 1215, 425.49, 61, 0x0000000000000004
2026/09/29 19:42:18.771, 1380, 1215, 398.53, 61, 0x0000000000000004
2026/09/29 19:42:19.021, 1395, 1215, 426.96, 62, 0x0000000000000004
2026/09/29 19:42:19.271, 1395, 1215, 429.30, 62, 0x0000000000000004
2026/09/29 19:42:19.521, 1380, 1215, 430.85, 62, 0x0000000000000004
2026/09/29 19:42:19.771, 1395, 1215, 427.83, 62, 0x0000000000000004
2026/09/29 19:42:20.021, 1395, 1215, 435.37, 62, 0x0000000000000004
2026/09/29 19:42:20.272, 1380, 1215, 432.59, 63, 0x0000000000000004
2026/09/29 19:42:20.522, 1395, 1215, 398.94, 62, 0x0000000000000004
2026/09/29 19:42:20.772, 1395, 1215, 398.62, 62, 0x0000000000000004
2026/09/29 19:42:21.022, 1380, 1215, 412.35, 62, 0x0000000000000004
2026/09/29 19:42:21.272, 1365, 1215, 378.20, 62, 0x0000000000000004
2026/09/29 19:42:21.522, 1365, 1215, 379.08, 62, 0x0000000000000004
2026/09/29 19:42:21.773, 1365, 1215, 409.69, 61, 0x0000000000000004
2026/09/29 19:42:22.023, 1395, 1215, 429.30, 62, 0x0000000000000004
2026/09/29 19:42:22.273, 1395, 1215, 431.72, 63, 0x0000000000000004
2026/09/29 19:42:22.523, 1380, 1215, 409.42, 63, 0x0000000000000004
2026/09/29 19:42:22.773, 1380, 1215, 388.14, 63, 0x0000000000000004
2026/09/29 19:42:23.023, 1395, 1215, 397.48, 63, 0x0000000000000004
2026/09/29 19:42:23.273, 1380, 1215, 388.14, 63, 0x0000000000000004
2026/09/29 19:42:23.524, 1365, 1215, 393.95, 63, 0x0000000000000004
2026/09/29 19:42:23.774, 1380, 1215, 406.49, 62, 0x0000000000000004
2026/09/29 19:42:24.024, 1380, 1215, 414.09, 62, 0x0000000000000004
2026/09/29 19:42:24.274, 1410, 1215, 73.66, 55, 0x0000000000000000
2026/09/29 19:42:24.524, 1410, 1215, 70.73, 51, 0x0000000000000000
2026/09/29 19:42:24.774, 1410, 1215, 69.85, 49, 0x0000000000000000
2026/09/29 19:42:25.025, 1410, 1215, 69.58, 49, 0x0000000000000000
2026/09/29 19:42:25.275, 1410, 1215, 69.26, 48, 0x0000000000000000
2026/09/29 19:42:25.525, 1410, 1215, 68.99, 48, 0x0000000000000000
2026/09/29 19:42:25.775, 1410, 1215, 68.99, 47, 0x0000000000000000
2026/09/29 19:42:26.025, 1095, 1215, 68.99, 47, 0x0000000000000000
2026/09/29 19:42:26.275, 1095, 1215, 52.01, 46, 0x0000000000000000
2026/09/29 19:42:26.526, 1095, 1215, 51.74, 46, 0x0000000000000000
2026/09/29 19:42:26.776, 1095, 1215, 51.74, 45, 0x0000000000000000
2026/09/29 19:42:27.026, 1095, 1215, 51.74, 45, 0x0000000000000000
2026/09/29 19:42:27.276, 1095, 1215, 51.52, 45, 0x0000000000000000
2026/09/29 19:42:27.526, 1095, 1215, 51.47, 45, 0x0000000000000000
2026/09/29 19:42:27.776, 1095, 1215, 51.47, 45, 0x0000000000000000
2026/09/29 19:42:28.026, 1095, 1215, 51.14, 44, 0x0000000000000000
2026/09/29 19:42:28.277, 1095, 1215, 51.14, 44, 0x0000000000000000
2026/09/29 19:42:28.527, 1095, 1215, 51.14, 44, 0x0000000000000000
2026/09/29 19:42:28.777, 1095, 1215, 51.14, 44, 0x0000000000000000
2026/09/29 19:42:29.027, 1095, 1215, 50.87, 44, 0x0000000000000000
2026/09/29 19:42:29.277, 1095, 1215, 50.87, 44, 0x0000000000000000
2026/09/29 19:42:29.527, 1095, 1215, 50.87, 44, 0x0000000000000000
2026/09/29 19:42:29.777, 1095, 1215, 50.87, 43, 0x0000000000000000
2026/09/29 19:42:30.028, 1095, 1215, 50.87, 43, 0x0000000000000000
2026/09/29 19:42:30.278, 1095, 1215, 50.92, 43, 0x0000000000000000
2026/09/29 19:42:30.528, 1095, 1215, 50.54, 43, 0x0000000000000000
2026/09/29 19:42:30.778, 1095, 1215, 50.54, 43, 0x0000000000000000
2026/09/29 19:42:31.028, 1095, 1215, 50.59, 43, 0x0000000000000000
2026/09/29 19:42:31.278, 1095, 1215, 50.54, 43, 0x0000000000000000
2026/09/29 19:42:31.529, 1095, 1215, 50.59, 43, 0x0000000000000000
2026/09/29 19:42:31.779, 1095, 1215, 50.54, 43, 0x0000000000000000
2026/09/29 19:42:32.029, 1095, 1215, 50.87, 43, 0x0000000000000000
2026/09/29 19:42:32.279, 1095, 1215, 50.27, 42, 0x0000000000000000
2026/09/29 19:42:32.529, 1095, 1215, 50.32, 42, 0x0000000000000000
2026/09/29 19:42:32.779, 1095, 1215, 50.27, 42, 0x0000000000000000
2026/09/29 19:42:33.029, 1095, 1215, 50.27, 42, 0x0000000000000000
2026/09/29 19:42:33.280, 1095, 1215, 50.27, 42, 0x0000000000000000
2026/09/29 19:42:33.530, 1095, 1215, 50.27, 42, 0x0000000000000000
2026/09/29 19:42:33.780, 1095, 1215, 50.27, 42, 0x0000000000000000
2026/09/29 19:42:34.030, 1095, 1215, 50.27, 42, 0x0000000000000000
2026/09/29 19:42:34.280, 1095, 1215, 50.00, 42, 0x0000000000000000
2026/09/29 19:42:34.530, 1095, 1215, 50.00, 42, 0x0000000000000000
2026/09/29 19:42:34.780, 1095, 1215, 50.00, 41, 0x0000000000000000
2026/09/29 19:42:35.031, 1095, 1215, 50.00, 41, 0x0000000000000000
2026/09/29 19:42:35.281, 1095, 1215, 50.00, 41, 0x0000000000000000
2026/09/29 19:42:35.531, 1095, 1215, 50.00, 41, 0x0000000000000000
2026/09/29 19:42:35.781, 1095, 1215, 50.00, 41, 0x0000000000000000
2026/09/29 19:42:36.031, 1410, 1215, 51.74, 41, 0x0000000000000000
2026/09/29 19:42:36.281, 1410, 1215, 68.39, 42, 0x0000000000000000
2026/09/29 19:42:36.532, 1410, 1215, 135.69, 43, 0x0000000000000000
2026/09/29 19:42:36.782, 1410, 1215, 69.26, 43, 0x0000000000000000
2026/09/29 19:42:37.032, 1410, 1215, 195.12, 45, 0x0000000000000000
2026/09/29 19:42:37.282, 1410, 1215, 145.32, 45, 0x0000000000000000
2026/09/29 19:42:37.532, 1410, 1215, 143.43, 45, 0x0000000000000000
2026/09/29 19:42:37.782, 1410, 1215, 130.68, 44, 0x0000000000000000
2026/09/29 19:42:38.032, 1410, 1215, 109.03, 44, 0x0000000000000000
2026/09/29 19:42:38.283, 1410, 1215, 155.38, 45, 0x0000000000000000
2026/09/29 19:42:38.533, 1410, 1215, 133.90, 45, 0x0000000000000000
2026/09/29 19:42:38.783, 1410, 1215, 140.22, 44, 0x0000000000000000
2026/09/29 19:42:39.033, 1410, 1215, 137.16, 45, 0x0000000000000000
2026/09/29 19:42:39.283, 1410, 1215, 143.58, 45, 0x0000000000000000
2026/09/29 19:42:39.533, 1410, 1215, 120.78, 45, 0x0000000000000000
2026/09/29 19:42:39.783, 1410, 1215, 113.76, 44, 0x0000000000000000
2026/09/29 19:42:40.034, 1410, 1215, 149.99, 45, 0x0000000000000000
2026/09/29 19:42:40.284, 1410, 1215, 83.62, 44, 0x0000000000000000
2026/09/29 19:42:40.534, 1410, 1215, 65.18, 43, 0x0000000000000000
2026/09/29 19:42:40.784, 1410, 1215, 64.58, 42, 0x0000000000000000
2026/09/29 19:42:41.034, 1410, 1215, 64.91, 42, 0x0000000000000000
2026/09/29 19:42:41.284, 1410, 1215, 64.91, 42, 0x0000000000000000
2026/09/29 19:42:41.535, 1410, 1215, 64.31, 41, 0x0000000000000000
2026/09/29 19:42:41.785, 1410, 1215, 64.58, 41, 0x0000000000000000
2026/09/29 19:42:42.035, 1410, 1215, 114.63, 42, 0x0000000000000000
2026/09/29 19:42:42.285, 1410, 1215, 113.43, 43, 0x0000000000000000
2026/09/29 19:42:42.535, 1410, 1215, 122.79, 43, 0x0000000000000000
2026/09/29 19:42:42.786, 1410, 1215, 113.76, 43, 0x0000000000000000
2026/09/29 19:42:43.036, 1410, 1215, 113.43, 43, 0x0000000000000000
2026/09/29 19:42:43.286, 1410, 1215, 169.58, 43, 0x0000000000000000
2026/09/29 19:42:43.536, 1410, 1215, 269.03, 50, 0x0000000000000000
2026/09/29 19:42:43.786, 1410, 1215, 356.00, 52, 0x0000000000000000
2026/09/29 19:42:44.036, 1410, 1215, 358.93, 53, 0x0000000000000000
2026/09/29 19:42:44.286, 1410, 1215, 358.33, 54, 0x0000000000000000
2026/09/29 19:42:44.536, 1410, 1215, 390.07, 55, 0x0000000000000000
2026/09/29 19:42:44.787, 1410, 1215, 345.25, 56, 0x0000000000000000
2026/09/29 19:42:45.037, 1410, 1215, 353.39, 56, 0x0000000000000000
2026/09/29 19:42:45.287, 1410, 1215, 339.11, 56, 0x0000000000000000
2026/09/29 19:42:45.537, 1410, 1215, 383.74, 57, 0x0000000000000000
2026/09/29 19:42:45.787, 1410, 1215, 396.61, 57, 0x0000000000000000
2026/09/29 19:42:46.038, 1410, 1215, 394.28, 57, 0x0000000000000000
2026/09/29 19:42:46.288, 1410, 1215, 387.27, 58, 0x0000000000000000
2026/09/29 19:42:46.538, 1410, 1215, 382.87, 58, 0x0000000000000000
2026/09/29 19:42:46.788, 1410, 1215, 362.46, 58, 0x0000000000000000
2026/09/29 19:42:47.038, 1410, 1215, 373.53, 58, 0x0000000000000000
2026/09/29 19:42:47.288, 1380, 1215, 408.82, 59, 0x0000000000000004
2026/09/29 19:42:47.538, 1380, 1215, 401.82, 59, 0x0000000000000004
2026/09/29 19:42:47.789, 1395, 1215, 403.89, 59, 0x0000000000000004
2026/09/29 19:42:48.039, 1380, 1215, 389.60, 59, 0x0000000000000004
2026/09/29 19:42:48.289, 1395, 1215, 397.48, 59, 0x0000000000000004
2026/09/29 19:42:48.539, 1395, 1215, 395.69, 59, 0x0000000000000004
2026/09/29 19:42:48.789, 1380, 1215, 400.95, 60, 0x0000000000000004
2026/09/29 19:42:49.039, 1395, 1215, 392.81, 60, 0x0000000000000004
2026/09/29 19:42:49.289, 1395, 1215, 363.33, 60, 0x0000000000000004
2026/09/29 19:42:49.540, 1395, 1215, 404.48, 60, 0x0000000000000004
2026/09/29 19:42:49.790, 1380, 1215, 372.94, 60, 0x0000000000000004
2026/09/29 19:42:50.040, 1395, 1215, 301.76, 60, 0x0000000000000004
2026/09/29 19:42:50.290, 1395, 1215, 406.49, 60, 0x0000000000000004
2026/09/29 19:42:50.540, 1395, 1215, 412.35, 61, 0x0000000000000004
2026/09/29 19:42:50.791, 1380, 1215, 379.94, 61, 0x0000000000000004
2026/09/29 19:42:51.041, 1395, 1215, 396.88, 61, 0x0000000000000004
2026/09/29 19:42:51.291, 1395, 1215, 412.35, 61, 0x0000000000000004
2026/09/29 19:42:51.541, 1380, 1215, 406.66, 61, 0x0000000000000004
2026/09/29 19:42:51.791, 1380, 1215, 377.33, 61, 0x0000000000000004
2026/09/29 19:42:52.041, 1395, 1215, 401.28, 62, 0x0000000000000004
2026/09/29 19:42:52.292, 1365, 1215, 388.68, 61, 0x0000000000000004
2026/09/29 19:42:52.542, 1380, 1215, 379.08, 61, 0x0000000000000004
2026/09/29 19:42:52.792, 1395, 1215, 416.86, 62, 0x0000000000000004
2026/09/29 19:42:53.042, 1380, 1215, 432.50, 62, 0x0000000000000004
2026/09/29 19:42:53.292, 1380, 1215, 377.52, 61, 0x0000000000000004
2026/09/29 19:42:53.542, 1395, 1215, 385.73, 62, 0x0000000000000004
2026/09/29 19:42:53.793, 1395, 1215, 435.13, 63, 0x0000000000000004
2026/09/29 19:42:54.043, 1365, 1215, 396.92, 62, 0x0000000000000004
2026/09/29 19:42:54.293, 1395, 1215, 396.37, 62, 0x0000000000000004
2026/09/29 19:42:54.543, 1380, 1215, 411.72, 62, 0x0000000000000004
2026/09/29 19:42:54.793, 1380, 1215, 385.81, 62, 0x0000000000000004
2026/09/29 19:42:55.043, 1395, 1215, 410.00, 62, 0x0000000000000004
2026/09/29 19:42:55.294, 1365, 1215, 374.31, 62, 0x0000000000000004
2026/09/29 19:42:55.544, 1380, 1215, 386.75, 63, 0x0000000000000004
2026/09/29 19:42:55.794, 1395, 1215, 422.13, 63, 0x0000000000000004
2026/09/29 19:42:56.044, 1365, 1215, 398.80, 63, 0x0000000000000004
2026/09/29 19:42:56.294, 1395, 1215, 395.91, 63, 0x0000000000000004
2026/09/29 19:42:56.544, 1395, 1215, 410.85, 63, 0x0000000000000004
2026/09/29 19:42:56.794, 1365, 1215, 387.08, 63, 0x0000000000000004
2026/09/29 19:42:57.044, 1395, 1215, 379.77, 63, 0x0000000000000004
2026/09/29 19:42:57.295, 1395, 1215, 420.77, 64, 0x0000000000000004
2026/09/29 19:42:57.545, 1365, 1215, 407.91, 63, 0x0000000000000004
2026/09/29 19:42:57.795, 1395, 1215, 378.78, 63, 0x0000000000000004
2026/09/29 19:42:58.045, 1395, 1215, 427.80, 64, 0x0000000000000004
2026/09/29 19:42:58.295, 1410, 1215, 355.13, 62, 0x0000000000000000
2026/09/29 19:42:58.545, 1410, 1215, 352.24, 61, 0x0000000000000000
2026/09/29 19:42:58.796, 1410, 1215, 349.57, 61, 0x0000000000000000
2026/09/29 19:42:59.046, 1410, 1215, 349.81, 61, 0x0000000000000000
2026/09/29 19:42:59.296, 1410, 1215, 367.67, 62, 0x0000000000000000
2026/09/29 19:42:59.546, 1410, 1215, 364.73, 62, 0x0000000000000000
2026/09/29 19:42:59.796, 1410, 1215, 319.63, 62, 0x0000000000000000
2026/09/29 19:43:00.046, 1410, 1215, 370.71, 62, 0x0000000000000000
2026/09/29 19:43:00.296, 1410, 1215, 369.25, 62, 0x0000000000000000
2026/09/29 19:43:00.547, 1410, 1215, 395.83, 63, 0x0000000000000000
2026/09/29 19:43:00.797, 1410, 1215, 397.57, 63, 0x0000000000000000
2026/09/29 19:43:01.047, 1410, 1215, 399.90, 64, 0x0000000000000000
2026/09/29 19:43:01.297, 1410, 1215, 400.23, 64, 0x0000000000000000
2026/09/29 19:43:01.547, 1410, 1215, 396.42, 63, 0x0000000000000000
2026/09/29 19:43:01.797, 1410, 1215, 399.63, 64, 0x0000000000000000
2026/09/29 19:43:02.047, 1410, 1215, 390.88, 64, 0x0000000000000000
2026/09/29 19:43:02.298, 1410, 1215, 398.44, 64, 0x0000000000000000
2026/09/29 19:43:02.548, 1395, 1215, 392.48, 65, 0x0000000000000004
2026/09/29 19:43:02.798, 1395, 1215, 391.35, 64, 0x0000000000000004
2026/09/29 19:43:03.048, 1395, 1215, 411.76, 65, 0x0000000000000004
2026/09/29 19:43:03.298, 1380, 1215, 393.95, 64, 0x0000000000000004
2026/09/29 19:43:03.548, 1395, 1215, 405.03, 65, 0x0000000000000004
2026/09/29 19:43:03.798, 1380, 1215, 373.53, 65, 0x0000000000000004
2026/09/29 19:43:04.049, 1395, 1215, 393.08, 64, 0x0000000000000004
2026/09/29 19:43:04.299, 1380, 1215, 395.69, 65, 0x0000000000000004
2026/09/29 19:43:04.549, 1395, 1215, 411.60, 65, 0x0000000000000004
2026/09/29 19:43:04.799, 1395, 1215, 401.40, 65, 0x0000000000000004
2026/09/29 19:43:05.049, 1380, 1215, 397.33, 65, 0x0000000000000004
2026/09/29 19:43:05.299, 1380, 1215, 390.07, 65, 0x0000000000000004
2026/09/29 19:43:05.550, 1380, 1215, 394.41, 65, 0x0000000000000004
2026/09/29 19:43:05.800, 1380, 1215, 393.67, 65, 0x0000000000000004
2026/09/29 19:43:06.050, 1395, 1215, 405.52, 66, 0x0000000000000004
2026/09/29 19:43:06.300, 1395, 1215, 435.52, 66, 0x0000000000000004
2026/09/29 19:43:06.550, 1350, 1215, 362.46, 65, 0x0000000000000004
2026/09/29 19:43:06.800, 1380, 1215, 424.73, 66, 0x0000000000000004
2026/09/29 19:43:07.050, 1350, 1215, 356.60, 65, 0x0000000000000004
2026/09/29 19:43:07.301, 1395, 1215, 433.19, 66, 0x0000000000000004
2026/09/29 19:43:07.551, 1365, 1215, 372.67, 66, 0x0000000000000004
2026/09/29 19:43:07.801, 1395, 1215, 439.31, 67, 0x0000000000000004
2026/09/29 19:43:08.051, 1365, 1215, 380.81, 66, 0x0000000000000004
2026/09/29 19:43:08.301, 1395, 1215, 439.04, 66, 0x0000000000000004
2026/09/29 19:43:08.551, 1365, 1215, 372.67, 66, 0x0000000000000004
2026/09/29 19:43:08.801, 1395, 1215, 434.38, 67, 0x0000000000000004
2026/09/29 19:43:09.052, 1380, 1215, 411.33, 67, 0x0000000000000004
2026/09/29 19:43:09.302, 1380, 1215, 408.40, 66, 0x0000000000000004
2026/09/29 19:43:09.552, 1395, 1215, 433.51, 67, 0x0000000000000004
2026/09/29 19:43:09.802, 1395, 1215, 378.08, 66, 0x0000000000000004
2026/09/29 19:43:10.052, 1365, 1215, 420.93, 67, 0x0000000000000004
2026/09/29 19:43:10.302, 1380, 1215, 384.33, 66, 0x0000000000000004
2026/09/29 19:43:10.553, 1380, 1215, 432.92, 67, 0x0000000000000004
2026/09/29 19:43:10.803, 1395, 1215, 399.08, 67, 0x0000000000000004
2026/09/29 19:43:11.053, 1380, 1215, 415.72, 67, 0x0000000000000004
2026/09/29 19:43:11.303, 1395, 1215, 390.07, 66, 0x0000000000000004
2026/09/29 19:43:11.553, 1350, 1215, 380.54, 66, 0x0000000000000004
2026/09/29 19:43:11.803, 1395, 1215, 441.92, 67, 0x0000000000000004
2026/09/29 19:43:12.054, 1365, 1215, 399.94, 67, 0x0000000000000004
2026/09/29 19:43:12.304, 1380, 1215, 419.03, 67, 0x0000000000000004
2026/09/29 19:43:12.554, 1365, 1215, 369.46, 67, 0x0000000000000004
2026/09/29 19:43:12.804, 1395, 1215, 432.32, 67, 0x0000000000000004
2026/09/29 19:43:13.054, 1365, 1215, 378.80, 67, 0x0000000000000004
2026/09/29 19:43:13.304, 1380, 1215, 416.86, 67, 0x0000000000000004
2026/09/29 19:43:13.554, 1365, 1215, 374.28, 67, 0x0000000000000004
2026/09/29 19:43:13.805, 1395, 1215, 395.87, 66, 0x0000000000000004
2026/09/29 19:43:14.055, 1395, 1215, 393.95, 66, 0x0000000000000004
2026/09/29 19:43:14.305, 1410, 1215, 376.14, 66, 0x0000000000000000
2026/09/29 19:43:14.555, 1395, 1215, 409.42, 66, 0x0000000000000004
2026/09/29 19:43:14.805, 1395, 1215, 397.06, 66, 0x0000000000000004
2026/09/29 19:43:15.055, 1410, 1215, 410.46, 67, 0x0000000000000000
2026/09/29 19:43:15.306, 1410, 1215, 397.33, 67, 0x0000000000000000
2026/09/29 19:43:15.556, 1410, 1215, 399.08, 67, 0x0000000000000000
2026/09/29 19:43:15.806, 1410, 1215, 398.62, 67, 0x0000000000000000
2026/09/29 19:43:16.056, 1395, 1215, 407.09, 67, 0x0000000000000004
2026/09/29 19:43:16.306, 1395, 1215, 182.55, 61, 0x0000000000000004
2026/09/29 19:43:16.556, 1410, 1215, 75.13, 57, 0x0000000000000000
2026/09/29 19:43:16.807, 1410, 1215, 371.20, 63, 0x0000000000000000
2026/09/29 19:43:17.057, 1410, 1215, 113.04, 59, 0x0000000000000000
2026/09/29 19:43:17.307, 1410, 1215, 74.27, 55, 0x0000000000000000
2026/09/29 19:43:17.557, 1410, 1215, 407.86, 62, 0x0000000000000000
2026/09/29 19:43:17.807, 1395, 1215, 375.87, 65, 0x0000000000000004
2026/09/29 19:43:18.057, 1410, 1215, 115.98, 61, 0x0000000000000000
2026/09/29 19:43:18.308, 1410, 1215, 74.27, 55, 0x0000000000000000
2026/09/29 19:43:18.558, 1410, 1215, 237.26, 58, 0x0000000000000000
2026/09/29 19:43:18.808, 1410, 1215, 386.54, 64, 0x0000000000000000
2026/09/29 19:43:19.058, 1410, 1215, 401.73, 65, 0x0000000000000000
2026/09/29 19:43:19.308, 1410, 1215, 76.00, 57, 0x0000000000000000
2026/09/29 19:43:19.558, 1410, 1215, 73.07, 54, 0x0000000000000000
2026/09/29 19:43:19.809, 1410, 1215, 72.12, 53, 0x0000000000000000
2026/09/29 19:43:20.059, 1410, 1215, 71.92, 52, 0x0000000000000000
2026/09/29 19:43:20.309, 1410, 1215, 71.32, 52, 0x0000000000000000
2026/09/29 19:43:20.559, 1410, 1215, 74.27, 52, 0x0000000000000000
2026/09/29 19:43:20.809, 1410, 1215, 73.93, 51, 0x0000000000000000
2026/09/29 19:43:21.059, 1410, 1215, 71.32, 51, 0x0000000000000000
2026/09/29 19:43:21.309, 1410, 1215, 71.25, 51, 0x0000000000000000
2026/09/29 19:43:21.560, 1410, 1215, 69.85, 51, 0x0000000000000000
2026/09/29 19:43:21.810, 1410, 1215, 70.38, 50, 0x0000000000000000
2026/09/29 19:43:22.060, 1410, 1215, 69.85, 50, 0x0000000000000000
2026/09/29 19:43:22.310, 1410, 1215, 69.58, 50, 0x0000000000000000
2026/09/29 19:43:22.560, 1410, 1215, 70.11, 50, 0x0000000000000000
2026/09/29 19:43:22.810, 1095, 1215, 53.48, 49, 0x0000000000000000
2026/09/29 19:43:23.060, 1095, 1215, 105.82, 50, 0x0000000000000000
2026/09/29 19:43:23.310, 1365, 1215, 65.43, 49, 0x0000000000000000
2026/09/29 19:43:23.561, 1365, 1215, 66.05, 49, 0x0000000000000000
2026/09/29 19:43:23.811, 1365, 1215, 66.05, 49, 0x0000000000000000
2026/09/29 19:43:24.061, 1365, 1215, 65.98, 49, 0x0000000000000000
2026/09/29 19:43:24.311, 1365, 1215, 65.77, 49, 0x0000000000000000
2026/09/29 19:43:24.561, 1365, 1215, 65.77, 48, 0x0000000000000000
2026/09/29 19:43:24.811, 1365, 1215, 65.77, 48, 0x0000000000000000
2026/09/29 19:43:25.061, 1095, 1215, 65.50, 48, 0x0000000000000000
2026/09/29 19:43:25.311, 1095, 1215, 52.34, 47, 0x0000000000000000
2026/09/29 19:43:25.562, 1095, 1215, 52.34, 47, 0x0000000000000000
2026/09/29 19:43:25.812, 1410, 1215, 130.27, 49, 0x0000000000000000
2026/09/29 19:43:26.062, 1380, 1215, 400.35, 57, 0x0000000000000004
2026/09/29 19:43:26.312, 1395, 1215, 363.33, 55, 0x0000000000000004
2026/09/29 19:43:26.562, 1365, 1215, 429.84, 60, 0x0000000000000004
2026/09/29 19:43:26.812, 1350, 1215, 433.51, 61, 0x0000000000000004
2026/09/29 19:43:27.062, 1365, 1215, 442.84, 61, 0x0000000000000004
2026/09/29 19:43:27.312, 1350, 1215, 417.62, 62, 0x0000000000000004
2026/09/29 19:43:27.563, 1395, 1215, 364.79, 62, 0x0000000000000004
2026/09/29 19:43:27.813, 1305, 1215, 413.82, 64, 0x0000000000000004
2026/09/29 19:43:28.063, 1335, 1215, 414.85, 63, 0x0000000000000004
2026/09/29 19:43:28.313, 1335, 1215, 415.12, 64, 0x0000000000000004
2026/09/29 19:43:28.563, 1320, 1215, 375.60, 64, 0x0000000000000004
2026/09/29 19:43:28.813, 1320, 1215, 396.74, 64, 0x0000000000000004
2026/09/29 19:43:29.063, 1305, 1215, 399.67, 65, 0x0000000000000004
2026/09/29 19:43:29.314, 1320, 1215, 384.33, 64, 0x0000000000000004
2026/09/29 19:43:29.564, 1305, 1215, 399.08, 64, 0x0000000000000004
2026/09/29 19:43:29.814, 1320, 1215, 372.07, 65, 0x0000000000000004
2026/09/29 19:43:30.064, 1305, 1215, 400.68, 65, 0x0000000000000004
2026/09/29 19:43:30.314, 1305, 1215, 401.13, 65, 0x0000000000000004
2026/09/29 19:43:30.564, 1335, 1215, 350.19, 63, 0x0000000000000004
2026/09/29 19:43:30.814, 1320, 1215, 394.82, 64, 0x0000000000000004
2026/09/29 19:43:31.065, 1335, 1215, 407.26, 65, 0x0000000000000004
2026/09/29 19:43:31.315, 1320, 1215, 397.48, 65, 0x0000000000000004
2026/09/29 19:43:31.565, 1290, 1215, 403.61, 66, 0x0000000000000004
2026/09/29 19:43:31.815, 1320, 1215, 400.26, 66, 0x0000000000000004
2026/09/29 19:43:32.065, 1320, 1215, 409.87, 66, 0x0000000000000004
2026/09/29 19:43:32.315, 1335, 1215, 408.73, 66, 0x0000000000000004
2026/09/29 19:43:32.565, 1335, 1215, 383.61, 66, 0x0000000000000004
2026/09/29 19:43:32.816, 1395, 1215, 333.58, 64, 0x0000000000000004
2026/09/29 19:43:33.066, 1305, 1215, 397.61, 66, 0x0000000000000004
2026/09/29 19:43:33.316, 1305, 1215, 385.08, 66, 0x0000000000000004
2026/09/29 19:43:33.566, 1305, 1215, 390.47, 66, 0x0000000000000004
2026/09/29 19:43:33.816, 1290, 1215, 392.40, 66, 0x0000000000000004
2026/09/29 19:43:34.066, 1320, 1215, 404.93, 66, 0x0000000000000004
2026/09/29 19:43:34.316, 1275, 1215, 396.61, 67, 0x0000000000000004
2026/09/29 19:43:34.567, 1305, 1215, 394.14, 66, 0x0000000000000004
2026/09/29 19:43:34.817, 1305, 1215, 397.75, 67, 0x0000000000000004
2026/09/29 19:43:35.067, 1305, 1215, 393.67, 66, 0x0000000000000004
2026/09/29 19:43:35.317, 1305, 1215, 403.74, 67, 0x0000000000000004
2026/09/29 19:43:35.567, 1290, 1215, 404.61, 67, 0x0000000000000004
2026/09/29 19:43:35.817, 1305, 1215, 399.67, 67, 0x0000000000000004
2026/09/29 19:43:36.068, 1260, 1215, 409.00, 67, 0x0000000000000004
2026/09/29 19:43:36.318, 1305, 1215, 407.53, 67, 0x0000000000000004
2026/09/29 19:43:36.568, 1290, 1215, 406.93, 67, 0x0000000000000004
2026/09/29 19:43:36.818, 1410, 1215, 296.16, 64, 0x0000000000000000
2026/09/29 19:43:37.068, 1410, 1215, 77.74, 57, 0x0000000000000000
2026/09/29 19:43:37.319, 1410, 1215, 73.39, 54, 0x0000000000000000
2026/09/29 19:43:37.569, 1410, 1215, 76.88, 53, 0x0000000000000000
2026/09/29 19:43:37.819, 1410, 1215, 75.73, 53, 0x0000000000000000
2026/09/29 19:43:38.069, 1410, 1215, 74.78, 52, 0x0000000000000000
2026/09/29 19:43:38.322, 1410, 1215, 71.32, 52, 0x0000000000000000
2026/09/29 19:43:38.572, 1410, 1215, 70.73, 51, 0x0000000000000000
2026/09/29 19:43:38.822, 1410, 1215, 70.38, 51, 0x0000000000000000
2026/09/29 19:43:39.072, 1410, 1215, 70.33, 51, 0x0000000000000000
2026/09/29 19:43:39.323, 1410, 1215, 70.26, 50, 0x0000000000000001
2026/09/29 19:43:39.573, 1410, 1215, 70.00, 50, 0x0000000000000001
2026/09/29 19:43:39.823, 1410, 1215, 69.73, 50, 0x0000000000000001
2026/09/29 19:43:40.073, 285, 1215, 47.81, 49, 0x0000000000000001
2026/09/29 19:43:40.323, 240, 1215, 47.26, 49, 0x0000000000000001
2026/09/29 19:43:40.573, 225, 1215, 47.26, 48, 0x0000000000000001
2026/09/29 19:43:40.823, 210, 1215, 46.98, 48, 0x0000000000000001
2026/09/29 19:43:41.073, 210, 1215, 46.98, 48, 0x0000000000000001
2026/09/29 19:43:41.323, 210, 1215, 46.93, 48, 0x0000000000000001
2026/09/29 19:43:41.574, 210, 1215, 46.60, 48, 0x0000000000000001
2026/09/29 19:43:41.824, 210, 1215, 46.65, 47, 0x0000000000000001
2026/09/29 19:43:42.074, 210, 1215, 46.65, 47, 0x0000000000000001
2026/09/29 19:43:42.324, 210, 1215, 46.56, 47, 0x0000000000000001
2026/09/29 19:43:42.574, 210, 1215, 46.60, 47, 0x0000000000000001
2026/09/29 19:43:42.824, 210, 1215, 46.51, 47, 0x0000000000000001
2026/09/29 19:43:43.074, 1095, 1215, 52.34, 47, 0x0000000000000000
2026/09/29 19:43:43.325, 1095, 1215, 51.79, 47, 0x0000000000000000
2026/09/29 19:43:43.576, 1095, 1215, 52.01, 47, 0x0000000000000000
2026/09/29 19:43:43.826, 1095, 1215, 51.96, 47, 0x0000000000000000
2026/09/29 19:43:44.076, 1095, 1215, 51.69, 46, 0x0000000000000000
2026/09/29 19:43:44.327, 1095, 1215, 51.63, 46, 0x0000000000000000
2026/09/29 19:43:44.577, 1095, 1215, 51.63, 46, 0x0000000000000000
2026/09/29 19:43:44.827, 1095, 1215, 52.45, 46, 0x0000000000000000
2026/09/29 19:43:45.077, 1095, 1215, 52.18, 46, 0x0000000000000000
2026/09/29 19:43:45.327, 1095, 1215, 52.18, 46, 0x0000000000000000
2026/09/29 19:43:45.577, 1095, 1215, 52.50, 46, 0x0000000000000000
2026/09/29 19:43:45.827, 1095, 1215, 52.45, 46, 0x0000000000000000
2026/09/29 19:43:46.078, 1095, 1215, 51.31, 46, 0x0000000000000000
2026/09/29 19:43:46.328, 1095, 1215, 51.58, 45, 0x0000000000000000
2026/09/29 19:43:46.578, 1095, 1215, 51.85, 45, 0x0000000000000000
2026/09/29 19:43:46.828, 1095, 1215, 51.90, 45, 0x0000000000000000
2026/09/29 19:43:47.078, 1095, 1215, 52.18, 45, 0x0000000000000000
2026/09/29 19:43:47.328, 1095, 1215, 52.45, 45, 0x0000000000000000
2026/09/29 19:43:47.578, 1095, 1215, 50.99, 45, 0x0000000000000000
2026/09/29 19:43:47.829, 1095, 1215, 51.31, 45, 0x0000000000000000
2026/09/29 19:43:48.079, 1095, 1215, 51.31, 45, 0x0000000000000000
2026/09/29 19:43:48.329, 1095, 1215, 51.31, 45, 0x0000000000000000
2026/09/29 19:43:48.579, 1095, 1215, 51.63, 45, 0x0000000000000000
2026/09/29 19:43:48.829, 1095, 1215, 51.58, 44, 0x0000000000000000
2026/09/29 19:43:49.079, 1095, 1215, 50.71, 44, 0x0000000000000000
2026/09/29 19:43:49.329, 1095, 1215, 52.72, 44, 0x0000000000000000
2026/09/29 19:43:49.580, 1095, 1215, 52.45, 44, 0x0000000000000000
2026/09/29 19:43:49.830, 1095, 1215, 50.76, 44, 0x0000000000000000
2026/09/29 19:43:50.080, 1095, 1215, 51.58, 44, 0x0000000000000000
2026/09/29 19:43:50.330, 1095, 1215, 50.76, 44, 0x0000000000000000
2026/09/29 19:43:50.580, 1095, 1215, 50.38, 44, 0x0000000000000000
2026/09/29 19:43:50.830, 1095, 1215, 50.71, 44, 0x0000000000000000
2026/09/29 19:43:51.080, 1095, 1215, 50.71, 44, 0x0000000000000000
2026/09/29 19:43:51.330, 1095, 1215, 101.42, 44, 0x0000000000000000
2026/09/29 19:43:51.581, 1095, 1215, 122.28, 45, 0x0000000000000000
2026/09/29 19:43:51.831, 1410, 1215, 164.99, 47, 0x0000000000000000
2026/09/29 19:43:52.081, 1410, 1215, 163.79, 47, 0x0000000000000000
2026/09/29 19:43:52.331, 1410, 1215, 163.35, 47, 0x0000000000000000
2026/09/29 19:43:52.581, 1410, 1215, 166.13, 47, 0x0000000000000000
2026/09/29 19:43:52.831, 1410, 1215, 165.85, 48, 0x0000000000000000
2026/09/29 19:43:53.081, 1395, 1215, 398.69, 55, 0x0000000000000004
2026/09/29 19:43:53.332, 1395, 1215, 393.05, 57, 0x0000000000000004
2026/09/29 19:43:53.582, 1395, 1215, 394.64, 58, 0x0000000000000004
2026/09/29 19:43:53.832, 1395, 1215, 400.15, 59, 0x0000000000000004
2026/09/29 19:43:54.082, 1395, 1215, 397.29, 59, 0x0000000000000004
2026/09/29 19:43:54.332, 1395, 1215, 390.85, 60, 0x0000000000000004
2026/09/29 19:43:54.582, 1395, 1215, 400.15, 60, 0x0000000000000004
2026/09/29 19:43:54.832, 1395, 1215, 391.59, 61, 0x0000000000000004
2026/09/29 19:43:55.082, 1395, 1215, 400.15, 61, 0x0000000000000004
2026/09/29 19:43:55.333, 1395, 1215, 391.45, 61, 0x0000000000000004
2026/09/29 19:43:55.583, 1395, 1215, 392.04, 60, 0x0000000000000004
2026/09/29 19:43:55.833, 1380, 1215, 400.75, 61, 0x0000000000000004
2026/09/29 19:43:56.083, 1380, 1215, 402.21, 62, 0x0000000000000004
2026/09/29 19:43:56.333, 1380, 1215, 385.67, 62, 0x0000000000000004
2026/09/29 19:43:56.583, 1365, 1215, 383.34, 62, 0x0000000000000004
2026/09/29 19:43:56.834, 1380, 1215, 385.74, 62, 0x0000000000000004
2026/09/29 19:43:57.084, 1380, 1215, 401.02, 62, 0x0000000000000004
2026/09/29 19:43:57.334, 1380, 1215, 398.15, 62, 0x0000000000000004
2026/09/29 19:43:57.584, 1380, 1215, 405.67, 62, 0x0000000000000004
2026/09/29 19:43:57.834, 1380, 1215, 382.42, 62, 0x0000000000000004
2026/09/29 19:43:58.084, 1365, 1215, 395.83, 62, 0x0000000000000004
2026/09/29 19:43:58.334, 1380, 1215, 406.59, 62, 0x0000000000000004
2026/09/29 19:43:58.584, 1380, 1215, 411.94, 63, 0x0000000000000004
2026/09/29 19:43:58.835, 1365, 1215, 394.37, 63, 0x0000000000000004
2026/09/29 19:43:59.085, 1365, 1215, 400.48, 63, 0x0000000000000004
2026/09/29 19:43:59.335, 1365, 1215, 399.90, 63, 0x0000000000000004
2026/09/29 19:43:59.585, 1350, 1215, 407.07, 63, 0x0000000000000004
2026/09/29 19:43:59.835, 1365, 1215, 377.25, 63, 0x0000000000000004
2026/09/29 19:44:00.085, 1365, 1215, 390.96, 64, 0x0000000000000004
2026/09/29 19:44:00.335, 1365, 1215, 398.39, 63, 0x0000000000000004
2026/09/29 19:44:00.586, 1365, 1215, 403.52, 64, 0x0000000000000004
2026/09/29 19:44:00.836, 1365, 1215, 397.51, 63, 0x0000000000000004
2026/09/29 19:44:01.086, 1350, 1215, 392.16, 64, 0x0000000000000004
2026/09/29 19:44:01.336, 1365, 1215, 386.21, 64, 0x0000000000000004
2026/09/29 19:44:01.586, 1365, 1215, 327.52, 63, 0x0000000000000004
2026/09/29 19:44:01.837, 1365, 1215, 407.78, 64, 0x0000000000000004
2026/09/29 19:44:02.087, 1365, 1215, 408.28, 64, 0x0000000000000004
2026/09/29 19:44:02.337, 1365, 1215, 390.55, 64, 0x0000000000000004
2026/09/29 19:44:02.587, 1365, 1215, 394.28, 64, 0x0000000000000004
2026/09/29 19:44:02.837, 1365, 1215, 408.73, 64, 0x0000000000000004
2026/09/29 19:44:03.087, 1365, 1215, 396.47, 65, 0x0000000000000004
2026/09/29 19:44:03.338, 1380, 1215, 377.81, 65, 0x0000000000000004
2026/09/29 19:44:03.588, 1365, 1215, 395.01, 65, 0x0000000000000004
2026/09/29 19:44:03.838, 1365, 1215, 407.43, 65, 0x0000000000000004
2026/09/29 19:44:04.088, 1350, 1215, 397.61, 65, 0x0000000000000004
2026/09/29 19:44:04.338, 1365, 1215, 395.19, 65, 0x0000000000000004
2026/09/29 19:44:04.588, 1365, 1215, 391.39, 65, 0x0000000000000004
2026/09/29 19:44:04.838, 1350, 1215, 420.49, 65, 0x0000000000000004
2026/09/29 19:44:05.089, 1350, 1215, 380.61, 65, 0x0000000000000004
2026/09/29 19:44:05.339, 1350, 1215, 386.54, 65, 0x0000000000000004
2026/09/29 19:44:05.590, 1350, 1215, 376.23, 65, 0x0000000000000004
2026/09/29 19:44:05.840, 1350, 1215, 405.97, 66, 0x0000000000000004
2026/09/29 19:44:06.090, 1365, 1215, 414.42, 66, 0x0000000000000004
2026/09/29 19:44:06.341, 1365, 1215, 408.30, 65, 0x0000000000000004
2026/09/29 19:44:06.591, 1350, 1215, 374.01, 65, 0x0000000000000004
2026/09/29 19:44:06.841, 1365, 1215, 380.15, 66, 0x0000000000000004
2026/09/29 19:44:07.091, 1350, 1215, 410.30, 66, 0x0000000000000004
2026/09/29 19:44:07.341, 1335, 1215, 421.96, 66, 0x0000000000000004
2026/09/29 19:44:07.591, 1365, 1215, 369.62, 66, 0x0000000000000004
2026/09/29 19:44:07.842, 1365, 1215, 383.82, 66, 0x0000000000000004
2026/09/29 19:44:08.092, 1350, 1215, 429.54, 66, 0x0000000000000004
2026/09/29 19:44:08.342, 1350, 1215, 414.97, 66, 0x0000000000000004
2026/09/29 19:44:08.592, 1350, 1215, 379.15, 66, 0x0000000000000004
2026/09/29 19:44:08.842, 1335, 1215, 359.42, 66, 0x0000000000000004
2026/09/29 19:44:09.092, 1365, 1215, 411.77, 66, 0x0000000000000004
2026/09/29 19:44:09.342, 1350, 1215, 406.24, 66, 0x0000000000000004
2026/09/29 19:44:09.593, 1335, 1215, 373.14, 66, 0x0000000000000004
2026/09/29 19:44:09.843, 1350, 1215, 372.49, 66, 0x0000000000000004
2026/09/29 19:44:10.093, 1350, 1215, 417.02, 67, 0x0000000000000004
2026/09/29 19:44:10.343, 1365, 1215, 413.51, 67, 0x0000000000000004
2026/09/29 19:44:10.593, 1350, 1215, 377.42, 67, 0x0000000000000004
2026/09/29 19:44:10.843, 1335, 1215, 379.28, 66, 0x0000000000000004
2026/09/29 19:44:11.094, 1350, 1215, 402.00, 66, 0x0000000000000004
2026/09/29 19:44:11.344, 1350, 1215, 402.78, 67, 0x0000000000000004
2026/09/29 19:44:11.594, 1350, 1215, 407.97, 67, 0x0000000000000004
2026/09/29 19:44:11.844, 1380, 1215, 416.43, 67, 0x0000000000000004
2026/09/29 19:44:12.094, 1350, 1215, 377.15, 67, 0x0000000000000004
2026/09/29 19:44:12.345, 1350, 1215, 384.21, 67, 0x0000000000000004
2026/09/29 19:44:12.595, 1350, 1215, 421.96, 67, 0x0000000000000004
2026/09/29 19:44:12.845, 1350, 1215, 398.38, 67, 0x0000000000000004
2026/09/29 19:44:13.095, 1335, 1215, 348.63, 67, 0x0000000000000004
2026/09/29 19:44:13.346, 1350, 1215, 399.25, 67, 0x0000000000000004
2026/09/29 19:44:13.596, 1365, 1215, 406.84, 67, 0x0000000000000004
2026/09/29 19:44:13.846, 1350, 1215, 393.73, 67, 0x0000000000000004
2026/09/29 19:44:14.096, 1365, 1215, 381.21, 68, 0x0000000000000004
2026/09/29 19:44:14.346, 1350, 1215, 336.43, 67, 0x0000000000000004
2026/09/29 19:44:14.597, 1350, 1215, 387.88, 67, 0x0000000000000004
2026/09/29 19:44:14.847, 1350, 1215, 369.83, 67, 0x0000000000000004
2026/09/29 19:44:15.097, 1335, 1215, 376.62, 67, 0x0000000000000004
2026/09/29 19:44:15.347, 1350, 1215, 414.10, 68, 0x0000000000000004
2026/09/29 19:44:15.597, 1350, 1215, 399.25, 67, 0x0000000000000004
2026/09/29 19:44:15.847, 1335, 1215, 382.95, 68, 0x0000000000000004
2026/09/29 19:44:16.098, 1350, 1215, 395.19, 68, 0x0000000000000004
2026/09/29 19:44:16.348, 1335, 1215, 408.57, 68, 0x0000000000000004
2026/09/29 19:44:16.598, 1335, 1215, 393.46, 68, 0x0000000000000004
2026/09/29 19:44:16.848, 1395, 1215, 78.18, 60, 0x0000000000000004
2026/09/29 19:44:17.098, 1410, 1215, 75.32, 56, 0x0000000000000000
2026/09/29 19:44:17.348, 1410, 1215, 73.86, 55, 0x0000000000000000
2026/09/29 19:44:17.599, 1410, 1215, 72.99, 54, 0x0000000000000000
2026/09/29 19:44:17.849, 1410, 1215, 72.72, 53, 0x0000000000000000
2026/09/29 19:44:18.099, 1410, 1215, 72.44, 53, 0x0000000000000000
2026/09/29 19:44:18.349, 1410, 1215, 72.00, 52, 0x0000000000000000
2026/09/29 19:44:18.599, 1410, 1215, 72.07, 52, 0x0000000000000000
2026/09/29 19:44:18.849, 1095, 1215, 54.19, 51, 0x0000000000000000
2026/09/29 19:44:19.100, 1095, 1215, 53.92, 51, 0x0000000000000000
2026/09/29 19:44:19.350, 1095, 1215, 53.59, 51, 0x0000000000000000
2026/09/29 19:44:19.600, 1095, 1215, 53.64, 50, 0x0000000000000000
2026/09/29 19:44:19.850, 1095, 1215, 53.37, 50, 0x0000000000000000
2026/09/29 19:44:20.100, 1095, 1215, 53.43, 50, 0x0000000000000000
2026/09/29 19:44:20.350, 1095, 1215, 53.37, 50, 0x0000000000000000
2026/09/29 19:44:20.601, 1095, 1215, 53.37, 49, 0x0000000000000000
2026/09/29 19:44:20.851, 1095, 1215, 53.37, 49, 0x0000000000000000
2026/09/29 19:44:21.101, 1095, 1215, 52.99, 49, 0x0000000000000000
2026/09/29 19:44:21.351, 1095, 1215, 52.99, 49, 0x0000000000000000
2026/09/29 19:44:21.601, 1095, 1215, 52.94, 49, 0x0000000000000000
2026/09/29 19:44:21.851, 1095, 1215, 52.94, 49, 0x0000000000000000
2026/09/29 19:44:22.102, 1095, 1215, 52.72, 48, 0x0000000000000000
2026/09/29 19:44:22.352, 1095, 1215, 52.67, 48, 0x0000000000000000
2026/09/29 19:44:22.602, 1095, 1215, 52.67, 48, 0x0000000000000000
2026/09/29 19:44:22.852, 1095, 1215, 52.67, 48, 0x0000000000000000
2026/09/29 19:44:23.102, 1095, 1215, 52.61, 48, 0x0000000000000000
2026/09/29 19:44:23.352, 1095, 1215, 52.56, 48, 0x0000000000000000
2026/09/29 19:44:23.603, 1095, 1215, 52.56, 47, 0x0000000000000000
2026/09/29 19:44:23.853, 1095, 1215, 52.56, 47, 0x0000000000000000
2026/09/29 19:44:24.103, 1095, 1215, 52.56, 47, 0x0000000000000000
2026/09/29 19:44:24.353, 1095, 1215, 52.56, 47, 0x0000000000000000
2026/09/29 19:44:24.603, 1095, 1215, 52.56, 47, 0x0000000000000000
2026/09/29 19:44:24.853, 1095, 1215, 52.29, 47, 0x0000000000000000
2026/09/29 19:44:25.104, 1095, 1215, 52.29, 47, 0x0000000000000000
2026/09/29 19:44:25.354, 1095, 1215, 52.29, 47, 0x0000000000000000
2026/09/29 19:44:25.604, 1095, 1215, 52.29, 46, 0x0000000000000000
2026/09/29 19:44:25.854, 1095, 1215, 51.96, 46, 0x0000000000000000
2026/09/29 19:44:26.104, 1095, 1215, 51.96, 46, 0x0000000000000000
2026/09/29 19:44:26.354, 1095, 1215, 51.96, 46, 0x0000000000000000
2026/09/29 19:44:26.605, 1095, 1215, 51.90, 46, 0x0000000000000000
2026/09/29 19:44:26.855, 1095, 1215, 51.96, 46, 0x0000000000000000
2026/09/29 19:44:27.105, 1095, 1215, 51.96, 46, 0x0000000000000000
2026/09/29 19:44:27.355, 1095, 1215, 51.69, 46, 0x0000000000000000
2026/09/29 19:44:27.605, 1095, 1215, 51.69, 46, 0x0000000000000000
2026/09/29 19:44:27.855, 1095, 1215, 51.69, 45, 0x0000000000000000
2026/09/29 19:44:28.106, 1095, 1215, 51.69, 45, 0x0000000000000000
2026/09/29 19:44:28.356, 1095, 1215, 51.69, 45, 0x0000000000000000
2026/09/29 19:44:28.606, 1095, 1215, 51.69, 45, 0x0000000000000000
2026/09/29 19:44:28.856, 1095, 1215, 51.69, 45, 0x0000000000000000
2026/09/29 19:44:29.106, 1095, 1215, 51.42, 45, 0x0000000000000000
2026/09/29 19:44:29.356, 1095, 1215, 51.42, 45, 0x0000000000000000
2026/09/29 19:44:29.607, 1095, 1215, 51.42, 45, 0x0000000000000000
2026/09/29 19:44:29.857, 1095, 1215, 51.42, 45, 0x0000000000000000
2026/09/29 19:44:30.107, 1095, 1215, 51.42, 45, 0x0000000000000000
2026/09/29 19:44:30.357, 1095, 1215, 51.42, 44, 0x0000000000000000
2026/09/29 19:44:30.607, 1095, 1215, 51.42, 44, 0x0000000000000000
2026/09/29 19:44:30.857, 1095, 1215, 51.42, 44, 0x0000000000000000
2026/09/29 19:44:31.107, 1095, 1215, 51.42, 44, 0x0000000000000000
2026/09/29 19:44:31.358, 1095, 1215, 51.09, 44, 0x0000000000000000
2026/09/29 19:44:31.608, 1095, 1215, 51.09, 44, 0x0000000000000000
2026/09/29 19:44:31.858, 1095, 1215, 51.09, 44, 0x0000000000000000
2026/09/29 19:44:32.108, 1095, 1215, 51.09, 44, 0x0000000000000000
2026/09/29 19:44:32.358, 1095, 1215, 51.09, 44, 0x0000000000000000
2026/09/29 19:44:32.608, 1095, 1215, 51.09, 44, 0x0000000000000000
2026/09/29 19:44:32.859, 1095, 1215, 51.09, 44, 0x0000000000000000
2026/09/29 19:44:33.109, 1095, 1215, 51.09, 44, 0x0000000000000000
2026/09/29 19:44:33.359, 1095, 1215, 51.09, 43, 0x0000000000000000
2026/09/29 19:44:33.609, 1095, 1215, 50.81, 43, 0x0000000000000000
2026/09/29 19:44:33.859, 1095, 1215, 50.81, 43, 0x0000000000000000
2026/09/29 19:44:34.109, 1095, 1215, 50.81, 43, 0x0000000000000000
2026/09/29 19:44:34.360, 1095, 1215, 50.81, 43, 0x0000000000000000
2026/09/29 19:44:34.610, 1095, 1215, 50.81, 43, 0x0000000000000000
2026/09/29 19:44:34.860, 1095, 1215, 50.81, 43, 0x0000000000000000
2026/09/29 19:44:35.110, 1095, 1215, 50.81, 43, 0x0000000000000000
2026/09/29 19:44:35.360, 1095, 1215, 50.81, 43, 0x0000000000000000
2026/09/29 19:44:35.611, 1095, 1215, 50.49, 43, 0x0000000000000000
2026/09/29 19:44:35.861, 1095, 1215, 50.49, 43, 0x0000000000000000
2026/09/29 19:44:36.111, 1095, 1215, 50.49, 43, 0x0000000000000000
2026/09/29 19:44:36.361, 1095, 1215, 50.49, 42, 0x0000000000000000
2026/09/29 19:44:36.611, 1095, 1215, 50.49, 42, 0x0000000000000000
2026/09/29 19:44:36.862, 1095, 1215, 50.49, 42, 0x0000000000000000
2026/09/29 19:44:37.112, 1095, 1215, 50.49, 42, 0x0000000000000000
2026/09/29 19:44:37.362, 1095, 1215, 50.49, 42, 0x0000000000000000
2026/09/29 19:44:37.612, 1095, 1215, 50.49, 42, 0x0000000000000000
2026/09/29 19:44:37.862, 1095, 1215, 50.49, 42, 0x0000000000000000
2026/09/29 19:44:38.113, 1410, 1215, 53.15, 42, 0x0000000000000000
2026/09/29 19:44:38.363, 1410, 1215, 68.92, 42, 0x0000000000000000
2026/09/29 19:44:38.613, 1410, 1215, 68.92, 42, 0x0000000000000000
2026/09/29 19:44:38.863, 1410, 1215, 69.19, 43, 0x0000000000000000
2026/09/29 19:44:39.113, 1410, 1215, 156.09, 45, 0x0000000000000000
2026/09/29 19:44:39.363, 1410, 1215, 104.57, 45, 0x0000000000000000
2026/09/29 19:44:39.614, 1410, 1215, 88.80, 45, 0x0000000000000000
2026/09/29 19:44:39.864, 1410, 1215, 156.09, 46, 0x0000000000000000
2026/09/29 19:44:40.114, 1410, 1215, 155.71, 46, 0x0000000000000000
2026/09/29 19:44:40.364, 1410, 1215, 140.50, 46, 0x0000000000000000
2026/09/29 19:44:40.614, 1410, 1215, 129.55, 46, 0x0000000000000000
2026/09/29 19:44:40.864, 1410, 1215, 141.68, 46, 0x0000000000000000
2026/09/29 19:44:41.114, 1410, 1215, 134.68, 46, 0x0000000000000000
2026/09/29 19:44:41.365, 1410, 1215, 155.55, 46, 0x0000000000000000
2026/09/29 19:44:41.615, 1410, 1215, 156.09, 46, 0x0000000000000000
2026/09/29 19:44:41.865, 1410, 1215, 135.22, 46, 0x0000000000000000
2026/09/29 19:44:42.115, 1410, 1215, 142.09, 45, 0x0000000000000000
2026/09/29 19:44:42.365, 1410, 1215, 135.55, 46, 0x0000000000000000
2026/09/29 19:44:42.616, 1410, 1215, 113.20, 46, 0x0000000000000000
2026/09/29 19:44:42.866, 1410, 1215, 116.25, 46, 0x0000000000000000
2026/09/29 19:44:43.116, 1410, 1215, 142.23, 46, 0x0000000000000000
2026/09/29 19:44:43.366, 1410, 1215, 139.75, 46, 0x0000000000000000
2026/09/29 19:44:43.616, 1410, 1215, 86.74, 46, 0x0000000000000000
2026/09/29 19:44:43.866, 1410, 1215, 154.52, 46, 0x0000000000000000
2026/09/29 19:44:44.117, 1410, 1215, 148.82, 46, 0x0000000000000000
2026/09/29 19:44:44.367, 1410, 1215, 135.82, 46, 0x0000000000000000
2026/09/29 19:44:44.617, 1410, 1215, 155.71, 46, 0x0000000000000000
2026/09/29 19:44:44.867, 1410, 1215, 126.34, 45, 0x0000000000000000
2026/09/29 19:44:45.117, 1410, 1215, 130.01, 45, 0x0000000000000000
2026/09/29 19:44:45.367, 1410, 1215, 141.96, 46, 0x0000000000000000
2026/09/29 19:44:45.618, 1410, 1215, 127.21, 46, 0x0000000000000000
2026/09/29 19:44:45.868, 1410, 1215, 93.16, 46, 0x0000000000000000
2026/09/29 19:44:46.118, 1410, 1215, 66.31, 43, 0x0000000000000000
2026/09/29 19:44:46.368, 1410, 1215, 65.98, 43, 0x0000000000000000
2026/09/29 19:44:46.618, 1410, 1215, 65.98, 43, 0x0000000000000000
2026/09/29 19:44:46.868, 1410, 1215, 65.98, 42, 0x0000000000000000
2026/09/29 19:44:47.119, 1410, 1215, 65.98, 42, 0x0000000000000000
2026/09/29 19:44:47.369, 1410, 1215, 65.71, 42, 0x0000000000000000
2026/09/29 19:44:47.619, 1095, 1215, 61.63, 42, 0x0000000000000000
2026/09/29 19:44:47.869, 1095, 1215, 50.22, 42, 0x0000000000000000
2026/09/29 19:44:48.119, 1095, 1215, 50.22, 41, 0x0000000000000000
2026/09/29 19:44:48.369, 1095, 1215, 49.95, 41, 0x0000000000000000
2026/09/29 19:44:48.620, 1095, 1215, 49.95, 42, 0x0000000000000000
2026/09/29 19:44:48.870, 1410, 1215, 117.12, 43, 0x0000000000000000
2026/09/29 19:44:49.120, 1410, 1215, 146.63, 44, 0x0000000000000000
2026/09/29 19:44:49.370, 1410, 1215, 145.76, 44, 0x0000000000000000
2026/09/29 19:44:49.620, 1410, 1215, 146.21, 44, 0x0000000000000000
2026/09/29 19:44:49.871, 1410, 1215, 145.17, 44, 0x0000000000000000
2026/09/29 19:44:50.121, 1410, 1215, 146.90, 44, 0x0000000000000000
2026/09/29 19:44:50.371, 1410, 1215, 348.63, 48, 0x0000000000000000
2026/09/29 19:44:50.621, 1410, 1215, 394.14, 54, 0x0000000000000000
2026/09/29 19:44:50.871, 1410, 1215, 402.18, 55, 0x0000000000000000
2026/09/29 19:44:51.121, 1410, 1215, 404.78, 56, 0x0000000000000000
2026/09/29 19:44:51.372, 1410, 1215, 336.10, 56, 0x0000000000000000
2026/09/29 19:44:51.622, 1410, 1215, 350.09, 56, 0x0000000000000000
2026/09/29 19:44:51.872, 1395, 1215, 396.33, 57, 0x0000000000000004
2026/09/29 19:44:52.122, 1395, 1215, 403.74, 57, 0x0000000000000004
2026/09/29 19:44:52.372, 1395, 1215, 393.46, 57, 0x0000000000000000
2026/09/29 19:44:52.622, 1395, 1215, 374.88, 57, 0x0000000000000004
2026/09/29 19:44:52.872, 1395, 1215, 385.68, 58, 0x0000000000000004
2026/09/29 19:44:53.123, 1410, 1215, 341.96, 58, 0x0000000000000000
2026/09/29 19:44:53.373, 1410, 1215, 392.07, 58, 0x0000000000000000
2026/09/29 19:44:53.623, 1395, 1215, 417.62, 59, 0x0000000000000004
2026/09/29 19:44:53.873, 1395, 1215, 405.38, 59, 0x0000000000000004
2026/09/29 19:44:54.123, 1380, 1215, 401.58, 59, 0x0000000000000004
2026/09/29 19:44:54.373, 1380, 1215, 387.88, 59, 0x0000000000000004
2026/09/29 19:44:54.624, 1380, 1215, 397.20, 59, 0x0000000000000004
2026/09/29 19:44:54.874, 1380, 1215, 388.00, 59, 0x0000000000000004
2026/09/29 19:44:55.124, 1380, 1215, 408.84, 59, 0x0000000000000004
2026/09/29 19:44:55.374, 1380, 1215, 397.52, 60, 0x0000000000000004
2026/09/29 19:44:55.624, 1395, 1215, 398.53, 60, 0x0000000000000004
2026/09/29 19:44:55.874, 1380, 1215, 392.00, 60, 0x0000000000000004
2026/09/29 19:44:56.124, 1380, 1215, 387.33, 60, 0x0000000000000004
2026/09/29 19:44:56.375, 1395, 1215, 387.41, 60, 0x0000000000000004
2026/09/29 19:44:56.625, 1395, 1215, 372.76, 60, 0x0000000000000004
2026/09/29 19:44:56.875, 1365, 1215, 376.35, 61, 0x0000000000000004
2026/09/29 19:44:57.125, 1380, 1215, 390.53, 61, 0x0000000000000004
2026/09/29 19:44:57.375, 1380, 1215, 403.91, 61, 0x0000000000000004
2026/09/29 19:44:57.625, 1365, 1215, 401.13, 61, 0x0000000000000004
2026/09/29 19:44:57.876, 1365, 1215, 408.84, 61, 0x0000000000000004
2026/09/29 19:44:58.126, 1380, 1215, 378.88, 61, 0x0000000000000004
2026/09/29 19:44:58.376, 1365, 1215, 409.44, 61, 0x0000000000000004
2026/09/29 19:44:58.626, 1380, 1215, 371.89, 61, 0x0000000000000004
2026/09/29 19:44:58.876, 1380, 1215, 412.64, 62, 0x0000000000000004
2026/09/29 19:44:59.126, 1380, 1215, 389.07, 62, 0x0000000000000004
2026/09/29 19:44:59.376, 1365, 1215, 393.87, 62, 0x0000000000000004
2026/09/29 19:44:59.627, 1365, 1215, 388.47, 62, 0x0000000000000004
2026/09/29 19:44:59.877, 1380, 1215, 390.94, 62, 0x0000000000000004
2026/09/29 19:45:00.127, 1380, 1215, 386.74, 62, 0x0000000000000004
2026/09/29 19:45:00.377, 1380, 1215, 380.88, 62, 0x0000000000000004
2026/09/29 19:45:00.627, 1365, 1215, 402.78, 62, 0x0000000000000004
2026/09/29 19:45:00.877, 1365, 1215, 412.96, 62, 0x0000000000000004
2026/09/29 19:45:01.128, 1365, 1215, 373.14, 62, 0x0000000000000004
2026/09/29 19:45:01.378, 1380, 1215, 393.27, 63, 0x0000000000000004
2026/09/29 19:45:01.628, 1365, 1215, 398.66, 62, 0x0000000000000004
2026/09/29 19:45:01.878, 1365, 1215, 383.61, 63, 0x0000000000000004
2026/09/29 19:45:02.128, 1365, 1215, 395.87, 63, 0x0000000000000004
2026/09/29 19:45:02.378, 1365, 1215, 406.51, 63, 0x0000000000000004
2026/09/29 19:45:02.628, 1365, 1215, 396.74, 63, 0x0000000000000004
2026/09/29 19:45:02.879, 1365, 1215, 429.54, 63, 0x0000000000000004
2026/09/29 19:45:03.129, 1365, 1215, 396.33, 63, 0x0000000000000004
2026/09/29 19:45:03.379, 1365, 1215, 383.34, 64, 0x0000000000000004
2026/09/29 19:45:03.629, 1365, 1215, 361.11, 63, 0x0000000000000004
2026/09/29 19:45:03.879, 1380, 1215, 394.87, 63, 0x0000000000000004
2026/09/29 19:45:04.129, 1365, 1215, 410.90, 64, 0x0000000000000004
2026/09/29 19:45:04.379, 1365, 1215, 435.39, 64, 0x0000000000000004
2026/09/29 19:45:04.630, 1380, 1215, 378.08, 64, 0x0000000000000004
2026/09/29 19:45:04.880, 1380, 1215, 373.42, 64, 0x0000000000000004
2026/09/29 19:45:05.130, 1365, 1215, 405.65, 64, 0x0000000000000004
2026/09/29 19:45:05.380, 1365, 1215, 406.84, 64, 0x0000000000000004
2026/09/29 19:45:05.630, 1380, 1215, 419.36, 64, 0x0000000000000004
2026/09/29 19:45:05.881, 1365, 1215, 394.32, 64, 0x0000000000000004
2026/09/29 19:45:06.131, 1380, 1215, 375.75, 64, 0x0000000000000004
2026/09/29 19:45:06.381, 1365, 1215, 354.12, 65, 0x0000000000000004
2026/09/29 19:45:06.631, 1380, 1215, 403.64, 65, 0x0000000000000004
2026/09/29 19:45:06.881, 1380, 1215, 420.49, 64, 0x0000000000000004
2026/09/29 19:45:07.132, 1350, 1215, 416.16, 64, 0x0000000000000004
2026/09/29 19:45:07.382, 1365, 1215, 401.85, 65, 0x0000000000000004
2026/09/29 19:45:07.632, 1380, 1215, 370.16, 65, 0x0000000000000004
2026/09/29 19:45:07.882, 1365, 1215, 386.74, 65, 0x0000000000000004
2026/09/29 19:45:08.132, 1350, 1215, 395.60, 65, 0x0000000000000004
2026/09/29 19:45:08.382, 1365, 1215, 419.09, 65, 0x0000000000000004
2026/09/29 19:45:08.632, 1365, 1215, 397.93, 65, 0x0000000000000004
2026/09/29 19:45:08.883, 1365, 1215, 387.14, 65, 0x0000000000000004
2026/09/29 19:45:09.133, 1365, 1215, 367.51, 65, 0x0000000000000004
2026/09/29 19:45:09.383, 1365, 1215, 389.20, 65, 0x0000000000000004
2026/09/29 19:45:09.633, 1350, 1215, 385.87, 65, 0x0000000000000004
2026/09/29 19:45:09.883, 1365, 1215, 407.70, 65, 0x0000000000000004
2026/09/29 19:45:10.133, 1365, 1215, 405.20, 65, 0x0000000000000004
2026/09/29 19:45:10.383, 1365, 1215, 412.10, 66, 0x0000000000000004
2026/09/29 19:45:10.634, 1365, 1215, 381.88, 66, 0x0000000000000004
2026/09/29 19:45:10.884, 1350, 1215, 379.28, 65, 0x0000000000000004
2026/09/29 19:45:11.134, 1365, 1215, 361.11, 65, 0x0000000000000004
2026/09/29 19:45:11.384, 1365, 1215, 380.15, 65, 0x0000000000000004
2026/09/29 19:45:11.634, 1350, 1215, 426.07, 66, 0x0000000000000004
2026/09/29 19:45:11.884, 1365, 1215, 412.10, 66, 0x0000000000000004
2026/09/29 19:45:12.134, 1365, 1215, 405.20, 66, 0x0000000000000004
2026/09/29 19:45:12.384, 1365, 1215, 410.63, 66, 0x0000000000000004
2026/09/29 19:45:12.635, 1365, 1215, 375.75, 66, 0x0000000000000004
2026/09/29 19:45:12.885, 1365, 1215, 389.66, 67, 0x0000000000000004
2026/09/29 19:45:13.135, 1365, 1215, 391.13, 66, 0x0000000000000004
2026/09/29 19:45:13.385, 1365, 1215, 397.52, 66, 0x0000000000000004
2026/09/29 19:45:13.635, 1350, 1215, 402.18, 66, 0x0000000000000004
2026/09/29 19:45:13.885, 1365, 1215, 408.84, 66, 0x0000000000000004
2026/09/29 19:45:14.135, 1365, 1215, 407.70, 67, 0x0000000000000004
2026/09/29 19:45:14.386, 1350, 1215, 407.97, 67, 0x0000000000000004
2026/09/29 19:45:14.636, 1350, 1215, 384.14, 66, 0x0000000000000004
2026/09/29 19:45:14.886, 1365, 1215, 401.32, 67, 0x0000000000000004
2026/09/29 19:45:15.136, 1350, 1215, 382.75, 67, 0x0000000000000004
2026/09/29 19:45:15.386, 1350, 1215, 373.65, 67, 0x0000000000000004
2026/09/29 19:45:15.636, 1350, 1215, 389.68, 67, 0x0000000000000004
2026/09/29 19:45:15.886, 1350, 1215, 408.80, 67, 0x0000000000000004
2026/09/29 19:45:16.137, 1410, 1215, 369.90, 66, 0x0000000000000000
2026/09/29 19:45:16.387, 1410, 1215, 389.35, 66, 0x0000000000000000
2026/09/29 19:45:16.637, 1410, 1215, 396.92, 66, 0x0000000000000000
2026/09/29 19:45:16.887, 1410, 1215, 390.22, 66, 0x0000000000000000
2026/09/29 19:45:17.137, 1410, 1215, 352.24, 66, 0x0000000000000000
2026/09/29 19:45:17.387, 1410, 1215, 385.13, 66, 0x0000000000000000
2026/09/29 19:45:17.638, 1410, 1215, 392.43, 66, 0x0000000000000000
2026/09/29 19:45:17.888, 1410, 1215, 371.97, 66, 0x0000000000000000
2026/09/29 19:45:18.138, 1410, 1215, 399.03, 67, 0x0000000000000000
2026/09/29 19:45:18.388, 1395, 1215, 381.21, 67, 0x0000000000000004
2026/09/29 19:45:18.638, 1410, 1215, 389.01, 67, 0x0000000000000000
2026/09/29 19:45:18.888, 1410, 1215, 377.33, 67, 0x0000000000000000
2026/09/29 19:45:19.138, 1410, 1215, 394.36, 67, 0x0000000000000000
2026/09/29 19:45:19.389, 1410, 1215, 380.26, 67, 0x0000000000000000
2026/09/29 19:45:19.639, 1410, 1215, 357.19, 67, 0x0000000000000000
2026/09/29 19:45:19.889, 1395, 1215, 392.48, 67, 0x0000000000000004
2026/09/29 19:45:20.139, 1395, 1215, 399.25, 67, 0x0000000000000004
2026/09/29 19:45:20.389, 1395, 1215, 404.61, 67, 0x0000000000000004
2026/09/29 19:45:20.639, 1395, 1215, 398.80, 68, 0x0000000000000004
2026/09/29 19:45:20.890, 1395, 1215, 393.14, 67, 0x0000000000000004
2026/09/29 19:45:21.140, 1395, 1215, 393.14, 68, 0x0000000000000004
2026/09/29 19:45:21.390, 1395, 1215, 391.13, 68, 0x0000000000000004
2026/09/29 19:45:21.640, 1395, 1215, 405.97, 68, 0x0000000000000004
2026/09/29 19:45:21.890, 1395, 1215, 405.97, 68, 0x0000000000000004
2026/09/29 19:45:22.140, 1395, 1215, 392.53, 68, 0x0000000000000004
2026/09/29 19:45:22.390, 1395, 1215, 400.71, 68, 0x0000000000000004
2026/09/29 19:45:22.641, 1395, 1215, 392.40, 68, 0x0000000000000004
2026/09/29 19:45:22.891, 1395, 1215, 390.53, 68, 0x0000000000000004
2026/09/29 19:45:23.141, 1380, 1215, 390.20, 68, 0x0000000000000004
2026/09/29 19:45:23.391, 1365, 1215, 421.69, 68, 0x0000000000000004
2026/09/29 19:45:23.641, 1365, 1215, 388.20, 68, 0x0000000000000004
2026/09/29 19:45:23.891, 1365, 1215, 392.86, 69, 0x0000000000000004
2026/09/29 19:45:24.141, 1365, 1215, 381.48, 68, 0x0000000000000004
2026/09/29 19:45:24.392, 1365, 1215, 403.05, 69, 0x0000000000000004
2026/09/29 19:45:24.642, 1380, 1215, 417.29, 69, 0x0000000000000004
2026/09/29 19:45:24.892, 1365, 1215, 389.07, 69, 0x0000000000000004
2026/09/29 19:45:25.142, 1365, 1215, 408.57, 69, 0x0000000000000004
2026/09/29 19:45:25.392, 1380, 1215, 401.13, 69, 0x0000000000000004
2026/09/29 19:45:25.642, 1380, 1215, 395.19, 69, 0x0000000000000004
2026/09/29 19:45:25.893, 1365, 1215, 403.32, 68, 0x0000000000000004
2026/09/29 19:45:26.143, 1365, 1215, 388.79, 69, 0x0000000000000004
2026/09/29 19:45:26.393, 1365, 1215, 404.19, 69, 0x0000000000000004
2026/09/29 19:45:26.643, 1380, 1215, 414.97, 69, 0x0000000000000004
2026/09/29 19:45:26.893, 1365, 1215, 391.13, 69, 0x0000000000000004
2026/09/29 19:45:27.144, 1350, 1215, 401.32, 69, 0x0000000000000004
2026/09/29 19:45:27.394, 1365, 1215, 395.46, 69, 0x0000000000000004
2026/09/29 19:45:27.644, 1365, 1215, 401.32, 69, 0x0000000000000004
2026/09/29 19:45:27.894, 1365, 1215, 409.77, 69, 0x0000000000000004
2026/09/29 19:45:28.144, 1365, 1215, 379.87, 69, 0x0000000000000004
2026/09/29 19:45:28.394, 1365, 1215, 402.27, 69, 0x0000000000000004
2026/09/29 19:45:28.644, 1365, 1215, 403.05, 69, 0x0000000000000004
2026/09/29 19:45:28.895, 1365, 1215, 407.11, 69, 0x0000000000000004
2026/09/29 19:45:29.145, 1365, 1215, 399.67, 69, 0x0000000000000004
2026/09/29 19:45:29.395, 1365, 1215, 400.12, 69, 0x0000000000000004
2026/09/29 19:45:29.645, 1380, 1215, 404.78, 69, 0x0000000000000004
2026/09/29 19:45:29.895, 1365, 1215, 386.54, 69, 0x0000000000000004
2026/09/29 19:45:30.145, 1350, 1215, 387.60, 70, 0x0000000000000004
2026/09/29 19:45:30.395, 1350, 1215, 419.36, 70, 0x0000000000000004
2026/09/29 19:45:30.646, 1365, 1215, 388.47, 69, 0x0000000000000004
2026/09/29 19:45:30.896, 1350, 1215, 393.46, 70, 0x0000000000000004
2026/09/29 19:45:31.146, 1350, 1215, 385.08, 70, 0x0000000000000004
2026/09/29 19:45:31.396, 1350, 1215, 397.79, 70, 0x0000000000000004
2026/09/29 19:45:31.647, 1365, 1215, 393.87, 69, 0x0000000000000004
2026/09/29 19:45:31.897, 1350, 1215, 410.04, 70, 0x0000000000000004
2026/09/29 19:45:32.147, 1350, 1215, 398.98, 70, 0x0000000000000004
2026/09/29 19:45:32.397, 1350, 1215, 386.87, 70, 0x0000000000000004
2026/09/29 19:45:32.647, 1335, 1215, 362.36, 70, 0x0000000000000004
2026/09/29 19:45:32.897, 1350, 1215, 386.47, 70, 0x0000000000000004
2026/09/29 19:45:33.148, 1365, 1215, 411.17, 70, 0x0000000000000004
2026/09/29 19:45:33.398, 1350, 1215, 402.60, 70, 0x0000000000000004
2026/09/29 19:45:33.648, 1350, 1215, 415.56, 70, 0x0000000000000004
2026/09/29 19:45:33.898, 1350, 1215, 367.89, 70, 0x0000000000000004
2026/09/29 19:45:34.148, 1350, 1215, 384.21, 70, 0x0000000000000004
2026/09/29 19:45:34.399, 1365, 1215, 376.55, 70, 0x0000000000000004
2026/09/29 19:45:34.649, 1350, 1215, 408.84, 70, 0x0000000000000004
2026/09/29 19:45:34.899, 1350, 1215, 389.34, 70, 0x0000000000000004
2026/09/29 19:45:35.149, 1350, 1215, 411.77, 70, 0x0000000000000004
2026/09/29 19:45:35.399, 1350, 1215, 400.12, 70, 0x0000000000000004
2026/09/29 19:45:35.649, 1350, 1215, 384.14, 70, 0x0000000000000004
2026/09/29 19:45:35.899, 1350, 1215, 363.17, 70, 0x0000000000000004
2026/09/29 19:45:36.150, 1335, 1215, 403.91, 70, 0x0000000000000004
2026/09/29 19:45:36.400, 1335, 1215, 405.38, 70, 0x0000000000000004
2026/09/29 19:45:36.650, 1350, 1215, 400.98, 70, 0x0000000000000004
2026/09/29 19:45:36.900, 1365, 1215, 397.06, 70, 0x0000000000000004
2026/09/29 19:45:37.150, 1365, 1215, 408.57, 70, 0x0000000000000004
2026/09/29 19:45:37.400, 1350, 1215, 381.48, 70, 0x0000000000000004
2026/09/29 19:45:37.651, 1350, 1215, 380.42, 70, 0x0000000000000004
2026/09/29 19:45:37.901, 1350, 1215, 395.19, 70, 0x0000000000000004
2026/09/29 19:45:38.151, 1365, 1215, 384.54, 70, 0x0000000000000004
2026/09/29 19:45:38.401, 1365, 1215, 410.90, 70, 0x0000000000000004
2026/09/29 19:45:38.651, 1350, 1215, 399.85, 70, 0x0000000000000004
2026/09/29 19:45:38.902, 1350, 1215, 415.83, 70, 0x0000000000000004
2026/09/29 19:45:39.152, 1350, 1215, 440.05, 70, 0x0000000000000004
2026/09/29 19:45:39.402, 1335, 1215, 392.27, 71, 0x0000000000000004
2026/09/29 19:45:39.652, 1350, 1215, 385.68, 71, 0x0000000000000004
2026/09/29 19:45:39.902, 1350, 1215, 359.75, 71, 0x0000000000000004
2026/09/29 19:45:40.152, 1350, 1215, 420.82, 71, 0x0000000000000004
2026/09/29 19:45:40.402, 1365, 1215, 376.08, 71, 0x0000000000000004
2026/09/29 19:45:40.653, 1350, 1215, 410.04, 71, 0x0000000000000004
2026/09/29 19:45:40.903, 1350, 1215, 418.16, 71, 0x0000000000000004
2026/09/29 19:45:41.153, 1365, 1215, 381.88, 70, 0x0000000000000004
2026/09/29 19:45:41.403, 1350, 1215, 366.64, 70, 0x0000000000000004
2026/09/29 19:45:41.653, 1365, 1215, 387.41, 71, 0x0000000000000004
2026/09/29 19:45:41.903, 1350, 1215, 399.40, 71, 0x0000000000000004
2026/09/29 19:45:42.153, 1365, 1215, 399.52, 71, 0x0000000000000004
2026/09/29 19:45:42.404, 1350, 1215, 392.07, 70, 0x0000000000000004
2026/09/29 19:45:42.654, 1350, 1215, 392.00, 71, 0x0000000000000004
2026/09/29 19:45:42.904, 1350, 1215, 387.01, 71, 0x0000000000000004
2026/09/29 19:45:43.154, 1380, 1215, 386.87, 70, 0x0000000000000004
2026/09/29 19:45:43.404, 1380, 1215, 396.47, 70, 0x0000000000000004
2026/09/29 19:45:43.654, 1380, 1215, 402.18, 70, 0x0000000000000004
2026/09/29 19:45:43.904, 1410, 1215, 367.89, 70, 0x0000000000000000
2026/09/29 19:45:44.155, 1395, 1215, 407.11, 70, 0x0000000000000004
2026/09/29 19:45:44.405, 1395, 1215, 414.42, 70, 0x0000000000000004
2026/09/29 19:45:44.655, 1365, 1215, 405.10, 70, 0x0000000000000004
2026/09/29 19:45:44.905, 1365, 1215, 387.01, 70, 0x0000000000000004
2026/09/29 19:45:45.155, 1365, 1215, 393.14, 70, 0x0000000000000004
2026/09/29 19:45:45.405, 1365, 1215, 387.41, 70, 0x0000000000000004
2026/09/29 19:45:45.655, 1365, 1215, 399.03, 70, 0x0000000000000004
2026/09/29 19:45:45.906, 1380, 1215, 357.07, 70, 0x0000000000000004
2026/09/29 19:45:46.156, 1395, 1215, 408.20, 71, 0x0000000000000004
2026/09/29 19:45:46.406, 1380, 1215, 405.32, 71, 0x0000000000000004
2026/09/29 19:45:46.656, 1380, 1215, 395.18, 71, 0x0000000000000004
2026/09/29 19:45:46.906, 1380, 1215, 394.03, 71, 0x0000000000000004
2026/09/29 19:45:47.156, 1395, 1215, 396.18, 71, 0x0000000000000004
2026/09/29 19:45:47.406, 1365, 1215, 381.12, 70, 0x0000000000000004
2026/09/29 19:45:47.656, 1380, 1215, 414.78, 69, 0x0000000000000004
2026/09/29 19:45:47.907, 1410, 1215, 80.14, 64, 0x0000000000000000
2026/09/29 19:45:48.157, 1410, 1215, 77.44, 59, 0x0000000000000000
2026/09/29 19:45:48.407, 1410, 1215, 349.54, 63, 0x0000000000000000
2026/09/29 19:45:48.657, 1410, 1215, 372.36, 68, 0x0000000000000000
2026/09/29 19:45:48.907, 1410, 1215, 407.21, 69, 0x0000000000000000
2026/09/29 19:45:49.157, 1410, 1215, 77.99, 59, 0x0000000000000000
2026/09/29 19:45:49.408, 1365, 1215, 397.98, 66, 0x0000000000000004
2026/09/29 19:45:49.658, 1365, 1215, 389.49, 69, 0x0000000000000004
2026/09/29 19:45:49.908, 1365, 1215, 400.04, 69, 0x0000000000000004
2026/09/29 19:45:50.158, 1350, 1215, 378.99, 69, 0x0000000000000004
2026/09/29 19:45:50.408, 1410, 1215, 80.85, 60, 0x0000000000000000
2026/09/29 19:45:50.658, 1410, 1215, 77.36, 58, 0x0000000000000000
2026/09/29 19:45:50.908, 1410, 1215, 76.43, 61, 0x0000000000000000
2026/09/29 19:45:51.158, 1395, 1215, 391.83, 67, 0x0000000000000004
2026/09/29 19:45:51.409, 1395, 1215, 396.51, 69, 0x0000000000000004
2026/09/29 19:45:51.659, 1395, 1215, 404.30, 70, 0x0000000000000004
2026/09/29 19:45:51.909, 1395, 1215, 385.88, 70, 0x0000000000000004
2026/09/29 19:45:52.159, 1410, 1215, 78.43, 59, 0x0000000000000000
2026/09/29 19:45:52.409, 1410, 1215, 76.35, 58, 0x0000000000000000
2026/09/29 19:45:52.659, 1410, 1215, 76.35, 56, 0x0000000000000000
2026/09/29 19:45:52.909, 1410, 1215, 74.94, 56, 0x0000000000000000
2026/09/29 19:45:53.160, 1410, 1215, 74.27, 55, 0x0000000000000000
2026/09/29 19:45:53.410, 1410, 1215, 79.21, 55, 0x0000000000000000
2026/09/29 19:45:53.660, 1410, 1215, 76.88, 55, 0x0000000000000000
2026/09/29 19:45:53.911, 1410, 1215, 76.88, 54, 0x0000000000000000
2026/09/29 19:45:54.161, 1410, 1215, 73.39, 54, 0x0000000000000000
2026/09/29 19:45:54.411, 1410, 1215, 73.07, 54, 0x0000000000000001
2026/09/29 19:45:54.662, 1410, 1215, 73.07, 54, 0x0000000000000001
2026/09/29 19:45:54.912, 1410, 1215, 73.07, 53, 0x0000000000000001
2026/09/29 19:45:55.162, 1410, 1215, 72.80, 53, 0x0000000000000001
2026/09/29 19:45:55.412, 1410, 1215, 72.72, 53, 0x0000000000000001
2026/09/29 19:45:55.662, 1410, 1215, 72.52, 53, 0x0000000000000001
2026/09/29 19:45:55.913, 285, 1215, 57.56, 52, 0x0000000000000001
2026/09/29 19:45:56.163, 270, 1215, 48.80, 52, 0x0000000000000001
2026/09/29 19:45:56.413, 1095, 1215, 56.69, 52, 0x0000000000000000
2026/09/29 19:45:56.663, 1095, 1215, 54.08, 51, 0x0000000000000000
2026/09/29 19:45:56.913, 1095, 1215, 53.81, 51, 0x0000000000000000
2026/09/29 19:45:57.164, 1095, 1215, 53.81, 51, 0x0000000000000000
2026/09/29 19:45:57.414, 1095, 1215, 53.81, 51, 0x0000000000000000
2026/09/29 19:45:57.664, 1095, 1215, 53.81, 51, 0x0000000000000000
2026/09/29 19:45:57.914, 1095, 1215, 53.48, 50, 0x0000000000000000
2026/09/29 19:45:58.164, 1095, 1215, 53.81, 50, 0x0000000000000000
2026/09/29 19:45:58.415, 1095, 1215, 53.48, 50, 0x0000000000000000
2026/09/29 19:45:58.665, 1095, 1215, 53.48, 50, 0x0000000000000000
2026/09/29 19:45:58.915, 1095, 1215, 53.48, 50, 0x0000000000000000
2026/09/29 19:45:59.165, 1095, 1215, 53.21, 50, 0x0000000000000000
2026/09/29 19:45:59.415, 1095, 1215, 52.88, 50, 0x0000000000000000
2026/09/29 19:45:59.666, 1095, 1215, 53.21, 49, 0x0000000000000000
2026/09/29 19:45:59.916, 1095, 1215, 52.88, 49, 0x0000000000000000
2026/09/29 19:46:00.166, 1095, 1215, 53.21, 49, 0x0000000000000000
2026/09/29 19:46:00.416, 1095, 1215, 52.88, 49, 0x0000000000000000
2026/09/29 19:46:00.666, 1095, 1215, 53.21, 49, 0x0000000000000000
2026/09/29 19:46:00.916, 1095, 1215, 53.81, 49, 0x0000000000000000
2026/09/29 19:46:01.167, 1095, 1215, 53.21, 49, 0x0000000000000000
2026/09/29 19:46:01.417, 1095, 1215, 54.35, 49, 0x0000000000000000
2026/09/29 19:46:01.667, 1095, 1215, 54.68, 48, 0x0000000000000000
2026/09/29 19:46:01.917, 1095, 1215, 54.35, 48, 0x0000000000000000
2026/09/29 19:46:02.167, 1095, 1215, 52.61, 48, 0x0000000000000000
2026/09/29 19:46:02.417, 1095, 1215, 54.68, 48, 0x0000000000000000
2026/09/29 19:46:02.668, 1095, 1215, 53.81, 48, 0x0000000000000000
2026/09/29 19:46:02.918, 1095, 1215, 52.88, 48, 0x0000000000000000
2026/09/29 19:46:03.168, 1095, 1215, 55.22, 48, 0x0000000000000000
2026/09/29 19:46:03.418, 1095, 1215, 52.34, 48, 0x0000000000000000
2026/09/29 19:46:03.668, 1095, 1215, 52.34, 47, 0x0000000000000000
2026/09/29 19:46:03.918, 1095, 1215, 54.35, 47, 0x0000000000000000
2026/09/29 19:46:04.169, 1095, 1215, 52.61, 47, 0x0000000000000000
2026/09/29 19:46:04.419, 1095, 1215, 53.21, 47, 0x0000000000000000
2026/09/29 19:46:04.669, 1095, 1215, 52.88, 47, 0x0000000000000000
2026/09/29 19:46:04.919, 1095, 1215, 52.61, 47, 0x0000000000000000
2026/09/29 19:46:05.169, 1095, 1215, 52.88, 47, 0x0000000000000000
2026/09/29 19:46:05.419, 1095, 1215, 52.01, 47, 0x0000000000000000
2026/09/29 19:46:05.670, 1095, 1215, 51.96, 47, 0x0000000000000000
2026/09/29 19:46:05.920, 1095, 1215, 54.95, 47, 0x0000000000000000
2026/09/29 19:46:06.170, 1095, 1215, 51.74, 46, 0x0000000000000000
2026/09/29 19:46:06.420, 1095, 1215, 51.74, 46, 0x0000000000000000
2026/09/29 19:46:06.670, 1095, 1215, 51.74, 46, 0x0000000000000000
2026/09/29 19:46:06.920, 1095, 1215, 52.01, 46, 0x0000000000000000
2026/09/29 19:46:07.170, 1095, 1215, 52.34, 46, 0x0000000000000000
2026/09/29 19:46:07.421, 1095, 1215, 51.74, 46, 0x0000000000000000
2026/09/29 19:46:07.671, 1095, 1215, 52.01, 46, 0x0000000000000000
2026/09/29 19:46:07.921, 1095, 1215, 51.74, 46, 0x0000000000000000
2026/09/29 19:46:08.171, 1095, 1215, 51.74, 46, 0x0000000000000000
2026/09/29 19:46:08.421, 1095, 1215, 52.34, 45, 0x0000000000000000
2026/09/29 19:46:08.672, 1095, 1215, 51.74, 46, 0x0000000000000000
2026/09/29 19:46:08.922, 1410, 1215, 89.44, 46, 0x0000000000000000
2026/09/29 19:46:09.172, 1410, 1215, 67.52, 46, 0x0000000000000000
2026/09/29 19:46:09.422, 1410, 1215, 68.11, 46, 0x0000000000000000
2026/09/29 19:46:09.672, 1410, 1215, 68.11, 46, 0x0000000000000000
2026/09/29 19:46:09.922, 1410, 1215, 67.52, 46, 0x0000000000000000
2026/09/29 19:46:10.173, 1410, 1215, 67.24, 46, 0x0000000000000000
2026/09/29 19:46:10.423, 1410, 1215, 67.77, 46, 0x0000000000000000
2026/09/29 19:46:10.673, 1410, 1215, 70.46, 46, 0x0000000000000000
2026/09/29 19:46:10.923, 1095, 1215, 62.57, 45, 0x0000000000000000
2026/09/29 19:46:11.173, 1095, 1215, 51.47, 45, 0x0000000000000000
2026/09/29 19:46:11.423, 1095, 1215, 61.97, 45, 0x0000000000000000
2026/09/29 19:46:11.673, 1125, 1215, 71.60, 45, 0x0000000000000000
2026/09/29 19:46:11.924, 1125, 1215, 52.01, 45, 0x0000000000000000
2026/09/29 19:46:12.174, 1125, 1215, 52.34, 44, 0x0000000000000000
2026/09/29 19:46:12.424, 1125, 1215, 52.34, 44, 0x0000000000000000
2026/09/29 19:46:12.674, 1125, 1215, 59.36, 44, 0x0000000000000000
2026/09/29 19:46:12.924, 1125, 1215, 59.90, 44, 0x0000000000000000
2026/09/29 19:46:13.174, 1125, 1215, 52.34, 44, 0x0000000000000000
2026/09/29 19:46:13.424, 1095, 1215, 62.57, 44, 0x0000000000000000
2026/09/29 19:46:13.675, 1110, 1215, 52.34, 44, 0x0000000000000000
2026/09/29 19:46:13.925, 1110, 1215, 51.47, 44, 0x0000000000000000
2026/09/29 19:46:14.175, 1110, 1215, 53.21, 44, 0x0000000000000000
2026/09/29 19:46:14.425, 1140, 1215, 52.88, 44, 0x0000000000000000
2026/09/29 19:46:14.675, 1140, 1215, 53.48, 44, 0x0000000000000000
2026/09/29 19:46:14.925, 1140, 1215, 52.34, 44, 0x0000000000000000
2026/09/29 19:46:15.176, 1140, 1215, 54.35, 44, 0x0000000000000000
2026/09/29 19:46:15.426, 1140, 1215, 54.68, 43, 0x0000000000000000
2026/09/29 19:46:15.676, 1140, 1215, 54.08, 43, 0x0000000000000000
2026/09/29 19:46:15.926, 1140, 1215, 53.81, 43, 0x0000000000000000
2026/09/29 19:46:16.176, 1095, 1215, 51.74, 43, 0x0000000000000000
2026/09/29 19:46:16.426, 1095, 1215, 51.47, 43, 0x0000000000000000
2026/09/29 19:46:16.676, 1095, 1215, 52.61, 43, 0x0000000000000000
2026/09/29 19:46:16.927, 1095, 1215, 50.87, 43, 0x0000000000000000
2026/09/29 19:46:17.177, 1095, 1215, 52.01, 43, 0x0000000000000000
2026/09/29 19:46:17.427, 1095, 1215, 50.54, 43, 0x0000000000000000
2026/09/29 19:46:17.677, 1095, 1215, 50.54, 43, 0x0000000000000000
2026/09/29 19:46:17.927, 1095, 1215, 50.87, 43, 0x0000000000000000
2026/09/29 19:46:18.177, 1095, 1215, 123.00, 43, 0x0000000000000000
2026/09/29 19:46:18.428, 1095, 1215, 50.54, 43, 0x0000000000000000
2026/09/29 19:46:18.678, 1095, 1215, 50.27, 42, 0x0000000000000000
2026/09/29 19:46:18.928, 1095, 1215, 50.27, 42, 0x0000000000000000
2026/09/29 19:46:19.178, 1095, 1215, 50.54, 42, 0x0000000000000000
2026/09/29 19:46:19.428, 1410, 1215, 113.16, 44, 0x0000000000000000
2026/09/29 19:46:19.678, 1410, 1215, 66.38, 43, 0x0000000000000000
2026/09/29 19:46:19.929, 1410, 1215, 65.77, 43, 0x0000000000000000
2026/09/29 19:46:20.179, 1410, 1215, 65.77, 43, 0x0000000000000000
2026/09/29 19:46:20.429, 1410, 1215, 65.77, 43, 0x0000000000000000
2026/09/29 19:46:20.679, 1410, 1215, 66.65, 43, 0x0000000000000000
2026/09/29 19:46:20.929, 1410, 1215, 66.92, 43, 0x0000000000000000
2026/09/29 19:46:21.180, 1410, 1215, 66.38, 43, 0x0000000000000000
2026/09/29 19:46:21.430, 1410, 1215, 66.05, 43, 0x0000000000000000
2026/09/29 19:46:21.680, 1410, 1215, 66.05, 43, 0x0000000000000000
2026/09/29 19:46:21.930, 1410, 1215, 68.72, 43, 0x0000000000000000
2026/09/29 19:46:22.180, 1410, 1215, 68.99, 43, 0x0000000000000000
2026/09/29 19:46:22.430, 1410, 1215, 65.77, 42, 0x0000000000000000
2026/09/29 19:46:22.681, 1410, 1215, 66.05, 42, 0x0000000000000000
2026/09/29 19:46:22.931, 1410, 1215, 66.05, 42, 0x0000000000000000
2026/09/29 19:46:23.181, 1095, 1215, 55.22, 42, 0x0000000000000000
2026/09/29 19:46:23.431, 1095, 1215, 51.74, 42, 0x0000000000000000
2026/09/29 19:46:23.681, 1095, 1215, 52.61, 42, 0x0000000000000000
2026/09/29 19:46:23.931, 1095, 1215, 50.00, 41, 0x0000000000000000
2026/09/29 19:46:24.182, 1095, 1215, 51.47, 41, 0x0000000000000000
2026/09/29 19:46:24.432, 1095, 1215, 52.01, 41, 0x0000000000000000
2026/09/29 19:46:24.682, 1095, 1215, 50.00, 41, 0x0000000000000000
2026/09/29 19:46:24.932, 1095, 1215, 52.01, 41, 0x0000000000000000
2026/09/29 19:46:25.182, 1095, 1215, 52.34, 41, 0x0000000000000000
2026/09/29 19:46:25.432, 1095, 1215, 50.27, 41, 0x0000000000000000
2026/09/29 19:46:25.683, 1095, 1215, 52.34, 41, 0x0000000000000000
2026/09/29 19:46:25.933, 1095, 1215, 50.27, 41, 0x0000000000000000
2026/09/29 19:46:26.183, 1095, 1215, 51.74, 41, 0x0000000000000000
2026/09/29 19:46:26.433, 1095, 1215, 50.27, 41, 0x0000000000000000
2026/09/29 19:46:26.683, 1095, 1215, 50.00, 41, 0x0000000000000000
2026/09/29 19:46:26.933, 1095, 1215, 52.88, 41, 0x0000000000000000
2026/09/29 19:46:27.184, 1095, 1215, 50.54, 41, 0x0000000000000000
2026/09/29 19:46:27.434, 1095, 1215, 51.47, 41, 0x0000000000000000
2026/09/29 19:46:27.684, 1095, 1215, 50.27, 41, 0x0000000000000000
2026/09/29 19:46:27.934, 1095, 1215, 51.47, 40, 0x0000000000000000
2026/09/29 19:46:28.184, 1095, 1215, 53.21, 40, 0x0000000000000000
2026/09/29 19:46:28.434, 1095, 1215, 50.27, 40, 0x0000000000000000
2026/09/29 19:46:28.684, 1095, 1215, 50.27, 40, 0x0000000000000000
2026/09/29 19:46:28.935, 1095, 1215, 52.34, 40, 0x0000000000000000
2026/09/29 19:46:29.185, 1095, 1215, 52.01, 40, 0x0000000000000000
2026/09/29 19:46:29.435, 1095, 1215, 51.47, 40, 0x0000000000000000
2026/09/29 19:46:29.685, 1095, 1215, 50.27, 40, 0x0000000000000000
2026/09/29 19:46:29.935, 1095, 1215, 52.61, 40, 0x0000000000000000
2026/09/29 19:46:30.188, 1095, 1215, 51.74, 40, 0x0000000000000000
2026/09/29 19:46:30.438, 1095, 1215, 50.00, 40, 0x0000000000000000
2026/09/29 19:46:30.688, 1095, 1215, 51.74, 40, 0x0000000000000000
2026/09/29 19:46:30.939, 1095, 1215, 50.87, 40, 0x0000000000000000
2026/09/29 19:46:31.189, 1095, 1215, 49.68, 40, 0x0000000000000000
2026/09/29 19:46:31.439, 1095, 1215, 57.02, 40, 0x0000000000000000
2026/09/29 19:46:31.689, 1095, 1215, 51.14, 40, 0x0000000000000000
2026/09/29 19:46:31.939, 1095, 1215, 49.68, 40, 0x0000000000000000
2026/09/29 19:46:32.189, 1095, 1215, 51.14, 40, 0x0000000000000000
2026/09/29 19:46:32.439, 1095, 1215, 50.00, 40, 0x0000000000000000
2026/09/29 19:46:32.689, 1095, 1215, 53.21, 40, 0x0000000000000000
2026/09/29 19:46:32.940, 1095, 1215, 50.00, 39, 0x0000000000000000
2026/09/29 19:46:33.190, 1095, 1215, 50.00, 39, 0x0000000000000000
2026/09/29 19:46:33.440, 1095, 1215, 50.87, 39, 0x0000000000000000
2026/09/29 19:46:33.690, 1095, 1215, 52.01, 39, 0x0000000000000000
2026/09/29 19:46:33.940, 1095, 1215, 50.00, 39, 0x0000000000000000
2026/09/29 19:46:34.190, 1095, 1215, 49.68, 39, 0x0000000000000000
2026/09/29 19:46:34.441, 1095, 1215, 50.87, 39, 0x0000000000000000
2026/09/29 19:46:34.691, 1095, 1215, 51.14, 39, 0x0000000000000000
2026/09/29 19:46:34.941, 1095, 1215, 52.01, 39, 0x0000000000000000
2026/09/29 19:46:35.191, 1095, 1215, 49.68, 39, 0x0000000000000000
2026/09/29 19:46:35.441, 1095, 1215, 50.54, 39, 0x0000000000000000
2026/09/29 19:46:35.691, 1095, 1215, 50.00, 39, 0x0000000000000000
2026/09/29 19:46:35.941, 1095, 1215, 49.40, 39, 0x0000000000000000
2026/09/29 19:46:36.191, 1095, 1215, 49.68, 39, 0x0000000000000000
2026/09/29 19:46:36.442, 1095, 1215, 49.68, 39, 0x0000000000000000
2026/09/29 19:46:36.692, 1095, 1215, 49.68, 39, 0x0000000000000000
2026/09/29 19:46:36.942, 1095, 1215, 50.27, 39, 0x0000000000000000
2026/09/29 19:46:37.192, 1095, 1215, 49.68, 39, 0x0000000000000000
2026/09/29 19:46:37.442, 1095, 1215, 49.40, 39, 0x0000000000000000
2026/09/29 19:46:37.692, 1095, 1215, 50.87, 39, 0x0000000000000000
2026/09/29 19:46:37.943, 1095, 1215, 49.68, 39, 0x0000000000000000
2026/09/29 19:46:38.193, 1095, 1215, 52.61, 39, 0x0000000000000000
2026/09/29 19:46:38.443, 1095, 1215, 126.00, 40, 0x0000000000000000
2026/09/29 19:46:38.693, 1155, 1215, 54.35, 39, 0x0000000000000000
2026/09/29 19:46:38.943, 1410, 1215, 67.52, 39, 0x0000000000000000
2026/09/29 19:46:39.193, 1410, 1215, 67.24, 40, 0x0000000000000000
2026/09/29 19:46:39.444, 1410, 1215, 66.92, 40, 0x0000000000000000
2026/09/29 19:46:39.694, 1410, 1215, 66.92, 40, 0x0000000000000000
2026/09/29 19:46:39.944, 1410, 1215, 214.68, 42, 0x0000000000000000
2026/09/29 19:46:40.194, 1410, 1215, 64.91, 40, 0x0000000000000000
2026/09/29 19:46:40.444, 1410, 1215, 68.11, 40, 0x0000000000000000
2026/09/29 19:46:40.694, 1410, 1215, 66.65, 39, 0x0000000000000000
2026/09/29 19:46:40.944, 1410, 1215, 64.31, 39, 0x0000000000000000
2026/09/29 19:46:41.195, 1410, 1215, 64.31, 39, 0x0000000000000000
2026/09/29 19:46:41.445, 1410, 1215, 66.05, 39, 0x0000000000000000
2026/09/29 19:46:41.695, 1410, 1215, 64.58, 39, 0x0000000000000000
2026/09/29 19:46:41.945, 1095, 1215, 49.68, 39, 0x0000000000000000
2026/09/29 19:46:42.195, 1095, 1215, 49.13, 39, 0x0000000000000000
2026/09/29 19:46:42.446, 1095, 1215, 51.47, 38, 0x0000000000000000
2026/09/29 19:46:42.696, 1095, 1215, 49.13, 38, 0x0000000000000000
2026/09/29 19:46:42.946, 1095, 1215, 49.13, 38, 0x0000000000000000
2026/09/29 19:46:43.196, 1095, 1215, 49.68, 38, 0x0000000000000000
2026/09/29 19:46:43.446, 1095, 1215, 49.13, 38, 0x0000000000000000
2026/09/29 19:46:43.697, 1095, 1215, 50.54, 38, 0x0000000000000000
2026/09/29 19:46:43.947, 1095, 1215, 49.40, 38, 0x0000000000000000
2026/09/29 19:46:44.197, 1095, 1215, 51.74, 38, 0x0000000000000000
2026/09/29 19:46:44.447, 1095, 1215, 49.40, 38, 0x0000000000000000
2026/09/29 19:46:44.697, 1095, 1215, 51.14, 38, 0x0000000000000000
2026/09/29 19:46:44.947, 1095, 1215, 50.54, 38, 0x0000000000000000
2026/09/29 19:46:45.198, 1095, 1215, 49.40, 38, 0x0000000000000000
2026/09/29 19:46:45.448, 1095, 1215, 50.87, 38, 0x0000000000000000
2026/09/29 19:46:45.698, 1095, 1215, 50.00, 38, 0x0000000000000000
2026/09/29 19:46:45.948, 1095, 1215, 51.14, 38, 0x0000000000000000
2026/09/29 19:46:46.200, 1095, 1215, 49.13, 38, 0x0000000000000000
2026/09/29 19:46:46.450, 1095, 1215, 49.40, 38, 0x0000000000000000
2026/09/29 19:46:46.700, 1095, 1215, 49.13, 38, 0x0000000000000000
2026/09/29 19:46:46.951, 1095, 1215, 49.40, 38, 0x0000000000000000
2026/09/29 19:46:47.201, 1095, 1215, 49.13, 38, 0x0000000000000000
2026/09/29 19:46:47.451, 1095, 1215, 50.00, 38, 0x0000000000000000
2026/09/29 19:46:47.701, 1095, 1215, 50.27, 38, 0x0000000000000000
2026/09/29 19:46:47.951, 1095, 1215, 48.80, 38, 0x0000000000000000
2026/09/29 19:46:48.201, 1095, 1215, 48.80, 37, 0x0000000000000000
2026/09/29 19:46:48.451, 1095, 1215, 51.74, 37, 0x0000000000000000
2026/09/29 19:46:48.702, 1095, 1215, 49.13, 37, 0x0000000000000000
2026/09/29 19:46:48.952, 1095, 1215, 49.13, 37, 0x0000000000000000
2026/09/29 19:46:49.202, 1095, 1215, 50.27, 37, 0x0000000000000000
2026/09/29 19:46:49.452, 1095, 1215, 49.40, 37, 0x0000000000000000
2026/09/29 19:46:49.702, 1095, 1215, 49.13, 37, 0x0000000000000000
2026/09/29 19:46:49.952, 1095, 1215, 49.13, 37, 0x0000000000000000
2026/09/29 19:46:50.202, 1095, 1215, 51.74, 37, 0x0000000000000000
2026/09/29 19:46:50.453, 1095, 1215, 49.40, 37, 0x0000000000000000
2026/09/29 19:46:50.703, 1095, 1215, 48.80, 37, 0x0000000000000000
2026/09/29 19:46:50.953, 1095, 1215, 48.85, 37, 0x0000000000000000
2026/09/29 19:46:51.203, 1095, 1215, 49.13, 37, 0x0000000000000000
2026/09/29 19:46:51.453, 1095, 1215, 49.13, 37, 0x0000000000000000
2026/09/29 19:46:51.704, 1095, 1215, 50.87, 37, 0x0000000000000000
2026/09/29 19:46:51.954, 1095, 1215, 50.27, 37, 0x0000000000000000
2026/09/29 19:46:52.204, 1095, 1215, 48.80, 37, 0x0000000000000000
2026/09/29 19:46:52.454, 1095, 1215, 48.53, 37, 0x0000000000000000
2026/09/29 19:46:52.704, 1095, 1215, 51.14, 37, 0x0000000000000000
2026/09/29 19:46:52.954, 1095, 1215, 48.80, 37, 0x0000000000000000
2026/09/29 19:46:53.204, 1095, 1215, 48.80, 37, 0x0000000000000000
2026/09/29 19:46:53.455, 1095, 1215, 49.68, 37, 0x0000000000000000
2026/09/29 19:46:53.705, 1095, 1215, 48.80, 37, 0x0000000000000000
2026/09/29 19:46:53.955, 1095, 1215, 50.54, 37, 0x0000000000000000
2026/09/29 19:46:54.205, 1095, 1215, 48.53, 37, 0x0000000000000000
2026/09/29 19:46:54.455, 1095, 1215, 48.53, 37, 0x0000000000000000
2026/09/29 19:46:54.705, 1095, 1215, 50.00, 37, 0x0000000000000000
2026/09/29 19:46:54.955, 1095, 1215, 48.80, 37, 0x0000000000000000
2026/09/29 19:46:55.206, 1095, 1215, 51.47, 37, 0x0000000000000000
2026/09/29 19:46:55.456, 1095, 1215, 49.13, 37, 0x0000000000000000
2026/09/29 19:46:55.706, 1095, 1215, 48.53, 37, 0x0000000000000000
2026/09/29 19:46:55.956, 1095, 1215, 48.80, 37, 0x0000000000000000
2026/09/29 19:46:56.206, 1095, 1215, 49.13, 37, 0x0000000000000000
2026/09/29 19:46:56.456, 1095, 1215, 49.68, 37, 0x0000000000000000
2026/09/29 19:46:56.707, 1095, 1215, 49.40, 37, 0x0000000000000000
2026/09/29 19:46:56.957, 1095, 1215, 48.80, 37, 0x0000000000000000
2026/09/29 19:46:57.207, 1095, 1215, 50.00, 37, 0x0000000000000000
2026/09/29 19:46:57.457, 1095, 1215, 48.80, 37, 0x0000000000000000
2026/09/29 19:46:57.707, 1095, 1215, 49.40, 37, 0x0000000000000000
2026/09/29 19:46:57.957, 1095, 1215, 48.80, 37, 0x0000000000000000
2026/09/29 19:46:58.207, 1095, 1215, 50.00, 37, 0x0000000000000000
2026/09/29 19:46:58.457, 1095, 1215, 48.80, 36, 0x0000000000000000
2026/09/29 19:46:58.708, 1095, 1215, 48.80, 36, 0x0000000000000000
2026/09/29 19:46:58.958, 1095, 1215, 48.80, 36, 0x0000000000000000
2026/09/29 19:46:59.208, 1095, 1215, 48.53, 36, 0x0000000000000000
2026/09/29 19:46:59.458, 1095, 1215, 51.14, 36, 0x0000000000000000
2026/09/29 19:46:59.708, 1095, 1215, 48.53, 36, 0x0000000000000000
2026/09/29 19:46:59.958, 1095, 1215, 51.14, 36, 0x0000000000000000
2026/09/29 19:47:00.208, 1095, 1215, 50.27, 36, 0x0000000000000000
2026/09/29 19:47:00.458, 1095, 1215, 48.53, 36, 0x0000000000000000
2026/09/29 19:47:00.709, 1095, 1215, 48.53, 36, 0x0000000000000000
2026/09/29 19:47:00.959, 1095, 1215, 48.53, 36, 0x0000000000000000
2026/09/29 19:47:01.209, 1095, 1215, 50.27, 36, 0x0000000000000000
2026/09/29 19:47:01.459, 1095, 1215, 48.53, 36, 0x0000000000000000
2026/09/29 19:47:01.709, 1095, 1215, 50.27, 36, 0x0000000000000000
2026/09/29 19:47:01.959, 1095, 1215, 49.68, 36, 0x0000000000000000
2026/09/29 19:47:02.209, 1095, 1215, 48.53, 36, 0x0000000000000000
2026/09/29 19:47:02.459, 1095, 1215, 48.53, 36, 0x0000000000000000
2026/09/29 19:47:02.710, 1095, 1215, 48.53, 36, 0x0000000000000000
2026/09/29 19:47:02.960, 1095, 1215, 48.53, 36, 0x0000000000000000
2026/09/29 19:47:03.210, 1095, 1215, 48.53, 36, 0x0000000000000000
2026/09/29 19:47:03.460, 1095, 1215, 48.53, 36, 0x0000000000000000
2026/09/29 19:47:03.710, 1095, 1215, 48.53, 36, 0x0000000000000000
2026/09/29 19:47:03.960, 1095, 1215, 48.53, 36, 0x0000000000000000
2026/09/29 19:47:04.210, 1095, 1215, 48.53, 36, 0x0000000000000000
2026/09/29 19:47:04.461, 1095, 1215, 48.53, 36, 0x0000000000000000
2026/09/29 19:47:04.711, 1095, 1215, 48.53, 36, 0x0000000000000000
2026/09/29 19:47:04.961, 1095, 1215, 48.53, 36, 0x0000000000000000
2026/09/29 19:47:05.211, 1095, 1215, 48.53, 36, 0x0000000000000000
2026/09/29 19:47:05.461, 1095, 1215, 48.53, 36, 0x0000000000000000
2026/09/29 19:47:05.711, 1095, 1215, 48.20, 36, 0x0000000000000000
2026/09/29 19:47:05.961, 1095, 1215, 48.20, 36, 0x0000000000000000
2026/09/29 19:47:06.214, 1095, 1215, 48.53, 36, 0x0000000000000000
2026/09/29 19:47:06.464, 1095, 1215, 48.20, 36, 0x0000000000000000
2026/09/29 19:47:06.714, 1095, 1215, 48.20, 36, 0x0000000000000000
2026/09/29 19:47:06.964, 1095, 1215, 48.20, 36, 0x0000000000000000
2026/09/29 19:47:07.214, 1095, 1215, 48.20, 36, 0x0000000000000000
2026/09/29 19:47:07.465, 1095, 1215, 48.20, 36, 0x0000000000000000
2026/09/29 19:47:07.715, 1095, 1215, 48.20, 36, 0x0000000000000000
2026/09/29 19:47:07.965, 1095, 1215, 48.20, 36, 0x0000000000000000
2026/09/29 19:47:08.215, 1095, 1215, 48.20, 36, 0x0000000000000000
2026/09/29 19:47:08.465, 1095, 1215, 47.93, 36, 0x0000000000000000
2026/09/29 19:47:08.715, 1095, 1215, 48.20, 36, 0x0000000000000000
2026/09/29 19:47:08.965, 1095, 1215, 47.93, 36, 0x0000000000000000
2026/09/29 19:47:09.215, 1095, 1215, 48.20, 36, 0x0000000000000000
2026/09/29 19:47:09.466, 1095, 1215, 47.93, 36, 0x0000000000000000
2026/09/29 19:47:09.716, 1095, 1215, 47.93, 36, 0x0000000000000000
2026/09/29 19:47:09.966, 1095, 1215, 48.20, 36, 0x0000000000000000
2026/09/29 19:47:10.216, 1095, 1215, 48.20, 36, 0x0000000000000000
2026/09/29 19:47:10.466, 1095, 1215, 47.93, 36, 0x0000000000000000
2026/09/29 19:47:10.716, 1095, 1215, 47.93, 36, 0x0000000000000000
2026/09/29 19:47:10.966, 1095, 1215, 47.93, 35, 0x0000000000000000
2026/09/29 19:47:11.217, 1095, 1215, 69.58, 36, 0x0000000000000000
2026/09/29 19:47:11.467, 1095, 1215, 47.93, 35, 0x0000000000000000
2026/09/29 19:47:11.717, 1095, 1215, 49.13, 36, 0x0000000000000000
2026/09/29 19:47:11.967, 1095, 1215, 47.93, 35, 0x0000000000000000
2026/09/29 19:47:12.217, 1095, 1215, 47.93, 35, 0x0000000000000000
2026/09/29 19:47:12.468, 1095, 1215, 47.93, 35, 0x0000000000000000
2026/09/29 19:47:12.718, 1095, 1215, 47.93, 35, 0x0000000000000000
2026/09/29 19:47:12.968, 1095, 1215, 47.93, 35, 0x0000000000000000
2026/09/29 19:47:13.218, 1095, 1215, 47.93, 35, 0x0000000000000000
2026/09/29 19:47:13.468, 1095, 1215, 47.93, 35, 0x0000000000000000
2026/09/29 19:47:13.718, 1095, 1215, 47.93, 35, 0x0000000000000000
2026/09/29 19:47:13.968, 1095, 1215, 47.93, 35, 0x0000000000000000
2026/09/29 19:47:14.219, 1095, 1215, 47.93, 35, 0x0000000000000000
2026/09/29 19:47:14.469, 1095, 1215, 47.93, 35, 0x0000000000000000
2026/09/29 19:47:14.719, 1095, 1215, 47.93, 35, 0x0000000000000000
2026/09/29 19:47:14.969, 1095, 1215, 47.93, 35, 0x0000000000000000
2026/09/29 19:47:15.219, 1095, 1215, 47.93, 35, 0x0000000000000000
2026/09/29 19:47:15.469, 1095, 1215, 49.40, 35, 0x0000000000000000
2026/09/29 19:47:15.719, 1095, 1215, 59.63, 36, 0x0000000000000000
2026/09/29 19:47:15.970, 1095, 1215, 47.93, 35, 0x0000000000000000
2026/09/29 19:47:16.221, 1095, 1215, 47.93, 35, 0x0000000000000000
2026/09/29 19:47:16.471, 1095, 1215, 48.03, 35, 0x0000000000000000
2026/09/29 19:47:16.721, 1095, 1215, 48.08, 35, 0x0000000000000000
2026/09/29 19:47:16.972, 1095, 1215, 48.03, 35, 0x0000000000000000
2026/09/29 19:47:17.222, 1095, 1215, 47.81, 35, 0x0000000000000000
2026/09/29 19:47:17.472, 1095, 1215, 47.86, 35, 0x0000000000000000
2026/09/29 19:47:17.722, 1095, 1215, 47.86, 35, 0x0000000000000000
2026/09/29 19:47:17.972, 1095, 1215, 47.86, 35, 0x0000000000000000
2026/09/29 19:47:18.222, 1095, 1215, 48.13, 35, 0x0000000000000000
2026/09/29 19:47:18.472, 1095, 1215, 48.08, 35, 0x0000000000000000
2026/09/29 19:47:18.723, 1095, 1215, 47.76, 35, 0x0000000000000000
2026/09/29 19:47:18.973, 1095, 1215, 48.03, 35, 0x0000000000000000
2026/09/29 19:47:19.223, 1095, 1215, 47.76, 35, 0x0000000000000000
2026/09/29 19:47:19.473, 1095, 1215, 47.81, 35, 0x0000000000000000
2026/09/29 19:47:19.723, 1095, 1215, 47.98, 35, 0x0000000000000000
2026/09/29 19:47:19.973, 1095, 1215, 48.03, 35, 0x0000000000000000
2026/09/29 19:47:20.223, 1095, 1215, 47.71, 35, 0x0000000000000000
2026/09/29 19:47:20.474, 1095, 1215, 50.92, 35, 0x0000000000000000
2026/09/29 19:47:20.724, 1095, 1215, 47.98, 35, 0x0000000000000000
2026/09/29 19:47:20.974, 1095, 1215, 50.05, 35, 0x0000000000000000
2026/09/29 19:47:21.224, 1095, 1215, 47.93, 35, 0x0000000000000000
2026/09/29 19:47:21.474, 1095, 1215, 48.20, 35, 0x0000000000000000
2026/09/29 19:47:21.724, 1095, 1215, 48.15, 35, 0x0000000000000000
2026/09/29 19:47:21.974, 1095, 1215, 49.08, 35, 0x0000000000000000
2026/09/29 19:47:22.224, 1095, 1215, 48.48, 35, 0x0000000000000000
2026/09/29 19:47:22.475, 1095, 1215, 47.88, 35, 0x0000000000000000
2026/09/29 19:47:22.725, 1095, 1215, 47.88, 35, 0x0000000000000000
2026/09/29 19:47:22.975, 1095, 1215, 47.88, 35, 0x0000000000000000
2026/09/29 19:47:23.225, 1095, 1215, 49.03, 35, 0x0000000000000000
2026/09/29 19:47:23.475, 1095, 1215, 49.08, 35, 0x0000000000000000
2026/09/29 19:47:23.725, 1095, 1215, 50.22, 35, 0x0000000000000000
2026/09/29 19:47:23.976, 1095, 1215, 48.10, 35, 0x0000000000000000
2026/09/29 19:47:24.226, 1095, 1215, 47.88, 35, 0x0000000000000000
2026/09/29 19:47:24.476, 1095, 1215, 47.88, 35, 0x0000000000000000
2026/09/29 19:47:24.726, 1095, 1215, 51.04, 35, 0x0000000000000000
2026/09/29 19:47:24.976, 1095, 1215, 47.88, 35, 0x0000000000000000
2026/09/29 19:47:25.226, 1095, 1215, 47.88, 35, 0x0000000000000000
2026/09/29 19:47:25.476, 1095, 1215, 47.83, 35, 0x0000000000000000
2026/09/29 19:47:25.727, 1095, 1215, 47.88, 35, 0x0000000000000000
2026/09/29 19:47:25.977, 1095, 1215, 47.88, 35, 0x0000000000000000
2026/09/29 19:47:26.227, 1095, 1215, 48.30, 35, 0x0000000000000000
2026/09/29 19:47:26.477, 1095, 1215, 47.76, 35, 0x0000000000000000
2026/09/29 19:47:26.727, 1095, 1215, 47.76, 35, 0x0000000000000000
2026/09/29 19:47:26.978, 1095, 1215, 47.81, 35, 0x0000000000000000
2026/09/29 19:47:27.228, 1095, 1215, 47.81, 35, 0x0000000000000000
2026/09/29 19:47:27.478, 1095, 1215, 47.86, 35, 0x0000000000000000
2026/09/29 19:47:27.728, 1095, 1215, 47.86, 35, 0x0000000000000000
2026/09/29 19:47:27.978, 1095, 1215, 47.86, 35, 0x0000000000000000
2026/09/29 19:47:28.228, 1095, 1215, 47.76, 35, 0x0000000000000000
2026/09/29 19:47:28.478, 1095, 1215, 47.76, 35, 0x0000000000000000
2026/09/29 19:47:28.730, 1095, 1215, 47.71, 35, 0x0000000000000000
2026/09/29 19:47:28.980, 1095, 1215, 47.71, 35, 0x0000000000000000
2026/09/29 19:47:29.230, 1095, 1215, 47.71, 35, 0x0000000000000000
2026/09/29 19:47:29.480, 1095, 1215, 47.71, 35, 0x0000000000000000
2026/09/29 19:47:29.731, 1095, 1215, 47.71, 35, 0x0000000000000000
2026/09/29 19:47:29.981, 1095, 1215, 47.66, 35, 0x0000000000000000
2026/09/29 19:47:30.231, 1095, 1215, 47.61, 34, 0x0000000000000000
2026/09/29 19:47:30.481, 1095, 1215, 47.66, 34, 0x0000000000000000
2026/09/29 19:47:30.731, 1095, 1215, 47.66, 34, 0x0000000000000000
2026/09/29 19:47:30.981, 1095, 1215, 47.61, 34, 0x0000000000000000
2026/09/29 19:47:31.231, 1095, 1215, 47.61, 34, 0x0000000000000000
2026/09/29 19:47:31.481, 1095, 1215, 47.61, 34, 0x0000000000000000
2026/09/29 19:47:31.731, 1095, 1215, 47.61, 34, 0x0000000000000000
2026/09/29 19:47:31.982, 1095, 1215, 47.61, 34, 0x0000000000000000
2026/09/29 19:47:32.232, 1095, 1215, 47.61, 34, 0x0000000000000000
2026/09/29 19:47:32.482, 1095, 1215, 47.66, 34, 0x0000000000000000
2026/09/29 19:47:32.732, 1095, 1215, 47.61, 34, 0x0000000000000000
2026/09/29 19:47:32.982, 1095, 1215, 47.88, 34, 0x0000000000000000
2026/09/29 19:47:33.232, 1095, 1215, 47.93, 34, 0x0000000000000000
2026/09/29 19:47:33.482, 1095, 1215, 47.66, 34, 0x0000000000000000
2026/09/29 19:47:33.732, 1095, 1215, 47.61, 34, 0x0000000000000000
2026/09/29 19:47:33.982, 1095, 1215, 47.61, 34, 0x0000000000000000
2026/09/29 19:47:34.233, 1095, 1215, 47.61, 34, 0x0000000000000000
2026/09/29 19:47:34.483, 1095, 1215, 47.61, 34, 0x0000000000000000
2026/09/29 19:47:34.733, 1095, 1215, 47.61, 34, 0x0000000000000000
2026/09/29 19:47:34.983, 1095, 1215, 47.61, 34, 0x0000000000000000
2026/09/29 19:47:35.233, 1095, 1215, 47.66, 34, 0x0000000000000000
2026/09/29 19:47:35.483, 1095, 1215, 47.61, 34, 0x0000000000000000
2026/09/29 19:47:35.733, 1095, 1215, 47.61, 34, 0x0000000000000000
2026/09/29 19:47:35.983, 1095, 1215, 47.61, 34, 0x0000000000000000
2026/09/29 19:47:36.234, 1095, 1215, 47.61, 34, 0x0000000000000000
2026/09/29 19:47:36.484, 1095, 1215, 47.61, 34, 0x0000000000000000
2026/09/29 19:47:36.734, 1095, 1215, 47.61, 34, 0x0000000000000000
2026/09/29 19:47:36.984, 1095, 1215, 47.66, 34, 0x0000000000000000
2026/09/29 19:47:37.234, 1095, 1215, 47.61, 34, 0x0000000000000000
2026/09/29 19:47:37.484, 1095, 1215, 47.66, 34, 0x0000000000000000
2026/09/29 19:47:37.734, 1095, 1215, 47.61, 34, 0x0000000000000000
2026/09/29 19:47:37.984, 1095, 1215, 47.61, 34, 0x0000000000000000
2026/09/29 19:47:38.234, 1095, 1215, 47.61, 34, 0x0000000000000000
2026/09/29 19:47:38.484, 1095, 1215, 47.61, 34, 0x0000000000000000
2026/09/29 19:47:38.735, 1095, 1215, 48.48, 34, 0x0000000000000000
2026/09/29 19:47:38.985, 1095, 1215, 49.08, 34, 0x0000000000000000
2026/09/29 19:47:39.235, 1095, 1215, 47.88, 34, 0x0000000000000000
2026/09/29 19:47:39.485, 1095, 1215, 47.61, 34, 0x0000000000000000
2026/09/29 19:47:39.735, 1095, 1215, 47.61, 34, 0x0000000000000000
2026/09/29 19:47:39.985, 1095, 1215, 47.88, 34, 0x0000000000000000
2026/09/29 19:47:40.236, 1095, 1215, 47.61, 34, 0x0000000000000000
2026/09/29 19:47:40.486, 1095, 1215, 47.61, 34, 0x0000000000000000
2026/09/29 19:47:40.736, 1095, 1215, 47.61, 34, 0x0000000000000000
2026/09/29 19:47:40.986, 1095, 1215, 47.66, 34, 0x0000000000000000
2026/09/29 19:47:41.236, 1095, 1215, 47.61, 34, 0x0000000000000000
2026/09/29 19:47:41.486, 1095, 1215, 47.61, 34, 0x0000000000000000
2026/09/29 19:47:41.736, 1095, 1215, 47.66, 34, 0x0000000000000000
2026/09/29 19:47:41.986, 1095, 1215, 47.61, 34, 0x0000000000000000
2026/09/29 19:47:42.237, 1095, 1215, 47.61, 34, 0x0000000000000000
2026/09/29 19:47:42.487, 1095, 1215, 47.61, 34, 0x0000000000000000
2026/09/29 19:47:42.737, 1095, 1215, 47.61, 34, 0x0000000000000000
2026/09/29 19:47:42.987, 1095, 1215, 47.61, 34, 0x0000000000000000
2026/09/29 19:47:43.237, 1095, 1215, 47.61, 34, 0x0000000000000000
2026/09/29 19:47:43.487, 1095, 1215, 47.61, 34, 0x0000000000000000
2026/09/29 19:47:43.737, 1095, 1215, 47.66, 34, 0x0000000000000000
2026/09/29 19:47:43.988, 1095, 1215, 47.61, 34, 0x0000000000000000
2026/09/29 19:47:44.238, 1095, 1215, 47.61, 34, 0x0000000000000000
2026/09/29 19:47:44.488, 1095, 1215, 47.66, 34, 0x0000000000000000
2026/09/29 19:47:44.738, 1095, 1215, 47.66, 34, 0x0000000000000000
2026/09/29 19:47:44.988, 1095, 1215, 47.61, 34, 0x0000000000000000
2026/09/29 19:47:45.238, 1095, 1215, 47.93, 34, 0x0000000000000000
2026/09/29 19:47:45.488, 1095, 1215, 47.88, 34, 0x0000000000000000
2026/09/29 19:47:45.738, 1095, 1215, 47.61, 34, 0x0000000000000000
2026/09/29 19:47:45.989, 1095, 1215, 47.66, 34, 0x0000000000000000
2026/09/29 19:47:46.239, 1095, 1215, 47.88, 34, 0x0000000000000000
2026/09/29 19:47:46.489, 1095, 1215, 47.61, 34, 0x0000000000000000
2026/09/29 19:47:46.739, 1095, 1215, 47.61, 34, 0x0000000000000000
2026/09/29 19:47:46.989, 1095, 1215, 47.61, 34, 0x0000000000000000
2026/09/29 19:47:47.239, 1095, 1215, 47.61, 34, 0x0000000000000000
2026/09/29 19:47:47.489, 1095, 1215, 47.61, 34, 0x0000000000000000
2026/09/29 19:47:47.740, 1095, 1215, 47.61, 34, 0x0000000000000000
2026/09/29 19:47:47.990, 1095, 1215, 47.66, 34, 0x0000000000000000
2026/09/29 19:47:48.240, 1095, 1215, 47.66, 34, 0x0000000000000000
2026/09/29 19:47:48.490, 1095, 1215, 47.61, 34, 0x0000000000000000
2026/09/29 19:47:48.740, 1095, 1215, 47.61, 34, 0x0000000000000000
2026/09/29 19:47:48.990, 1095, 1215, 47.61, 34, 0x0000000000000000
2026/09/29 19:47:49.240, 1095, 1215, 47.61, 34, 0x0000000000000000
2026/09/29 19:47:49.491, 1095, 1215, 47.61, 34, 0x0000000000000000
2026/09/29 19:47:49.741, 1095, 1215, 47.61, 34, 0x0000000000000000
2026/09/29 19:47:49.991, 1095, 1215, 47.61, 34, 0x0000000000000000
2026/09/29 19:47:50.241, 1095, 1215, 50.49, 34, 0x0000000000000000
2026/09/29 19:47:50.491, 1095, 1215, 47.61, 34, 0x0000000000000000
2026/09/29 19:47:50.741, 1095, 1215, 47.61, 34, 0x0000000000000000
2026/09/29 19:47:50.991, 1095, 1215, 47.61, 34, 0x0000000000000000
2026/09/29 19:47:51.242, 1095, 1215, 49.62, 34, 0x0000000000000000
2026/09/29 19:47:51.492, 1095, 1215, 47.61, 34, 0x0000000000000000
2026/09/29 19:47:51.742, 1095, 1215, 47.61, 34, 0x0000000000000000
2026/09/29 19:47:51.992, 1095, 1215, 47.61, 34, 0x0000000000000000
2026/09/29 19:47:52.242, 1095, 1215, 47.61, 34, 0x0000000000000000
2026/09/29 19:47:52.492, 1095, 1215, 47.66, 34, 0x0000000000000000
2026/09/29 19:47:52.742, 1095, 1215, 47.61, 34, 0x0000000000000000
2026/09/29 19:47:52.993, 1095, 1215, 47.33, 34, 0x0000000000000000
2026/09/29 19:47:53.243, 1095, 1215, 47.61, 34, 0x0000000000000000
2026/09/29 19:47:53.493, 1095, 1215, 47.61, 34, 0x0000000000000000
2026/09/29 19:47:53.743, 1095, 1215, 47.33, 34, 0x0000000000000000
2026/09/29 19:47:53.993, 1095, 1215, 47.61, 34, 0x0000000000000000
2026/09/29 19:47:54.243, 1095, 1215, 47.66, 34, 0x0000000000000000
2026/09/29 19:47:54.493, 1095, 1215, 47.66, 34, 0x0000000000000000
2026/09/29 19:47:54.744, 1095, 1215, 47.61, 34, 0x0000000000000000
2026/09/29 19:47:54.994, 1095, 1215, 47.61, 34, 0x0000000000000000
2026/09/29 19:47:55.244, 1095, 1215, 47.33, 34, 0x0000000000000000
2026/09/29 19:47:55.494, 1095, 1215, 47.28, 34, 0x0000000000000000
2026/09/29 19:47:55.744, 1095, 1215, 47.33, 34, 0x0000000000000000
2026/09/29 19:47:55.994, 1095, 1215, 48.48, 34, 0x0000000000000000
2026/09/29 19:47:56.245, 1095, 1215, 47.61, 34, 0x0000000000000000
2026/09/29 19:47:56.495, 1095, 1215, 47.88, 34, 0x0000000000000000
2026/09/29 19:47:56.745, 1095, 1215, 47.61, 34, 0x0000000000000000
2026/09/29 19:47:56.995, 1095, 1215, 47.61, 34, 0x0000000000000000
2026/09/29 19:47:57.246, 1095, 1215, 50.49, 34, 0x0000000000000000
2026/09/29 19:47:57.496, 1095, 1215, 47.61, 34, 0x0000000000000000
2026/09/29 19:47:57.746, 1095, 1215, 47.61, 34, 0x0000000000000000
2026/09/29 19:47:57.997, 1095, 1215, 47.28, 34, 0x0000000000000000
2026/09/29 19:47:58.247, 1095, 1215, 47.61, 34, 0x0000000000000000
2026/09/29 19:47:58.497, 1095, 1215, 47.61, 34, 0x0000000000000000
2026/09/29 19:47:58.747, 1095, 1215, 47.28, 34, 0x0000000000000000
2026/09/29 19:47:58.997, 1095, 1215, 47.61, 34, 0x0000000000000000
2026/09/29 19:47:59.247, 1095, 1215, 47.28, 34, 0x0000000000000000
2026/09/29 19:47:59.497, 1095, 1215, 47.28, 34, 0x0000000000000000
2026/09/29 19:47:59.748, 1095, 1215, 47.61, 34, 0x0000000000000000
2026/09/29 19:47:59.998, 1095, 1215, 47.28, 34, 0x0000000000000000
2026/09/29 19:48:00.248, 1095, 1215, 47.28, 34, 0x0000000000000000
2026/09/29 19:48:00.498, 1095, 1215, 47.61, 34, 0x0000000000000000
2026/09/29 19:48:00.748, 1095, 1215, 47.28, 34, 0x0000000000000000
2026/09/29 19:48:00.998, 1095, 1215, 47.28, 34, 0x0000000000000000
2026/09/29 19:48:01.248, 1095, 1215, 47.61, 34, 0x0000000000000000
2026/09/29 19:48:01.499, 1095, 1215, 47.61, 34, 0x0000000000000000
2026/09/29 19:48:01.749, 1095, 1215, 47.43, 34, 0x0000000000000000
2026/09/29 19:48:01.999, 1095, 1215, 47.43, 34, 0x0000000000000000
2026/09/29 19:48:02.249, 1095, 1215, 47.76, 34, 0x0000000000000000
2026/09/29 19:48:02.499, 1095, 1215, 47.48, 33, 0x0000000000000000
2026/09/29 19:48:02.749, 1095, 1215, 47.53, 34, 0x0000000000000000
2026/09/29 19:48:02.999, 1095, 1215, 47.53, 33, 0x0000000000000000
2026/09/29 19:48:03.250, 1095, 1215, 47.86, 34, 0x0000000000000000
2026/09/29 19:48:03.500, 1095, 1215, 47.53, 34, 0x0000000000000000
2026/09/29 19:48:03.750, 1095, 1215, 47.48, 33, 0x0000000000000000
2026/09/29 19:48:04.000, 1095, 1215, 47.48, 33, 0x0000000000000000
2026/09/29 19:48:04.250, 1095, 1215, 47.48, 33, 0x0000000000000000
2026/09/29 19:48:04.500, 1095, 1215, 47.43, 33, 0x0000000000000000
2026/09/29 19:48:04.751, 1095, 1215, 47.43, 33, 0x0000000000000000
2026/09/29 19:48:05.001, 1095, 1215, 47.43, 33, 0x0000000000000000
2026/09/29 19:48:05.251, 1095, 1215, 47.38, 33, 0x0000000000000000
2026/09/29 19:48:05.501, 1095, 1215, 47.38, 33, 0x0000000000000000
2026/09/29 19:48:05.751, 1095, 1215, 47.38, 33, 0x0000000000000000
2026/09/29 19:48:06.001, 1095, 1215, 47.33, 33, 0x0000000000000000
2026/09/29 19:48:06.251, 1095, 1215, 47.71, 33, 0x0000000000000000
2026/09/29 19:48:06.501, 1095, 1215, 47.66, 33, 0x0000000000000000
2026/09/29 19:48:06.752, 1095, 1215, 47.71, 33, 0x0000000000000000
2026/09/29 19:48:07.002, 1095, 1215, 47.71, 33, 0x0000000000000000
2026/09/29 19:48:07.252, 1095, 1215, 47.66, 33, 0x0000000000000000
2026/09/29 19:48:07.502, 1095, 1215, 47.66, 33, 0x0000000000000000
2026/09/29 19:48:07.752, 1095, 1215, 47.66, 33, 0x0000000000000000
2026/09/29 19:48:08.002, 1095, 1215, 47.61, 33, 0x0000000000000000
2026/09/29 19:48:08.252, 1095, 1215, 47.61, 33, 0x0000000000000000
2026/09/29 19:48:08.503, 1095, 1215, 47.61, 33, 0x0000000000000000
2026/09/29 19:48:08.753, 1095, 1215, 47.61, 33, 0x0000000000000000
2026/09/29 19:48:09.003, 1095, 1215, 47.61, 33, 0x0000000000000000
2026/09/29 19:48:09.253, 1095, 1215, 47.61, 33, 0x0000000000000000
2026/09/29 19:48:09.503, 1095, 1215, 47.61, 33, 0x0000000000000000
2026/09/29 19:48:09.753, 1095, 1215, 47.61, 33, 0x0000000000000000
2026/09/29 19:48:10.003, 1095, 1215, 47.61, 33, 0x0000000000000000
2026/09/29 19:48:10.254, 1095, 1215, 47.61, 33, 0x0000000000000000
2026/09/29 19:48:10.504, 1095, 1215, 47.61, 33, 0x0000000000000000
2026/09/29 19:48:10.754, 1095, 1215, 47.56, 33, 0x0000000000000000
2026/09/29 19:48:11.004, 1095, 1215, 47.28, 33, 0x0000000000000000
2026/09/29 19:48:11.254, 1095, 1215, 47.61, 33, 0x0000000000000000
2026/09/29 19:48:11.505, 1095, 1215, 47.28, 33, 0x0000000000000000
2026/09/29 19:48:11.755, 1095, 1215, 47.61, 33, 0x0000000000000000
2026/09/29 19:48:12.005, 1095, 1215, 47.56, 33, 0x0000000000000000
2026/09/29 19:48:12.255, 1095, 1215, 47.28, 33, 0x0000000000000000
2026/09/29 19:48:12.505, 1095, 1215, 47.28, 33, 0x0000000000000000
2026/09/29 19:48:12.755, 1095, 1215, 47.28, 33, 0x0000000000000000
2026/09/29 19:48:13.005, 1095, 1215, 47.28, 33, 0x0000000000000000
2026/09/29 19:48:13.256, 1095, 1215, 47.28, 33, 0x0000000000000000
2026/09/29 19:48:13.506, 1095, 1215, 47.28, 33, 0x0000000000000000
2026/09/29 19:48:13.756, 1095, 1215, 47.28, 33, 0x0000000000000000
2026/09/29 19:48:14.006, 1095, 1215, 47.28, 33, 0x0000000000000000
2026/09/29 19:48:14.256, 1095, 1215, 47.28, 33, 0x0000000000000000
2026/09/29 19:48:14.506, 1095, 1215, 47.28, 33, 0x0000000000000000
2026/09/29 19:48:14.757, 1095, 1215, 47.28, 33, 0x0000000000000000
2026/09/29 19:48:15.007, 1095, 1215, 47.28, 33, 0x0000000000000000
2026/09/29 19:48:15.257, 1095, 1215, 47.28, 33, 0x0000000000000000
2026/09/29 19:48:15.507, 1095, 1215, 47.28, 33, 0x0000000000000000
2026/09/29 19:48:15.757, 1095, 1215, 47.28, 33, 0x0000000000000000
2026/09/29 19:48:16.007, 1095, 1215, 47.28, 33, 0x0000000000000000
2026/09/29 19:48:16.257, 1095, 1215, 47.28, 33, 0x0000000000000000
2026/09/29 19:48:16.507, 1095, 1215, 47.01, 33, 0x0000000000000000
2026/09/29 19:48:16.758, 1095, 1215, 47.28, 33, 0x0000000000000000
2026/09/29 19:48:17.008, 1095, 1215, 47.28, 33, 0x0000000000000000
2026/09/29 19:48:17.258, 1095, 1215, 47.01, 33, 0x0000000000000000
2026/09/29 19:48:17.508, 1095, 1215, 47.28, 33, 0x0000000000000000
2026/09/29 19:48:17.758, 1095, 1215, 47.28, 33, 0x0000000000000000
2026/09/29 19:48:18.008, 1095, 1215, 47.28, 33, 0x0000000000000000
2026/09/29 19:48:18.259, 1095, 1215, 47.28, 33, 0x0000000000000000
2026/09/29 19:48:18.509, 1095, 1215, 47.01, 33, 0x0000000000000000
2026/09/29 19:48:18.759, 1095, 1215, 47.28, 33, 0x0000000000000000
2026/09/29 19:48:19.009, 1095, 1215, 47.28, 33, 0x0000000000000000
2026/09/29 19:48:19.259, 1095, 1215, 47.28, 33, 0x0000000000000000
2026/09/29 19:48:19.509, 1095, 1215, 47.28, 33, 0x0000000000000000
2026/09/29 19:48:19.760, 1095, 1215, 47.01, 33, 0x0000000000000000
2026/09/29 19:48:20.010, 1095, 1215, 47.01, 33, 0x0000000000000000
2026/09/29 19:48:20.260, 1095, 1215, 47.28, 33, 0x0000000000000000
2026/09/29 19:48:20.510, 1095, 1215, 47.28, 33, 0x0000000000000000
2026/09/29 19:48:20.760, 1095, 1215, 47.28, 33, 0x0000000000000000
2026/09/29 19:48:21.010, 1095, 1215, 47.28, 33, 0x0000000000000000
2026/09/29 19:48:21.260, 1095, 1215, 47.28, 33, 0x0000000000000000
2026/09/29 19:48:21.511, 1095, 1215, 47.28, 33, 0x0000000000000000
2026/09/29 19:48:21.761, 1095, 1215, 47.28, 33, 0x0000000000000000
2026/09/29 19:48:22.011, 1095, 1215, 47.01, 33, 0x0000000000000000
2026/09/29 19:48:22.261, 1095, 1215, 47.28, 33, 0x0000000000000000
2026/09/29 19:48:22.511, 1095, 1215, 47.28, 33, 0x0000000000000000
2026/09/29 19:48:22.761, 1095, 1215, 47.01, 33, 0x0000000000000000
2026/09/29 19:48:23.011, 1095, 1215, 47.01, 33, 0x0000000000000000
2026/09/29 19:48:23.262, 1095, 1215, 47.01, 33, 0x0000000000000000
2026/09/29 19:48:23.512, 1095, 1215, 47.01, 33, 0x0000000000000000
2026/09/29 19:48:23.762, 1095, 1215, 47.28, 33, 0x0000000000000000
2026/09/29 19:48:24.012, 1095, 1215, 47.28, 33, 0x0000000000000000
2026/09/29 19:48:24.262, 1095, 1215, 47.01, 33, 0x0000000000000000
2026/09/29 19:48:24.512, 1095, 1215, 47.28, 33, 0x0000000000000000
2026/09/29 19:48:24.763, 1095, 1215, 47.01, 33, 0x0000000000000000
2026/09/29 19:48:25.013, 1095, 1215, 47.01, 33, 0x0000000000000000
2026/09/29 19:48:25.263, 1095, 1215, 47.01, 33, 0x0000000000000000
2026/09/29 19:48:25.513, 1095, 1215, 47.01, 33, 0x0000000000000000
2026/09/29 19:48:25.763, 1095, 1215, 47.01, 33, 0x0000000000000000
2026/09/29 19:48:26.013, 1095, 1215, 47.01, 33, 0x0000000000000000
2026/09/29 19:48:26.263, 1095, 1215, 47.01, 33, 0x0000000000000000
2026/09/29 19:48:26.514, 1095, 1215, 49.90, 33, 0x0000000000000000
2026/09/29 19:48:26.764, 1095, 1215, 50.22, 33, 0x0000000000000000
