2026/09/29 20:48:49.468, 2040 MHz, 6251 MHz, 29.95 W, 61, 0 %, 0x0000000000000001
2026/09/29 20:48:49.572, 2040 MHz, 6251 MHz, 29.95 W, 61, 0 %, 0x0000000000000001
2026/09/29 20:48:49.672, 2040 MHz, 6251 MHz, 29.94 W, 61, 0 %, 0x0000000000000001
2026/09/29 20:48:49.772, 2040 MHz, 6251 MHz, 29.94 W, 60, 0 %, 0x0000000000000001
2026/09/29 20:48:49.873, 2040 MHz, 6251 MHz, 29.93 W, 60, 0 %, 0x0000000000000001
2026/09/29 20:48:49.973, 2040 MHz, 6251 MHz, 29.93 W, 60, 0 %, 0x0000000000000001
2026/09/29 20:48:50.074, 2040 MHz, 6251 MHz, 29.93 W, 60, 0 %, 0x0000000000000001
2026/09/29 20:48:50.174, 2040 MHz, 6251 MHz, 29.92 W, 60, 0 %, 0x0000000000000001
2026/09/29 20:48:50.274, 2040 MHz, 6251 MHz, 29.92 W, 60, 0 %, 0x0000000000000001
2026/09/29 20:48:50.374, 2040 MHz, 6251 MHz, 29.91 W, 60, 0 %, 0x0000000000000001
2026/09/29 20:48:50.474, 2040 MHz, 6251 MHz, 29.90 W, 60, 0 %, 0x0000000000000001
2026/09/29 20:48:50.574, 2040 MHz, 6251 MHz, 29.91 W, 60, 0 %, 0x0000000000000001
2026/09/29 20:48:50.674, 2040 MHz, 6251 MHz, 29.91 W, 60, 0 %, 0x0000000000000001
2026/09/29 20:48:50.774, 2040 MHz, 6251 MHz, 29.92 W, 60, 0 %, 0x0000000000000001
2026/09/29 20:48:50.874, 2040 MHz, 6251 MHz, 29.92 W, 60, 0 %, 0x0000000000000001
2026/09/29 20:48:50.975, 2040 MHz, 6251 MHz, 29.94 W, 60, 0 %, 0x0000000000000001
2026/09/29 20:48:51.075, 2040 MHz, 6251 MHz, 29.92 W, 60, 0 %, 0x0000000000000001
2026/09/29 20:48:51.175, 2040 MHz, 6251 MHz, 29.92 W, 60, 0 %, 0x0000000000000001
2026/09/29 20:48:51.275, 2040 MHz, 6251 MHz, 29.92 W, 60, 0 %, 0x0000000000000001
2026/09/29 20:48:51.375, 2040 MHz, 6251 MHz, 29.93 W, 60, 0 %, 0x0000000000000001
2026/09/29 20:48:51.475, 2040 MHz, 6251 MHz, 29.93 W, 60, 0 %, 0x0000000000000001
2026/09/29 20:48:51.575, 2040 MHz, 6251 MHz, 29.93 W, 60, 0 %, 0x0000000000000001
2026/09/29 20:48:51.675, 2040 MHz, 6251 MHz, 29.92 W, 60, 0 %, 0x0000000000000001
2026/09/29 20:48:51.775, 2040 MHz, 6251 MHz, 29.92 W, 60, 0 %, 0x0000000000000001
2026/09/29 20:48:51.876, 2040 MHz, 6251 MHz, 29.92 W, 60, 0 %, 0x0000000000000001
2026/09/29 20:48:51.976, 2040 MHz, 6251 MHz, 29.92 W, 60, 0 %, 0x0000000000000001
2026/09/29 20:48:52.076, 2040 MHz, 6251 MHz, 29.91 W, 60, 0 %, 0x0000000000000001
2026/09/29 20:48:52.176, 2040 MHz, 6251 MHz, 29.92 W, 60, 0 %, 0x0000000000000001
2026/09/29 20:48:52.276, 2040 MHz, 6251 MHz, 29.92 W, 60, 0 %, 0x0000000000000001
2026/09/29 20:48:52.376, 2040 MHz, 6251 MHz, 29.92 W, 60, 0 %, 0x0000000000000001
2026/09/29 20:48:52.476, 2040 MHz, 6251 MHz, 29.91 W, 60, 0 %, 0x0000000000000001
2026/09/29 20:48:52.576, 2040 MHz, 6251 MHz, 29.89 W, 60, 0 %, 0x0000000000000001
2026/09/29 20:48:52.676, 2040 MHz, 6251 MHz, 29.89 W, 60, 0 %, 0x0000000000000001
2026/09/29 20:48:52.777, 2040 MHz, 6251 MHz, 29.89 W, 60, 0 %, 0x0000000000000001
2026/09/29 20:48:52.877, 2040 MHz, 6251 MHz, 29.89 W, 60, 0 %, 0x0000000000000001
2026/09/29 20:48:52.977, 2040 MHz, 6251 MHz, 29.88 W, 60, 0 %, 0x0000000000000001
2026/09/29 20:48:53.077, 2040 MHz, 6251 MHz, 29.88 W, 60, 0 %, 0x0000000000000001
2026/09/29 20:48:53.177, 2040 MHz, 6251 MHz, 29.87 W, 60, 0 %, 0x0000000000000001
2026/09/29 20:48:53.277, 2040 MHz, 6251 MHz, 29.87 W, 60, 0 %, 0x0000000000000001
2026/09/29 20:48:53.377, 2040 MHz, 6251 MHz, 29.85 W, 60, 0 %, 0x0000000000000001
2026/09/29 20:48:53.477, 2040 MHz, 6251 MHz, 29.88 W, 60, 0 %, 0x0000000000000001
2026/09/29 20:48:53.578, 2040 MHz, 6251 MHz, 29.87 W, 60, 0 %, 0x0000000000000001
2026/09/29 20:48:53.678, 2040 MHz, 6251 MHz, 30.01 W, 60, 0 %, 0x0000000000000000
2026/09/29 20:48:53.778, 2040 MHz, 6251 MHz, 30.01 W, 60, 3 %, 0x0000000000000000
2026/09/29 20:48:53.878, 2040 MHz, 6251 MHz, 30.39 W, 60, 3 %, 0x0000000000000000
2026/09/29 20:48:53.978, 2010 MHz, 6251 MHz, 34.10 W, 62, 50 %, 0x0000000000000000
2026/09/29 20:48:54.078, 1995 MHz, 6251 MHz, 38.11 W, 62, 50 %, 0x0000000000000004
2026/09/29 20:48:54.178, 2025 MHz, 6251 MHz, 39.35 W, 62, 19 %, 0x0000000000000004
2026/09/29 20:48:54.278, 2025 MHz, 6251 MHz, 43.14 W, 62, 19 %, 0x0000000000000004
2026/09/29 20:48:54.378, 2025 MHz, 6251 MHz, 46.83 W, 63, 98 %, 0x0000000000000004
2026/09/29 20:48:54.479, 2040 MHz, 6251 MHz, 50.61 W, 63, 98 %, 0x0000000000000000
2026/09/29 20:48:54.579, 2040 MHz, 6251 MHz, 54.33 W, 63, 98 %, 0x0000000000000000
2026/09/29 20:48:54.679, 2040 MHz, 6251 MHz, 58.16 W, 63, 98 %, 0x0000000000000000
2026/09/29 20:48:54.779, 2040 MHz, 6251 MHz, 61.87 W, 63, 98 %, 0x0000000000000000
2026/09/29 20:48:54.879, 2040 MHz, 6251 MHz, 65.62 W, 63, 98 %, 0x0000000000000000
2026/09/29 20:48:54.979, 2040 MHz, 6251 MHz, 69.04 W, 63, 98 %, 0x0000000000000000
2026/09/29 20:48:55.079, 2040 MHz, 6251 MHz, 69.10 W, 63, 98 %, 0x0000000000000000
2026/09/29 20:48:55.179, 2040 MHz, 6251 MHz, 68.92 W, 63, 98 %, 0x0000000000000000
2026/09/29 20:48:55.279, 2040 MHz, 6251 MHz, 71.42 W, 63, 98 %, 0x0000000000000000
2026/09/29 20:48:55.379, 2040 MHz, 6251 MHz, 71.48 W, 63, 98 %, 0x0000000000000000
2026/09/29 20:48:55.480, 2040 MHz, 6251 MHz, 71.62 W, 63, 98 %, 0x0000000000000000
2026/09/29 20:48:55.580, 2040 MHz, 6251 MHz, 71.68 W, 63, 98 %, 0x0000000000000000
2026/09/29 20:48:55.680, 2040 MHz, 6251 MHz, 71.71 W, 63, 98 %, 0x0000000000000000
2026/09/29 20:48:55.780, 2040 MHz, 6251 MHz, 70.49 W, 62, 92 %, 0x0000000000000000
2026/09/29 20:48:55.880, 2040 MHz, 6251 MHz, 67.12 W, 63, 92 %, 0x0000000000000000
2026/09/29 20:48:55.980, 2040 MHz, 6251 MHz, 67.19 W, 63, 98 %, 0x0000000000000000
2026/09/29 20:48:56.080, 2040 MHz, 6251 MHz, 67.20 W, 63, 98 %, 0x0000000000000000
2026/09/29 20:48:56.180, 2040 MHz, 6251 MHz, 67.21 W, 64, 98 %, 0x0000000000000000
2026/09/29 20:48:56.280, 2040 MHz, 6251 MHz, 67.22 W, 64, 98 %, 0x0000000000000000
2026/09/29 20:48:56.381, 2040 MHz, 6251 MHz, 66.49 W, 64, 96 %, 0x0000000000000000
2026/09/29 20:48:56.481, 2040 MHz, 6251 MHz, 66.31 W, 64, 96 %, 0x0000000000000000
2026/09/29 20:48:56.581, 2040 MHz, 6251 MHz, 66.44 W, 63, 99 %, 0x0000000000000000
2026/09/29 20:48:56.681, 2025 MHz, 6251 MHz, 66.67 W, 64, 99 %, 0x0000000000000000
2026/09/29 20:48:56.781, 2025 MHz, 6251 MHz, 67.03 W, 64, 99 %, 0x0000000000000004
2026/09/29 20:48:56.881, 2025 MHz, 6251 MHz, 68.28 W, 64, 99 %, 0x0000000000000004
2026/09/29 20:48:56.981, 2025 MHz, 6251 MHz, 71.64 W, 64, 98 %, 0x0000000000000004
2026/09/29 20:48:57.081, 2040 MHz, 6251 MHz, 71.01 W, 64, 98 %, 0x0000000000000004
2026/09/29 20:48:57.182, 2040 MHz, 6251 MHz, 71.08 W, 64, 98 %, 0x0000000000000000
2026/09/29 20:48:57.282, 2040 MHz, 6251 MHz, 71.26 W, 64, 98 %, 0x0000000000000000
2026/09/29 20:48:57.382, 2040 MHz, 6251 MHz, 71.36 W, 64, 99 %, 0x0000000000000000
2026/09/29 20:48:57.482, 2040 MHz, 6251 MHz, 72.30 W, 64, 99 %, 0x0000000000000000
2026/09/29 20:48:57.582, 2040 MHz, 6251 MHz, 72.27 W, 64, 98 %, 0x0000000000000000
2026/09/29 20:48:57.682, 2040 MHz, 6251 MHz, 71.37 W, 64, 98 %, 0x0000000000000000
2026/09/29 20:48:57.782, 2040 MHz, 6251 MHz, 71.22 W, 64, 98 %, 0x0000000000000000
2026/09/29 20:48:57.882, 2010 MHz, 6251 MHz, 70.88 W, 64, 98 %, 0x0000000000000000
2026/09/29 20:48:57.982, 2010 MHz, 6251 MHz, 70.92 W, 64, 99 %, 0x0000000000000004
2026/09/29 20:48:58.083, 2025 MHz, 6251 MHz, 71.03 W, 64, 99 %, 0x0000000000000004
2026/09/29 20:48:58.183, 2025 MHz, 6251 MHz, 71.38 W, 64, 98 %, 0x0000000000000004
2026/09/29 20:48:58.283, 2040 MHz, 6251 MHz, 71.32 W, 64, 98 %, 0x0000000000000004
2026/09/29 20:48:58.383, 2040 MHz, 6251 MHz, 71.13 W, 65, 97 %, 0x0000000000000000
2026/09/29 20:48:58.483, 2040 MHz, 6251 MHz, 71.00 W, 64, 97 %, 0x0000000000000000
2026/09/29 20:48:58.583, 2040 MHz, 6251 MHz, 70.86 W, 64, 98 %, 0x0000000000000000
2026/09/29 20:48:58.683, 2040 MHz, 6251 MHz, 71.06 W, 65, 98 %, 0x0000000000000000
2026/09/29 20:48:58.783, 2040 MHz, 6251 MHz, 71.74 W, 65, 97 %, 0x0000000000000000
2026/09/29 20:48:58.883, 2040 MHz, 6251 MHz, 70.73 W, 65, 97 %, 0x0000000000000000
2026/09/29 20:48:58.984, 2040 MHz, 6251 MHz, 70.77 W, 64, 98 %, 0x0000000000000000
2026/09/29 20:48:59.084, 2040 MHz, 6251 MHz, 70.62 W, 65, 98 %, 0x0000000000000000
2026/09/29 20:48:59.184, 2040 MHz, 6251 MHz, 70.48 W, 65, 98 %, 0x0000000000000000
2026/09/29 20:48:59.284, 2040 MHz, 6251 MHz, 70.64 W, 64, 98 %, 0x0000000000000000
2026/09/29 20:48:59.384, 2040 MHz, 6251 MHz, 70.40 W, 65, 96 %, 0x0000000000000000
2026/09/29 20:48:59.484, 2040 MHz, 6251 MHz, 70.38 W, 65, 96 %, 0x0000000000000000
2026/09/29 20:48:59.584, 2040 MHz, 6251 MHz, 70.42 W, 65, 98 %, 0x0000000000000000
2026/09/29 20:48:59.684, 2040 MHz, 6251 MHz, 70.38 W, 65, 98 %, 0x0000000000000000
2026/09/29 20:48:59.784, 2040 MHz, 6251 MHz, 70.38 W, 65, 98 %, 0x0000000000000000
2026/09/29 20:48:59.885, 2040 MHz, 6251 MHz, 70.49 W, 65, 98 %, 0x0000000000000000
2026/09/29 20:48:59.985, 2040 MHz, 6251 MHz, 71.35 W, 65, 96 %, 0x0000000000000000
2026/09/29 20:49:00.085, 2040 MHz, 6251 MHz, 71.37 W, 65, 96 %, 0x0000000000000000
2026/09/29 20:49:00.185, 2040 MHz, 6251 MHz, 69.86 W, 65, 97 %, 0x0000000000000000
2026/09/29 20:49:00.285, 2040 MHz, 6251 MHz, 69.90 W, 65, 97 %, 0x0000000000000000
2026/09/29 20:49:00.385, 2040 MHz, 6251 MHz, 69.98 W, 65, 98 %, 0x0000000000000000
2026/09/29 20:49:00.485, 2040 MHz, 6251 MHz, 70.06 W, 65, 98 %, 0x0000000000000000
2026/09/29 20:49:00.585, 2040 MHz, 6251 MHz, 70.15 W, 65, 98 %, 0x0000000000000000
2026/09/29 20:49:00.686, 2040 MHz, 6251 MHz, 70.18 W, 65, 98 %, 0x0000000000000000
2026/09/29 20:49:00.786, 2040 MHz, 6251 MHz, 70.18 W, 65, 97 %, 0x0000000000000000
2026/09/29 20:49:00.886, 2040 MHz, 6251 MHz, 70.15 W, 65, 97 %, 0x0000000000000000
2026/09/29 20:49:00.986, 2040 MHz, 6251 MHz, 70.10 W, 65, 98 %, 0x0000000000000000
2026/09/29 20:49:01.086, 2040 MHz, 6251 MHz, 70.10 W, 65, 98 %, 0x0000000000000000
2026/09/29 20:49:01.186, 2040 MHz, 6251 MHz, 69.68 W, 65, 97 %, 0x0000000000000000
2026/09/29 20:49:01.286, 2040 MHz, 6251 MHz, 71.27 W, 65, 97 %, 0x0000000000000000
2026/09/29 20:49:01.386, 2040 MHz, 6251 MHz, 71.28 W, 65, 97 %, 0x0000000000000000
2026/09/29 20:49:01.486, 2040 MHz, 6251 MHz, 71.25 W, 65, 97 %, 0x0000000000000000
2026/09/29 20:49:01.587, 2040 MHz, 6251 MHz, 71.39 W, 65, 98 %, 0x0000000000000000
2026/09/29 20:49:01.687, 2040 MHz, 6251 MHz, 71.25 W, 65, 98 %, 0x0000000000000000
2026/09/29 20:49:01.787, 2040 MHz, 6251 MHz, 71.29 W, 65, 97 %, 0x0000000000000000
2026/09/29 20:49:01.887, 2040 MHz, 6251 MHz, 70.00 W, 66, 97 %, 0x0000000000000000
2026/09/29 20:49:01.987, 2040 MHz, 6251 MHz, 69.97 W, 65, 98 %, 0x0000000000000000
2026/09/29 20:49:02.087, 2040 MHz, 6251 MHz, 70.03 W, 65, 98 %, 0x0000000000000000
2026/09/29 20:49:02.187, 2040 MHz, 6251 MHz, 69.18 W, 66, 97 %, 0x0000000000000000
2026/09/29 20:49:02.287, 2040 MHz, 6251 MHz, 69.49 W, 66, 97 %, 0x0000000000000000
2026/09/29 20:49:02.387, 2040 MHz, 6251 MHz, 69.53 W, 66, 97 %, 0x0000000000000000
2026/09/29 20:49:02.488, 2040 MHz, 6251 MHz, 69.40 W, 66, 97 %, 0x0000000000000000
2026/09/29 20:49:02.588, 2040 MHz, 6251 MHz, 69.38 W, 66, 98 %, 0x0000000000000000
2026/09/29 20:49:02.688, 2040 MHz, 6251 MHz, 69.39 W, 66, 98 %, 0x0000000000000000
2026/09/29 20:49:02.788, 2040 MHz, 6251 MHz, 69.47 W, 66, 97 %, 0x0000000000000000
2026/09/29 20:49:02.888, 2040 MHz, 6251 MHz, 68.01 W, 66, 97 %, 0x0000000000000000
2026/09/29 20:49:02.988, 2040 MHz, 6251 MHz, 69.40 W, 66, 98 %, 0x0000000000000000
2026/09/29 20:49:03.088, 2040 MHz, 6251 MHz, 69.39 W, 66, 98 %, 0x0000000000000000
2026/09/29 20:49:03.188, 2040 MHz, 6251 MHz, 69.39 W, 66, 98 %, 0x0000000000000000
2026/09/29 20:49:03.288, 2040 MHz, 6251 MHz, 70.30 W, 66, 98 %, 0x0000000000000000
2026/09/29 20:49:03.389, 2040 MHz, 6251 MHz, 70.00 W, 66, 96 %, 0x0000000000000000
2026/09/29 20:49:03.489, 2040 MHz, 6251 MHz, 69.84 W, 66, 96 %, 0x0000000000000000
2026/09/29 20:49:03.589, 2040 MHz, 6251 MHz, 70.04 W, 66, 98 %, 0x0000000000000000
2026/09/29 20:49:03.689, 2040 MHz, 6251 MHz, 70.05 W, 66, 98 %, 0x0000000000000000
2026/09/29 20:49:03.789, 2040 MHz, 6251 MHz, 70.08 W, 66, 98 %, 0x0000000000000000
2026/09/29 20:49:03.889, 2040 MHz, 6251 MHz, 70.15 W, 66, 98 %, 0x0000000000000000
2026/09/29 20:49:03.989, 2040 MHz, 6251 MHz, 71.56 W, 66, 96 %, 0x0000000000000000
2026/09/29 20:49:04.089, 2040 MHz, 6251 MHz, 71.57 W, 66, 96 %, 0x0000000000000000
2026/09/29 20:49:04.190, 2040 MHz, 6251 MHz, 69.79 W, 66, 97 %, 0x0000000000000000
2026/09/29 20:49:04.290, 2040 MHz, 6251 MHz, 69.80 W, 66, 97 %, 0x0000000000000000
2026/09/29 20:49:04.390, 2040 MHz, 6251 MHz, 69.76 W, 66, 98 %, 0x0000000000000000
2026/09/29 20:49:04.490, 2040 MHz, 6251 MHz, 69.83 W, 66, 98 %, 0x0000000000000000
2026/09/29 20:49:04.590, 2040 MHz, 6251 MHz, 70.01 W, 66, 98 %, 0x0000000000000000
2026/09/29 20:49:04.690, 2040 MHz, 6251 MHz, 70.04 W, 66, 98 %, 0x0000000000000000
2026/09/29 20:49:04.790, 2040 MHz, 6251 MHz, 70.20 W, 66, 97 %, 0x0000000000000000
2026/09/29 20:49:04.890, 2040 MHz, 6251 MHz, 70.18 W, 66, 97 %, 0x0000000000000000
2026/09/29 20:49:04.990, 2040 MHz, 6251 MHz, 70.13 W, 66, 98 %, 0x0000000000000000
2026/09/29 20:49:05.091, 2040 MHz, 6251 MHz, 70.14 W, 66, 98 %, 0x0000000000000000
2026/09/29 20:49:05.191, 2040 MHz, 6251 MHz, 69.52 W, 66, 97 %, 0x0000000000000000
2026/09/29 20:49:05.291, 2040 MHz, 6251 MHz, 71.41 W, 66, 97 %, 0x0000000000000000
2026/09/29 20:49:05.391, 2040 MHz, 6251 MHz, 71.38 W, 66, 97 %, 0x0000000000000000
2026/09/29 20:49:05.491, 2040 MHz, 6251 MHz, 71.46 W, 66, 97 %, 0x0000000000000000
2026/09/29 20:49:05.591, 2040 MHz, 6251 MHz, 71.75 W, 66, 98 %, 0x0000000000000000
2026/09/29 20:49:05.691, 2040 MHz, 6251 MHz, 71.50 W, 66, 98 %, 0x0000000000000000
2026/09/29 20:49:05.791, 2040 MHz, 6251 MHz, 71.44 W, 66, 97 %, 0x0000000000000000
2026/09/29 20:49:05.892, 2040 MHz, 6251 MHz, 71.01 W, 67, 97 %, 0x0000000000000000
2026/09/29 20:49:05.992, 2040 MHz, 6251 MHz, 71.06 W, 66, 98 %, 0x0000000000000000
2026/09/29 20:49:06.092, 2040 MHz, 6251 MHz, 71.08 W, 66, 98 %, 0x0000000000000000
2026/09/29 20:49:06.192, 2040 MHz, 6251 MHz, 71.00 W, 66, 97 %, 0x0000000000000000
2026/09/29 20:49:06.292, 2040 MHz, 6251 MHz, 71.54 W, 66, 97 %, 0x0000000000000000
2026/09/29 20:49:06.392, 2040 MHz, 6251 MHz, 71.51 W, 66, 97 %, 0x0000000000000000
2026/09/29 20:49:06.492, 2040 MHz, 6251 MHz, 70.84 W, 67, 97 %, 0x0000000000000000
2026/09/29 20:49:06.592, 2040 MHz, 6251 MHz, 70.77 W, 67, 98 %, 0x0000000000000000
2026/09/29 20:49:06.692, 2040 MHz, 6251 MHz, 70.91 W, 67, 98 %, 0x0000000000000000
2026/09/29 20:49:06.793, 2040 MHz, 6251 MHz, 70.99 W, 67, 97 %, 0x0000000000000000
2026/09/29 20:49:06.893, 2040 MHz, 6251 MHz, 70.95 W, 67, 97 %, 0x0000000000000000
2026/09/29 20:49:06.993, 2040 MHz, 6251 MHz, 71.23 W, 67, 98 %, 0x0000000000000000
2026/09/29 20:49:07.093, 2040 MHz, 6251 MHz, 71.26 W, 67, 98 %, 0x0000000000000000
2026/09/29 20:49:07.193, 2040 MHz, 6251 MHz, 71.30 W, 67, 98 %, 0x0000000000000000
2026/09/29 20:49:07.293, 2040 MHz, 6251 MHz, 71.40 W, 67, 98 %, 0x0000000000000000
2026/09/29 20:49:07.393, 2040 MHz, 6251 MHz, 70.84 W, 67, 96 %, 0x0000000000000000
2026/09/29 20:49:07.493, 2040 MHz, 6251 MHz, 70.51 W, 67, 96 %, 0x0000000000000000
2026/09/29 20:49:07.594, 2040 MHz, 6251 MHz, 71.25 W, 66, 98 %, 0x0000000000000000
2026/09/29 20:49:07.694, 2040 MHz, 6251 MHz, 71.32 W, 67, 98 %, 0x0000000000000000
2026/09/29 20:49:07.794, 2040 MHz, 6251 MHz, 71.20 W, 67, 98 %, 0x0000000000000000
2026/09/29 20:49:07.894, 2040 MHz, 6251 MHz, 71.44 W, 67, 98 %, 0x0000000000000000
2026/09/29 20:49:07.994, 2040 MHz, 6251 MHz, 71.33 W, 67, 96 %, 0x0000000000000000
2026/09/29 20:49:08.094, 2040 MHz, 6251 MHz, 71.43 W, 67, 96 %, 0x0000000000000000
2026/09/29 20:49:08.194, 2040 MHz, 6251 MHz, 69.67 W, 67, 97 %, 0x0000000000000000
2026/09/29 20:49:08.294, 2040 MHz, 6251 MHz, 69.69 W, 67, 97 %, 0x0000000000000000
2026/09/29 20:49:08.394, 2040 MHz, 6251 MHz, 69.66 W, 67, 98 %, 0x0000000000000000
2026/09/29 20:49:08.495, 2040 MHz, 6251 MHz, 69.50 W, 67, 98 %, 0x0000000000000000
2026/09/29 20:49:08.595, 2040 MHz, 6251 MHz, 69.87 W, 67, 98 %, 0x0000000000000000
2026/09/29 20:49:08.695, 2040 MHz, 6251 MHz, 69.83 W, 67, 98 %, 0x0000000000000000
2026/09/29 20:49:08.795, 2040 MHz, 6251 MHz, 69.69 W, 67, 97 %, 0x0000000000000000
2026/09/29 20:49:08.895, 2040 MHz, 6251 MHz, 69.74 W, 67, 97 %, 0x0000000000000000
2026/09/29 20:49:08.995, 2040 MHz, 6251 MHz, 69.65 W, 67, 98 %, 0x0000000000000000
2026/09/29 20:49:09.095, 2040 MHz, 6251 MHz, 69.75 W, 67, 98 %, 0x0000000000000000
2026/09/29 20:49:09.195, 2040 MHz, 6251 MHz, 68.62 W, 67, 97 %, 0x0000000000000000
2026/09/29 20:49:09.295, 2040 MHz, 6251 MHz, 70.42 W, 67, 97 %, 0x0000000000000000
2026/09/29 20:49:09.396, 2040 MHz, 6251 MHz, 70.47 W, 67, 97 %, 0x0000000000000000
2026/09/29 20:49:09.496, 2040 MHz, 6251 MHz, 70.43 W, 67, 97 %, 0x0000000000000000
2026/09/29 20:49:09.596, 2040 MHz, 6251 MHz, 71.24 W, 67, 98 %, 0x0000000000000000
2026/09/29 20:49:09.696, 2040 MHz, 6251 MHz, 70.46 W, 67, 98 %, 0x0000000000000000
2026/09/29 20:49:09.796, 2040 MHz, 6251 MHz, 70.37 W, 67, 97 %, 0x0000000000000000
2026/09/29 20:49:09.896, 2040 MHz, 6251 MHz, 70.55 W, 67, 97 %, 0x0000000000000000
2026/09/29 20:49:09.996, 2040 MHz, 6251 MHz, 70.60 W, 67, 97 %, 0x0000000000000000
2026/09/29 20:49:10.096, 2040 MHz, 6251 MHz, 70.60 W, 67, 97 %, 0x0000000000000000
2026/09/29 20:49:10.196, 2040 MHz, 6251 MHz, 70.69 W, 67, 98 %, 0x0000000000000000
2026/09/29 20:49:10.297, 2040 MHz, 6251 MHz, 71.82 W, 67, 98 %, 0x0000000000000000
2026/09/29 20:49:10.397, 2040 MHz, 6251 MHz, 71.73 W, 67, 97 %, 0x0000000000000000
2026/09/29 20:49:10.497, 2040 MHz, 6251 MHz, 69.35 W, 67, 97 %, 0x0000000000000000
2026/09/29 20:49:10.597, 2040 MHz, 6251 MHz, 69.41 W, 67, 98 %, 0x0000000000000000
2026/09/29 20:49:10.697, 2040 MHz, 6251 MHz, 69.39 W, 67, 98 %, 0x0000000000000000
2026/09/29 20:49:10.797, 2040 MHz, 6251 MHz, 69.77 W, 67, 97 %, 0x0000000000000000
2026/09/29 20:49:10.897, 2040 MHz, 6251 MHz, 69.86 W, 68, 97 %, 0x0000000000000000
2026/09/29 20:49:10.997, 2040 MHz, 6251 MHz, 69.88 W, 67, 97 %, 0x0000000000000000
2026/09/29 20:49:11.098, 2040 MHz, 6251 MHz, 69.89 W, 68, 97 %, 0x0000000000000000
2026/09/29 20:49:11.198, 2040 MHz, 6251 MHz, 69.94 W, 68, 98 %, 0x0000000000000000
2026/09/29 20:49:11.298, 2040 MHz, 6251 MHz, 69.90 W, 68, 98 %, 0x0000000000000000
2026/09/29 20:49:11.398, 2040 MHz, 6251 MHz, 69.82 W, 68, 97 %, 0x0000000000000000
2026/09/29 20:49:11.498, 2040 MHz, 6251 MHz, 68.58 W, 68, 97 %, 0x0000000000000000
2026/09/29 20:49:11.598, 2040 MHz, 6251 MHz, 70.95 W, 67, 98 %, 0x0000000000000000
2026/09/29 20:49:11.698, 2040 MHz, 6251 MHz, 70.94 W, 68, 98 %, 0x0000000000000000
2026/09/29 20:49:11.798, 2040 MHz, 6251 MHz, 70.90 W, 68, 98 %, 0x0000000000000000
2026/09/29 20:49:11.898, 2040 MHz, 6251 MHz, 71.28 W, 67, 98 %, 0x0000000000000000
2026/09/29 20:49:11.999, 2040 MHz, 6251 MHz, 70.98 W, 68, 96 %, 0x0000000000000000
2026/09/29 20:49:12.099, 2040 MHz, 6251 MHz, 70.75 W, 68, 96 %, 0x0000000000000000
2026/09/29 20:49:12.199, 2040 MHz, 6251 MHz, 70.70 W, 68, 98 %, 0x0000000000000000
2026/09/29 20:49:12.299, 2040 MHz, 6251 MHz, 70.65 W, 68, 98 %, 0x0000000000000000
2026/09/29 20:49:12.399, 2040 MHz, 6251 MHz, 70.67 W, 68, 98 %, 0x0000000000000000
2026/09/29 20:49:12.499, 2040 MHz, 6251 MHz, 70.82 W, 68, 98 %, 0x0000000000000000
2026/09/29 20:49:12.599, 2040 MHz, 6251 MHz, 72.02 W, 68, 96 %, 0x0000000000000000
2026/09/29 20:49:12.699, 2025 MHz, 6251 MHz, 72.06 W, 68, 96 %, 0x0000000000000000
2026/09/29 20:49:12.800, 2025 MHz, 6251 MHz, 70.30 W, 68, 97 %, 0x0000000000000004
2026/09/29 20:49:12.900, 2025 MHz, 6251 MHz, 70.36 W, 68, 97 %, 0x0000000000000004
2026/09/29 20:49:13.000, 2040 MHz, 6251 MHz, 70.42 W, 68, 98 %, 0x0000000000000000
2026/09/29 20:49:13.100, 2040 MHz, 6251 MHz, 70.58 W, 68, 98 %, 0x0000000000000000
2026/09/29 20:49:13.200, 2040 MHz, 6251 MHz, 70.78 W, 68, 98 %, 0x0000000000000000
2026/09/29 20:49:13.300, 2040 MHz, 6251 MHz, 70.86 W, 68, 98 %, 0x0000000000000000
2026/09/29 20:49:13.400, 2040 MHz, 6251 MHz, 70.93 W, 68, 97 %, 0x0000000000000000
2026/09/29 20:49:13.500, 2040 MHz, 6251 MHz, 70.88 W, 68, 97 %, 0x0000000000000000
2026/09/29 20:49:13.600, 2040 MHz, 6251 MHz, 70.91 W, 68, 98 %, 0x0000000000000000
2026/09/29 20:49:13.701, 2040 MHz, 6251 MHz, 71.02 W, 68, 98 %, 0x0000000000000000
2026/09/29 20:49:13.801, 2040 MHz, 6251 MHz, 70.57 W, 68, 97 %, 0x0000000000000000
2026/09/29 20:49:13.901, 2040 MHz, 6251 MHz, 72.41 W, 68, 97 %, 0x0000000000000000
2026/09/29 20:49:14.001, 2025 MHz, 6251 MHz, 72.39 W, 68, 97 %, 0x0000000000000004
2026/09/29 20:49:14.101, 2025 MHz, 6251 MHz, 72.36 W, 68, 97 %, 0x0000000000000004
2026/09/29 20:49:14.201, 2025 MHz, 6251 MHz, 72.51 W, 68, 98 %, 0x0000000000000004
2026/09/29 20:49:14.301, 2040 MHz, 6251 MHz, 72.45 W, 68, 98 %, 0x0000000000000000
2026/09/29 20:49:14.401, 2040 MHz, 6251 MHz, 72.31 W, 68, 97 %, 0x0000000000000000
2026/09/29 20:49:14.502, 2040 MHz, 6251 MHz, 71.26 W, 69, 97 %, 0x0000000000000000
2026/09/29 20:49:14.602, 2040 MHz, 6251 MHz, 71.30 W, 68, 98 %, 0x0000000000000000
2026/09/29 20:49:14.702, 2040 MHz, 6251 MHz, 71.16 W, 68, 98 %, 0x0000000000000000
2026/09/29 20:49:14.802, 2040 MHz, 6251 MHz, 70.20 W, 68, 97 %, 0x0000000000000000
2026/09/29 20:49:14.902, 2040 MHz, 6251 MHz, 70.56 W, 68, 97 %, 0x0000000000000000
2026/09/29 20:49:15.002, 2040 MHz, 6251 MHz, 70.51 W, 68, 97 %, 0x0000000000000000
2026/09/29 20:49:15.102, 2040 MHz, 6251 MHz, 70.18 W, 68, 97 %, 0x0000000000000000
2026/09/29 20:49:15.202, 2040 MHz, 6251 MHz, 70.12 W, 68, 98 %, 0x0000000000000000
2026/09/29 20:49:15.302, 2040 MHz, 6251 MHz, 70.18 W, 68, 98 %, 0x0000000000000000
2026/09/29 20:49:15.403, 2040 MHz, 6251 MHz, 70.16 W, 69, 97 %, 0x0000000000000000
2026/09/29 20:49:15.503, 2040 MHz, 6251 MHz, 68.92 W, 69, 97 %, 0x0000000000000000
2026/09/29 20:49:15.603, 2040 MHz, 6251 MHz, 70.01 W, 69, 98 %, 0x0000000000000000
2026/09/29 20:49:15.703, 2040 MHz, 6251 MHz, 70.01 W, 69, 98 %, 0x0000000000000000
2026/09/29 20:49:15.803, 2040 MHz, 6251 MHz, 70.07 W, 69, 98 %, 0x0000000000000000
2026/09/29 20:49:15.903, 2040 MHz, 6251 MHz, 70.98 W, 69, 98 %, 0x0000000000000000
2026/09/29 20:49:16.003, 2040 MHz, 6251 MHz, 70.68 W, 69, 96 %, 0x0000000000000000
2026/09/29 20:49:16.103, 2025 MHz, 6251 MHz, 70.62 W, 69, 96 %, 0x0000000000000000
2026/09/29 20:49:16.203, 2025 MHz, 6251 MHz, 71.01 W, 69, 98 %, 0x0000000000000004
2026/09/29 20:49:16.304, 2025 MHz, 6251 MHz, 71.01 W, 69, 98 %, 0x0000000000000004
2026/09/29 20:49:16.404, 2040 MHz, 6251 MHz, 70.95 W, 69, 98 %, 0x0000000000000004
2026/09/29 20:49:16.504, 2040 MHz, 6251 MHz, 71.05 W, 69, 98 %, 0x0000000000000000
2026/09/29 20:49:16.604, 2040 MHz, 6251 MHz, 72.30 W, 69, 96 %, 0x0000000000000000
2026/09/29 20:49:16.704, 2025 MHz, 6251 MHz, 68.53 W, 67, 96 %, 0x0000000000000000
2026/09/29 20:49:16.804, 1920 MHz, 6251 MHz, 68.84 W, 69, 67 %, 0x0000000000000004
2026/09/29 20:49:16.904, 2025 MHz, 6251 MHz, 68.07 W, 69, 67 %, 0x0000000000000004
2026/09/29 20:49:17.004, 2025 MHz, 6251 MHz, 68.21 W, 69, 100 %, 0x0000000000000004
2026/09/29 20:49:17.104, 2025 MHz, 6251 MHz, 68.32 W, 69, 100 %, 0x0000000000000004
2026/09/29 20:49:17.205, 2040 MHz, 6251 MHz, 68.14 W, 69, 100 %, 0x0000000000000004
2026/09/29 20:49:17.305, 2040 MHz, 6251 MHz, 67.91 W, 69, 100 %, 0x0000000000000000
2026/09/29 20:49:17.405, 2040 MHz, 6251 MHz, 67.82 W, 69, 100 %, 0x0000000000000000
2026/09/29 20:49:17.505, 2040 MHz, 6251 MHz, 67.75 W, 69, 100 %, 0x0000000000000000
2026/09/29 20:49:17.605, 2040 MHz, 6251 MHz, 67.68 W, 69, 100 %, 0x0000000000000000
2026/09/29 20:49:17.705, 2040 MHz, 6251 MHz, 64.60 W, 68, 100 %, 0x0000000000000000
2026/09/29 20:49:17.805, 2040 MHz, 6251 MHz, 64.58 W, 67, 0 %, 0x0000000000000000
2026/09/29 20:49:17.905, 2040 MHz, 6251 MHz, 60.56 W, 67, 0 %, 0x0000000000000000
2026/09/29 20:49:18.005, 2040 MHz, 6251 MHz, 57.01 W, 67, 0 %, 0x0000000000000000
2026/09/29 20:49:18.106, 2040 MHz, 6251 MHz, 53.71 W, 67, 0 %, 0x0000000000000000
2026/09/29 20:49:18.206, 1230 MHz, 6251 MHz, 54.03 W, 69, 15 %, 0x0000000000000000
2026/09/29 20:49:18.306, 1320 MHz, 6251 MHz, 54.18 W, 69, 15 %, 0x0000000000000004
2026/09/29 20:49:18.406, 1320 MHz, 6251 MHz, 54.56 W, 70, 99 %, 0x0000000000000004
2026/09/29 20:49:18.506, 1305 MHz, 6251 MHz, 54.84 W, 69, 99 %, 0x0000000000000004
2026/09/29 20:49:18.606, 1875 MHz, 6251 MHz, 55.12 W, 68, 99 %, 0x0000000000000004
2026/09/29 20:49:18.706, 2025 MHz, 6251 MHz, 51.33 W, 67, 99 %, 0x0000000000000004
2026/09/29 20:49:18.806, 1410 MHz, 6251 MHz, 55.93 W, 69, 37 %, 0x0000000000000004
2026/09/29 20:49:18.906, 1365 MHz, 6251 MHz, 59.81 W, 69, 37 %, 0x0000000000000004
2026/09/29 20:49:19.007, 1365 MHz, 6251 MHz, 63.59 W, 69, 100 %, 0x0000000000000004
2026/09/29 20:49:19.107, 1380 MHz, 6251 MHz, 67.41 W, 69, 100 %, 0x0000000000000004
2026/09/29 20:49:19.207, 1380 MHz, 6251 MHz, 71.28 W, 69, 99 %, 0x0000000000000004
2026/09/29 20:49:19.307, 1380 MHz, 6251 MHz, 71.25 W, 69, 99 %, 0x0000000000000004
2026/09/29 20:49:19.407, 1395 MHz, 6251 MHz, 71.43 W, 69, 100 %, 0x0000000000000004
2026/09/29 20:49:19.507, 1395 MHz, 6251 MHz, 71.32 W, 69, 100 %, 0x0000000000000004
2026/09/29 20:49:19.607, 1620 MHz, 6251 MHz, 71.14 W, 68, 100 %, 0x0000000000000004
2026/09/29 20:49:19.707, 1200 MHz, 6251 MHz, 72.01 W, 69, 100 %, 0x0000000000000004
2026/09/29 20:49:19.807, 1260 MHz, 6251 MHz, 75.46 W, 69, 100 %, 0x0000000000000004
2026/09/29 20:49:19.908, 1320 MHz, 6251 MHz, 73.78 W, 69, 100 %, 0x0000000000000004
2026/09/29 20:49:20.008, 1335 MHz, 6251 MHz, 73.44 W, 69, 99 %, 0x0000000000000004
2026/09/29 20:49:20.108, 1335 MHz, 6251 MHz, 73.44 W, 69, 99 %, 0x0000000000000004
2026/09/29 20:49:20.208, 1740 MHz, 6251 MHz, 73.39 W, 69, 99 %, 0x0000000000000004
2026/09/29 20:49:20.308, 1185 MHz, 6251 MHz, 75.03 W, 70, 99 %, 0x0000000000000004
2026/09/29 20:49:20.408, 1200 MHz, 6251 MHz, 74.66 W, 70, 100 %, 0x0000000000000004
2026/09/29 20:49:20.508, 1245 MHz, 6251 MHz, 74.69 W, 70, 100 %, 0x0000000000000004
2026/09/29 20:49:20.608, 1185 MHz, 6251 MHz, 74.68 W, 70, 99 %, 0x0000000000000004
2026/09/29 20:49:20.708, 1170 MHz, 6251 MHz, 74.43 W, 70, 99 %, 0x0000000000000004
2026/09/29 20:49:20.808, 1200 MHz, 6251 MHz, 73.09 W, 70, 99 %, 0x0000000000000004
2026/09/29 20:49:20.909, 1305 MHz, 6251 MHz, 72.09 W, 70, 99 %, 0x0000000000000004
2026/09/29 20:49:21.009, 1155 MHz, 6251 MHz, 72.53 W, 70, 84 %, 0x0000000000000004
2026/09/29 20:49:21.109, 945 MHz, 6251 MHz, 72.70 W, 70, 84 %, 0x0000000000000004
2026/09/29 20:49:21.209, 1080 MHz, 6251 MHz, 72.49 W, 70, 100 %, 0x0000000000000004
2026/09/29 20:49:21.309, 1140 MHz, 6251 MHz, 72.47 W, 70, 100 %, 0x0000000000000004
2026/09/29 20:49:21.409, 1080 MHz, 6251 MHz, 70.73 W, 69, 99 %, 0x0000000000000004
2026/09/29 20:49:21.509, 1095 MHz, 6251 MHz, 70.98 W, 70, 99 %, 0x0000000000000004
2026/09/29 20:49:21.609, 945 MHz, 6251 MHz, 70.86 W, 69, 99 %, 0x0000000000000004
2026/09/29 20:49:21.709, 975 MHz, 6251 MHz, 70.59 W, 70, 99 %, 0x0000000000000004
2026/09/29 20:49:21.809, 915 MHz, 6251 MHz, 70.60 W, 69, 99 %, 0x0000000000000004
2026/09/29 20:49:21.910, 1455 MHz, 6251 MHz, 70.69 W, 68, 99 %, 0x0000000000000004
2026/09/29 20:49:22.010, 1185 MHz, 6251 MHz, 73.04 W, 70, 76 %, 0x0000000000000004
2026/09/29 20:49:22.110, 1215 MHz, 6251 MHz, 72.54 W, 70, 76 %, 0x0000000000000004
2026/09/29 20:49:22.210, 1230 MHz, 6251 MHz, 72.54 W, 70, 100 %, 0x0000000000000004
2026/09/29 20:49:22.310, 1185 MHz, 6251 MHz, 72.72 W, 70, 100 %, 0x0000000000000004
2026/09/29 20:49:22.410, 1170 MHz, 6251 MHz, 72.43 W, 70, 99 %, 0x0000000000000004
2026/09/29 20:49:22.510, 1230 MHz, 6251 MHz, 72.14 W, 70, 99 %, 0x0000000000000004
2026/09/29 20:49:22.610, 1140 MHz, 6251 MHz, 72.47 W, 70, 99 %, 0x0000000000000004
2026/09/29 20:49:22.710, 1335 MHz, 6251 MHz, 72.16 W, 70, 99 %, 0x0000000000000004
2026/09/29 20:49:22.810, 1230 MHz, 6251 MHz, 72.49 W, 71, 75 %, 0x0000000000000004
2026/09/29 20:49:22.911, 1275 MHz, 6251 MHz, 72.63 W, 71, 75 %, 0x0000000000000004
2026/09/29 20:49:23.011, 1245 MHz, 6251 MHz, 73.03 W, 71, 100 %, 0x0000000000000004
2026/09/29 20:49:23.111, 1275 MHz, 6251 MHz, 71.97 W, 71, 100 %, 0x0000000000000004
2026/09/29 20:49:23.211, 1275 MHz, 6251 MHz, 71.98 W, 71, 99 %, 0x0000000000000004
2026/09/29 20:49:23.311, 1260 MHz, 6251 MHz, 72.09 W, 71, 99 %, 0x0000000000000004
2026/09/29 20:49:23.411, 1275 MHz, 6251 MHz, 72.01 W, 71, 100 %, 0x0000000000000004
2026/09/29 20:49:23.511, 1230 MHz, 6251 MHz, 72.39 W, 71, 100 %, 0x0000000000000004
2026/09/29 20:49:23.611, 1275 MHz, 6251 MHz, 72.53 W, 71, 100 %, 0x0000000000000004
2026/09/29 20:49:23.711, 1230 MHz, 6251 MHz, 72.19 W, 71, 100 %, 0x0000000000000004
2026/09/29 20:49:23.811, 1230 MHz, 6251 MHz, 72.34 W, 71, 100 %, 0x0000000000000004
2026/09/29 20:49:23.912, 1155 MHz, 6251 MHz, 68.86 W, 71, 100 %, 0x0000000000000004
2026/09/29 20:49:24.012, 1005 MHz, 6251 MHz, 69.12 W, 71, 98 %, 0x0000000000000004
2026/09/29 20:49:24.112, 1050 MHz, 6251 MHz, 68.85 W, 71, 98 %, 0x0000000000000004
2026/09/29 20:49:24.212, 1065 MHz, 6251 MHz, 68.94 W, 71, 100 %, 0x0000000000000004
2026/09/29 20:49:24.312, 1050 MHz, 6251 MHz, 69.31 W, 71, 100 %, 0x0000000000000004
2026/09/29 20:49:24.412, 1005 MHz, 6251 MHz, 69.18 W, 71, 100 %, 0x0000000000000004
2026/09/29 20:49:24.512, 960 MHz, 6251 MHz, 69.28 W, 71, 100 %, 0x0000000000000004
2026/09/29 20:49:24.612, 945 MHz, 6251 MHz, 68.97 W, 71, 100 %, 0x0000000000000004
2026/09/29 20:49:24.712, 900 MHz, 6251 MHz, 68.81 W, 70, 100 %, 0x0000000000000004
2026/09/29 20:49:24.813, 975 MHz, 6251 MHz, 68.62 W, 70, 100 %, 0x0000000000000004
2026/09/29 20:49:24.913, 1035 MHz, 6251 MHz, 68.68 W, 71, 100 %, 0x0000000000000004
2026/09/29 20:49:25.013, 1035 MHz, 6251 MHz, 71.96 W, 71, 99 %, 0x0000000000000004
2026/09/29 20:49:25.113, 1575 MHz, 6251 MHz, 71.84 W, 71, 99 %, 0x0000000000000004
2026/09/29 20:49:25.213, 1155 MHz, 6251 MHz, 72.04 W, 70, 100 %, 0x0000000000000004
2026/09/29 20:49:25.313, 1110 MHz, 6251 MHz, 73.42 W, 71, 100 %, 0x0000000000000004
2026/09/29 20:49:25.413, 1050 MHz, 6251 MHz, 73.14 W, 71, 100 %, 0x0000000000000004
2026/09/29 20:49:25.513, 1140 MHz, 6251 MHz, 73.14 W, 71, 100 %, 0x0000000000000004
2026/09/29 20:49:25.613, 1185 MHz, 6251 MHz, 73.03 W, 71, 100 %, 0x0000000000000004
2026/09/29 20:49:25.714, 1110 MHz, 6251 MHz, 73.39 W, 71, 100 %, 0x0000000000000004
2026/09/29 20:49:25.814, 1170 MHz, 6251 MHz, 73.39 W, 71, 99 %, 0x0000000000000004
2026/09/29 20:49:25.914, 1155 MHz, 6251 MHz, 73.37 W, 71, 99 %, 0x0000000000000004
2026/09/29 20:49:26.014, 1095 MHz, 6251 MHz, 73.27 W, 71, 99 %, 0x0000000000000004
2026/09/29 20:49:26.114, 1230 MHz, 6251 MHz, 72.94 W, 71, 99 %, 0x0000000000000004
2026/09/29 20:49:26.214, 1140 MHz, 6251 MHz, 73.25 W, 71, 100 %, 0x0000000000000004
2026/09/29 20:49:26.314, 1155 MHz, 6251 MHz, 71.78 W, 71, 100 %, 0x0000000000000004
2026/09/29 20:49:26.414, 1275 MHz, 6251 MHz, 68.33 W, 72, 100 %, 0x0000000000000004
2026/09/29 20:49:26.514, 1260 MHz, 6251 MHz, 68.71 W, 72, 96 %, 0x0000000000000004
2026/09/29 20:49:26.615, 1260 MHz, 6251 MHz, 68.99 W, 72, 96 %, 0x0000000000000004
2026/09/29 20:49:26.715, 1320 MHz, 6251 MHz, 69.09 W, 72, 100 %, 0x0000000000000004
2026/09/29 20:49:26.815, 1260 MHz, 6251 MHz, 69.29 W, 72, 100 %, 0x0000000000000004
2026/09/29 20:49:26.915, 1215 MHz, 6251 MHz, 69.51 W, 72, 100 %, 0x0000000000000004
2026/09/29 20:49:27.015, 1260 MHz, 6251 MHz, 69.54 W, 72, 100 %, 0x0000000000000004
2026/09/29 20:49:27.115, 1275 MHz, 6251 MHz, 69.48 W, 72, 99 %, 0x0000000000000004
2026/09/29 20:49:27.215, 1215 MHz, 6251 MHz, 69.78 W, 72, 99 %, 0x0000000000000004
2026/09/29 20:49:27.315, 1245 MHz, 6251 MHz, 69.13 W, 72, 100 %, 0x0000000000000004
2026/09/29 20:49:27.416, 1275 MHz, 6251 MHz, 68.77 W, 72, 100 %, 0x0000000000000004
2026/09/29 20:49:27.516, 1260 MHz, 6251 MHz, 72.20 W, 72, 100 %, 0x0000000000000004
2026/09/29 20:49:27.616, 1230 MHz, 6251 MHz, 72.14 W, 72, 100 %, 0x0000000000000004
2026/09/29 20:49:27.716, 1305 MHz, 6251 MHz, 71.97 W, 72, 100 %, 0x0000000000000004
2026/09/29 20:49:27.816, 1245 MHz, 6251 MHz, 72.17 W, 72, 100 %, 0x0000000000000004
2026/09/29 20:49:27.916, 1215 MHz, 6251 MHz, 71.75 W, 73, 100 %, 0x0000000000000004
2026/09/29 20:49:28.016, 1710 MHz, 6251 MHz, 71.54 W, 72, 100 %, 0x0000000000000004
2026/09/29 20:49:28.116, 960 MHz, 6251 MHz, 73.32 W, 72, 75 %, 0x0000000000000004
2026/09/29 20:49:28.216, 945 MHz, 6251 MHz, 73.38 W, 72, 75 %, 0x0000000000000004
2026/09/29 20:49:28.316, 1005 MHz, 6251 MHz, 73.23 W, 72, 100 %, 0x0000000000000004
2026/09/29 20:49:28.417, 1020 MHz, 6251 MHz, 73.33 W, 72, 100 %, 0x0000000000000004
2026/09/29 20:49:28.517, 1020 MHz, 6251 MHz, 73.78 W, 72, 100 %, 0x0000000000000004
2026/09/29 20:49:28.617, 1005 MHz, 6251 MHz, 73.65 W, 72, 100 %, 0x0000000000000004
2026/09/29 20:49:28.717, 1035 MHz, 6251 MHz, 73.59 W, 72, 100 %, 0x0000000000000004
2026/09/29 20:49:28.817, 975 MHz, 6251 MHz, 73.63 W, 71, 100 %, 0x0000000000000004
2026/09/29 20:49:28.917, 945 MHz, 6251 MHz, 73.31 W, 72, 100 %, 0x0000000000000004
2026/09/29 20:49:29.017, 1050 MHz, 6251 MHz, 73.37 W, 72, 100 %, 0x0000000000000004
2026/09/29 20:49:29.117, 975 MHz, 6251 MHz, 73.49 W, 72, 99 %, 0x0000000000000004
2026/09/29 20:49:29.217, 975 MHz, 6251 MHz, 71.83 W, 72, 99 %, 0x0000000000000004
2026/09/29 20:49:29.318, 1005 MHz, 6251 MHz, 71.90 W, 72, 100 %, 0x0000000000000004
2026/09/29 20:49:29.418, 1035 MHz, 6251 MHz, 72.07 W, 72, 100 %, 0x0000000000000004
2026/09/29 20:49:29.518, 975 MHz, 6251 MHz, 72.27 W, 72, 99 %, 0x0000000000000004
2026/09/29 20:49:29.618, 1020 MHz, 6251 MHz, 72.14 W, 72, 99 %, 0x0000000000000004
2026/09/29 20:49:29.718, 1005 MHz, 6251 MHz, 72.19 W, 72, 100 %, 0x0000000000000004
2026/09/29 20:49:29.818, 1155 MHz, 6251 MHz, 68.94 W, 73, 100 %, 0x0000000000000004
2026/09/29 20:49:29.918, 1095 MHz, 6251 MHz, 69.00 W, 72, 100 %, 0x0000000000000004
2026/09/29 20:49:30.018, 1140 MHz, 6251 MHz, 69.05 W, 72, 100 %, 0x0000000000000004
2026/09/29 20:49:30.118, 1230 MHz, 6251 MHz, 69.24 W, 72, 100 %, 0x0000000000000004
2026/09/29 20:49:30.219, 1110 MHz, 6251 MHz, 69.64 W, 72, 100 %, 0x0000000000000004
2026/09/29 20:49:30.319, 1110 MHz, 6251 MHz, 69.54 W, 72, 100 %, 0x0000000000000004
2026/09/29 20:49:30.419, 1110 MHz, 6251 MHz, 69.59 W, 72, 100 %, 0x0000000000000004
2026/09/29 20:49:30.519, 1125 MHz, 6251 MHz, 69.22 W, 72, 99 %, 0x0000000000000004
2026/09/29 20:49:30.619, 1035 MHz, 6251 MHz, 69.13 W, 72, 99 %, 0x0000000000000004
2026/09/29 20:49:30.719, 1035 MHz, 6251 MHz, 69.25 W, 72, 100 %, 0x0000000000000004
2026/09/29 20:49:30.819, 1155 MHz, 6251 MHz, 68.81 W, 72, 100 %, 0x0000000000000004
2026/09/29 20:49:30.919, 1065 MHz, 6251 MHz, 72.10 W, 72, 99 %, 0x0000000000000004
2026/09/29 20:49:31.019, 1125 MHz, 6251 MHz, 71.85 W, 72, 99 %, 0x0000000000000004
2026/09/29 20:49:31.119, 1155 MHz, 6251 MHz, 71.91 W, 72, 100 %, 0x0000000000000004
2026/09/29 20:49:31.220, 1125 MHz, 6251 MHz, 71.96 W, 72, 100 %, 0x0000000000000004
2026/09/29 20:49:31.320, 1080 MHz, 6251 MHz, 71.54 W, 72, 100 %, 0x0000000000000004
2026/09/29 20:49:31.420, 1080 MHz, 6251 MHz, 71.71 W, 72, 100 %, 0x0000000000000004
2026/09/29 20:49:31.520, 1380 MHz, 6251 MHz, 68.52 W, 73, 81 %, 0x0000000000000004
2026/09/29 20:49:31.620, 1320 MHz, 6251 MHz, 69.29 W, 73, 81 %, 0x0000000000000004
2026/09/29 20:49:31.720, 1305 MHz, 6251 MHz, 69.39 W, 73, 100 %, 0x0000000000000004
2026/09/29 20:49:31.820, 1290 MHz, 6251 MHz, 69.30 W, 73, 100 %, 0x0000000000000004
2026/09/29 20:49:31.920, 1380 MHz, 6251 MHz, 69.60 W, 73, 100 %, 0x0000000000000004
2026/09/29 20:49:32.020, 1275 MHz, 6251 MHz, 70.03 W, 73, 100 %, 0x0000000000000004
2026/09/29 20:49:32.120, 1305 MHz, 6251 MHz, 70.15 W, 73, 100 %, 0x0000000000000004
2026/09/29 20:49:32.221, 1305 MHz, 6251 MHz, 70.14 W, 73, 100 %, 0x0000000000000004
2026/09/29 20:49:32.321, 1260 MHz, 6251 MHz, 69.93 W, 73, 100 %, 0x0000000000000004
2026/09/29 20:49:32.421, 1305 MHz, 6251 MHz, 69.22 W, 73, 100 %, 0x0000000000000004
2026/09/29 20:49:32.521, 1305 MHz, 6251 MHz, 69.03 W, 73, 100 %, 0x0000000000000004
2026/09/29 20:49:32.621, 1305 MHz, 6251 MHz, 72.15 W, 73, 100 %, 0x0000000000000004
2026/09/29 20:49:32.721, 1305 MHz, 6251 MHz, 71.56 W, 73, 100 %, 0x0000000000000004
2026/09/29 20:49:32.821, 1350 MHz, 6251 MHz, 71.32 W, 73, 100 %, 0x0000000000000004
2026/09/29 20:49:32.921, 1305 MHz, 6251 MHz, 71.54 W, 74, 100 %, 0x0000000000000004
2026/09/29 20:49:33.021, 1320 MHz, 6251 MHz, 71.65 W, 73, 100 %, 0x0000000000000004
2026/09/29 20:49:33.121, 1305 MHz, 6251 MHz, 71.38 W, 74, 100 %, 0x0000000000000004
2026/09/29 20:49:33.222, 1350 MHz, 6251 MHz, 71.37 W, 73, 100 %, 0x0000000000000004
2026/09/29 20:49:33.322, 1290 MHz, 6251 MHz, 71.50 W, 74, 99 %, 0x0000000000000004
2026/09/29 20:49:33.422, 1305 MHz, 6251 MHz, 71.30 W, 74, 99 %, 0x0000000000000004
2026/09/29 20:49:33.522, 1290 MHz, 6251 MHz, 72.06 W, 74, 100 %, 0x0000000000000004
2026/09/29 20:49:33.622, 1665 MHz, 6251 MHz, 72.11 W, 74, 100 %, 0x0000000000000004
2026/09/29 20:49:33.722, 1035 MHz, 6251 MHz, 73.82 W, 73, 76 %, 0x0000000000000004
2026/09/29 20:49:33.822, 1080 MHz, 6251 MHz, 73.83 W, 73, 76 %, 0x0000000000000004
2026/09/29 20:49:33.922, 1065 MHz, 6251 MHz, 74.06 W, 73, 100 %, 0x0000000000000004
2026/09/29 20:49:34.022, 1035 MHz, 6251 MHz, 73.87 W, 73, 100 %, 0x0000000000000004
2026/09/29 20:49:34.122, 1020 MHz, 6251 MHz, 73.83 W, 73, 100 %, 0x0000000000000004
2026/09/29 20:49:34.223, 1050 MHz, 6251 MHz, 73.62 W, 73, 100 %, 0x0000000000000004
2026/09/29 20:49:34.323, 1020 MHz, 6251 MHz, 73.57 W, 73, 100 %, 0x0000000000000004
2026/09/29 20:49:34.423, 1050 MHz, 6251 MHz, 73.27 W, 73, 100 %, 0x0000000000000004
2026/09/29 20:49:34.523, 990 MHz, 6251 MHz, 73.42 W, 73, 100 %, 0x0000000000000004
2026/09/29 20:49:34.623, 1095 MHz, 6251 MHz, 73.32 W, 73, 100 %, 0x0000000000000004
2026/09/29 20:49:34.723, 1065 MHz, 6251 MHz, 73.49 W, 73, 100 %, 0x0000000000000004
2026/09/29 20:49:34.823, 1050 MHz, 6251 MHz, 71.86 W, 73, 100 %, 0x0000000000000004
2026/09/29 20:49:34.923, 1095 MHz, 6251 MHz, 71.94 W, 73, 100 %, 0x0000000000000004
2026/09/29 20:49:35.023, 1035 MHz, 6251 MHz, 71.95 W, 73, 100 %, 0x0000000000000004
2026/09/29 20:49:35.123, 1050 MHz, 6251 MHz, 71.88 W, 73, 100 %, 0x0000000000000004
2026/09/29 20:49:35.224, 1020 MHz, 6251 MHz, 71.87 W, 73, 100 %, 0x0000000000000004
2026/09/29 20:49:35.324, 1065 MHz, 6251 MHz, 71.88 W, 73, 100 %, 0x0000000000000004
2026/09/29 20:49:35.424, 990 MHz, 6251 MHz, 71.96 W, 73, 100 %, 0x0000000000000004
2026/09/29 20:49:35.524, 1065 MHz, 6251 MHz, 71.83 W, 73, 100 %, 0x0000000000000004
2026/09/29 20:49:35.624, 1065 MHz, 6251 MHz, 71.94 W, 73, 100 %, 0x0000000000000004
2026/09/29 20:49:35.724, 1065 MHz, 6251 MHz, 72.01 W, 73, 100 %, 0x0000000000000004
2026/09/29 20:49:35.824, 1125 MHz, 6251 MHz, 69.67 W, 74, 100 %, 0x0000000000000004
2026/09/29 20:49:35.924, 1140 MHz, 6251 MHz, 69.77 W, 73, 100 %, 0x0000000000000004
2026/09/29 20:49:36.024, 1125 MHz, 6251 MHz, 69.87 W, 73, 100 %, 0x0000000000000004
2026/09/29 20:49:36.124, 1035 MHz, 6251 MHz, 69.79 W, 73, 100 %, 0x0000000000000004
2026/09/29 20:49:36.225, 1230 MHz, 6251 MHz, 69.58 W, 73, 100 %, 0x0000000000000004
2026/09/29 20:49:36.325, 1110 MHz, 6251 MHz, 69.85 W, 73, 100 %, 0x0000000000000004
2026/09/29 20:49:36.425, 1035 MHz, 6251 MHz, 70.05 W, 74, 100 %, 0x0000000000000004
2026/09/29 20:49:36.525, 1140 MHz, 6251 MHz, 69.79 W, 73, 100 %, 0x0000000000000004
2026/09/29 20:49:36.625, 1140 MHz, 6251 MHz, 69.99 W, 74, 100 %, 0x0000000000000004
2026/09/29 20:49:36.725, 1125 MHz, 6251 MHz, 69.79 W, 74, 99 %, 0x0000000000000004
2026/09/29 20:49:36.825, 1140 MHz, 6251 MHz, 69.87 W, 73, 99 %, 0x0000000000000004
2026/09/29 20:49:36.925, 1140 MHz, 6251 MHz, 72.12 W, 74, 100 %, 0x0000000000000004
2026/09/29 20:49:37.025, 1110 MHz, 6251 MHz, 71.99 W, 74, 100 %, 0x0000000000000004
2026/09/29 20:49:37.125, 1185 MHz, 6251 MHz, 71.75 W, 74, 99 %, 0x0000000000000004
2026/09/29 20:49:37.226, 1080 MHz, 6251 MHz, 71.70 W, 74, 99 %, 0x0000000000000004
2026/09/29 20:49:37.326, 1125 MHz, 6251 MHz, 72.04 W, 74, 100 %, 0x0000000000000004
2026/09/29 20:49:37.426, 1125 MHz, 6251 MHz, 71.51 W, 74, 100 %, 0x0000000000000004
2026/09/29 20:49:37.526, 1155 MHz, 6251 MHz, 71.14 W, 73, 99 %, 0x0000000000000004
2026/09/29 20:49:37.626, 1110 MHz, 6251 MHz, 71.67 W, 74, 99 %, 0x0000000000000004
2026/09/29 20:49:37.726, 1140 MHz, 6251 MHz, 71.55 W, 74, 100 %, 0x0000000000000004
2026/09/29 20:49:37.826, 1095 MHz, 6251 MHz, 71.85 W, 74, 100 %, 0x0000000000000004
2026/09/29 20:49:37.926, 1485 MHz, 6251 MHz, 71.87 W, 72, 100 %, 0x0000000000000004
2026/09/29 20:49:38.026, 1395 MHz, 6251 MHz, 72.66 W, 74, 100 %, 0x0000000000000004
2026/09/29 20:49:38.126, 1275 MHz, 6251 MHz, 73.73 W, 74, 100 %, 0x0000000000000004
2026/09/29 20:49:38.227, 1275 MHz, 6251 MHz, 73.62 W, 74, 100 %, 0x0000000000000004
2026/09/29 20:49:38.327, 1245 MHz, 6251 MHz, 73.75 W, 74, 100 %, 0x0000000000000004
2026/09/29 20:49:38.427, 1245 MHz, 6251 MHz, 73.56 W, 74, 100 %, 0x0000000000000004
2026/09/29 20:49:38.527, 1230 MHz, 6251 MHz, 73.59 W, 74, 100 %, 0x0000000000000004
2026/09/29 20:49:38.627, 1260 MHz, 6251 MHz, 73.47 W, 74, 100 %, 0x0000000000000004
2026/09/29 20:49:38.727, 1275 MHz, 6251 MHz, 73.00 W, 74, 100 %, 0x0000000000000004
2026/09/29 20:49:38.827, 1185 MHz, 6251 MHz, 72.96 W, 74, 100 %, 0x0000000000000004
2026/09/29 20:49:38.928, 1395 MHz, 6251 MHz, 72.23 W, 74, 100 %, 0x0000000000000004
2026/09/29 20:49:39.028, 1245 MHz, 6251 MHz, 72.19 W, 75, 100 %, 0x0000000000000004
2026/09/29 20:49:39.128, 1275 MHz, 6251 MHz, 72.22 W, 75, 100 %, 0x0000000000000004
2026/09/29 20:49:39.228, 1275 MHz, 6251 MHz, 71.51 W, 75, 100 %, 0x0000000000000004
2026/09/29 20:49:39.328, 1245 MHz, 6251 MHz, 71.56 W, 75, 100 %, 0x0000000000000004
2026/09/29 20:49:39.428, 1230 MHz, 6251 MHz, 71.41 W, 75, 100 %, 0x0000000000000004
2026/09/29 20:49:39.528, 1230 MHz, 6251 MHz, 71.35 W, 75, 100 %, 0x0000000000000004
2026/09/29 20:49:39.628, 1230 MHz, 6251 MHz, 71.42 W, 75, 100 %, 0x0000000000000004
2026/09/29 20:49:39.728, 1215 MHz, 6251 MHz, 71.49 W, 75, 100 %, 0x0000000000000004
2026/09/29 20:49:39.829, 1365 MHz, 6251 MHz, 71.22 W, 74, 100 %, 0x0000000000000004
2026/09/29 20:49:39.929, 1290 MHz, 6251 MHz, 71.73 W, 74, 100 %, 0x0000000000000004
2026/09/29 20:49:40.029, 1290 MHz, 6251 MHz, 72.46 W, 75, 100 %, 0x0000000000000004
2026/09/29 20:49:40.129, 1290 MHz, 6251 MHz, 71.89 W, 75, 100 %, 0x0000000000000004
2026/09/29 20:49:40.229, 1275 MHz, 6251 MHz, 72.07 W, 75, 100 %, 0x0000000000000004
2026/09/29 20:49:40.329, 1260 MHz, 6251 MHz, 72.01 W, 75, 100 %, 0x0000000000000004
2026/09/29 20:49:40.429, 1245 MHz, 6251 MHz, 71.86 W, 75, 100 %, 0x0000000000000004
2026/09/29 20:49:40.529, 1275 MHz, 6251 MHz, 71.68 W, 75, 100 %, 0x0000000000000004
2026/09/29 20:49:40.629, 1305 MHz, 6251 MHz, 71.66 W, 74, 100 %, 0x0000000000000004
2026/09/29 20:49:40.729, 1305 MHz, 6251 MHz, 71.47 W, 75, 99 %, 0x0000000000000004
2026/09/29 20:49:40.830, 1290 MHz, 6251 MHz, 72.13 W, 75, 99 %, 0x0000000000000004
2026/09/29 20:49:40.930, 1290 MHz, 6251 MHz, 72.85 W, 75, 100 %, 0x0000000000000004
2026/09/29 20:49:41.030, 1290 MHz, 6251 MHz, 72.80 W, 75, 100 %, 0x0000000000000004
2026/09/29 20:49:41.130, 1290 MHz, 6251 MHz, 72.70 W, 75, 100 %, 0x0000000000000004
2026/09/29 20:49:41.230, 1260 MHz, 6251 MHz, 72.51 W, 75, 100 %, 0x0000000000000004
2026/09/29 20:49:41.330, 1245 MHz, 6251 MHz, 72.26 W, 75, 100 %, 0x0000000000000004
2026/09/29 20:49:41.430, 1230 MHz, 6251 MHz, 72.06 W, 75, 100 %, 0x0000000000000004
2026/09/29 20:49:41.530, 1305 MHz, 6251 MHz, 71.94 W, 75, 100 %, 0x0000000000000004
2026/09/29 20:49:41.630, 1305 MHz, 6251 MHz, 71.83 W, 75, 100 %, 0x0000000000000004
2026/09/29 20:49:41.731, 1275 MHz, 6251 MHz, 72.46 W, 75, 100 %, 0x0000000000000004
2026/09/29 20:49:41.831, 1290 MHz, 6251 MHz, 72.95 W, 75, 100 %, 0x0000000000000004
2026/09/29 20:49:41.931, 1305 MHz, 6251 MHz, 72.71 W, 75, 100 %, 0x0000000000000004
2026/09/29 20:49:42.031, 1275 MHz, 6251 MHz, 72.77 W, 75, 100 %, 0x0000000000000004
2026/09/29 20:49:42.131, 1290 MHz, 6251 MHz, 72.59 W, 75, 100 %, 0x0000000000000004
2026/09/29 20:49:42.231, 1260 MHz, 6251 MHz, 72.63 W, 75, 100 %, 0x0000000000000004
2026/09/29 20:49:42.331, 1230 MHz, 6251 MHz, 72.34 W, 75, 100 %, 0x0000000000000004
2026/09/29 20:49:42.431, 1395 MHz, 6251 MHz, 72.20 W, 75, 100 %, 0x0000000000000004
2026/09/29 20:49:42.531, 1095 MHz, 6251 MHz, 73.87 W, 75, 75 %, 0x0000000000000004
2026/09/29 20:49:42.631, 1080 MHz, 6251 MHz, 74.13 W, 75, 75 %, 0x0000000000000004
2026/09/29 20:49:42.732, 1125 MHz, 6251 MHz, 74.34 W, 74, 100 %, 0x0000000000000004
2026/09/29 20:49:42.832, 1125 MHz, 6251 MHz, 73.97 W, 75, 100 %, 0x0000000000000004
2026/09/29 20:49:42.932, 1095 MHz, 6251 MHz, 73.99 W, 74, 100 %, 0x0000000000000004
2026/09/29 20:49:43.032, 1095 MHz, 6251 MHz, 73.87 W, 75, 100 %, 0x0000000000000004
2026/09/29 20:49:43.132, 1080 MHz, 6251 MHz, 73.56 W, 74, 100 %, 0x0000000000000004
2026/09/29 20:49:43.232, 1140 MHz, 6251 MHz, 73.44 W, 75, 100 %, 0x0000000000000004
2026/09/29 20:49:43.332, 1035 MHz, 6251 MHz, 73.54 W, 75, 100 %, 0x0000000000000004
2026/09/29 20:49:43.432, 1110 MHz, 6251 MHz, 73.44 W, 74, 100 %, 0x0000000000000004
2026/09/29 20:49:43.532, 1095 MHz, 6251 MHz, 73.54 W, 75, 100 %, 0x0000000000000004
2026/09/29 20:49:43.632, 1065 MHz, 6251 MHz, 72.10 W, 75, 100 %, 0x0000000000000004
2026/09/29 20:49:43.733, 1080 MHz, 6251 MHz, 72.04 W, 75, 100 %, 0x0000000000000004
2026/09/29 20:49:43.833, 1125 MHz, 6251 MHz, 72.14 W, 74, 100 %, 0x0000000000000004
2026/09/29 20:49:43.933, 1170 MHz, 6251 MHz, 72.11 W, 75, 100 %, 0x0000000000000004
2026/09/29 20:49:44.033, 1110 MHz, 6251 MHz, 72.18 W, 75, 100 %, 0x0000000000000004
2026/09/29 20:49:44.133, 1095 MHz, 6251 MHz, 72.16 W, 74, 100 %, 0x0000000000000004
2026/09/29 20:49:44.233, 1095 MHz, 6251 MHz, 72.25 W, 74, 100 %, 0x0000000000000004
2026/09/29 20:49:44.333, 1095 MHz, 6251 MHz, 72.29 W, 75, 100 %, 0x0000000000000004
2026/09/29 20:49:44.433, 1065 MHz, 6251 MHz, 72.10 W, 75, 100 %, 0x0000000000000004
2026/09/29 20:49:44.533, 1110 MHz, 6251 MHz, 72.20 W, 75, 100 %, 0x0000000000000004
2026/09/29 20:49:44.634, 1095 MHz, 6251 MHz, 72.36 W, 75, 100 %, 0x0000000000000004
2026/09/29 20:49:44.734, 1080 MHz, 6251 MHz, 72.37 W, 75, 100 %, 0x0000000000000004
2026/09/29 20:49:44.834, 1125 MHz, 6251 MHz, 72.38 W, 75, 100 %, 0x0000000000000004
2026/09/29 20:49:44.934, 1140 MHz, 6251 MHz, 72.44 W, 75, 100 %, 0x0000000000000004
2026/09/29 20:49:45.034, 1110 MHz, 6251 MHz, 72.50 W, 75, 100 %, 0x0000000000000004
2026/09/29 20:49:45.134, 1080 MHz, 6251 MHz, 72.38 W, 75, 100 %, 0x0000000000000004
2026/09/29 20:49:45.234, 1080 MHz, 6251 MHz, 72.18 W, 75, 100 %, 0x0000000000000004
2026/09/29 20:49:45.334, 1065 MHz, 6251 MHz, 72.08 W, 75, 100 %, 0x0000000000000004
2026/09/29 20:49:45.434, 1050 MHz, 6251 MHz, 72.10 W, 75, 100 %, 0x0000000000000004
2026/09/29 20:49:45.535, 1110 MHz, 6251 MHz, 72.05 W, 75, 100 %, 0x0000000000000004
2026/09/29 20:49:45.635, 1080 MHz, 6251 MHz, 72.36 W, 75, 100 %, 0x0000000000000004
2026/09/29 20:49:45.735, 1080 MHz, 6251 MHz, 72.32 W, 75, 100 %, 0x0000000000000004
2026/09/29 20:49:45.835, 1125 MHz, 6251 MHz, 72.21 W, 75, 100 %, 0x0000000000000004
2026/09/29 20:49:45.935, 1110 MHz, 6251 MHz, 72.21 W, 75, 100 %, 0x0000000000000004
2026/09/29 20:49:46.035, 1140 MHz, 6251 MHz, 72.32 W, 75, 100 %, 0x0000000000000004
2026/09/29 20:49:46.135, 1080 MHz, 6251 MHz, 72.38 W, 75, 100 %, 0x0000000000000004
2026/09/29 20:49:46.235, 1455 MHz, 6251 MHz, 72.33 W, 75, 100 %, 0x0000000000000004
2026/09/29 20:49:46.335, 1380 MHz, 6251 MHz, 68.89 W, 75, 74 %, 0x0000000000000004
2026/09/29 20:49:46.435, 1140 MHz, 6251 MHz, 69.76 W, 76, 74 %, 0x0000000000000004
2026/09/29 20:49:46.536, 1260 MHz, 6251 MHz, 69.26 W, 75, 100 %, 0x0000000000000004
2026/09/29 20:49:46.636, 1140 MHz, 6251 MHz, 69.90 W, 75, 100 %, 0x0000000000000004
2026/09/29 20:49:46.736, 1215 MHz, 6251 MHz, 69.24 W, 75, 100 %, 0x0000000000000004
2026/09/29 20:49:46.836, 1155 MHz, 6251 MHz, 69.55 W, 75, 100 %, 0x0000000000000004
2026/09/29 20:49:46.936, 1215 MHz, 6251 MHz, 69.19 W, 75, 100 %, 0x0000000000000004
2026/09/29 20:49:47.036, 1200 MHz, 6251 MHz, 69.68 W, 75, 100 %, 0x0000000000000004
2026/09/29 20:49:47.136, 1260 MHz, 6251 MHz, 69.29 W, 76, 100 %, 0x0000000000000004
2026/09/29 20:49:47.236, 1170 MHz, 6251 MHz, 69.29 W, 76, 100 %, 0x0000000000000004
2026/09/29 20:49:47.336, 1215 MHz, 6251 MHz, 72.97 W, 76, 100 %, 0x0000000000000004
2026/09/29 20:49:47.437, 1170 MHz, 6251 MHz, 71.80 W, 76, 100 %, 0x0000000000000004
2026/09/29 20:49:47.537, 1200 MHz, 6251 MHz, 72.54 W, 75, 100 %, 0x0000000000000004
2026/09/29 20:49:47.637, 1215 MHz, 6251 MHz, 72.08 W, 75, 100 %, 0x0000000000000004
2026/09/29 20:49:47.737, 1110 MHz, 6251 MHz, 72.54 W, 76, 100 %, 0x0000000000000004
2026/09/29 20:49:47.837, 1230 MHz, 6251 MHz, 72.68 W, 75, 100 %, 0x0000000000000004
2026/09/29 20:49:47.937, 1275 MHz, 6251 MHz, 73.23 W, 76, 100 %, 0x0000000000000004
2026/09/29 20:49:48.037, 1185 MHz, 6251 MHz, 72.64 W, 75, 100 %, 0x0000000000000004
2026/09/29 20:49:48.137, 1185 MHz, 6251 MHz, 72.79 W, 76, 100 %, 0x0000000000000004
2026/09/29 20:49:48.237, 1245 MHz, 6251 MHz, 72.96 W, 75, 100 %, 0x0000000000000004
2026/09/29 20:49:48.338, 1125 MHz, 6251 MHz, 72.93 W, 76, 100 %, 0x0000000000000004
2026/09/29 20:49:48.438, 1245 MHz, 6251 MHz, 73.03 W, 76, 100 %, 0x0000000000000004
2026/09/29 20:49:48.538, 1125 MHz, 6251 MHz, 72.97 W, 76, 100 %, 0x0000000000000004
2026/09/29 20:49:48.638, 1260 MHz, 6251 MHz, 73.37 W, 76, 100 %, 0x0000000000000004
2026/09/29 20:49:48.738, 1215 MHz, 6251 MHz, 73.01 W, 76, 100 %, 0x0000000000000004
2026/09/29 20:49:48.838, 1200 MHz, 6251 MHz, 73.15 W, 76, 100 %, 0x0000000000000004
2026/09/29 20:49:48.938, 1170 MHz, 6251 MHz, 72.64 W, 76, 100 %, 0x0000000000000004
2026/09/29 20:49:49.038, 1215 MHz, 6251 MHz, 72.78 W, 76, 100 %, 0x0000000000000004
2026/09/29 20:49:49.138, 1080 MHz, 6251 MHz, 72.23 W, 76, 100 %, 0x0000000000000004
2026/09/29 20:49:49.238, 1230 MHz, 6251 MHz, 72.67 W, 76, 100 %, 0x0000000000000004
2026/09/29 20:49:49.339, 1155 MHz, 6251 MHz, 72.01 W, 76, 100 %, 0x0000000000000004
2026/09/29 20:49:49.439, 1200 MHz, 6251 MHz, 72.67 W, 76, 100 %, 0x0000000000000004
2026/09/29 20:49:49.539, 1215 MHz, 6251 MHz, 72.24 W, 76, 100 %, 0x0000000000000004
2026/09/29 20:49:49.639, 1350 MHz, 6251 MHz, 73.13 W, 76, 100 %, 0x0000000000000004
2026/09/29 20:49:49.739, 1155 MHz, 6251 MHz, 72.14 W, 76, 100 %, 0x0000000000000004
2026/09/29 20:49:49.839, 1245 MHz, 6251 MHz, 72.86 W, 76, 100 %, 0x0000000000000004
2026/09/29 20:49:49.939, 1155 MHz, 6251 MHz, 72.44 W, 76, 100 %, 0x0000000000000004
2026/09/29 20:49:50.039, 1185 MHz, 6251 MHz, 72.73 W, 76, 100 %, 0x0000000000000004
2026/09/29 20:49:50.139, 1200 MHz, 6251 MHz, 72.40 W, 76, 100 %, 0x0000000000000004
2026/09/29 20:49:50.239, 1080 MHz, 6251 MHz, 72.43 W, 76, 100 %, 0x0000000000000004
2026/09/29 20:49:50.340, 1230 MHz, 6251 MHz, 72.36 W, 76, 100 %, 0x0000000000000004
2026/09/29 20:49:50.440, 1320 MHz, 6251 MHz, 74.02 W, 74, 100 %, 0x0000000000000004
2026/09/29 20:49:50.540, 1410 MHz, 6251 MHz, 73.18 W, 76, 100 %, 0x0000000000000004
2026/09/29 20:49:50.640, 1335 MHz, 6251 MHz, 73.35 W, 76, 100 %, 0x0000000000000004
2026/09/29 20:49:50.740, 1230 MHz, 6251 MHz, 72.74 W, 76, 100 %, 0x0000000000000004
2026/09/29 20:49:50.840, 1185 MHz, 6251 MHz, 73.03 W, 76, 100 %, 0x0000000000000004
2026/09/29 20:49:50.940, 1305 MHz, 6251 MHz, 73.03 W, 76, 100 %, 0x0000000000000004
2026/09/29 20:49:51.040, 1260 MHz, 6251 MHz, 73.55 W, 76, 100 %, 0x0000000000000004
2026/09/29 20:49:51.140, 1290 MHz, 6251 MHz, 73.18 W, 76, 100 %, 0x0000000000000004
2026/09/29 20:49:51.241, 1200 MHz, 6251 MHz, 72.69 W, 76, 100 %, 0x0000000000000004
2026/09/29 20:49:51.341, 1200 MHz, 6251 MHz, 73.06 W, 76, 100 %, 0x0000000000000004
2026/09/29 20:49:51.441, 1140 MHz, 6251 MHz, 72.49 W, 76, 100 %, 0x0000000000000004
2026/09/29 20:49:51.541, 1275 MHz, 6251 MHz, 72.03 W, 76, 100 %, 0x0000000000000004
2026/09/29 20:49:51.641, 1290 MHz, 6251 MHz, 72.83 W, 76, 100 %, 0x0000000000000004
2026/09/29 20:49:51.741, 1260 MHz, 6251 MHz, 72.33 W, 76, 100 %, 0x0000000000000004
2026/09/29 20:49:51.841, 1200 MHz, 6251 MHz, 72.04 W, 76, 100 %, 0x0000000000000004
2026/09/29 20:49:51.941, 1230 MHz, 6251 MHz, 72.01 W, 76, 100 %, 0x0000000000000004
2026/09/29 20:49:52.041, 1155 MHz, 6251 MHz, 71.46 W, 76, 100 %, 0x0000000000000004
2026/09/29 20:49:52.141, 1275 MHz, 6251 MHz, 71.86 W, 76, 100 %, 0x0000000000000004
2026/09/29 20:49:52.242, 1260 MHz, 6251 MHz, 72.11 W, 77, 100 %, 0x0000000000000004
2026/09/29 20:49:52.342, 1245 MHz, 6251 MHz, 72.16 W, 76, 100 %, 0x0000000000000004
2026/09/29 20:49:52.442, 1230 MHz, 6251 MHz, 72.27 W, 76, 100 %, 0x0000000000000004
2026/09/29 20:49:52.542, 1410 MHz, 6251 MHz, 73.25 W, 76, 100 %, 0x0000000000000004
2026/09/29 20:49:52.642, 1305 MHz, 6251 MHz, 72.47 W, 76, 100 %, 0x0000000000000004
2026/09/29 20:49:52.742, 1215 MHz, 6251 MHz, 71.60 W, 76, 100 %, 0x0000000000000004
2026/09/29 20:49:52.842, 1245 MHz, 6251 MHz, 71.74 W, 76, 100 %, 0x0000000000000004
2026/09/29 20:49:52.942, 1140 MHz, 6251 MHz, 72.06 W, 76, 100 %, 0x0000000000000004
2026/09/29 20:49:53.043, 1275 MHz, 6251 MHz, 72.54 W, 77, 100 %, 0x0000000000000004
2026/09/29 20:49:53.143, 1260 MHz, 6251 MHz, 73.01 W, 77, 100 %, 0x0000000000000004
2026/09/29 20:49:53.243, 1260 MHz, 6251 MHz, 72.11 W, 76, 100 %, 0x0000000000000004
2026/09/29 20:49:53.343, 1155 MHz, 6251 MHz, 71.26 W, 76, 100 %, 0x0000000000000004
2026/09/29 20:49:53.443, 1185 MHz, 6251 MHz, 71.62 W, 76, 100 %, 0x0000000000000004
2026/09/29 20:49:53.543, 1230 MHz, 6251 MHz, 71.93 W, 77, 100 %, 0x0000000000000004
2026/09/29 20:49:53.643, 1260 MHz, 6251 MHz, 71.79 W, 77, 100 %, 0x0000000000000004
2026/09/29 20:49:53.744, 1320 MHz, 6251 MHz, 72.12 W, 77, 100 %, 0x0000000000000004
2026/09/29 20:49:53.844, 1260 MHz, 6251 MHz, 72.30 W, 77, 100 %, 0x0000000000000004
2026/09/29 20:49:53.944, 1200 MHz, 6251 MHz, 72.05 W, 76, 100 %, 0x0000000000000004
2026/09/29 20:49:54.044, 1185 MHz, 6251 MHz, 71.94 W, 76, 100 %, 0x0000000000000004
2026/09/29 20:49:54.144, 1215 MHz, 6251 MHz, 71.69 W, 76, 100 %, 0x0000000000000004
2026/09/29 20:49:54.244, 1245 MHz, 6251 MHz, 71.81 W, 77, 100 %, 0x0000000000000004
2026/09/29 20:49:54.344, 1260 MHz, 6251 MHz, 71.78 W, 77, 100 %, 0x0000000000000004
2026/09/29 20:49:54.444, 1260 MHz, 6251 MHz, 71.90 W, 76, 100 %, 0x0000000000000004
2026/09/29 20:49:54.544, 1440 MHz, 6251 MHz, 72.99 W, 76, 100 %, 0x0000000000000004
2026/09/29 20:49:54.645, 1335 MHz, 6251 MHz, 73.46 W, 77, 100 %, 0x0000000000000004
2026/09/29 20:49:54.745, 1245 MHz, 6251 MHz, 72.31 W, 77, 100 %, 0x0000000000000004
2026/09/29 20:49:54.845, 1215 MHz, 6251 MHz, 71.68 W, 76, 100 %, 0x0000000000000004
2026/09/29 20:49:54.945, 1215 MHz, 6251 MHz, 71.92 W, 76, 100 %, 0x0000000000000004
2026/09/29 20:49:55.045, 1185 MHz, 6251 MHz, 72.36 W, 76, 100 %, 0x0000000000000004
2026/09/29 20:49:55.145, 1275 MHz, 6251 MHz, 73.26 W, 77, 100 %, 0x0000000000000004
2026/09/29 20:49:55.245, 1260 MHz, 6251 MHz, 73.34 W, 77, 100 %, 0x0000000000000004
2026/09/29 20:49:55.345, 1140 MHz, 6251 MHz, 71.93 W, 76, 100 %, 0x0000000000000004
2026/09/29 20:49:55.446, 1245 MHz, 6251 MHz, 72.08 W, 77, 100 %, 0x0000000000000004
2026/09/29 20:49:55.546, 1155 MHz, 6251 MHz, 72.59 W, 77, 100 %, 0x0000000000000004
2026/09/29 20:49:55.646, 1290 MHz, 6251 MHz, 72.10 W, 77, 100 %, 0x0000000000000004
2026/09/29 20:49:55.746, 1260 MHz, 6251 MHz, 71.83 W, 77, 100 %, 0x0000000000000004
2026/09/29 20:49:55.846, 1290 MHz, 6251 MHz, 72.14 W, 77, 100 %, 0x0000000000000004
2026/09/29 20:49:55.946, 1215 MHz, 6251 MHz, 71.88 W, 77, 100 %, 0x0000000000000004
2026/09/29 20:49:56.046, 1290 MHz, 6251 MHz, 71.91 W, 77, 100 %, 0x0000000000000004
2026/09/29 20:49:56.147, 1200 MHz, 6251 MHz, 71.82 W, 76, 100 %, 0x0000000000000004
2026/09/29 20:49:56.247, 1200 MHz, 6251 MHz, 71.29 W, 77, 100 %, 0x0000000000000004
2026/09/29 20:49:56.347, 1215 MHz, 6251 MHz, 71.02 W, 77, 100 %, 0x0000000000000004
2026/09/29 20:49:56.447, 1215 MHz, 6251 MHz, 70.91 W, 77, 100 %, 0x0000000000000004
2026/09/29 20:49:56.547, 1395 MHz, 6251 MHz, 71.71 W, 77, 100 %, 0x0000000000000004
2026/09/29 20:49:56.647, 1320 MHz, 6251 MHz, 72.60 W, 77, 100 %, 0x0000000000000004
2026/09/29 20:49:56.747, 1260 MHz, 6251 MHz, 71.68 W, 77, 100 %, 0x0000000000000004
2026/09/29 20:49:56.848, 1215 MHz, 6251 MHz, 70.89 W, 77, 100 %, 0x0000000000000004
2026/09/29 20:49:56.948, 1245 MHz, 6251 MHz, 70.92 W, 77, 100 %, 0x0000000000000004
2026/09/29 20:49:57.048, 1140 MHz, 6251 MHz, 71.35 W, 77, 100 %, 0x0000000000000004
2026/09/29 20:49:57.148, 1305 MHz, 6251 MHz, 71.94 W, 77, 100 %, 0x0000000000000004
2026/09/29 20:49:57.248, 1245 MHz, 6251 MHz, 72.13 W, 77, 100 %, 0x0000000000000004
2026/09/29 20:49:57.348, 1245 MHz, 6251 MHz, 71.43 W, 77, 100 %, 0x0000000000000004
2026/09/29 20:49:57.448, 1245 MHz, 6251 MHz, 71.19 W, 76, 100 %, 0x0000000000000004
2026/09/29 20:49:57.548, 1215 MHz, 6251 MHz, 72.15 W, 77, 100 %, 0x0000000000000004
2026/09/29 20:49:57.649, 1185 MHz, 6251 MHz, 71.46 W, 77, 100 %, 0x0000000000000004
2026/09/29 20:49:57.749, 1275 MHz, 6251 MHz, 71.27 W, 77, 100 %, 0x0000000000000004
2026/09/29 20:49:57.849, 1275 MHz, 6251 MHz, 72.01 W, 77, 100 %, 0x0000000000000004
2026/09/29 20:49:57.949, 1260 MHz, 6251 MHz, 72.09 W, 77, 100 %, 0x0000000000000004
2026/09/29 20:49:58.049, 1200 MHz, 6251 MHz, 71.77 W, 77, 100 %, 0x0000000000000004
2026/09/29 20:49:58.149, 1245 MHz, 6251 MHz, 71.85 W, 77, 100 %, 0x0000000000000004
2026/09/29 20:49:58.249, 1065 MHz, 6251 MHz, 71.14 W, 77, 100 %, 0x0000000000000004
2026/09/29 20:49:58.349, 1245 MHz, 6251 MHz, 71.65 W, 77, 100 %, 0x0000000000000004
2026/09/29 20:49:58.450, 1245 MHz, 6251 MHz, 71.06 W, 77, 100 %, 0x0000000000000004
2026/09/29 20:49:58.550, 1305 MHz, 6251 MHz, 71.61 W, 77, 100 %, 0x0000000000000004
2026/09/29 20:49:58.650, 1305 MHz, 6251 MHz, 72.36 W, 77, 100 %, 0x0000000000000004
2026/09/29 20:49:58.750, 1275 MHz, 6251 MHz, 72.30 W, 77, 100 %, 0x0000000000000004
2026/09/29 20:49:58.850, 1155 MHz, 6251 MHz, 70.86 W, 77, 100 %, 0x0000000000000004
2026/09/29 20:49:58.950, 1260 MHz, 6251 MHz, 70.52 W, 77, 100 %, 0x0000000000000004
2026/09/29 20:49:59.050, 1140 MHz, 6251 MHz, 70.62 W, 77, 100 %, 0x0000000000000004
2026/09/29 20:49:59.151, 1305 MHz, 6251 MHz, 71.65 W, 77, 100 %, 0x0000000000000004
2026/09/29 20:49:59.251, 1245 MHz, 6251 MHz, 71.66 W, 77, 100 %, 0x0000000000000004
2026/09/29 20:49:59.351, 1245 MHz, 6251 MHz, 71.34 W, 77, 100 %, 0x0000000000000004
2026/09/29 20:49:59.451, 1230 MHz, 6251 MHz, 70.37 W, 77, 100 %, 0x0000000000000004
2026/09/29 20:49:59.551, 1215 MHz, 6251 MHz, 71.45 W, 77, 100 %, 0x0000000000000004
2026/09/29 20:49:59.651, 1185 MHz, 6251 MHz, 71.07 W, 77, 100 %, 0x0000000000000004
2026/09/29 20:49:59.751, 1275 MHz, 6251 MHz, 70.96 W, 77, 100 %, 0x0000000000000004
2026/09/29 20:49:59.851, 1290 MHz, 6251 MHz, 71.41 W, 78, 100 %, 0x0000000000000004
2026/09/29 20:49:59.951, 1260 MHz, 6251 MHz, 72.00 W, 77, 100 %, 0x0000000000000004
2026/09/29 20:50:00.052, 1200 MHz, 6251 MHz, 71.66 W, 77, 100 %, 0x0000000000000004
2026/09/29 20:50:00.152, 1230 MHz, 6251 MHz, 71.67 W, 77, 100 %, 0x0000000000000004
2026/09/29 20:50:00.252, 1065 MHz, 6251 MHz, 70.88 W, 77, 100 %, 0x0000000000000004
2026/09/29 20:50:00.352, 1260 MHz, 6251 MHz, 71.49 W, 77, 100 %, 0x0000000000000004
2026/09/29 20:50:00.452, 1185 MHz, 6251 MHz, 72.66 W, 76, 100 %, 0x0000000000000004
2026/09/29 20:50:00.552, 1110 MHz, 6251 MHz, 73.17 W, 77, 100 %, 0x0000000000000004
2026/09/29 20:50:00.652, 1065 MHz, 6251 MHz, 73.03 W, 77, 100 %, 0x0000000000000004
2026/09/29 20:50:00.752, 1080 MHz, 6251 MHz, 73.05 W, 77, 100 %, 0x0000000000000004
2026/09/29 20:50:00.852, 1095 MHz, 6251 MHz, 72.53 W, 77, 100 %, 0x0000000000000004
2026/09/29 20:50:00.953, 1125 MHz, 6251 MHz, 71.92 W, 77, 100 %, 0x0000000000000004
2026/09/29 20:50:01.053, 1080 MHz, 6251 MHz, 72.12 W, 77, 100 %, 0x0000000000000004
2026/09/29 20:50:01.153, 1035 MHz, 6251 MHz, 72.69 W, 77, 100 %, 0x0000000000000004
2026/09/29 20:50:01.253, 1005 MHz, 6251 MHz, 72.69 W, 77, 100 %, 0x0000000000000004
2026/09/29 20:50:01.353, 1080 MHz, 6251 MHz, 72.69 W, 77, 100 %, 0x0000000000000004
2026/09/29 20:50:01.453, 1110 MHz, 6251 MHz, 72.21 W, 77, 100 %, 0x0000000000000004
2026/09/29 20:50:01.553, 1125 MHz, 6251 MHz, 71.52 W, 77, 100 %, 0x0000000000000004
2026/09/29 20:50:01.653, 1125 MHz, 6251 MHz, 71.18 W, 77, 100 %, 0x0000000000000004
2026/09/29 20:50:01.753, 1095 MHz, 6251 MHz, 71.51 W, 77, 100 %, 0x0000000000000004
2026/09/29 20:50:01.853, 1110 MHz, 6251 MHz, 71.76 W, 77, 100 %, 0x0000000000000004
2026/09/29 20:50:01.954, 1125 MHz, 6251 MHz, 71.46 W, 77, 100 %, 0x0000000000000004
2026/09/29 20:50:02.054, 1125 MHz, 6251 MHz, 71.99 W, 77, 100 %, 0x0000000000000004
2026/09/29 20:50:02.154, 1080 MHz, 6251 MHz, 72.31 W, 77, 100 %, 0x0000000000000004
2026/09/29 20:50:02.254, 1005 MHz, 6251 MHz, 71.85 W, 77, 100 %, 0x0000000000000004
2026/09/29 20:50:02.354, 1095 MHz, 6251 MHz, 71.74 W, 77, 100 %, 0x0000000000000004
2026/09/29 20:50:02.454, 1110 MHz, 6251 MHz, 71.98 W, 77, 100 %, 0x0000000000000004
2026/09/29 20:50:02.554, 1095 MHz, 6251 MHz, 72.09 W, 77, 100 %, 0x0000000000000004
2026/09/29 20:50:02.654, 1080 MHz, 6251 MHz, 71.93 W, 77, 100 %, 0x0000000000000004
2026/09/29 20:50:02.754, 1080 MHz, 6251 MHz, 72.04 W, 77, 100 %, 0x0000000000000004
2026/09/29 20:50:02.855, 1110 MHz, 6251 MHz, 72.12 W, 77, 100 %, 0x0000000000000004
2026/09/29 20:50:02.955, 1080 MHz, 6251 MHz, 71.74 W, 78, 100 %, 0x0000000000000004
2026/09/29 20:50:03.055, 1095 MHz, 6251 MHz, 71.99 W, 77, 100 %, 0x0000000000000004
2026/09/29 20:50:03.155, 1065 MHz, 6251 MHz, 71.82 W, 77, 100 %, 0x0000000000000004
2026/09/29 20:50:03.255, 1020 MHz, 6251 MHz, 71.34 W, 77, 100 %, 0x0000000000000004
2026/09/29 20:50:03.355, 1125 MHz, 6251 MHz, 71.65 W, 77, 100 %, 0x0000000000000004
2026/09/29 20:50:03.455, 1080 MHz, 6251 MHz, 72.21 W, 77, 100 %, 0x0000000000000004
2026/09/29 20:50:03.555, 1080 MHz, 6251 MHz, 72.30 W, 78, 99 %, 0x0000000000000004
2026/09/29 20:50:03.655, 1020 MHz, 6251 MHz, 71.95 W, 78, 99 %, 0x0000000000000004
2026/09/29 20:50:03.755, 1125 MHz, 6251 MHz, 72.15 W, 77, 100 %, 0x0000000000000004
2026/09/29 20:50:03.856, 1140 MHz, 6251 MHz, 72.62 W, 77, 100 %, 0x0000000000000004
2026/09/29 20:50:03.956, 990 MHz, 6251 MHz, 72.17 W, 77, 100 %, 0x0000000000000004
2026/09/29 20:50:04.056, 1140 MHz, 6251 MHz, 72.35 W, 77, 100 %, 0x0000000000000004
2026/09/29 20:50:04.156, 1095 MHz, 6251 MHz, 72.65 W, 77, 100 %, 0x0000000000000004
2026/09/29 20:50:04.256, 1050 MHz, 6251 MHz, 72.38 W, 77, 100 %, 0x0000000000000004
2026/09/29 20:50:04.356, 1110 MHz, 6251 MHz, 72.48 W, 77, 100 %, 0x0000000000000004
2026/09/29 20:50:04.456, 1125 MHz, 6251 MHz, 72.47 W, 77, 100 %, 0x0000000000000004
2026/09/29 20:50:04.556, 1080 MHz, 6251 MHz, 72.37 W, 78, 100 %, 0x0000000000000004
2026/09/29 20:50:04.656, 1035 MHz, 6251 MHz, 71.93 W, 78, 100 %, 0x0000000000000004
2026/09/29 20:50:04.757, 1080 MHz, 6251 MHz, 72.10 W, 77, 100 %, 0x0000000000000004
2026/09/29 20:50:04.857, 1080 MHz, 6251 MHz, 72.19 W, 78, 100 %, 0x0000000000000004
2026/09/29 20:50:04.957, 1020 MHz, 6251 MHz, 71.59 W, 78, 100 %, 0x0000000000000004
2026/09/29 20:50:05.057, 1125 MHz, 6251 MHz, 71.84 W, 77, 100 %, 0x0000000000000004
2026/09/29 20:50:05.157, 1095 MHz, 6251 MHz, 71.93 W, 78, 99 %, 0x0000000000000004
2026/09/29 20:50:05.257, 1110 MHz, 6251 MHz, 71.71 W, 78, 99 %, 0x0000000000000004
2026/09/29 20:50:05.357, 1080 MHz, 6251 MHz, 71.74 W, 78, 100 %, 0x0000000000000004
2026/09/29 20:50:05.457, 1095 MHz, 6251 MHz, 71.78 W, 77, 100 %, 0x0000000000000004
2026/09/29 20:50:05.557, 1125 MHz, 6251 MHz, 72.20 W, 78, 100 %, 0x0000000000000004
2026/09/29 20:50:05.657, 975 MHz, 6251 MHz, 71.82 W, 77, 100 %, 0x0000000000000004
2026/09/29 20:50:05.758, 1140 MHz, 6251 MHz, 72.25 W, 77, 100 %, 0x0000000000000004
2026/09/29 20:50:05.858, 1110 MHz, 6251 MHz, 72.61 W, 77, 100 %, 0x0000000000000004
2026/09/29 20:50:05.958, 1020 MHz, 6251 MHz, 72.26 W, 77, 100 %, 0x0000000000000004
2026/09/29 20:50:06.058, 1110 MHz, 6251 MHz, 72.26 W, 78, 100 %, 0x0000000000000004
2026/09/29 20:50:06.158, 1125 MHz, 6251 MHz, 72.36 W, 77, 100 %, 0x0000000000000004
2026/09/29 20:50:06.258, 1110 MHz, 6251 MHz, 72.48 W, 78, 100 %, 0x0000000000000004
2026/09/29 20:50:06.358, 1035 MHz, 6251 MHz, 72.05 W, 77, 100 %, 0x0000000000000004
2026/09/29 20:50:06.458, 1065 MHz, 6251 MHz, 72.14 W, 78, 100 %, 0x0000000000000004
2026/09/29 20:50:06.558, 1080 MHz, 6251 MHz, 72.45 W, 78, 100 %, 0x0000000000000004
2026/09/29 20:50:06.659, 960 MHz, 6251 MHz, 71.80 W, 78, 100 %, 0x0000000000000004
2026/09/29 20:50:06.759, 1095 MHz, 6251 MHz, 71.74 W, 78, 100 %, 0x0000000000000004
2026/09/29 20:50:06.859, 1065 MHz, 6251 MHz, 71.57 W, 78, 100 %, 0x0000000000000004
2026/09/29 20:50:06.959, 1110 MHz, 6251 MHz, 71.35 W, 78, 100 %, 0x0000000000000004
2026/09/29 20:50:07.059, 1110 MHz, 6251 MHz, 71.43 W, 78, 100 %, 0x0000000000000004
2026/09/29 20:50:07.159, 1065 MHz, 6251 MHz, 71.60 W, 77, 100 %, 0x0000000000000004
2026/09/29 20:50:07.259, 1065 MHz, 6251 MHz, 71.95 W, 78, 100 %, 0x0000000000000004
2026/09/29 20:50:07.359, 1065 MHz, 6251 MHz, 71.54 W, 78, 100 %, 0x0000000000000004
2026/09/29 20:50:07.459, 1110 MHz, 6251 MHz, 71.75 W, 78, 100 %, 0x0000000000000004
2026/09/29 20:50:07.559, 1035 MHz, 6251 MHz, 71.84 W, 77, 100 %, 0x0000000000000004
2026/09/29 20:50:07.660, 1125 MHz, 6251 MHz, 71.53 W, 78, 100 %, 0x0000000000000004
2026/09/29 20:50:07.760, 1095 MHz, 6251 MHz, 71.46 W, 77, 100 %, 0x0000000000000004
2026/09/29 20:50:07.860, 1050 MHz, 6251 MHz, 71.82 W, 78, 100 %, 0x0000000000000004
2026/09/29 20:50:07.960, 1140 MHz, 6251 MHz, 72.15 W, 78, 100 %, 0x0000000000000004
2026/09/29 20:50:08.060, 1080 MHz, 6251 MHz, 71.65 W, 78, 100 %, 0x0000000000000004
2026/09/29 20:50:08.160, 1080 MHz, 6251 MHz, 71.89 W, 78, 100 %, 0x0000000000000004
2026/09/29 20:50:08.260, 1470 MHz, 6251 MHz, 71.61 W, 78, 100 %, 0x0000000000000004
2026/09/29 20:50:08.360, 1320 MHz, 6251 MHz, 71.51 W, 78, 100 %, 0x0000000000000004
2026/09/29 20:50:08.460, 1260 MHz, 6251 MHz, 72.30 W, 78, 100 %, 0x0000000000000004
2026/09/29 20:50:08.561, 1215 MHz, 6251 MHz, 72.40 W, 78, 100 %, 0x0000000000000004
2026/09/29 20:50:08.661, 1260 MHz, 6251 MHz, 72.29 W, 78, 100 %, 0x0000000000000004
2026/09/29 20:50:08.761, 1260 MHz, 6251 MHz, 72.09 W, 78, 100 %, 0x0000000000000004
2026/09/29 20:50:08.861, 1245 MHz, 6251 MHz, 71.94 W, 78, 100 %, 0x0000000000000004
2026/09/29 20:50:08.961, 1155 MHz, 6251 MHz, 71.39 W, 78, 100 %, 0x0000000000000004
2026/09/29 20:50:09.061, 1155 MHz, 6251 MHz, 71.82 W, 78, 100 %, 0x0000000000000004
2026/09/29 20:50:09.161, 1110 MHz, 6251 MHz, 72.10 W, 78, 100 %, 0x0000000000000004
2026/09/29 20:50:09.261, 1185 MHz, 6251 MHz, 72.39 W, 78, 100 %, 0x0000000000000004
2026/09/29 20:50:09.361, 1185 MHz, 6251 MHz, 72.98 W, 78, 100 %, 0x0000000000000004
2026/09/29 20:50:09.462, 1200 MHz, 6251 MHz, 72.92 W, 78, 100 %, 0x0000000000000004
2026/09/29 20:50:09.562, 1215 MHz, 6251 MHz, 72.37 W, 79, 100 %, 0x0000000000000004
2026/09/29 20:50:09.662, 1260 MHz, 6251 MHz, 72.25 W, 78, 100 %, 0x0000000000000004
2026/09/29 20:50:09.762, 1245 MHz, 6251 MHz, 71.98 W, 78, 100 %, 0x0000000000000004
2026/09/29 20:50:09.862, 1245 MHz, 6251 MHz, 71.77 W, 78, 100 %, 0x0000000000000004
2026/09/29 20:50:09.962, 1215 MHz, 6251 MHz, 71.77 W, 78, 100 %, 0x0000000000000004
2026/09/29 20:50:10.062, 1335 MHz, 6251 MHz, 71.13 W, 78, 100 %, 0x0000000000000004
2026/09/29 20:50:10.162, 1320 MHz, 6251 MHz, 70.06 W, 78, 100 %, 0x0000000000000004
2026/09/29 20:50:10.262, 1215 MHz, 6251 MHz, 69.77 W, 79, 100 %, 0x0000000000000004
2026/09/29 20:50:10.362, 1245 MHz, 6251 MHz, 69.07 W, 78, 100 %, 0x0000000000000004
2026/09/29 20:50:10.463, 1230 MHz, 6251 MHz, 68.28 W, 79, 100 %, 0x0000000000000004
2026/09/29 20:50:10.563, 1140 MHz, 6251 MHz, 67.73 W, 78, 100 %, 0x0000000000000004
2026/09/29 20:50:10.663, 1185 MHz, 6251 MHz, 68.23 W, 78, 100 %, 0x0000000000000004
2026/09/29 20:50:10.763, 1185 MHz, 6251 MHz, 68.65 W, 79, 100 %, 0x0000000000000004
2026/09/29 20:50:10.863, 1185 MHz, 6251 MHz, 69.30 W, 79, 100 %, 0x0000000000000004
2026/09/29 20:50:10.963, 1170 MHz, 6251 MHz, 69.81 W, 79, 100 %, 0x0000000000000004
2026/09/29 20:50:11.063, 1215 MHz, 6251 MHz, 70.51 W, 78, 100 %, 0x0000000000000004
2026/09/29 20:50:11.163, 1200 MHz, 6251 MHz, 71.56 W, 78, 100 %, 0x0000000000000004
2026/09/29 20:50:11.263, 1260 MHz, 6251 MHz, 71.84 W, 79, 100 %, 0x0000000000000004
2026/09/29 20:50:11.364, 1245 MHz, 6251 MHz, 71.95 W, 78, 100 %, 0x0000000000000004
2026/09/29 20:50:11.464, 1260 MHz, 6251 MHz, 72.01 W, 79, 100 %, 0x0000000000000004
2026/09/29 20:50:11.564, 1155 MHz, 6251 MHz, 72.03 W, 79, 100 %, 0x0000000000000004
2026/09/29 20:50:11.664, 1155 MHz, 6251 MHz, 72.93 W, 79, 100 %, 0x0000000000000004
2026/09/29 20:50:11.764, 1200 MHz, 6251 MHz, 72.44 W, 79, 99 %, 0x0000000000000004
2026/09/29 20:50:11.864, 1395 MHz, 6251 MHz, 71.33 W, 78, 99 %, 0x0000000000000004
2026/09/29 20:50:11.964, 1245 MHz, 6251 MHz, 70.88 W, 78, 100 %, 0x0000000000000004
2026/09/29 20:50:12.064, 1110 MHz, 6251 MHz, 70.46 W, 79, 100 %, 0x0000000000000004
2026/09/29 20:50:12.164, 1185 MHz, 6251 MHz, 70.48 W, 79, 100 %, 0x0000000000000004
2026/09/29 20:50:12.264, 1185 MHz, 6251 MHz, 70.77 W, 79, 100 %, 0x0000000000000004
2026/09/29 20:50:12.365, 1185 MHz, 6251 MHz, 71.37 W, 79, 100 %, 0x0000000000000004
2026/09/29 20:50:12.465, 1185 MHz, 6251 MHz, 71.73 W, 79, 100 %, 0x0000000000000004
2026/09/29 20:50:12.565, 1215 MHz, 6251 MHz, 72.27 W, 79, 100 %, 0x0000000000000004
2026/09/29 20:50:12.665, 1200 MHz, 6251 MHz, 72.44 W, 78, 100 %, 0x0000000000000004
2026/09/29 20:50:12.765, 1245 MHz, 6251 MHz, 71.65 W, 79, 100 %, 0x0000000000000004
2026/09/29 20:50:12.865, 1230 MHz, 6251 MHz, 71.26 W, 78, 100 %, 0x0000000000000004
2026/09/29 20:50:12.965, 1260 MHz, 6251 MHz, 71.62 W, 79, 100 %, 0x0000000000000004
2026/09/29 20:50:13.065, 1185 MHz, 6251 MHz, 71.17 W, 79, 100 %, 0x0000000000000004
2026/09/29 20:50:13.165, 1215 MHz, 6251 MHz, 71.87 W, 79, 100 %, 0x0000000000000004
2026/09/29 20:50:13.266, 1185 MHz, 6251 MHz, 71.87 W, 79, 100 %, 0x0000000000000004
2026/09/29 20:50:13.366, 1185 MHz, 6251 MHz, 71.98 W, 79, 100 %, 0x0000000000000004
2026/09/29 20:50:13.466, 1200 MHz, 6251 MHz, 71.56 W, 79, 100 %, 0x0000000000000004
2026/09/29 20:50:13.566, 1245 MHz, 6251 MHz, 71.82 W, 79, 100 %, 0x0000000000000004
2026/09/29 20:50:13.666, 1200 MHz, 6251 MHz, 70.84 W, 79, 100 %, 0x0000000000000004
2026/09/29 20:50:13.766, 1110 MHz, 6251 MHz, 71.67 W, 79, 100 %, 0x0000000000000004
2026/09/29 20:50:13.866, 1185 MHz, 6251 MHz, 72.05 W, 79, 100 %, 0x0000000000000004
2026/09/29 20:50:13.966, 1185 MHz, 6251 MHz, 72.82 W, 79, 100 %, 0x0000000000000004
2026/09/29 20:50:14.066, 1215 MHz, 6251 MHz, 73.51 W, 79, 100 %, 0x0000000000000004
2026/09/29 20:50:14.166, 1260 MHz, 6251 MHz, 74.00 W, 79, 100 %, 0x0000000000000004
2026/09/29 20:50:14.267, 1230 MHz, 6251 MHz, 73.76 W, 79, 100 %, 0x0000000000000004
2026/09/29 20:50:14.367, 1230 MHz, 6251 MHz, 73.07 W, 79, 100 %, 0x0000000000000004
2026/09/29 20:50:14.467, 1215 MHz, 6251 MHz, 71.98 W, 79, 100 %, 0x0000000000000004
2026/09/29 20:50:14.567, 1230 MHz, 6251 MHz, 71.54 W, 79, 100 %, 0x0000000000000004
2026/09/29 20:50:14.667, 1170 MHz, 6251 MHz, 70.56 W, 79, 100 %, 0x0000000000000004
2026/09/29 20:50:14.767, 1200 MHz, 6251 MHz, 71.73 W, 79, 100 %, 0x0000000000000004
2026/09/29 20:50:14.867, 1185 MHz, 6251 MHz, 71.65 W, 79, 100 %, 0x0000000000000004
2026/09/29 20:50:14.967, 1170 MHz, 6251 MHz, 71.72 W, 79, 100 %, 0x0000000000000004
2026/09/29 20:50:15.067, 1200 MHz, 6251 MHz, 71.47 W, 79, 100 %, 0x0000000000000004
2026/09/29 20:50:15.168, 1230 MHz, 6251 MHz, 71.23 W, 79, 100 %, 0x0000000000000004
2026/09/29 20:50:15.268, 1275 MHz, 6251 MHz, 71.38 W, 79, 100 %, 0x0000000000000004
2026/09/29 20:50:15.368, 1200 MHz, 6251 MHz, 72.12 W, 79, 100 %, 0x0000000000000004
2026/09/29 20:50:15.468, 1185 MHz, 6251 MHz, 73.02 W, 79, 100 %, 0x0000000000000004
2026/09/29 20:50:15.568, 1170 MHz, 6251 MHz, 74.06 W, 80, 100 %, 0x0000000000000004
2026/09/29 20:50:15.668, 1200 MHz, 6251 MHz, 74.29 W, 79, 100 %, 0x0000000000000004
2026/09/29 20:50:15.768, 1245 MHz, 6251 MHz, 74.89 W, 79, 100 %, 0x0000000000000004
2026/09/29 20:50:15.868, 1245 MHz, 6251 MHz, 74.12 W, 79, 100 %, 0x0000000000000004
2026/09/29 20:50:15.968, 1230 MHz, 6251 MHz, 73.08 W, 79, 100 %, 0x0000000000000004
2026/09/29 20:50:16.068, 1230 MHz, 6251 MHz, 72.42 W, 79, 100 %, 0x0000000000000004
2026/09/29 20:50:16.169, 1200 MHz, 6251 MHz, 72.36 W, 79, 100 %, 0x0000000000000004
2026/09/29 20:50:16.269, 1170 MHz, 6251 MHz, 72.49 W, 79, 100 %, 0x0000000000000004
2026/09/29 20:50:16.369, 1230 MHz, 6251 MHz, 72.90 W, 79, 100 %, 0x0000000000000004
2026/09/29 20:50:16.469, 1185 MHz, 6251 MHz, 72.42 W, 80, 100 %, 0x0000000000000004
2026/09/29 20:50:16.569, 1185 MHz, 6251 MHz, 72.16 W, 79, 100 %, 0x0000000000000004
2026/09/29 20:50:16.669, 1200 MHz, 6251 MHz, 71.71 W, 79, 100 %, 0x0000000000000004
2026/09/29 20:50:16.769, 1260 MHz, 6251 MHz, 71.90 W, 79, 100 %, 0x0000000000000004
2026/09/29 20:50:16.869, 1215 MHz, 6251 MHz, 71.49 W, 79, 100 %, 0x0000000000000004
2026/09/29 20:50:16.969, 1695 MHz, 6251 MHz, 69.26 W, 79, 76 %, 0x0000000000000004
2026/09/29 20:50:17.070, 705 MHz, 6251 MHz, 70.40 W, 80, 76 %, 0x0000000000000004
2026/09/29 20:50:17.170, 930 MHz, 6251 MHz, 69.88 W, 78, 100 %, 0x0000000000000004
2026/09/29 20:50:17.270, 1170 MHz, 6251 MHz, 70.72 W, 78, 100 %, 0x0000000000000004
2026/09/29 20:50:17.370, 1095 MHz, 6251 MHz, 70.55 W, 78, 100 %, 0x0000000000000004
2026/09/29 20:50:17.470, 1260 MHz, 6251 MHz, 70.86 W, 78, 100 %, 0x0000000000000004
2026/09/29 20:50:17.570, 1170 MHz, 6251 MHz, 70.52 W, 78, 100 %, 0x0000000000000004
2026/09/29 20:50:17.670, 975 MHz, 6251 MHz, 70.79 W, 78, 100 %, 0x0000000000000004
2026/09/29 20:50:17.770, 1020 MHz, 6251 MHz, 71.10 W, 78, 100 %, 0x0000000000000004
2026/09/29 20:50:17.870, 690 MHz, 6251 MHz, 70.46 W, 78, 100 %, 0x0000000000000004
2026/09/29 20:50:17.970, 810 MHz, 6251 MHz, 71.36 W, 78, 100 %, 0x0000000000000004
2026/09/29 20:50:18.071, 900 MHz, 6251 MHz, 73.40 W, 78, 100 %, 0x0000000000000004
2026/09/29 20:50:18.171, 750 MHz, 6251 MHz, 72.91 W, 78, 100 %, 0x0000000000000004
2026/09/29 20:50:18.271, 1080 MHz, 6251 MHz, 73.39 W, 78, 100 %, 0x0000000000000004
2026/09/29 20:50:18.371, 690 MHz, 6251 MHz, 72.52 W, 78, 100 %, 0x0000000000000004
2026/09/29 20:50:18.471, 945 MHz, 6251 MHz, 72.78 W, 77, 100 %, 0x0000000000000004
2026/09/29 20:50:18.571, 1005 MHz, 6251 MHz, 71.95 W, 78, 100 %, 0x0000000000000004
2026/09/29 20:50:18.671, 825 MHz, 6251 MHz, 72.67 W, 78, 100 %, 0x0000000000000004
2026/09/29 20:50:18.771, 990 MHz, 6251 MHz, 71.71 W, 78, 100 %, 0x0000000000000004
2026/09/29 20:50:18.871, 690 MHz, 6251 MHz, 71.55 W, 78, 100 %, 0x0000000000000004
2026/09/29 20:50:18.972, 975 MHz, 6251 MHz, 72.31 W, 78, 100 %, 0x0000000000000004
2026/09/29 20:50:19.072, 765 MHz, 6251 MHz, 71.40 W, 78, 100 %, 0x0000000000000004
2026/09/29 20:50:19.172, 765 MHz, 6251 MHz, 72.23 W, 78, 100 %, 0x0000000000000004
2026/09/29 20:50:19.272, 960 MHz, 6251 MHz, 71.44 W, 78, 100 %, 0x0000000000000004
2026/09/29 20:50:19.372, 810 MHz, 6251 MHz, 71.92 W, 78, 100 %, 0x0000000000000004
2026/09/29 20:50:19.472, 1005 MHz, 6251 MHz, 71.58 W, 77, 100 %, 0x0000000000000004
2026/09/29 20:50:19.572, 810 MHz, 6251 MHz, 71.51 W, 78, 100 %, 0x0000000000000004
2026/09/29 20:50:19.672, 885 MHz, 6251 MHz, 71.89 W, 78, 100 %, 0x0000000000000004
2026/09/29 20:50:19.772, 990 MHz, 6251 MHz, 71.07 W, 78, 100 %, 0x0000000000000004
2026/09/29 20:50:19.872, 750 MHz, 6251 MHz, 71.75 W, 78, 100 %, 0x0000000000000004
2026/09/29 20:50:19.973, 1095 MHz, 6251 MHz, 71.45 W, 78, 100 %, 0x0000000000000004
2026/09/29 20:50:20.073, 765 MHz, 6251 MHz, 71.51 W, 78, 100 %, 0x0000000000000004
2026/09/29 20:50:20.173, 765 MHz, 6251 MHz, 72.22 W, 77, 100 %, 0x0000000000000004
2026/09/29 20:50:20.273, 765 MHz, 6251 MHz, 71.70 W, 78, 100 %, 0x0000000000000004
2026/09/29 20:50:20.373, 885 MHz, 6251 MHz, 72.79 W, 78, 100 %, 0x0000000000000004
2026/09/29 20:50:20.473, 1065 MHz, 6251 MHz, 72.23 W, 78, 100 %, 0x0000000000000004
2026/09/29 20:50:20.573, 690 MHz, 6251 MHz, 72.62 W, 78, 100 %, 0x0000000000000004
2026/09/29 20:50:20.673, 1050 MHz, 6251 MHz, 72.44 W, 78, 100 %, 0x0000000000000004
2026/09/29 20:50:20.773, 930 MHz, 6251 MHz, 71.63 W, 78, 100 %, 0x0000000000000004
2026/09/29 20:50:20.873, 660 MHz, 6251 MHz, 72.31 W, 78, 100 %, 0x0000000000000004
2026/09/29 20:50:20.974, 945 MHz, 6251 MHz, 71.48 W, 78, 100 %, 0x0000000000000004
2026/09/29 20:50:21.074, 855 MHz, 6251 MHz, 71.87 W, 78, 100 %, 0x0000000000000004
2026/09/29 20:50:21.174, 990 MHz, 6251 MHz, 71.35 W, 77, 100 %, 0x0000000000000004
2026/09/29 20:50:21.274, 690 MHz, 6251 MHz, 71.10 W, 78, 100 %, 0x0000000000000004
2026/09/29 20:50:21.374, 915 MHz, 6251 MHz, 71.53 W, 77, 100 %, 0x0000000000000004
2026/09/29 20:50:21.474, 1050 MHz, 6251 MHz, 71.32 W, 78, 100 %, 0x0000000000000004
2026/09/29 20:50:21.574, 660 MHz, 6251 MHz, 72.13 W, 78, 100 %, 0x0000000000000004
2026/09/29 20:50:21.674, 990 MHz, 6251 MHz, 71.17 W, 78, 100 %, 0x0000000000000004
2026/09/29 20:50:21.774, 885 MHz, 6251 MHz, 71.35 W, 78, 100 %, 0x0000000000000004
2026/09/29 20:50:21.875, 885 MHz, 6251 MHz, 72.06 W, 78, 100 %, 0x0000000000000004
2026/09/29 20:50:21.975, 750 MHz, 6251 MHz, 71.27 W, 78, 100 %, 0x0000000000000004
2026/09/29 20:50:22.075, 825 MHz, 6251 MHz, 72.22 W, 78, 100 %, 0x0000000000000004
2026/09/29 20:50:22.175, 1050 MHz, 6251 MHz, 71.73 W, 78, 100 %, 0x0000000000000004
2026/09/29 20:50:22.275, 720 MHz, 6251 MHz, 72.16 W, 78, 100 %, 0x0000000000000004
2026/09/29 20:50:22.375, 945 MHz, 6251 MHz, 71.86 W, 78, 100 %, 0x0000000000000004
2026/09/29 20:50:22.475, 945 MHz, 6251 MHz, 71.75 W, 78, 100 %, 0x0000000000000004
2026/09/29 20:50:22.575, 825 MHz, 6251 MHz, 71.94 W, 78, 100 %, 0x0000000000000004
2026/09/29 20:50:22.675, 885 MHz, 6251 MHz, 71.02 W, 78, 100 %, 0x0000000000000004
2026/09/29 20:50:22.775, 870 MHz, 6251 MHz, 72.24 W, 78, 100 %, 0x0000000000000004
2026/09/29 20:50:22.876, 1110 MHz, 6251 MHz, 71.66 W, 78, 100 %, 0x0000000000000004
2026/09/29 20:50:22.976, 660 MHz, 6251 MHz, 71.33 W, 78, 100 %, 0x0000000000000004
2026/09/29 20:50:23.076, 870 MHz, 6251 MHz, 72.00 W, 77, 100 %, 0x0000000000000004
2026/09/29 20:50:23.176, 975 MHz, 6251 MHz, 71.27 W, 78, 100 %, 0x0000000000000004
2026/09/29 20:50:23.276, 660 MHz, 6251 MHz, 72.08 W, 78, 100 %, 0x0000000000000004
2026/09/29 20:50:23.376, 990 MHz, 6251 MHz, 71.25 W, 78, 100 %, 0x0000000000000004
2026/09/29 20:50:23.476, 1170 MHz, 6251 MHz, 72.38 W, 78, 100 %, 0x0000000000000004
2026/09/29 20:50:23.576, 1125 MHz, 6251 MHz, 72.33 W, 78, 100 %, 0x0000000000000004
2026/09/29 20:50:23.676, 1275 MHz, 6251 MHz, 72.74 W, 78, 100 %, 0x0000000000000004
2026/09/29 20:50:23.777, 1245 MHz, 6251 MHz, 73.13 W, 78, 100 %, 0x0000000000000004
2026/09/29 20:50:23.877, 1020 MHz, 6251 MHz, 73.10 W, 78, 100 %, 0x0000000000000004
2026/09/29 20:50:23.977, 945 MHz, 6251 MHz, 73.82 W, 78, 100 %, 0x0000000000000004
2026/09/29 20:50:24.077, 840 MHz, 6251 MHz, 73.82 W, 78, 100 %, 0x0000000000000004
2026/09/29 20:50:24.177, 855 MHz, 6251 MHz, 73.96 W, 78, 100 %, 0x0000000000000004
2026/09/29 20:50:24.277, 900 MHz, 6251 MHz, 73.64 W, 78, 100 %, 0x0000000000000004
2026/09/29 20:50:24.377, 675 MHz, 6251 MHz, 73.02 W, 78, 100 %, 0x0000000000000004
2026/09/29 20:50:24.477, 900 MHz, 6251 MHz, 73.52 W, 78, 100 %, 0x0000000000000004
2026/09/29 20:50:24.577, 825 MHz, 6251 MHz, 72.71 W, 78, 100 %, 0x0000000000000004
2026/09/29 20:50:24.677, 975 MHz, 6251 MHz, 72.97 W, 78, 100 %, 0x0000000000000004
2026/09/29 20:50:24.778, 1065 MHz, 6251 MHz, 71.87 W, 78, 100 %, 0x0000000000000004
2026/09/29 20:50:24.878, 930 MHz, 6251 MHz, 72.34 W, 78, 100 %, 0x0000000000000004
2026/09/29 20:50:24.978, 1140 MHz, 6251 MHz, 71.77 W, 78, 100 %, 0x0000000000000004
2026/09/29 20:50:25.078, 1050 MHz, 6251 MHz, 71.56 W, 78, 100 %, 0x0000000000000004
2026/09/29 20:50:25.178, 915 MHz, 6251 MHz, 72.04 W, 79, 100 %, 0x0000000000000004
2026/09/29 20:50:25.278, 885 MHz, 6251 MHz, 71.10 W, 78, 100 %, 0x0000000000000004
2026/09/29 20:50:25.378, 690 MHz, 6251 MHz, 71.73 W, 78, 100 %, 0x0000000000000004
2026/09/29 20:50:25.478, 975 MHz, 6251 MHz, 71.39 W, 78, 100 %, 0x0000000000000004
2026/09/29 20:50:25.578, 705 MHz, 6251 MHz, 71.67 W, 78, 100 %, 0x0000000000000004
2026/09/29 20:50:25.679, 1020 MHz, 6251 MHz, 71.82 W, 78, 100 %, 0x0000000000000004
2026/09/29 20:50:25.779, 900 MHz, 6251 MHz, 71.40 W, 78, 100 %, 0x0000000000000004
2026/09/29 20:50:25.879, 915 MHz, 6251 MHz, 72.12 W, 78, 100 %, 0x0000000000000004
2026/09/29 20:50:25.979, 1110 MHz, 6251 MHz, 71.63 W, 78, 100 %, 0x0000000000000004
2026/09/29 20:50:26.079, 975 MHz, 6251 MHz, 72.00 W, 78, 100 %, 0x0000000000000004
2026/09/29 20:50:26.179, 1035 MHz, 6251 MHz, 72.26 W, 78, 100 %, 0x0000000000000004
2026/09/29 20:50:26.279, 750 MHz, 6251 MHz, 71.76 W, 78, 100 %, 0x0000000000000004
2026/09/29 20:50:26.379, 660 MHz, 6251 MHz, 72.50 W, 78, 100 %, 0x0000000000000004
2026/09/29 20:50:26.479, 960 MHz, 6251 MHz, 71.81 W, 78, 100 %, 0x0000000000000004
2026/09/29 20:50:26.580, 720 MHz, 6251 MHz, 72.43 W, 78, 100 %, 0x0000000000000004
2026/09/29 20:50:26.680, 1020 MHz, 6251 MHz, 72.07 W, 78, 100 %, 0x0000000000000004
2026/09/29 20:50:26.780, 930 MHz, 6251 MHz, 72.08 W, 78, 100 %, 0x0000000000000004
2026/09/29 20:50:26.880, 960 MHz, 6251 MHz, 72.54 W, 79, 100 %, 0x0000000000000004
2026/09/29 20:50:26.980, 1005 MHz, 6251 MHz, 71.71 W, 78, 100 %, 0x0000000000000004
2026/09/29 20:50:27.080, 915 MHz, 6251 MHz, 72.03 W, 78, 100 %, 0x0000000000000004
2026/09/29 20:50:27.180, 1110 MHz, 6251 MHz, 71.71 W, 78, 100 %, 0x0000000000000004
2026/09/29 20:50:27.280, 900 MHz, 6251 MHz, 71.55 W, 78, 100 %, 0x0000000000000004
2026/09/29 20:50:27.380, 735 MHz, 6251 MHz, 71.88 W, 79, 100 %, 0x0000000000000004
2026/09/29 20:50:27.481, 840 MHz, 6251 MHz, 71.34 W, 78, 100 %, 0x0000000000000004
2026/09/29 20:50:27.581, 720 MHz, 6251 MHz, 72.41 W, 78, 100 %, 0x0000000000000004
2026/09/29 20:50:27.681, 960 MHz, 6251 MHz, 71.52 W, 78, 100 %, 0x0000000000000004
2026/09/29 20:50:27.781, 810 MHz, 6251 MHz, 72.01 W, 78, 100 %, 0x0000000000000004
2026/09/29 20:50:27.881, 1035 MHz, 6251 MHz, 72.05 W, 78, 100 %, 0x0000000000000004
2026/09/29 20:50:27.981, 855 MHz, 6251 MHz, 71.65 W, 78, 100 %, 0x0000000000000004
2026/09/29 20:50:28.081, 915 MHz, 6251 MHz, 72.47 W, 78, 100 %, 0x0000000000000004
2026/09/29 20:50:28.181, 1065 MHz, 6251 MHz, 72.05 W, 78, 100 %, 0x0000000000000004
2026/09/29 20:50:28.281, 750 MHz, 6251 MHz, 72.43 W, 78, 100 %, 0x0000000000000004
2026/09/29 20:50:28.382, 915 MHz, 6251 MHz, 72.34 W, 78, 100 %, 0x0000000000000004
2026/09/29 20:50:28.482, 720 MHz, 6251 MHz, 71.56 W, 78, 100 %, 0x0000000000000004
2026/09/29 20:50:28.582, 720 MHz, 6251 MHz, 72.21 W, 79, 100 %, 0x0000000000000004
2026/09/29 20:50:28.682, 870 MHz, 6251 MHz, 71.35 W, 78, 100 %, 0x0000000000000004
2026/09/29 20:50:28.782, 840 MHz, 6251 MHz, 72.51 W, 78, 100 %, 0x0000000000000004
2026/09/29 20:50:28.882, 1110 MHz, 6251 MHz, 72.00 W, 78, 100 %, 0x0000000000000004
2026/09/29 20:50:28.982, 810 MHz, 6251 MHz, 72.00 W, 79, 100 %, 0x0000000000000004
2026/09/29 20:50:29.082, 960 MHz, 6251 MHz, 72.33 W, 78, 100 %, 0x0000000000000004
2026/09/29 20:50:29.182, 975 MHz, 6251 MHz, 71.87 W, 78, 100 %, 0x0000000000000004
2026/09/29 20:50:29.282, 660 MHz, 6251 MHz, 72.38 W, 78, 100 %, 0x0000000000000004
2026/09/29 20:50:29.383, 1020 MHz, 6251 MHz, 71.56 W, 78, 100 %, 0x0000000000000004
2026/09/29 20:50:29.483, 675 MHz, 6251 MHz, 71.41 W, 78, 100 %, 0x0000000000000004
2026/09/29 20:50:29.583, 1110 MHz, 6251 MHz, 71.08 W, 78, 100 %, 0x0000000000000004
2026/09/29 20:50:29.683, 1140 MHz, 6251 MHz, 71.25 W, 78, 100 %, 0x0000000000000004
2026/09/29 20:50:29.783, 1320 MHz, 6251 MHz, 70.99 W, 79, 100 %, 0x0000000000000004
2026/09/29 20:50:29.883, 1155 MHz, 6251 MHz, 71.19 W, 78, 100 %, 0x0000000000000004
2026/09/29 20:50:29.983, 1290 MHz, 6251 MHz, 70.89 W, 78, 100 %, 0x0000000000000004
2026/09/29 20:50:30.083, 1110 MHz, 6251 MHz, 70.55 W, 79, 100 %, 0x0000000000000004
2026/09/29 20:50:30.183, 900 MHz, 6251 MHz, 70.65 W, 79, 100 %, 0x0000000000000004
2026/09/29 20:50:30.284, 1020 MHz, 6251 MHz, 70.07 W, 79, 100 %, 0x0000000000000004
2026/09/29 20:50:30.384, 795 MHz, 6251 MHz, 70.00 W, 79, 100 %, 0x0000000000000004
2026/09/29 20:50:30.484, 660 MHz, 6251 MHz, 70.54 W, 78, 100 %, 0x0000000000000004
2026/09/29 20:50:30.584, 720 MHz, 6251 MHz, 70.39 W, 79, 100 %, 0x0000000000000004
2026/09/29 20:50:30.684, 690 MHz, 6251 MHz, 71.42 W, 78, 100 %, 0x0000000000000004
2026/09/29 20:50:30.784, 1005 MHz, 6251 MHz, 70.92 W, 78, 100 %, 0x0000000000000004
2026/09/29 20:50:30.884, 900 MHz, 6251 MHz, 72.14 W, 79, 100 %, 0x0000000000000004
2026/09/29 20:50:30.984, 1065 MHz, 6251 MHz, 71.31 W, 79, 100 %, 0x0000000000000004
2026/09/29 20:50:31.084, 1005 MHz, 6251 MHz, 72.06 W, 79, 100 %, 0x0000000000000004
2026/09/29 20:50:31.184, 945 MHz, 6251 MHz, 72.47 W, 79, 100 %, 0x0000000000000004
2026/09/29 20:50:31.285, 1125 MHz, 6251 MHz, 72.14 W, 79, 100 %, 0x0000000000000004
2026/09/29 20:50:31.385, 810 MHz, 6251 MHz, 73.21 W, 78, 100 %, 0x0000000000000004
2026/09/29 20:50:31.485, 810 MHz, 6251 MHz, 72.53 W, 79, 100 %, 0x0000000000000004
2026/09/29 20:50:31.585, 735 MHz, 6251 MHz, 72.50 W, 79, 100 %, 0x0000000000000004
2026/09/29 20:50:31.685, 750 MHz, 6251 MHz, 72.52 W, 78, 100 %, 0x0000000000000004
2026/09/29 20:50:31.785, 900 MHz, 6251 MHz, 72.10 W, 79, 100 %, 0x0000000000000004
2026/09/29 20:50:31.885, 870 MHz, 6251 MHz, 72.50 W, 79, 100 %, 0x0000000000000004
2026/09/29 20:50:31.985, 1095 MHz, 6251 MHz, 71.68 W, 79, 100 %, 0x0000000000000004
2026/09/29 20:50:32.085, 930 MHz, 6251 MHz, 72.12 W, 79, 100 %, 0x0000000000000004
2026/09/29 20:50:32.186, 1035 MHz, 6251 MHz, 71.90 W, 78, 100 %, 0x0000000000000004
2026/09/29 20:50:32.286, 1125 MHz, 6251 MHz, 71.65 W, 79, 100 %, 0x0000000000000004
2026/09/29 20:50:32.386, 870 MHz, 6251 MHz, 72.04 W, 79, 100 %, 0x0000000000000004
2026/09/29 20:50:32.486, 990 MHz, 6251 MHz, 70.97 W, 79, 100 %, 0x0000000000000004
2026/09/29 20:50:32.586, 645 MHz, 6251 MHz, 71.44 W, 79, 100 %, 0x0000000000000004
2026/09/29 20:50:32.686, 915 MHz, 6251 MHz, 71.25 W, 79, 100 %, 0x0000000000000004
2026/09/29 20:50:32.786, 780 MHz, 6251 MHz, 71.41 W, 79, 100 %, 0x0000000000000004
2026/09/29 20:50:32.886, 870 MHz, 6251 MHz, 71.81 W, 79, 100 %, 0x0000000000000004
2026/09/29 20:50:32.986, 990 MHz, 6251 MHz, 71.45 W, 79, 100 %, 0x0000000000000004
2026/09/29 20:50:33.087, 900 MHz, 6251 MHz, 72.28 W, 79, 100 %, 0x0000000000000004
2026/09/29 20:50:33.187, 1095 MHz, 6251 MHz, 71.69 W, 79, 100 %, 0x0000000000000004
2026/09/29 20:50:33.287, 1020 MHz, 6251 MHz, 72.00 W, 79, 100 %, 0x0000000000000004
2026/09/29 20:50:33.387, 915 MHz, 6251 MHz, 72.28 W, 79, 100 %, 0x0000000000000004
2026/09/29 20:50:33.487, 915 MHz, 6251 MHz, 71.80 W, 79, 100 %, 0x0000000000000004
2026/09/29 20:50:33.587, 675 MHz, 6251 MHz, 72.57 W, 79, 100 %, 0x0000000000000004
2026/09/29 20:50:33.687, 975 MHz, 6251 MHz, 71.86 W, 79, 100 %, 0x0000000000000004
2026/09/29 20:50:33.787, 690 MHz, 6251 MHz, 72.18 W, 79, 100 %, 0x0000000000000004
2026/09/29 20:50:33.887, 990 MHz, 6251 MHz, 71.70 W, 78, 100 %, 0x0000000000000004
2026/09/29 20:50:33.987, 810 MHz, 6251 MHz, 71.69 W, 79, 100 %, 0x0000000000000004
2026/09/29 20:50:34.088, 870 MHz, 6251 MHz, 72.01 W, 78, 100 %, 0x0000000000000004
2026/09/29 20:50:34.188, 1065 MHz, 6251 MHz, 71.56 W, 79, 100 %, 0x0000000000000004
2026/09/29 20:50:34.288, 900 MHz, 6251 MHz, 72.43 W, 79, 100 %, 0x0000000000000004
2026/09/29 20:50:34.388, 1035 MHz, 6251 MHz, 71.97 W, 79, 100 %, 0x0000000000000004
2026/09/29 20:50:34.488, 705 MHz, 6251 MHz, 71.85 W, 79, 100 %, 0x0000000000000004
2026/09/29 20:50:34.588, 675 MHz, 6251 MHz, 72.04 W, 78, 100 %, 0x0000000000000004
2026/09/29 20:50:34.688, 855 MHz, 6251 MHz, 71.51 W, 79, 100 %, 0x0000000000000004
2026/09/29 20:50:34.788, 705 MHz, 6251 MHz, 72.58 W, 79, 100 %, 0x0000000000000004
2026/09/29 20:50:34.888, 990 MHz, 6251 MHz, 72.01 W, 79, 100 %, 0x0000000000000004
2026/09/29 20:50:34.988, 825 MHz, 6251 MHz, 72.61 W, 78, 100 %, 0x0000000000000004
2026/09/29 20:50:35.089, 975 MHz, 6251 MHz, 72.10 W, 78, 100 %, 0x0000000000000004
2026/09/29 20:50:35.189, 870 MHz, 6251 MHz, 72.01 W, 79, 100 %, 0x0000000000000004
2026/09/29 20:50:35.289, 870 MHz, 6251 MHz, 72.41 W, 79, 100 %, 0x0000000000000004
2026/09/29 20:50:35.389, 975 MHz, 6251 MHz, 71.75 W, 79, 100 %, 0x0000000000000004
2026/09/29 20:50:35.489, 645 MHz, 6251 MHz, 72.10 W, 79, 100 %, 0x0000000000000004
2026/09/29 20:50:35.589, 975 MHz, 6251 MHz, 71.15 W, 79, 99 %, 0x0000000000000004
2026/09/29 20:50:35.689, 660 MHz, 6251 MHz, 70.80 W, 79, 99 %, 0x0000000000000004
2026/09/29 20:50:35.789, 1245 MHz, 6251 MHz, 70.55 W, 79, 100 %, 0x0000000000000004
2026/09/29 20:50:35.889, 1095 MHz, 6251 MHz, 70.76 W, 79, 100 %, 0x0000000000000004
2026/09/29 20:50:35.990, 1395 MHz, 6251 MHz, 70.49 W, 79, 100 %, 0x0000000000000004
2026/09/29 20:50:36.090, 1155 MHz, 6251 MHz, 70.99 W, 79, 100 %, 0x0000000000000004
2026/09/29 20:50:36.190, 1320 MHz, 6251 MHz, 70.68 W, 79, 100 %, 0x0000000000000004
2026/09/29 20:50:36.290, 1140 MHz, 6251 MHz, 70.17 W, 79, 100 %, 0x0000000000000004
2026/09/29 20:50:36.390, 900 MHz, 6251 MHz, 70.24 W, 79, 100 %, 0x0000000000000004
2026/09/29 20:50:36.490, 1050 MHz, 6251 MHz, 69.92 W, 79, 100 %, 0x0000000000000004
2026/09/29 20:50:36.590, 660 MHz, 6251 MHz, 69.91 W, 79, 100 %, 0x0000000000000004
2026/09/29 20:50:36.690, 645 MHz, 6251 MHz, 70.33 W, 79, 100 %, 0x0000000000000004
2026/09/29 20:50:36.790, 735 MHz, 6251 MHz, 70.32 W, 78, 100 %, 0x0000000000000004
2026/09/29 20:50:36.890, 690 MHz, 6251 MHz, 71.19 W, 79, 100 %, 0x0000000000000004
2026/09/29 20:50:36.991, 945 MHz, 6251 MHz, 70.41 W, 79, 100 %, 0x0000000000000004
2026/09/29 20:50:37.091, 885 MHz, 6251 MHz, 71.65 W, 79, 100 %, 0x0000000000000004
2026/09/29 20:50:37.191, 1125 MHz, 6251 MHz, 70.72 W, 79, 100 %, 0x0000000000000004
2026/09/29 20:50:37.291, 945 MHz, 6251 MHz, 71.44 W, 79, 100 %, 0x0000000000000004
2026/09/29 20:50:37.391, 975 MHz, 6251 MHz, 71.82 W, 79, 100 %, 0x0000000000000004
2026/09/29 20:50:37.491, 1035 MHz, 6251 MHz, 71.14 W, 79, 100 %, 0x0000000000000004
2026/09/29 20:50:37.591, 810 MHz, 6251 MHz, 72.15 W, 79, 100 %, 0x0000000000000004
2026/09/29 20:50:37.691, 1005 MHz, 6251 MHz, 71.34 W, 79, 100 %, 0x0000000000000004
2026/09/29 20:50:37.791, 660 MHz, 6251 MHz, 71.50 W, 79, 100 %, 0x0000000000000004
2026/09/29 20:50:37.892, 810 MHz, 6251 MHz, 71.25 W, 79, 100 %, 0x0000000000000004
2026/09/29 20:50:37.992, 735 MHz, 6251 MHz, 71.02 W, 79, 100 %, 0x0000000000000004
2026/09/29 20:50:38.092, 795 MHz, 6251 MHz, 71.63 W, 79, 100 %, 0x0000000000000004
2026/09/29 20:50:38.192, 1080 MHz, 6251 MHz, 71.42 W, 79, 100 %, 0x0000000000000004
2026/09/29 20:50:38.292, 840 MHz, 6251 MHz, 72.13 W, 79, 100 %, 0x0000000000000004
2026/09/29 20:50:38.392, 1065 MHz, 6251 MHz, 71.87 W, 79, 100 %, 0x0000000000000004
2026/09/29 20:50:38.492, 930 MHz, 6251 MHz, 71.88 W, 79, 100 %, 0x0000000000000004
2026/09/29 20:50:38.592, 780 MHz, 6251 MHz, 72.44 W, 79, 100 %, 0x0000000000000004
2026/09/29 20:50:38.692, 1005 MHz, 6251 MHz, 72.09 W, 79, 100 %, 0x0000000000000004
2026/09/29 20:50:38.792, 675 MHz, 6251 MHz, 73.10 W, 79, 100 %, 0x0000000000000004
2026/09/29 20:50:38.893, 990 MHz, 6251 MHz, 72.20 W, 79, 100 %, 0x0000000000000004
2026/09/29 20:50:38.993, 735 MHz, 6251 MHz, 72.67 W, 79, 100 %, 0x0000000000000004
2026/09/29 20:50:39.093, 870 MHz, 6251 MHz, 72.59 W, 79, 100 %, 0x0000000000000004
2026/09/29 20:50:39.193, 990 MHz, 6251 MHz, 72.11 W, 80, 100 %, 0x0000000000000004
2026/09/29 20:50:39.293, 810 MHz, 6251 MHz, 72.34 W, 79, 100 %, 0x0000000000000004
2026/09/29 20:50:39.393, 1095 MHz, 6251 MHz, 71.30 W, 79, 100 %, 0x0000000000000004
2026/09/29 20:50:39.493, 855 MHz, 6251 MHz, 71.57 W, 79, 100 %, 0x0000000000000004
2026/09/29 20:50:39.593, 810 MHz, 6251 MHz, 71.27 W, 79, 100 %, 0x0000000000000004
2026/09/29 20:50:39.693, 765 MHz, 6251 MHz, 71.00 W, 79, 100 %, 0x0000000000000004
2026/09/29 20:50:39.793, 720 MHz, 6251 MHz, 71.28 W, 79, 100 %, 0x0000000000000004
2026/09/29 20:50:39.894, 960 MHz, 6251 MHz, 70.75 W, 79, 100 %, 0x0000000000000004
2026/09/29 20:50:39.994, 705 MHz, 6251 MHz, 72.18 W, 79, 100 %, 0x0000000000000004
2026/09/29 20:50:40.094, 945 MHz, 6251 MHz, 71.38 W, 79, 100 %, 0x0000000000000004
2026/09/29 20:50:40.194, 945 MHz, 6251 MHz, 71.66 W, 79, 100 %, 0x0000000000000004
2026/09/29 20:50:40.294, 885 MHz, 6251 MHz, 72.11 W, 79, 100 %, 0x0000000000000004
2026/09/29 20:50:40.394, 975 MHz, 6251 MHz, 71.70 W, 79, 100 %, 0x0000000000000004
2026/09/29 20:50:40.494, 855 MHz, 6251 MHz, 72.69 W, 79, 100 %, 0x0000000000000004
2026/09/29 20:50:40.594, 945 MHz, 6251 MHz, 71.84 W, 79, 100 %, 0x0000000000000004
2026/09/29 20:50:40.694, 660 MHz, 6251 MHz, 71.97 W, 79, 100 %, 0x0000000000000004
2026/09/29 20:50:40.794, 765 MHz, 6251 MHz, 71.61 W, 79, 100 %, 0x0000000000000004
2026/09/29 20:50:40.895, 735 MHz, 6251 MHz, 71.38 W, 79, 100 %, 0x0000000000000004
2026/09/29 20:50:40.995, 735 MHz, 6251 MHz, 71.90 W, 79, 100 %, 0x0000000000000004
2026/09/29 20:50:41.095, 960 MHz, 6251 MHz, 71.51 W, 79, 100 %, 0x0000000000000004
2026/09/29 20:50:41.195, 825 MHz, 6251 MHz, 72.67 W, 79, 100 %, 0x0000000000000004
2026/09/29 20:50:41.295, 960 MHz, 6251 MHz, 72.21 W, 79, 100 %, 0x0000000000000004
2026/09/29 20:50:41.395, 795 MHz, 6251 MHz, 72.15 W, 79, 100 %, 0x0000000000000004
2026/09/29 20:50:41.495, 885 MHz, 6251 MHz, 72.40 W, 79, 100 %, 0x0000000000000004
2026/09/29 20:50:41.595, 900 MHz, 6251 MHz, 72.01 W, 79, 100 %, 0x0000000000000004
2026/09/29 20:50:41.695, 675 MHz, 6251 MHz, 72.97 W, 79, 100 %, 0x0000000000000004
2026/09/29 20:50:41.795, 945 MHz, 6251 MHz, 72.85 W, 79, 99 %, 0x0000000000000004
2026/09/29 20:50:41.896, 675 MHz, 6251 MHz, 73.37 W, 79, 99 %, 0x0000000000000004
2026/09/29 20:50:41.996, 1095 MHz, 6251 MHz, 72.19 W, 79, 100 %, 0x0000000000000004
2026/09/29 20:50:42.096, 1095 MHz, 6251 MHz, 72.81 W, 79, 100 %, 0x0000000000000004
2026/09/29 20:50:42.196, 1320 MHz, 6251 MHz, 72.66 W, 79, 100 %, 0x0000000000000004
2026/09/29 20:50:42.296, 1125 MHz, 6251 MHz, 72.80 W, 79, 100 %, 0x0000000000000004
2026/09/29 20:50:42.396, 1305 MHz, 6251 MHz, 72.52 W, 79, 100 %, 0x0000000000000004
2026/09/29 20:50:42.496, 1035 MHz, 6251 MHz, 72.67 W, 79, 100 %, 0x0000000000000004
2026/09/29 20:50:42.596, 885 MHz, 6251 MHz, 72.78 W, 79, 100 %, 0x0000000000000004
2026/09/29 20:50:42.696, 990 MHz, 6251 MHz, 72.86 W, 79, 100 %, 0x0000000000000004
2026/09/29 20:50:42.796, 720 MHz, 6251 MHz, 73.00 W, 79, 100 %, 0x0000000000000004
2026/09/29 20:50:42.897, 735 MHz, 6251 MHz, 72.38 W, 79, 100 %, 0x0000000000000004
2026/09/29 20:50:42.997, 675 MHz, 6251 MHz, 71.90 W, 79, 100 %, 0x0000000000000004
2026/09/29 20:50:43.097, 690 MHz, 6251 MHz, 72.62 W, 79, 100 %, 0x0000000000000004
2026/09/29 20:50:43.197, 765 MHz, 6251 MHz, 71.74 W, 79, 100 %, 0x0000000000000004
2026/09/29 20:50:43.297, 825 MHz, 6251 MHz, 72.21 W, 79, 100 %, 0x0000000000000004
2026/09/29 20:50:43.397, 1065 MHz, 6251 MHz, 71.88 W, 79, 100 %, 0x0000000000000004
2026/09/29 20:50:43.497, 885 MHz, 6251 MHz, 72.85 W, 79, 100 %, 0x0000000000000004
2026/09/29 20:50:43.597, 1050 MHz, 6251 MHz, 72.36 W, 79, 100 %, 0x0000000000000004
2026/09/29 20:50:43.697, 915 MHz, 6251 MHz, 72.15 W, 79, 100 %, 0x0000000000000004
2026/09/29 20:50:43.798, 780 MHz, 6251 MHz, 72.44 W, 79, 100 %, 0x0000000000000004
2026/09/29 20:50:43.898, 990 MHz, 6251 MHz, 72.10 W, 79, 100 %, 0x0000000000000004
2026/09/29 20:50:43.998, 660 MHz, 6251 MHz, 73.11 W, 79, 100 %, 0x0000000000000004
2026/09/29 20:50:44.098, 945 MHz, 6251 MHz, 72.39 W, 79, 100 %, 0x0000000000000004
2026/09/29 20:50:44.198, 705 MHz, 6251 MHz, 72.71 W, 79, 100 %, 0x0000000000000004
2026/09/29 20:50:44.298, 870 MHz, 6251 MHz, 72.52 W, 79, 100 %, 0x0000000000000004
2026/09/29 20:50:44.398, 1035 MHz, 6251 MHz, 72.11 W, 80, 100 %, 0x0000000000000004
2026/09/29 20:50:44.498, 840 MHz, 6251 MHz, 72.33 W, 79, 100 %, 0x0000000000000004
2026/09/29 20:50:44.598, 1095 MHz, 6251 MHz, 71.37 W, 79, 100 %, 0x0000000000000004
2026/09/29 20:50:44.698, 885 MHz, 6251 MHz, 71.62 W, 79, 100 %, 0x0000000000000004
2026/09/29 20:50:44.799, 840 MHz, 6251 MHz, 71.36 W, 80, 100 %, 0x0000000000000004
2026/09/29 20:50:44.899, 840 MHz, 6251 MHz, 71.04 W, 80, 100 %, 0x0000000000000004
2026/09/29 20:50:44.999, 690 MHz, 6251 MHz, 71.35 W, 79, 100 %, 0x0000000000000004
2026/09/29 20:50:45.099, 990 MHz, 6251 MHz, 70.76 W, 79, 100 %, 0x0000000000000004
2026/09/29 20:50:45.199, 720 MHz, 6251 MHz, 72.09 W, 79, 100 %, 0x0000000000000004
2026/09/29 20:50:45.299, 960 MHz, 6251 MHz, 71.45 W, 79, 100 %, 0x0000000000000004
2026/09/29 20:50:45.399, 885 MHz, 6251 MHz, 71.82 W, 79, 100 %, 0x0000000000000004
2026/09/29 20:50:45.499, 855 MHz, 6251 MHz, 72.18 W, 80, 100 %, 0x0000000000000004
2026/09/29 20:50:45.599, 975 MHz, 6251 MHz, 71.80 W, 80, 100 %, 0x0000000000000004
2026/09/29 20:50:45.700, 840 MHz, 6251 MHz, 72.77 W, 79, 100 %, 0x0000000000000004
2026/09/29 20:50:45.800, 960 MHz, 6251 MHz, 71.88 W, 79, 100 %, 0x0000000000000004
2026/09/29 20:50:45.900, 690 MHz, 6251 MHz, 72.06 W, 79, 100 %, 0x0000000000000004
2026/09/29 20:50:46.000, 750 MHz, 6251 MHz, 71.78 W, 79, 100 %, 0x0000000000000004
2026/09/29 20:50:46.100, 750 MHz, 6251 MHz, 71.52 W, 79, 100 %, 0x0000000000000004
2026/09/29 20:50:46.200, 780 MHz, 6251 MHz, 72.23 W, 79, 100 %, 0x0000000000000004
2026/09/29 20:50:46.300, 975 MHz, 6251 MHz, 71.75 W, 79, 100 %, 0x0000000000000004
2026/09/29 20:50:46.400, 795 MHz, 6251 MHz, 72.78 W, 79, 100 %, 0x0000000000000004
2026/09/29 20:50:46.500, 990 MHz, 6251 MHz, 72.30 W, 80, 100 %, 0x0000000000000004
2026/09/29 20:50:46.600, 840 MHz, 6251 MHz, 72.27 W, 79, 100 %, 0x0000000000000004
2026/09/29 20:50:46.701, 810 MHz, 6251 MHz, 72.55 W, 80, 100 %, 0x0000000000000004
2026/09/29 20:50:46.801, 960 MHz, 6251 MHz, 72.23 W, 80, 100 %, 0x0000000000000004
2026/09/29 20:50:46.901, 675 MHz, 6251 MHz, 73.39 W, 79, 100 %, 0x0000000000000004
2026/09/29 20:50:47.001, 930 MHz, 6251 MHz, 72.37 W, 80, 100 %, 0x0000000000000004
2026/09/29 20:50:47.101, 675 MHz, 6251 MHz, 72.58 W, 79, 100 %, 0x0000000000000004
2026/09/29 20:50:47.201, 825 MHz, 6251 MHz, 72.09 W, 80, 100 %, 0x0000000000000004
2026/09/29 20:50:47.301, 765 MHz, 6251 MHz, 71.94 W, 79, 100 %, 0x0000000000000004
2026/09/29 20:50:47.401, 840 MHz, 6251 MHz, 72.43 W, 79, 100 %, 0x0000000000000004
2026/09/29 20:50:47.501, 990 MHz, 6251 MHz, 72.01 W, 79, 100 %, 0x0000000000000004
2026/09/29 20:50:47.601, 810 MHz, 6251 MHz, 72.68 W, 80, 100 %, 0x0000000000000004
2026/09/29 20:50:47.702, 960 MHz, 6251 MHz, 72.24 W, 80, 100 %, 0x0000000000000004
2026/09/29 20:50:47.802, 720 MHz, 6251 MHz, 72.17 W, 79, 100 %, 0x0000000000000004
2026/09/29 20:50:47.902, 645 MHz, 6251 MHz, 72.41 W, 79, 100 %, 0x0000000000000004
2026/09/29 20:50:48.002, 1515 MHz, 6251 MHz, 71.55 W, 79, 99 %, 0x0000000000000004
2026/09/29 20:50:48.102, 1050 MHz, 6251 MHz, 73.75 W, 81, 99 %, 0x0000000000000004
2026/09/29 20:50:48.202, 1125 MHz, 6251 MHz, 73.90 W, 80, 100 %, 0x0000000000000004
2026/09/29 20:50:48.302, 1125 MHz, 6251 MHz, 74.11 W, 81, 100 %, 0x0000000000000004
2026/09/29 20:50:48.402, 1170 MHz, 6251 MHz, 73.48 W, 81, 100 %, 0x0000000000000004
2026/09/29 20:50:48.502, 1125 MHz, 6251 MHz, 72.81 W, 80, 100 %, 0x0000000000000004
2026/09/29 20:50:48.603, 1065 MHz, 6251 MHz, 72.26 W, 81, 100 %, 0x0000000000000004
2026/09/29 20:50:48.703, 1005 MHz, 6251 MHz, 71.94 W, 80, 100 %, 0x0000000000000004
2026/09/29 20:50:48.803, 1035 MHz, 6251 MHz, 72.45 W, 80, 100 %, 0x0000000000000004
2026/09/29 20:50:48.903, 930 MHz, 6251 MHz, 72.28 W, 80, 100 %, 0x0000000000000004
2026/09/29 20:50:49.003, 1020 MHz, 6251 MHz, 72.22 W, 81, 100 %, 0x0000000000000004
2026/09/29 20:50:49.103, 1170 MHz, 6251 MHz, 73.28 W, 80, 100 %, 0x0000000000000004
2026/09/29 20:50:49.203, 1080 MHz, 6251 MHz, 71.82 W, 81, 100 %, 0x0000000000000004
2026/09/29 20:50:49.303, 1215 MHz, 6251 MHz, 71.41 W, 81, 100 %, 0x0000000000000004
2026/09/29 20:50:49.403, 1110 MHz, 6251 MHz, 71.15 W, 81, 100 %, 0x0000000000000004
2026/09/29 20:50:49.504, 1080 MHz, 6251 MHz, 71.36 W, 81, 100 %, 0x0000000000000004
2026/09/29 20:50:49.604, 1125 MHz, 6251 MHz, 71.43 W, 81, 100 %, 0x0000000000000004
2026/09/29 20:50:49.704, 930 MHz, 6251 MHz, 72.78 W, 81, 100 %, 0x0000000000000004
2026/09/29 20:50:49.804, 1050 MHz, 6251 MHz, 72.79 W, 80, 100 %, 0x0000000000000004
2026/09/29 20:50:49.904, 990 MHz, 6251 MHz, 72.85 W, 81, 100 %, 0x0000000000000004
2026/09/29 20:50:50.004, 1110 MHz, 6251 MHz, 73.25 W, 81, 100 %, 0x0000000000000004
2026/09/29 20:50:50.104, 1080 MHz, 6251 MHz, 72.83 W, 80, 100 %, 0x0000000000000004
2026/09/29 20:50:50.204, 1155 MHz, 6251 MHz, 71.93 W, 81, 100 %, 0x0000000000000004
2026/09/29 20:50:50.304, 1140 MHz, 6251 MHz, 71.76 W, 81, 100 %, 0x0000000000000004
2026/09/29 20:50:50.404, 1095 MHz, 6251 MHz, 71.88 W, 81, 100 %, 0x0000000000000004
2026/09/29 20:50:50.505, 1080 MHz, 6251 MHz, 71.81 W, 81, 100 %, 0x0000000000000004
2026/09/29 20:50:50.605, 960 MHz, 6251 MHz, 72.43 W, 81, 100 %, 0x0000000000000004
2026/09/29 20:50:50.705, 1080 MHz, 6251 MHz, 72.84 W, 80, 100 %, 0x0000000000000004
2026/09/29 20:50:50.805, 975 MHz, 6251 MHz, 72.50 W, 81, 100 %, 0x0000000000000004
2026/09/29 20:50:50.905, 1035 MHz, 6251 MHz, 72.85 W, 81, 100 %, 0x0000000000000004
2026/09/29 20:50:51.005, 1095 MHz, 6251 MHz, 72.54 W, 80, 100 %, 0x0000000000000004
2026/09/29 20:50:51.105, 1065 MHz, 6251 MHz, 71.81 W, 81, 100 %, 0x0000000000000004
2026/09/29 20:50:51.205, 1185 MHz, 6251 MHz, 71.67 W, 82, 100 %, 0x0000000000000004
2026/09/29 20:50:51.305, 1170 MHz, 6251 MHz, 71.39 W, 81, 100 %, 0x0000000000000004
2026/09/29 20:50:51.406, 1125 MHz, 6251 MHz, 71.33 W, 81, 100 %, 0x0000000000000004
2026/09/29 20:50:51.506, 1080 MHz, 6251 MHz, 71.35 W, 82, 100 %, 0x0000000000000004
2026/09/29 20:50:51.606, 1095 MHz, 6251 MHz, 71.58 W, 81, 100 %, 0x0000000000000004
2026/09/29 20:50:51.706, 870 MHz, 6251 MHz, 71.65 W, 81, 100 %, 0x0000000000000004
2026/09/29 20:50:51.806, 1095 MHz, 6251 MHz, 71.65 W, 80, 100 %, 0x0000000000000004
2026/09/29 20:50:51.906, 975 MHz, 6251 MHz, 71.85 W, 81, 100 %, 0x0000000000000004
2026/09/29 20:50:52.006, 1065 MHz, 6251 MHz, 72.04 W, 81, 100 %, 0x0000000000000004
2026/09/29 20:50:52.106, 1080 MHz, 6251 MHz, 71.83 W, 80, 100 %, 0x0000000000000004
2026/09/29 20:50:52.206, 1095 MHz, 6251 MHz, 71.90 W, 81, 100 %, 0x0000000000000004
2026/09/29 20:50:52.306, 1185 MHz, 6251 MHz, 71.79 W, 82, 100 %, 0x0000000000000004
2026/09/29 20:50:52.407, 1125 MHz, 6251 MHz, 71.90 W, 82, 100 %, 0x0000000000000004
2026/09/29 20:50:52.507, 1050 MHz, 6251 MHz, 72.00 W, 82, 100 %, 0x0000000000000004
2026/09/29 20:50:52.607, 1095 MHz, 6251 MHz, 71.94 W, 81, 100 %, 0x0000000000000004
2026/09/29 20:50:52.707, 870 MHz, 6251 MHz, 72.84 W, 81, 100 %, 0x0000000000000004
2026/09/29 20:50:52.807, 1125 MHz, 6251 MHz, 72.50 W, 81, 100 %, 0x0000000000000004
2026/09/29 20:50:52.907, 1020 MHz, 6251 MHz, 72.96 W, 81, 100 %, 0x0000000000000004
2026/09/29 20:50:53.007, 1140 MHz, 6251 MHz, 72.78 W, 81, 100 %, 0x0000000000000004
2026/09/29 20:50:53.107, 1095 MHz, 6251 MHz, 71.90 W, 81, 100 %, 0x0000000000000004
2026/09/29 20:50:53.207, 1095 MHz, 6251 MHz, 71.69 W, 82, 100 %, 0x0000000000000004
2026/09/29 20:50:53.307, 1065 MHz, 6251 MHz, 71.35 W, 82, 100 %, 0x0000000000000004
2026/09/29 20:50:53.408, 915 MHz, 6251 MHz, 71.64 W, 81, 100 %, 0x0000000000000004
2026/09/29 20:50:53.508, 1080 MHz, 6251 MHz, 71.57 W, 82, 100 %, 0x0000000000000004
2026/09/29 20:50:53.608, 1035 MHz, 6251 MHz, 72.53 W, 81, 100 %, 0x0000000000000004
2026/09/29 20:50:53.708, 1125 MHz, 6251 MHz, 72.87 W, 81, 100 %, 0x0000000000000004
2026/09/29 20:50:53.808, 1065 MHz, 6251 MHz, 72.68 W, 81, 100 %, 0x0000000000000004
2026/09/29 20:50:53.908, 1170 MHz, 6251 MHz, 73.02 W, 82, 100 %, 0x0000000000000004
2026/09/29 20:50:54.008, 1110 MHz, 6251 MHz, 72.32 W, 81, 100 %, 0x0000000000000004
2026/09/29 20:50:54.108, 1110 MHz, 6251 MHz, 71.67 W, 81, 100 %, 0x0000000000000004
2026/09/29 20:50:54.208, 1020 MHz, 6251 MHz, 71.53 W, 82, 100 %, 0x0000000000000004
2026/09/29 20:50:54.309, 1110 MHz, 6251 MHz, 71.44 W, 82, 100 %, 0x0000000000000004
2026/09/29 20:50:54.409, 855 MHz, 6251 MHz, 71.86 W, 82, 100 %, 0x0000000000000004
2026/09/29 20:50:54.509, 1065 MHz, 6251 MHz, 71.61 W, 82, 100 %, 0x0000000000000004
2026/09/29 20:50:54.609, 1110 MHz, 6251 MHz, 71.87 W, 82, 99 %, 0x0000000000000004
2026/09/29 20:50:54.709, 1005 MHz, 6251 MHz, 71.75 W, 81, 99 %, 0x0000000000000004
2026/09/29 20:50:54.809, 1140 MHz, 6251 MHz, 71.84 W, 81, 100 %, 0x0000000000000004
2026/09/29 20:50:54.909, 1050 MHz, 6251 MHz, 71.95 W, 81, 100 %, 0x0000000000000004
2026/09/29 20:50:55.009, 1140 MHz, 6251 MHz, 71.93 W, 82, 100 %, 0x0000000000000004
2026/09/29 20:50:55.109, 1155 MHz, 6251 MHz, 71.92 W, 81, 100 %, 0x0000000000000004
2026/09/29 20:50:55.209, 1095 MHz, 6251 MHz, 71.94 W, 81, 100 %, 0x0000000000000004
2026/09/29 20:50:55.310, 1050 MHz, 6251 MHz, 71.90 W, 82, 100 %, 0x0000000000000004
2026/09/29 20:50:55.410, 1095 MHz, 6251 MHz, 71.95 W, 82, 100 %, 0x0000000000000004
2026/09/29 20:50:55.510, 885 MHz, 6251 MHz, 71.71 W, 82, 100 %, 0x0000000000000004
2026/09/29 20:50:55.610, 1125 MHz, 6251 MHz, 71.72 W, 82, 100 %, 0x0000000000000004
2026/09/29 20:50:55.710, 1005 MHz, 6251 MHz, 72.56 W, 82, 100 %, 0x0000000000000004
2026/09/29 20:50:55.810, 1155 MHz, 6251 MHz, 72.25 W, 81, 100 %, 0x0000000000000004
2026/09/29 20:50:55.910, 1065 MHz, 6251 MHz, 72.63 W, 82, 100 %, 0x0000000000000004
2026/09/29 20:50:56.010, 1200 MHz, 6251 MHz, 72.60 W, 82, 100 %, 0x0000000000000004
2026/09/29 20:50:56.110, 1110 MHz, 6251 MHz, 72.01 W, 81, 100 %, 0x0000000000000004
2026/09/29 20:50:56.211, 1095 MHz, 6251 MHz, 71.79 W, 82, 100 %, 0x0000000000000004
2026/09/29 20:50:56.311, 1050 MHz, 6251 MHz, 71.50 W, 82, 100 %, 0x0000000000000004
2026/09/29 20:50:56.411, 1035 MHz, 6251 MHz, 71.55 W, 82, 100 %, 0x0000000000000004
2026/09/29 20:50:56.511, 1005 MHz, 6251 MHz, 71.43 W, 82, 100 %, 0x0000000000000004
2026/09/29 20:50:56.611, 1035 MHz, 6251 MHz, 71.88 W, 81, 100 %, 0x0000000000000004
2026/09/29 20:50:56.711, 1035 MHz, 6251 MHz, 72.49 W, 82, 100 %, 0x0000000000000004
2026/09/29 20:50:56.811, 1155 MHz, 6251 MHz, 72.17 W, 81, 100 %, 0x0000000000000004
2026/09/29 20:50:56.911, 1080 MHz, 6251 MHz, 72.41 W, 82, 100 %, 0x0000000000000004
2026/09/29 20:50:57.011, 1185 MHz, 6251 MHz, 72.29 W, 82, 100 %, 0x0000000000000004
2026/09/29 20:50:57.112, 1095 MHz, 6251 MHz, 71.54 W, 81, 100 %, 0x0000000000000004
2026/09/29 20:50:57.212, 1065 MHz, 6251 MHz, 71.36 W, 82, 100 %, 0x0000000000000004
2026/09/29 20:50:57.312, 1080 MHz, 6251 MHz, 71.11 W, 82, 100 %, 0x0000000000000004
2026/09/29 20:50:57.412, 960 MHz, 6251 MHz, 71.41 W, 82, 100 %, 0x0000000000000004
2026/09/29 20:50:57.512, 915 MHz, 6251 MHz, 71.20 W, 82, 100 %, 0x0000000000000004
2026/09/29 20:50:57.612, 1095 MHz, 6251 MHz, 71.44 W, 82, 100 %, 0x0000000000000004
2026/09/29 20:50:57.712, 1005 MHz, 6251 MHz, 71.79 W, 82, 100 %, 0x0000000000000004
2026/09/29 20:50:57.812, 1155 MHz, 6251 MHz, 71.74 W, 81, 100 %, 0x0000000000000004
2026/09/29 20:50:57.912, 1140 MHz, 6251 MHz, 71.95 W, 81, 100 %, 0x0000000000000004
2026/09/29 20:50:58.012, 1080 MHz, 6251 MHz, 71.95 W, 82, 100 %, 0x0000000000000004
2026/09/29 20:50:58.113, 1200 MHz, 6251 MHz, 72.08 W, 82, 100 %, 0x0000000000000004
2026/09/29 20:50:58.213, 1110 MHz, 6251 MHz, 72.11 W, 81, 100 %, 0x0000000000000004
2026/09/29 20:50:58.313, 1065 MHz, 6251 MHz, 72.14 W, 82, 100 %, 0x0000000000000004
2026/09/29 20:50:58.413, 1050 MHz, 6251 MHz, 72.22 W, 82, 100 %, 0x0000000000000004
2026/09/29 20:50:58.513, 1020 MHz, 6251 MHz, 72.02 W, 82, 100 %, 0x0000000000000004
2026/09/29 20:50:58.613, 930 MHz, 6251 MHz, 72.07 W, 82, 100 %, 0x0000000000000004
2026/09/29 20:50:58.713, 1095 MHz, 6251 MHz, 72.14 W, 82, 100 %, 0x0000000000000004
2026/09/29 20:50:58.813, 1020 MHz, 6251 MHz, 72.20 W, 82, 100 %, 0x0000000000000004
2026/09/29 20:50:58.913, 1170 MHz, 6251 MHz, 72.18 W, 81, 100 %, 0x0000000000000004
2026/09/29 20:50:59.014, 1080 MHz, 6251 MHz, 72.35 W, 82, 100 %, 0x0000000000000004
2026/09/29 20:50:59.114, 1200 MHz, 6251 MHz, 72.51 W, 82, 100 %, 0x0000000000000004
2026/09/29 20:50:59.214, 1110 MHz, 6251 MHz, 71.63 W, 82, 100 %, 0x0000000000000004
2026/09/29 20:50:59.314, 1065 MHz, 6251 MHz, 71.53 W, 83, 100 %, 0x0000000000000004
2026/09/29 20:50:59.414, 1080 MHz, 6251 MHz, 71.31 W, 82, 100 %, 0x0000000000000004
2026/09/29 20:50:59.514, 855 MHz, 6251 MHz, 71.75 W, 83, 100 %, 0x0000000000000004
2026/09/29 20:50:59.614, 1050 MHz, 6251 MHz, 71.64 W, 82, 100 %, 0x0000000000000004
2026/09/29 20:50:59.714, 1005 MHz, 6251 MHz, 72.59 W, 82, 100 %, 0x0000000000000004
2026/09/29 20:50:59.814, 1095 MHz, 6251 MHz, 72.98 W, 82, 100 %, 0x0000000000000004
2026/09/29 20:50:59.914, 1095 MHz, 6251 MHz, 72.66 W, 82, 100 %, 0x0000000000000004
2026/09/29 20:51:00.015, 1095 MHz, 6251 MHz, 72.95 W, 82, 100 %, 0x0000000000000004
2026/09/29 20:51:00.115, 1155 MHz, 6251 MHz, 72.47 W, 82, 100 %, 0x0000000000000004
2026/09/29 20:51:00.215, 1110 MHz, 6251 MHz, 71.66 W, 82, 100 %, 0x0000000000000004
2026/09/29 20:51:00.315, 1050 MHz, 6251 MHz, 71.71 W, 83, 100 %, 0x0000000000000004
2026/09/29 20:51:00.415, 1095 MHz, 6251 MHz, 71.56 W, 83, 100 %, 0x0000000000000004
2026/09/29 20:51:00.515, 870 MHz, 6251 MHz, 72.00 W, 83, 100 %, 0x0000000000000004
2026/09/29 20:51:00.615, 1065 MHz, 6251 MHz, 71.54 W, 83, 100 %, 0x0000000000000004
2026/09/29 20:51:00.715, 930 MHz, 6251 MHz, 72.36 W, 82, 100 %, 0x0000000000000004
2026/09/29 20:51:00.815, 1020 MHz, 6251 MHz, 72.07 W, 82, 100 %, 0x0000000000000004
2026/09/29 20:51:00.916, 1170 MHz, 6251 MHz, 72.13 W, 82, 100 %, 0x0000000000000004
2026/09/29 20:51:01.016, 1050 MHz, 6251 MHz, 72.62 W, 82, 100 %, 0x0000000000000004
2026/09/29 20:51:01.116, 1140 MHz, 6251 MHz, 72.74 W, 82, 100 %, 0x0000000000000004
2026/09/29 20:51:01.216, 1185 MHz, 6251 MHz, 73.18 W, 82, 100 %, 0x0000000000000004
2026/09/29 20:51:01.316, 1095 MHz, 6251 MHz, 73.24 W, 82, 100 %, 0x0000000000000004
2026/09/29 20:51:01.416, 1035 MHz, 6251 MHz, 73.11 W, 83, 100 %, 0x0000000000000004
2026/09/29 20:51:01.516, 1020 MHz, 6251 MHz, 73.05 W, 83, 100 %, 0x0000000000000004
2026/09/29 20:51:01.616, 1035 MHz, 6251 MHz, 72.74 W, 83, 100 %, 0x0000000000000004
2026/09/29 20:51:01.716, 915 MHz, 6251 MHz, 72.85 W, 83, 100 %, 0x0000000000000004
2026/09/29 20:51:01.816, 1110 MHz, 6251 MHz, 72.15 W, 83, 100 %, 0x0000000000000004
2026/09/29 20:51:01.917, 1005 MHz, 6251 MHz, 72.65 W, 82, 100 %, 0x0000000000000004
2026/09/29 20:51:02.017, 1155 MHz, 6251 MHz, 72.60 W, 82, 100 %, 0x0000000000000004
2026/09/29 20:51:02.117, 1080 MHz, 6251 MHz, 72.54 W, 82, 100 %, 0x0000000000000004
2026/09/29 20:51:02.217, 1215 MHz, 6251 MHz, 72.56 W, 82, 100 %, 0x0000000000000004
2026/09/29 20:51:02.317, 1110 MHz, 6251 MHz, 71.79 W, 82, 100 %, 0x0000000000000004
2026/09/29 20:51:02.417, 1050 MHz, 6251 MHz, 71.62 W, 83, 100 %, 0x0000000000000004
2026/09/29 20:51:02.517, 1050 MHz, 6251 MHz, 71.46 W, 83, 100 %, 0x0000000000000004
2026/09/29 20:51:02.617, 960 MHz, 6251 MHz, 71.79 W, 82, 100 %, 0x0000000000000004
2026/09/29 20:51:02.717, 945 MHz, 6251 MHz, 71.52 W, 83, 100 %, 0x0000000000000004
2026/09/29 20:51:02.818, 1080 MHz, 6251 MHz, 71.79 W, 82, 100 %, 0x0000000000000004
2026/09/29 20:51:02.918, 1035 MHz, 6251 MHz, 72.54 W, 82, 100 %, 0x0000000000000004
2026/09/29 20:51:03.018, 1155 MHz, 6251 MHz, 72.18 W, 82, 100 %, 0x0000000000000004
2026/09/29 20:51:03.118, 1080 MHz, 6251 MHz, 72.49 W, 83, 100 %, 0x0000000000000004
2026/09/29 20:51:03.218, 1185 MHz, 6251 MHz, 72.39 W, 82, 100 %, 0x0000000000000004
2026/09/29 20:51:03.318, 1095 MHz, 6251 MHz, 71.52 W, 82, 100 %, 0x0000000000000004
2026/09/29 20:51:03.418, 1065 MHz, 6251 MHz, 71.42 W, 83, 100 %, 0x0000000000000004
2026/09/29 20:51:03.518, 1050 MHz, 6251 MHz, 71.17 W, 83, 100 %, 0x0000000000000004
2026/09/29 20:51:03.618, 1005 MHz, 6251 MHz, 71.13 W, 82, 100 %, 0x0000000000000004
2026/09/29 20:51:03.718, 900 MHz, 6251 MHz, 70.89 W, 83, 100 %, 0x0000000000000004
2026/09/29 20:51:03.819, 1125 MHz, 6251 MHz, 71.20 W, 82, 100 %, 0x0000000000000004
2026/09/29 20:51:03.919, 1020 MHz, 6251 MHz, 71.85 W, 83, 100 %, 0x0000000000000004
2026/09/29 20:51:04.019, 1155 MHz, 6251 MHz, 71.73 W, 82, 100 %, 0x0000000000000004
2026/09/29 20:51:04.119, 1050 MHz, 6251 MHz, 72.01 W, 83, 100 %, 0x0000000000000004
2026/09/29 20:51:04.219, 1140 MHz, 6251 MHz, 72.03 W, 83, 100 %, 0x0000000000000004
2026/09/29 20:51:04.319, 1110 MHz, 6251 MHz, 71.47 W, 82, 100 %, 0x0000000000000004
2026/09/29 20:51:04.419, 1410 MHz, 6251 MHz, 70.64 W, 82, 94 %, 0x0000000000000004
2026/09/29 20:51:04.519, 795 MHz, 6251 MHz, 71.86 W, 82, 94 %, 0x0000000000000004
2026/09/29 20:51:04.619, 1365 MHz, 6251 MHz, 71.54 W, 81, 100 %, 0x0000000000000004
2026/09/29 20:51:04.720, 1200 MHz, 6251 MHz, 73.04 W, 82, 100 %, 0x0000000000000004
2026/09/29 20:51:04.820, 975 MHz, 6251 MHz, 73.46 W, 82, 100 %, 0x0000000000000004
2026/09/29 20:51:04.920, 1305 MHz, 6251 MHz, 73.09 W, 82, 100 %, 0x0000000000000004
2026/09/29 20:51:05.020, 1095 MHz, 6251 MHz, 72.90 W, 82, 100 %, 0x0000000000000004
2026/09/29 20:51:05.120, 975 MHz, 6251 MHz, 73.10 W, 82, 100 %, 0x0000000000000004
2026/09/29 20:51:05.220, 825 MHz, 6251 MHz, 72.96 W, 82, 100 %, 0x0000000000000004
2026/09/29 20:51:05.320, 825 MHz, 6251 MHz, 71.73 W, 82, 100 %, 0x0000000000000004
2026/09/29 20:51:05.420, 1140 MHz, 6251 MHz, 71.35 W, 82, 100 %, 0x0000000000000004
2026/09/29 20:51:05.520, 855 MHz, 6251 MHz, 72.88 W, 81, 100 %, 0x0000000000000004
2026/09/29 20:51:05.620, 750 MHz, 6251 MHz, 72.04 W, 82, 100 %, 0x0000000000000004
2026/09/29 20:51:05.721, 1050 MHz, 6251 MHz, 72.30 W, 82, 100 %, 0x0000000000000004
2026/09/29 20:51:05.821, 1065 MHz, 6251 MHz, 71.48 W, 82, 100 %, 0x0000000000000004
2026/09/29 20:51:05.921, 930 MHz, 6251 MHz, 71.94 W, 82, 100 %, 0x0000000000000004
2026/09/29 20:51:06.021, 885 MHz, 6251 MHz, 72.63 W, 82, 100 %, 0x0000000000000004
2026/09/29 20:51:06.121, 1050 MHz, 6251 MHz, 71.74 W, 82, 100 %, 0x0000000000000004
2026/09/29 20:51:06.221, 1080 MHz, 6251 MHz, 71.38 W, 82, 100 %, 0x0000000000000004
2026/09/29 20:51:06.321, 990 MHz, 6251 MHz, 71.49 W, 82, 100 %, 0x0000000000000004
2026/09/29 20:51:06.421, 765 MHz, 6251 MHz, 72.37 W, 82, 100 %, 0x0000000000000004
2026/09/29 20:51:06.521, 1035 MHz, 6251 MHz, 72.06 W, 82, 100 %, 0x0000000000000004
2026/09/29 20:51:06.621, 1035 MHz, 6251 MHz, 71.39 W, 81, 100 %, 0x0000000000000004
2026/09/29 20:51:06.722, 825 MHz, 6251 MHz, 71.78 W, 82, 100 %, 0x0000000000000004
2026/09/29 20:51:06.822, 885 MHz, 6251 MHz, 71.81 W, 81, 100 %, 0x0000000000000004
2026/09/29 20:51:06.922, 1080 MHz, 6251 MHz, 71.20 W, 81, 100 %, 0x0000000000000004
2026/09/29 20:51:07.022, 1050 MHz, 6251 MHz, 71.03 W, 81, 100 %, 0x0000000000000004
2026/09/29 20:51:07.122, 900 MHz, 6251 MHz, 71.51 W, 82, 100 %, 0x0000000000000004
2026/09/29 20:51:07.222, 885 MHz, 6251 MHz, 71.50 W, 81, 100 %, 0x0000000000000004
2026/09/29 20:51:07.322, 1080 MHz, 6251 MHz, 70.99 W, 81, 100 %, 0x0000000000000004
2026/09/29 20:51:07.422, 1050 MHz, 6251 MHz, 70.85 W, 81, 100 %, 0x0000000000000004
2026/09/29 20:51:07.522, 750 MHz, 6251 MHz, 71.15 W, 81, 100 %, 0x0000000000000004
2026/09/29 20:51:07.622, 945 MHz, 6251 MHz, 71.27 W, 81, 100 %, 0x0000000000000004
2026/09/29 20:51:07.723, 1110 MHz, 6251 MHz, 71.20 W, 81, 100 %, 0x0000000000000004
2026/09/29 20:51:07.823, 990 MHz, 6251 MHz, 71.23 W, 81, 100 %, 0x0000000000000004
2026/09/29 20:51:07.923, 870 MHz, 6251 MHz, 72.15 W, 81, 100 %, 0x0000000000000004
2026/09/29 20:51:08.023, 975 MHz, 6251 MHz, 72.26 W, 81, 100 %, 0x0000000000000004
2026/09/29 20:51:08.123, 1125 MHz, 6251 MHz, 71.57 W, 82, 100 %, 0x0000000000000004
2026/09/29 20:51:08.223, 990 MHz, 6251 MHz, 71.58 W, 81, 100 %, 0x0000000000000004
2026/09/29 20:51:08.323, 870 MHz, 6251 MHz, 72.47 W, 81, 100 %, 0x0000000000000004
2026/09/29 20:51:08.423, 930 MHz, 6251 MHz, 72.44 W, 81, 100 %, 0x0000000000000004
2026/09/29 20:51:08.523, 1125 MHz, 6251 MHz, 71.58 W, 82, 100 %, 0x0000000000000004
2026/09/29 20:51:08.623, 900 MHz, 6251 MHz, 71.55 W, 81, 100 %, 0x0000000000000004
2026/09/29 20:51:08.724, 750 MHz, 6251 MHz, 72.35 W, 81, 100 %, 0x0000000000000004
2026/09/29 20:51:08.824, 990 MHz, 6251 MHz, 71.99 W, 81, 100 %, 0x0000000000000004
2026/09/29 20:51:08.924, 1065 MHz, 6251 MHz, 71.67 W, 82, 100 %, 0x0000000000000004
2026/09/29 20:51:09.024, 915 MHz, 6251 MHz, 71.80 W, 82, 100 %, 0x0000000000000004
2026/09/29 20:51:09.124, 840 MHz, 6251 MHz, 72.28 W, 81, 100 %, 0x0000000000000004
2026/09/29 20:51:09.224, 960 MHz, 6251 MHz, 72.11 W, 81, 100 %, 0x0000000000000004
2026/09/29 20:51:09.324, 1080 MHz, 6251 MHz, 71.21 W, 81, 100 %, 0x0000000000000004
2026/09/29 20:51:09.424, 795 MHz, 6251 MHz, 71.50 W, 81, 100 %, 0x0000000000000004
2026/09/29 20:51:09.524, 1365 MHz, 6251 MHz, 71.35 W, 81, 100 %, 0x0000000000000004
2026/09/29 20:51:09.625, 1095 MHz, 6251 MHz, 72.84 W, 82, 100 %, 0x0000000000000004
2026/09/29 20:51:09.725, 1230 MHz, 6251 MHz, 71.76 W, 81, 100 %, 0x0000000000000004
2026/09/29 20:51:09.825, 1320 MHz, 6251 MHz, 71.37 W, 81, 100 %, 0x0000000000000004
2026/09/29 20:51:09.925, 1140 MHz, 6251 MHz, 72.58 W, 81, 100 %, 0x0000000000000004
2026/09/29 20:51:10.025, 960 MHz, 6251 MHz, 72.88 W, 81, 100 %, 0x0000000000000004
2026/09/29 20:51:10.125, 885 MHz, 6251 MHz, 72.71 W, 81, 100 %, 0x0000000000000004
2026/09/29 20:51:10.225, 870 MHz, 6251 MHz, 72.09 W, 81, 100 %, 0x0000000000000004
2026/09/29 20:51:10.325, 1125 MHz, 6251 MHz, 72.23 W, 82, 100 %, 0x0000000000000004
2026/09/29 20:51:10.425, 825 MHz, 6251 MHz, 73.06 W, 81, 100 %, 0x0000000000000004
2026/09/29 20:51:10.526, 795 MHz, 6251 MHz, 72.42 W, 81, 100 %, 0x0000000000000004
2026/09/29 20:51:10.626, 1050 MHz, 6251 MHz, 72.28 W, 81, 100 %, 0x0000000000000004
2026/09/29 20:51:10.726, 1065 MHz, 6251 MHz, 71.50 W, 81, 100 %, 0x0000000000000004
2026/09/29 20:51:10.826, 945 MHz, 6251 MHz, 72.59 W, 82, 100 %, 0x0000000000000004
2026/09/29 20:51:10.926, 885 MHz, 6251 MHz, 72.77 W, 81, 100 %, 0x0000000000000004
2026/09/29 20:51:11.026, 1035 MHz, 6251 MHz, 71.56 W, 81, 100 %, 0x0000000000000004
2026/09/29 20:51:11.126, 1080 MHz, 6251 MHz, 71.28 W, 81, 100 %, 0x0000000000000004
2026/09/29 20:51:11.226, 990 MHz, 6251 MHz, 71.45 W, 82, 100 %, 0x0000000000000004
2026/09/29 20:51:11.326, 795 MHz, 6251 MHz, 72.09 W, 81, 100 %, 0x0000000000000004
2026/09/29 20:51:11.426, 1020 MHz, 6251 MHz, 71.77 W, 81, 100 %, 0x0000000000000004
2026/09/29 20:51:11.527, 1035 MHz, 6251 MHz, 71.16 W, 81, 100 %, 0x0000000000000004
2026/09/29 20:51:11.627, 855 MHz, 6251 MHz, 71.64 W, 81, 100 %, 0x0000000000000004
2026/09/29 20:51:11.727, 900 MHz, 6251 MHz, 71.91 W, 81, 100 %, 0x0000000000000004
2026/09/29 20:51:11.827, 1095 MHz, 6251 MHz, 71.24 W, 81, 100 %, 0x0000000000000004
2026/09/29 20:51:11.927, 1050 MHz, 6251 MHz, 71.07 W, 81, 100 %, 0x0000000000000004
2026/09/29 20:51:12.027, 840 MHz, 6251 MHz, 71.51 W, 81, 100 %, 0x0000000000000004
2026/09/29 20:51:12.127, 870 MHz, 6251 MHz, 71.71 W, 81, 100 %, 0x0000000000000004
2026/09/29 20:51:12.227, 1095 MHz, 6251 MHz, 71.03 W, 81, 100 %, 0x0000000000000004
2026/09/29 20:51:12.327, 1065 MHz, 6251 MHz, 70.85 W, 81, 100 %, 0x0000000000000004
2026/09/29 20:51:12.428, 780 MHz, 6251 MHz, 71.16 W, 81, 100 %, 0x0000000000000004
2026/09/29 20:51:12.528, 900 MHz, 6251 MHz, 71.06 W, 81, 100 %, 0x0000000000000004
2026/09/29 20:51:12.628, 1095 MHz, 6251 MHz, 70.85 W, 81, 100 %, 0x0000000000000004
2026/09/29 20:51:12.728, 1020 MHz, 6251 MHz, 70.86 W, 81, 100 %, 0x0000000000000004
2026/09/29 20:51:12.828, 840 MHz, 6251 MHz, 71.67 W, 81, 100 %, 0x0000000000000004
2026/09/29 20:51:12.928, 990 MHz, 6251 MHz, 71.73 W, 81, 100 %, 0x0000000000000004
2026/09/29 20:51:13.028, 1110 MHz, 6251 MHz, 71.21 W, 81, 100 %, 0x0000000000000004
2026/09/29 20:51:13.128, 990 MHz, 6251 MHz, 71.24 W, 81, 100 %, 0x0000000000000004
2026/09/29 20:51:13.228, 855 MHz, 6251 MHz, 72.00 W, 81, 100 %, 0x0000000000000004
2026/09/29 20:51:13.329, 975 MHz, 6251 MHz, 72.24 W, 81, 100 %, 0x0000000000000004
2026/09/29 20:51:13.429, 1110 MHz, 6251 MHz, 71.50 W, 81, 100 %, 0x0000000000000004
2026/09/29 20:51:13.529, 930 MHz, 6251 MHz, 71.49 W, 81, 100 %, 0x0000000000000004
2026/09/29 20:51:13.629, 780 MHz, 6251 MHz, 72.54 W, 81, 100 %, 0x0000000000000004
2026/09/29 20:51:13.729, 990 MHz, 6251 MHz, 72.43 W, 81, 100 %, 0x0000000000000004
2026/09/29 20:51:13.829, 1125 MHz, 6251 MHz, 72.03 W, 82, 100 %, 0x0000000000000004
2026/09/29 20:51:13.929, 900 MHz, 6251 MHz, 72.13 W, 81, 100 %, 0x0000000000000004
2026/09/29 20:51:14.029, 795 MHz, 6251 MHz, 72.71 W, 81, 100 %, 0x0000000000000004
2026/09/29 20:51:14.129, 930 MHz, 6251 MHz, 72.30 W, 81, 100 %, 0x0000000000000004
2026/09/29 20:51:14.229, 1095 MHz, 6251 MHz, 71.39 W, 81, 100 %, 0x0000000000000004
2026/09/29 20:51:14.330, 840 MHz, 6251 MHz, 71.70 W, 81, 100 %, 0x0000000000000004
2026/09/29 20:51:14.430, 1380 MHz, 6251 MHz, 71.33 W, 81, 100 %, 0x0000000000000004
2026/09/29 20:51:14.530, 1140 MHz, 6251 MHz, 72.75 W, 82, 100 %, 0x0000000000000004
2026/09/29 20:51:14.630, 1185 MHz, 6251 MHz, 71.74 W, 81, 100 %, 0x0000000000000004
2026/09/29 20:51:14.730, 1335 MHz, 6251 MHz, 71.05 W, 81, 100 %, 0x0000000000000004
2026/09/29 20:51:14.830, 1125 MHz, 6251 MHz, 71.88 W, 81, 100 %, 0x0000000000000004
2026/09/29 20:51:14.930, 975 MHz, 6251 MHz, 72.24 W, 81, 100 %, 0x0000000000000004
2026/09/29 20:51:15.030, 885 MHz, 6251 MHz, 72.10 W, 81, 100 %, 0x0000000000000004
2026/09/29 20:51:15.130, 885 MHz, 6251 MHz, 71.66 W, 81, 100 %, 0x0000000000000004
2026/09/29 20:51:15.231, 1140 MHz, 6251 MHz, 71.68 W, 81, 100 %, 0x0000000000000004
2026/09/29 20:51:15.331, 840 MHz, 6251 MHz, 72.64 W, 81, 100 %, 0x0000000000000004
2026/09/29 20:51:15.431, 795 MHz, 6251 MHz, 72.01 W, 81, 100 %, 0x0000000000000004
2026/09/29 20:51:15.531, 1020 MHz, 6251 MHz, 72.01 W, 81, 100 %, 0x0000000000000004
2026/09/29 20:51:15.631, 1065 MHz, 6251 MHz, 71.19 W, 81, 100 %, 0x0000000000000004
2026/09/29 20:51:15.731, 990 MHz, 6251 MHz, 72.22 W, 82, 100 %, 0x0000000000000004
2026/09/29 20:51:15.831, 885 MHz, 6251 MHz, 72.90 W, 81, 100 %, 0x0000000000000004
2026/09/29 20:51:15.931, 1020 MHz, 6251 MHz, 72.04 W, 81, 100 %, 0x0000000000000004
2026/09/29 20:51:16.031, 1080 MHz, 6251 MHz, 71.75 W, 82, 100 %, 0x0000000000000004
2026/09/29 20:51:16.131, 960 MHz, 6251 MHz, 71.88 W, 81, 100 %, 0x0000000000000004
2026/09/29 20:51:16.232, 735 MHz, 6251 MHz, 72.34 W, 81, 100 %, 0x0000000000000004
2026/09/29 20:51:16.332, 1035 MHz, 6251 MHz, 72.20 W, 81, 100 %, 0x0000000000000004
2026/09/29 20:51:16.432, 1050 MHz, 6251 MHz, 71.62 W, 81, 100 %, 0x0000000000000004
2026/09/29 20:51:16.532, 825 MHz, 6251 MHz, 72.05 W, 81, 100 %, 0x0000000000000004
2026/09/29 20:51:16.632, 855 MHz, 6251 MHz, 72.36 W, 81, 100 %, 0x0000000000000004
2026/09/29 20:51:16.732, 1080 MHz, 6251 MHz, 71.65 W, 81, 100 %, 0x0000000000000004
2026/09/29 20:51:16.832, 1065 MHz, 6251 MHz, 71.49 W, 81, 100 %, 0x0000000000000004
2026/09/29 20:51:16.932, 855 MHz, 6251 MHz, 71.73 W, 81, 100 %, 0x0000000000000004
2026/09/29 20:51:17.032, 885 MHz, 6251 MHz, 71.88 W, 81, 100 %, 0x0000000000000004
2026/09/29 20:51:17.132, 1110 MHz, 6251 MHz, 71.16 W, 81, 100 %, 0x0000000000000004
2026/09/29 20:51:17.233, 1035 MHz, 6251 MHz, 70.95 W, 81, 100 %, 0x0000000000000004
2026/09/29 20:51:17.333, 795 MHz, 6251 MHz, 71.21 W, 81, 100 %, 0x0000000000000004
2026/09/29 20:51:17.433, 900 MHz, 6251 MHz, 71.12 W, 81, 100 %, 0x0000000000000004
2026/09/29 20:51:17.533, 990 MHz, 6251 MHz, 70.75 W, 81, 100 %, 0x0000000000000004
2026/09/29 20:51:17.633, 1125 MHz, 6251 MHz, 70.76 W, 81, 100 %, 0x0000000000000004
2026/09/29 20:51:17.733, 960 MHz, 6251 MHz, 71.52 W, 81, 100 %, 0x0000000000000004
2026/09/29 20:51:17.833, 825 MHz, 6251 MHz, 71.45 W, 81, 100 %, 0x0000000000000004
2026/09/29 20:51:17.933, 990 MHz, 6251 MHz, 70.79 W, 81, 100 %, 0x0000000000000004
2026/09/29 20:51:18.033, 1095 MHz, 6251 MHz, 70.80 W, 81, 100 %, 0x0000000000000004
2026/09/29 20:51:18.134, 915 MHz, 6251 MHz, 71.59 W, 81, 100 %, 0x0000000000000004
2026/09/29 20:51:18.234, 810 MHz, 6251 MHz, 71.71 W, 81, 100 %, 0x0000000000000004
2026/09/29 20:51:18.334, 1005 MHz, 6251 MHz, 71.21 W, 81, 100 %, 0x0000000000000004
2026/09/29 20:51:18.434, 1035 MHz, 6251 MHz, 71.20 W, 81, 100 %, 0x0000000000000004
2026/09/29 20:51:18.534, 825 MHz, 6251 MHz, 72.27 W, 81, 100 %, 0x0000000000000004
2026/09/29 20:51:18.634, 870 MHz, 6251 MHz, 72.14 W, 81, 100 %, 0x0000000000000004
2026/09/29 20:51:18.734, 1095 MHz, 6251 MHz, 71.71 W, 82, 100 %, 0x0000000000000004
2026/09/29 20:51:18.834, 1035 MHz, 6251 MHz, 71.79 W, 81, 100 %, 0x0000000000000004
2026/09/29 20:51:18.934, 825 MHz, 6251 MHz, 72.63 W, 81, 100 %, 0x0000000000000004
2026/09/29 20:51:19.035, 735 MHz, 6251 MHz, 72.44 W, 81, 100 %, 0x0000000000000004
2026/09/29 20:51:19.135, 1140 MHz, 6251 MHz, 71.53 W, 81, 100 %, 0x0000000000000004
2026/09/29 20:51:19.235, 900 MHz, 6251 MHz, 71.76 W, 81, 99 %, 0x0000000000000004
2026/09/29 20:51:19.335, 1260 MHz, 6251 MHz, 71.52 W, 81, 99 %, 0x0000000000000004
2026/09/29 20:51:19.435, 1260 MHz, 6251 MHz, 72.74 W, 82, 100 %, 0x0000000000000004
2026/09/29 20:51:19.535, 1080 MHz, 6251 MHz, 71.76 W, 81, 100 %, 0x0000000000000004
2026/09/29 20:51:19.635, 1170 MHz, 6251 MHz, 71.10 W, 81, 100 %, 0x0000000000000004
2026/09/29 20:51:19.735, 1050 MHz, 6251 MHz, 71.94 W, 81, 100 %, 0x0000000000000004
2026/09/29 20:51:19.835, 1065 MHz, 6251 MHz, 72.49 W, 81, 100 %, 0x0000000000000004
2026/09/29 20:51:19.936, 960 MHz, 6251 MHz, 72.28 W, 81, 100 %, 0x0000000000000004
2026/09/29 20:51:20.036, 780 MHz, 6251 MHz, 71.64 W, 81, 100 %, 0x0000000000000004
2026/09/29 20:51:20.136, 1005 MHz, 6251 MHz, 71.68 W, 82, 100 %, 0x0000000000000004
2026/09/29 20:51:20.236, 1005 MHz, 6251 MHz, 72.55 W, 81, 100 %, 0x0000000000000004
2026/09/29 20:51:20.336, 795 MHz, 6251 MHz, 71.98 W, 81, 100 %, 0x0000000000000004
2026/09/29 20:51:20.436, 945 MHz, 6251 MHz, 72.00 W, 81, 100 %, 0x0000000000000004
2026/09/29 20:51:20.536, 1110 MHz, 6251 MHz, 71.15 W, 81, 100 %, 0x0000000000000004
2026/09/29 20:51:20.636, 1095 MHz, 6251 MHz, 72.15 W, 82, 100 %, 0x0000000000000004
2026/09/29 20:51:20.736, 885 MHz, 6251 MHz, 72.81 W, 81, 100 %, 0x0000000000000004
2026/09/29 20:51:20.837, 915 MHz, 6251 MHz, 71.96 W, 81, 100 %, 0x0000000000000004
2026/09/29 20:51:20.937, 1095 MHz, 6251 MHz, 71.52 W, 82, 100 %, 0x0000000000000004
2026/09/29 20:51:21.037, 1065 MHz, 6251 MHz, 71.71 W, 82, 100 %, 0x0000000000000004
2026/09/29 20:51:21.137, 780 MHz, 6251 MHz, 72.30 W, 81, 100 %, 0x0000000000000004
2026/09/29 20:51:21.237, 900 MHz, 6251 MHz, 72.05 W, 81, 100 %, 0x0000000000000004
2026/09/29 20:51:21.337, 1125 MHz, 6251 MHz, 71.58 W, 81, 100 %, 0x0000000000000004
2026/09/29 20:51:21.437, 990 MHz, 6251 MHz, 71.98 W, 81, 100 %, 0x0000000000000004
2026/09/29 20:51:21.537, 855 MHz, 6251 MHz, 72.24 W, 81, 100 %, 0x0000000000000004
2026/09/29 20:51:21.637, 975 MHz, 6251 MHz, 71.60 W, 81, 100 %, 0x0000000000000004
2026/09/29 20:51:21.737, 1125 MHz, 6251 MHz, 71.40 W, 81, 100 %, 0x0000000000000004
2026/09/29 20:51:21.838, 975 MHz, 6251 MHz, 71.63 W, 81, 100 %, 0x0000000000000004
2026/09/29 20:51:21.938, 885 MHz, 6251 MHz, 71.73 W, 81, 100 %, 0x0000000000000004
2026/09/29 20:51:22.038, 960 MHz, 6251 MHz, 71.18 W, 81, 100 %, 0x0000000000000004
2026/09/29 20:51:22.138, 1125 MHz, 6251 MHz, 71.00 W, 81, 100 %, 0x0000000000000004
2026/09/29 20:51:22.238, 915 MHz, 6251 MHz, 71.29 W, 81, 100 %, 0x0000000000000004
2026/09/29 20:51:22.338, 750 MHz, 6251 MHz, 71.25 W, 81, 100 %, 0x0000000000000004
2026/09/29 20:51:22.438, 1005 MHz, 6251 MHz, 70.81 W, 81, 100 %, 0x0000000000000004
2026/09/29 20:51:22.538, 1080 MHz, 6251 MHz, 70.82 W, 82, 100 %, 0x0000000000000004
2026/09/29 20:51:22.638, 915 MHz, 6251 MHz, 71.63 W, 81, 100 %, 0x0000000000000004
2026/09/29 20:51:22.739, 855 MHz, 6251 MHz, 71.71 W, 81, 100 %, 0x0000000000000004
2026/09/29 20:51:22.839, 1005 MHz, 6251 MHz, 71.15 W, 81, 100 %, 0x0000000000000004
2026/09/29 20:51:22.939, 1065 MHz, 6251 MHz, 71.18 W, 81, 100 %, 0x0000000000000004
2026/09/29 20:51:23.039, 960 MHz, 6251 MHz, 71.98 W, 81, 100 %, 0x0000000000000004
2026/09/29 20:51:23.139, 810 MHz, 6251 MHz, 72.05 W, 81, 100 %, 0x0000000000000004
2026/09/29 20:51:23.239, 1035 MHz, 6251 MHz, 71.31 W, 82, 100 %, 0x0000000000000004
2026/09/29 20:51:23.339, 1020 MHz, 6251 MHz, 71.31 W, 81, 100 %, 0x0000000000000004
2026/09/29 20:51:23.439, 825 MHz, 6251 MHz, 72.31 W, 81, 100 %, 0x0000000000000004
2026/09/29 20:51:23.539, 855 MHz, 6251 MHz, 72.21 W, 81, 100 %, 0x0000000000000004
2026/09/29 20:51:23.639, 1080 MHz, 6251 MHz, 71.79 W, 82, 100 %, 0x0000000000000004
2026/09/29 20:51:23.740, 1020 MHz, 6251 MHz, 71.89 W, 81, 100 %, 0x0000000000000004
2026/09/29 20:51:23.840, 840 MHz, 6251 MHz, 72.47 W, 81, 100 %, 0x0000000000000004
2026/09/29 20:51:23.940, 750 MHz, 6251 MHz, 72.19 W, 81, 100 %, 0x0000000000000004
2026/09/29 20:51:24.040, 1155 MHz, 6251 MHz, 71.29 W, 81, 100 %, 0x0000000000000004
2026/09/29 20:51:24.140, 900 MHz, 6251 MHz, 71.61 W, 81, 100 %, 0x0000000000000004
2026/09/29 20:51:24.240, 1290 MHz, 6251 MHz, 71.33 W, 81, 100 %, 0x0000000000000004
2026/09/29 20:51:24.340, 1215 MHz, 6251 MHz, 72.77 W, 82, 100 %, 0x0000000000000004
2026/09/29 20:51:24.440, 1140 MHz, 6251 MHz, 71.60 W, 82, 100 %, 0x0000000000000004
2026/09/29 20:51:24.540, 1170 MHz, 6251 MHz, 71.13 W, 81, 100 %, 0x0000000000000004
2026/09/29 20:51:24.641, 1050 MHz, 6251 MHz, 72.20 W, 82, 100 %, 0x0000000000000004
2026/09/29 20:51:24.741, 1065 MHz, 6251 MHz, 72.68 W, 82, 100 %, 0x0000000000000004
2026/09/29 20:51:24.841, 960 MHz, 6251 MHz, 72.54 W, 81, 100 %, 0x0000000000000004
2026/09/29 20:51:24.941, 720 MHz, 6251 MHz, 72.06 W, 81, 100 %, 0x0000000000000004
2026/09/29 20:51:25.041, 1065 MHz, 6251 MHz, 72.08 W, 82, 100 %, 0x0000000000000004
2026/09/29 20:51:25.141, 1020 MHz, 6251 MHz, 72.99 W, 81, 100 %, 0x0000000000000004
2026/09/29 20:51:25.241, 795 MHz, 6251 MHz, 72.37 W, 81, 100 %, 0x0000000000000004
2026/09/29 20:51:25.341, 930 MHz, 6251 MHz, 72.35 W, 81, 100 %, 0x0000000000000004
2026/09/29 20:51:25.441, 1110 MHz, 6251 MHz, 71.52 W, 81, 100 %, 0x0000000000000004
2026/09/29 20:51:25.541, 1020 MHz, 6251 MHz, 72.71 W, 82, 100 %, 0x0000000000000004
2026/09/29 20:51:25.642, 870 MHz, 6251 MHz, 72.82 W, 81, 100 %, 0x0000000000000004
2026/09/29 20:51:25.742, 975 MHz, 6251 MHz, 71.80 W, 81, 100 %, 0x0000000000000004
2026/09/29 20:51:25.842, 1110 MHz, 6251 MHz, 71.51 W, 82, 100 %, 0x0000000000000004
2026/09/29 20:51:25.942, 1020 MHz, 6251 MHz, 71.64 W, 82, 100 %, 0x0000000000000004
2026/09/29 20:51:26.042, 750 MHz, 6251 MHz, 71.80 W, 81, 100 %, 0x0000000000000004
2026/09/29 20:51:26.142, 915 MHz, 6251 MHz, 71.62 W, 81, 100 %, 0x0000000000000004
2026/09/29 20:51:26.242, 1125 MHz, 6251 MHz, 71.30 W, 81, 100 %, 0x0000000000000004
2026/09/29 20:51:26.342, 915 MHz, 6251 MHz, 71.72 W, 82, 100 %, 0x0000000000000004
2026/09/29 20:51:26.442, 795 MHz, 6251 MHz, 71.57 W, 81, 100 %, 0x0000000000000004
2026/09/29 20:51:26.543, 990 MHz, 6251 MHz, 71.07 W, 81, 100 %, 0x0000000000000004
2026/09/29 20:51:26.643, 1095 MHz, 6251 MHz, 71.07 W, 81, 100 %, 0x0000000000000004
2026/09/29 20:51:26.743, 945 MHz, 6251 MHz, 71.65 W, 81, 100 %, 0x0000000000000004
2026/09/29 20:51:26.843, 840 MHz, 6251 MHz, 71.64 W, 82, 100 %, 0x0000000000000004
2026/09/29 20:51:26.943, 1005 MHz, 6251 MHz, 71.18 W, 81, 100 %, 0x0000000000000004
2026/09/29 20:51:27.043, 1065 MHz, 6251 MHz, 71.19 W, 82, 100 %, 0x0000000000000004
2026/09/29 20:51:27.143, 840 MHz, 6251 MHz, 71.71 W, 81, 100 %, 0x0000000000000004
2026/09/29 20:51:27.243, 810 MHz, 6251 MHz, 71.83 W, 81, 100 %, 0x0000000000000004
2026/09/29 20:51:27.343, 1065 MHz, 6251 MHz, 71.52 W, 82, 100 %, 0x0000000000000004
2026/09/29 20:51:27.444, 1035 MHz, 6251 MHz, 71.58 W, 81, 100 %, 0x0000000000000004
2026/09/29 20:51:27.544, 840 MHz, 6251 MHz, 72.56 W, 82, 100 %, 0x0000000000000004
2026/09/29 20:51:27.644, 885 MHz, 6251 MHz, 72.27 W, 81, 100 %, 0x0000000000000004
2026/09/29 20:51:27.744, 1095 MHz, 6251 MHz, 71.88 W, 82, 100 %, 0x0000000000000004
2026/09/29 20:51:27.844, 1050 MHz, 6251 MHz, 71.96 W, 81, 100 %, 0x0000000000000004
2026/09/29 20:51:27.944, 840 MHz, 6251 MHz, 72.68 W, 82, 100 %, 0x0000000000000004
2026/09/29 20:51:28.044, 825 MHz, 6251 MHz, 72.30 W, 82, 100 %, 0x0000000000000004
2026/09/29 20:51:28.144, 1095 MHz, 6251 MHz, 71.77 W, 82, 100 %, 0x0000000000000004
2026/09/29 20:51:28.244, 1005 MHz, 6251 MHz, 71.88 W, 82, 100 %, 0x0000000000000004
2026/09/29 20:51:28.345, 810 MHz, 6251 MHz, 72.37 W, 82, 100 %, 0x0000000000000004
2026/09/29 20:51:28.445, 915 MHz, 6251 MHz, 71.94 W, 82, 100 %, 0x0000000000000004
2026/09/29 20:51:28.545, 1110 MHz, 6251 MHz, 71.58 W, 81, 100 %, 0x0000000000000004
2026/09/29 20:51:28.645, 930 MHz, 6251 MHz, 71.84 W, 82, 100 %, 0x0000000000000004
2026/09/29 20:51:28.745, 810 MHz, 6251 MHz, 71.81 W, 82, 100 %, 0x0000000000000004
2026/09/29 20:51:28.845, 870 MHz, 6251 MHz, 71.36 W, 82, 100 %, 0x0000000000000004
2026/09/29 20:51:28.945, 1725 MHz, 6251 MHz, 71.23 W, 81, 100 %, 0x0000000000000004
2026/09/29 20:51:29.045, 2025 MHz, 6251 MHz, 67.49 W, 80, 29 %, 0x0000000000000004
2026/09/29 20:51:29.146, 2025 MHz, 6251 MHz, 64.79 W, 79, 29 %, 0x0000000000000004
2026/09/29 20:51:29.246, 2025 MHz, 6251 MHz, 61.56 W, 79, 0 %, 0x0000000000000004
2026/09/29 20:51:29.346, 2040 MHz, 6251 MHz, 57.80 W, 79, 0 %, 0x0000000000000004
2026/09/29 20:51:29.446, 2040 MHz, 6251 MHz, 54.63 W, 79, 0 %, 0x0000000000000000
2026/09/29 20:51:29.546, 2040 MHz, 6251 MHz, 51.87 W, 79, 0 %, 0x0000000000000000
