2026/09/29 20:51:29.661, 2040 MHz, 6251 MHz, 44.83 W, 79, 0 %, 0x0000000000000000
2026/09/29 20:51:29.766, 2040 MHz, 6251 MHz, 44.83 W, 79, 0 %, 0x0000000000000000
2026/09/29 20:51:29.866, 2040 MHz, 6251 MHz, 43.07 W, 79, 0 %, 0x0000000000000000
2026/09/29 20:51:29.967, 2040 MHz, 6251 MHz, 40.99 W, 79, 100 %, 0x0000000000000000
2026/09/29 20:51:30.067, 2040 MHz, 6251 MHz, 38.20 W, 79, 100 %, 0x0000000000000000
2026/09/29 20:51:30.167, 2040 MHz, 6251 MHz, 38.46 W, 79, 35 %, 0x0000000000000000
2026/09/29 20:51:30.268, 2040 MHz, 6251 MHz, 38.45 W, 79, 35 %, 0x0000000000000000
2026/09/29 20:51:30.368, 2040 MHz, 6251 MHz, 38.42 W, 79, 0 %, 0x0000000000000000
2026/09/29 20:51:30.468, 2040 MHz, 6251 MHz, 38.40 W, 79, 0 %, 0x0000000000000000
2026/09/29 20:51:30.568, 2040 MHz, 6251 MHz, 38.37 W, 79, 0 %, 0x0000000000000000
2026/09/29 20:51:30.668, 2040 MHz, 6251 MHz, 38.36 W, 79, 0 %, 0x0000000000000000
2026/09/29 20:51:30.768, 2040 MHz, 6251 MHz, 38.26 W, 79, 0 %, 0x0000000000000000
2026/09/29 20:51:30.868, 2040 MHz, 6251 MHz, 38.15 W, 79, 0 %, 0x0000000000000000
2026/09/29 20:51:30.968, 2040 MHz, 6251 MHz, 37.24 W, 79, 0 %, 0x0000000000000000
2026/09/29 20:51:31.068, 2040 MHz, 6251 MHz, 36.35 W, 79, 0 %, 0x0000000000000001
2026/09/29 20:51:31.169, 2040 MHz, 6251 MHz, 35.44 W, 79, 0 %, 0x0000000000000001
2026/09/29 20:51:31.269, 2040 MHz, 6251 MHz, 35.42 W, 79, 0 %, 0x0000000000000001
2026/09/29 20:51:31.369, 2040 MHz, 6251 MHz, 35.41 W, 78, 0 %, 0x0000000000000001
2026/09/29 20:51:31.469, 2040 MHz, 6251 MHz, 35.40 W, 78, 0 %, 0x0000000000000001
2026/09/29 20:51:31.569, 2040 MHz, 6251 MHz, 35.37 W, 78, 0 %, 0x0000000000000001
2026/09/29 20:51:31.669, 2040 MHz, 6251 MHz, 35.36 W, 78, 0 %, 0x0000000000000001
2026/09/29 20:51:31.769, 2040 MHz, 6251 MHz, 35.35 W, 78, 0 %, 0x0000000000000001
2026/09/29 20:51:31.869, 2040 MHz, 6251 MHz, 35.34 W, 78, 0 %, 0x0000000000000001
2026/09/29 20:51:31.969, 2040 MHz, 6251 MHz, 35.33 W, 78, 0 %, 0x0000000000000001
2026/09/29 20:51:32.070, 2040 MHz, 6251 MHz, 35.31 W, 78, 0 %, 0x0000000000000001
2026/09/29 20:51:32.170, 2040 MHz, 6251 MHz, 35.31 W, 78, 0 %, 0x0000000000000001
2026/09/29 20:51:32.270, 2040 MHz, 6251 MHz, 35.30 W, 78, 0 %, 0x0000000000000001
2026/09/29 20:51:32.370, 2040 MHz, 6251 MHz, 35.27 W, 78, 0 %, 0x0000000000000001
2026/09/29 20:51:32.470, 2040 MHz, 6251 MHz, 35.26 W, 78, 0 %, 0x0000000000000001
2026/09/29 20:51:32.570, 2040 MHz, 6251 MHz, 35.26 W, 78, 0 %, 0x0000000000000001
2026/09/29 20:51:32.670, 2040 MHz, 6251 MHz, 35.26 W, 78, 0 %, 0x0000000000000001
2026/09/29 20:51:32.770, 2040 MHz, 6251 MHz, 35.25 W, 78, 0 %, 0x0000000000000001
2026/09/29 20:51:32.871, 2040 MHz, 6251 MHz, 35.25 W, 78, 0 %, 0x0000000000000001
2026/09/29 20:51:32.971, 2040 MHz, 6251 MHz, 35.25 W, 78, 0 %, 0x0000000000000001
2026/09/29 20:51:33.071, 2040 MHz, 6251 MHz, 35.24 W, 78, 0 %, 0x0000000000000001
2026/09/29 20:51:33.171, 2040 MHz, 6251 MHz, 35.24 W, 78, 0 %, 0x0000000000000001
2026/09/29 20:51:33.271, 2040 MHz, 6251 MHz, 35.23 W, 78, 0 %, 0x0000000000000001
2026/09/29 20:51:33.371, 2040 MHz, 6251 MHz, 35.23 W, 78, 0 %, 0x0000000000000001
2026/09/29 20:51:33.471, 2040 MHz, 6251 MHz, 35.23 W, 78, 0 %, 0x0000000000000001
2026/09/29 20:51:33.571, 2040 MHz, 6251 MHz, 35.22 W, 78, 0 %, 0x0000000000000001
2026/09/29 20:51:33.672, 2040 MHz, 6251 MHz, 35.33 W, 78, 0 %, 0x0000000000000001
2026/09/29 20:51:33.772, 2040 MHz, 6251 MHz, 35.33 W, 78, 0 %, 0x0000000000000000
2026/09/29 20:51:33.872, 2040 MHz, 6251 MHz, 35.48 W, 78, 0 %, 0x0000000000000000
2026/09/29 20:51:33.972, 2040 MHz, 6251 MHz, 35.49 W, 78, 2 %, 0x0000000000000000
2026/09/29 20:51:34.072, 2040 MHz, 6251 MHz, 35.89 W, 78, 2 %, 0x0000000000000000
2026/09/29 20:51:34.172, 1830 MHz, 6251 MHz, 39.98 W, 80, 49 %, 0x0000000000000004
2026/09/29 20:51:34.272, 2025 MHz, 6251 MHz, 43.61 W, 79, 49 %, 0x0000000000000004
2026/09/29 20:51:34.372, 1830 MHz, 6251 MHz, 45.10 W, 80, 12 %, 0x0000000000000004
2026/09/29 20:51:34.473, 1815 MHz, 6251 MHz, 48.66 W, 80, 12 %, 0x0000000000000004
2026/09/29 20:51:34.573, 1815 MHz, 6251 MHz, 52.20 W, 80, 96 %, 0x0000000000000004
2026/09/29 20:51:34.673, 2010 MHz, 6251 MHz, 55.74 W, 80, 96 %, 0x0000000000000004
2026/09/29 20:51:34.773, 2010 MHz, 6251 MHz, 55.98 W, 79, 92 %, 0x0000000000000004
2026/09/29 20:51:34.873, 1905 MHz, 6251 MHz, 58.08 W, 80, 92 %, 0x0000000000000004
2026/09/29 20:51:34.973, 2010 MHz, 6251 MHz, 60.53 W, 80, 95 %, 0x0000000000000004
2026/09/29 20:51:35.073, 1980 MHz, 6251 MHz, 63.97 W, 80, 95 %, 0x0000000000000004
2026/09/29 20:51:35.173, 1920 MHz, 6251 MHz, 67.06 W, 80, 94 %, 0x0000000000000004
2026/09/29 20:51:35.274, 2010 MHz, 6251 MHz, 66.89 W, 80, 94 %, 0x0000000000000004
2026/09/29 20:51:35.374, 1860 MHz, 6251 MHz, 66.62 W, 80, 94 %, 0x0000000000000004
2026/09/29 20:51:35.474, 2010 MHz, 6251 MHz, 68.89 W, 80, 94 %, 0x0000000000000004
2026/09/29 20:51:35.574, 1860 MHz, 6251 MHz, 69.28 W, 80, 95 %, 0x0000000000000004
2026/09/29 20:51:35.674, 1905 MHz, 6251 MHz, 69.40 W, 80, 95 %, 0x0000000000000004
2026/09/29 20:51:35.774, 1830 MHz, 6251 MHz, 68.43 W, 81, 94 %, 0x0000000000000004
2026/09/29 20:51:35.874, 1980 MHz, 6251 MHz, 70.98 W, 80, 94 %, 0x0000000000000004
2026/09/29 20:51:35.974, 1920 MHz, 6251 MHz, 70.78 W, 81, 95 %, 0x0000000000000004
2026/09/29 20:51:36.074, 1965 MHz, 6251 MHz, 70.71 W, 81, 95 %, 0x0000000000000004
2026/09/29 20:51:36.175, 1995 MHz, 6251 MHz, 70.62 W, 81, 97 %, 0x0000000000000004
2026/09/29 20:51:36.275, 1965 MHz, 6251 MHz, 70.74 W, 81, 97 %, 0x0000000000000004
2026/09/29 20:51:36.375, 1860 MHz, 6251 MHz, 70.70 W, 81, 96 %, 0x0000000000000004
2026/09/29 20:51:36.475, 1875 MHz, 6251 MHz, 69.42 W, 81, 96 %, 0x0000000000000004
2026/09/29 20:51:36.575, 1980 MHz, 6251 MHz, 69.57 W, 80, 97 %, 0x0000000000000004
2026/09/29 20:51:36.675, 1845 MHz, 6251 MHz, 69.06 W, 80, 97 %, 0x0000000000000004
2026/09/29 20:51:36.775, 1965 MHz, 6251 MHz, 69.15 W, 81, 96 %, 0x0000000000000004
2026/09/29 20:51:36.875, 1845 MHz, 6251 MHz, 70.48 W, 80, 96 %, 0x0000000000000004
2026/09/29 20:51:36.976, 1890 MHz, 6251 MHz, 71.25 W, 81, 97 %, 0x0000000000000004
2026/09/29 20:51:37.076, 1800 MHz, 6251 MHz, 72.21 W, 81, 97 %, 0x0000000000000004
2026/09/29 20:51:37.176, 1995 MHz, 6251 MHz, 70.61 W, 80, 96 %, 0x0000000000000004
2026/09/29 20:51:37.276, 1920 MHz, 6251 MHz, 69.55 W, 81, 96 %, 0x0000000000000004
2026/09/29 20:51:37.376, 1950 MHz, 6251 MHz, 68.85 W, 81, 95 %, 0x0000000000000004
2026/09/29 20:51:37.476, 1980 MHz, 6251 MHz, 70.36 W, 81, 95 %, 0x0000000000000004
2026/09/29 20:51:37.576, 1965 MHz, 6251 MHz, 70.24 W, 81, 94 %, 0x0000000000000004
2026/09/29 20:51:37.677, 1890 MHz, 6251 MHz, 68.96 W, 81, 94 %, 0x0000000000000004
2026/09/29 20:51:37.777, 1905 MHz, 6251 MHz, 69.11 W, 81, 94 %, 0x0000000000000004
2026/09/29 20:51:37.877, 1995 MHz, 6251 MHz, 68.60 W, 80, 94 %, 0x0000000000000004
2026/09/29 20:51:37.977, 1860 MHz, 6251 MHz, 68.70 W, 80, 94 %, 0x0000000000000004
2026/09/29 20:51:38.077, 2010 MHz, 6251 MHz, 70.07 W, 81, 94 %, 0x0000000000000004
2026/09/29 20:51:38.177, 1860 MHz, 6251 MHz, 70.91 W, 81, 94 %, 0x0000000000000004
2026/09/29 20:51:38.277, 1905 MHz, 6251 MHz, 71.93 W, 81, 94 %, 0x0000000000000004
2026/09/29 20:51:38.378, 1830 MHz, 6251 MHz, 72.11 W, 81, 94 %, 0x0000000000000004
2026/09/29 20:51:38.478, 1980 MHz, 6251 MHz, 70.51 W, 81, 94 %, 0x0000000000000004
2026/09/29 20:51:38.578, 1935 MHz, 6251 MHz, 69.47 W, 81, 95 %, 0x0000000000000004
2026/09/29 20:51:38.678, 1950 MHz, 6251 MHz, 68.89 W, 81, 95 %, 0x0000000000000004
2026/09/29 20:51:38.778, 1980 MHz, 6251 MHz, 70.28 W, 81, 96 %, 0x0000000000000004
2026/09/29 20:51:38.878, 1965 MHz, 6251 MHz, 70.20 W, 81, 96 %, 0x0000000000000004
2026/09/29 20:51:38.978, 1875 MHz, 6251 MHz, 68.91 W, 81, 94 %, 0x0000000000000004
2026/09/29 20:51:39.078, 1875 MHz, 6251 MHz, 69.03 W, 81, 94 %, 0x0000000000000004
2026/09/29 20:51:39.179, 1980 MHz, 6251 MHz, 68.53 W, 81, 97 %, 0x0000000000000004
2026/09/29 20:51:39.279, 1860 MHz, 6251 MHz, 68.58 W, 80, 97 %, 0x0000000000000004
2026/09/29 20:51:39.379, 2010 MHz, 6251 MHz, 69.75 W, 81, 94 %, 0x0000000000000004
2026/09/29 20:51:39.479, 1845 MHz, 6251 MHz, 70.70 W, 81, 94 %, 0x0000000000000004
2026/09/29 20:51:39.579, 1875 MHz, 6251 MHz, 71.59 W, 81, 96 %, 0x0000000000000004
2026/09/29 20:51:39.679, 1815 MHz, 6251 MHz, 72.02 W, 81, 96 %, 0x0000000000000004
2026/09/29 20:51:39.779, 1965 MHz, 6251 MHz, 70.79 W, 81, 95 %, 0x0000000000000004
2026/09/29 20:51:39.879, 1905 MHz, 6251 MHz, 69.81 W, 81, 95 %, 0x0000000000000004
2026/09/29 20:51:39.980, 1965 MHz, 6251 MHz, 69.41 W, 81, 96 %, 0x0000000000000004
2026/09/29 20:51:40.080, 1980 MHz, 6251 MHz, 70.89 W, 81, 96 %, 0x0000000000000004
2026/09/29 20:51:40.180, 1950 MHz, 6251 MHz, 70.74 W, 81, 96 %, 0x0000000000000004
2026/09/29 20:51:40.280, 1920 MHz, 6251 MHz, 69.57 W, 81, 96 %, 0x0000000000000004
2026/09/29 20:51:40.380, 1905 MHz, 6251 MHz, 69.79 W, 81, 96 %, 0x0000000000000004
2026/09/29 20:51:40.480, 1980 MHz, 6251 MHz, 69.10 W, 81, 96 %, 0x0000000000000004
2026/09/29 20:51:40.580, 1875 MHz, 6251 MHz, 69.26 W, 80, 94 %, 0x0000000000000004
2026/09/29 20:51:40.681, 1995 MHz, 6251 MHz, 70.67 W, 81, 94 %, 0x0000000000000004
2026/09/29 20:51:40.781, 1860 MHz, 6251 MHz, 71.44 W, 81, 96 %, 0x0000000000000004
2026/09/29 20:51:40.881, 1905 MHz, 6251 MHz, 72.70 W, 81, 96 %, 0x0000000000000004
2026/09/29 20:51:40.981, 1830 MHz, 6251 MHz, 72.86 W, 82, 95 %, 0x0000000000000004
2026/09/29 20:51:41.081, 1995 MHz, 6251 MHz, 71.10 W, 81, 95 %, 0x0000000000000004
2026/09/29 20:51:41.181, 1935 MHz, 6251 MHz, 70.08 W, 81, 95 %, 0x0000000000000004
2026/09/29 20:51:41.281, 1950 MHz, 6251 MHz, 69.39 W, 82, 95 %, 0x0000000000000004
2026/09/29 20:51:41.381, 1950 MHz, 6251 MHz, 70.46 W, 81, 94 %, 0x0000000000000004
2026/09/29 20:51:41.482, 2025 MHz, 6251 MHz, 66.56 W, 80, 94 %, 0x0000000000000004
2026/09/29 20:51:41.582, 1830 MHz, 6251 MHz, 66.96 W, 81, 97 %, 0x0000000000000004
2026/09/29 20:51:41.682, 1980 MHz, 6251 MHz, 66.33 W, 82, 97 %, 0x0000000000000004
2026/09/29 20:51:41.782, 2010 MHz, 6251 MHz, 65.95 W, 81, 100 %, 0x0000000000000004
2026/09/29 20:51:41.882, 1995 MHz, 6251 MHz, 65.71 W, 81, 100 %, 0x0000000000000004
2026/09/29 20:51:41.982, 1980 MHz, 6251 MHz, 65.95 W, 81, 100 %, 0x0000000000000004
2026/09/29 20:51:42.082, 1965 MHz, 6251 MHz, 66.68 W, 81, 100 %, 0x0000000000000004
2026/09/29 20:51:42.182, 1965 MHz, 6251 MHz, 68.50 W, 81, 100 %, 0x0000000000000004
2026/09/29 20:51:42.282, 1965 MHz, 6251 MHz, 69.47 W, 81, 100 %, 0x0000000000000004
2026/09/29 20:51:42.383, 1845 MHz, 6251 MHz, 69.63 W, 81, 100 %, 0x0000000000000004
2026/09/29 20:51:42.483, 1980 MHz, 6251 MHz, 66.57 W, 81, 100 %, 0x0000000000000004
2026/09/29 20:51:42.583, 2025 MHz, 6251 MHz, 66.57 W, 80, 0 %, 0x0000000000000004
2026/09/29 20:51:42.683, 2025 MHz, 6251 MHz, 62.91 W, 79, 0 %, 0x0000000000000004
2026/09/29 20:51:42.783, 2025 MHz, 6251 MHz, 59.72 W, 79, 0 %, 0x0000000000000004
2026/09/29 20:51:42.883, 2040 MHz, 6251 MHz, 56.34 W, 79, 0 %, 0x0000000000000000
2026/09/29 20:51:42.983, 1950 MHz, 6251 MHz, 58.56 W, 79, 29 %, 0x0000000000000004
2026/09/29 20:51:43.083, 1200 MHz, 6251 MHz, 58.61 W, 81, 29 %, 0x0000000000000004
2026/09/29 20:51:43.183, 1230 MHz, 6251 MHz, 58.17 W, 81, 98 %, 0x0000000000000004
2026/09/29 20:51:43.284, 1215 MHz, 6251 MHz, 58.26 W, 81, 98 %, 0x0000000000000004
2026/09/29 20:51:43.384, 1815 MHz, 6251 MHz, 54.49 W, 81, 49 %, 0x0000000000000004
2026/09/29 20:51:43.484, 2025 MHz, 6251 MHz, 54.02 W, 79, 49 %, 0x0000000000000004
2026/09/29 20:51:43.584, 1380 MHz, 6251 MHz, 57.40 W, 81, 100 %, 0x0000000000000004
2026/09/29 20:51:43.684, 1380 MHz, 6251 MHz, 61.03 W, 81, 100 %, 0x0000000000000004
2026/09/29 20:51:43.784, 1365 MHz, 6251 MHz, 64.58 W, 81, 100 %, 0x0000000000000004
2026/09/29 20:51:43.884, 1380 MHz, 6251 MHz, 68.10 W, 81, 100 %, 0x0000000000000004
2026/09/29 20:51:43.984, 1350 MHz, 6251 MHz, 71.48 W, 81, 100 %, 0x0000000000000004
2026/09/29 20:51:44.084, 1365 MHz, 6251 MHz, 69.31 W, 81, 100 %, 0x0000000000000004
2026/09/29 20:51:44.185, 1365 MHz, 6251 MHz, 69.23 W, 81, 99 %, 0x0000000000000004
2026/09/29 20:51:44.285, 1290 MHz, 6251 MHz, 69.64 W, 81, 99 %, 0x0000000000000004
2026/09/29 20:51:44.385, 1440 MHz, 6251 MHz, 66.26 W, 81, 78 %, 0x0000000000000004
2026/09/29 20:51:44.485, 1125 MHz, 6251 MHz, 69.56 W, 82, 78 %, 0x0000000000000004
2026/09/29 20:51:44.585, 1230 MHz, 6251 MHz, 70.13 W, 81, 100 %, 0x0000000000000004
2026/09/29 20:51:44.685, 1320 MHz, 6251 MHz, 69.89 W, 81, 100 %, 0x0000000000000004
2026/09/29 20:51:44.785, 1335 MHz, 6251 MHz, 69.83 W, 81, 99 %, 0x0000000000000004
2026/09/29 20:51:44.885, 1320 MHz, 6251 MHz, 69.69 W, 81, 99 %, 0x0000000000000004
2026/09/29 20:51:44.985, 1680 MHz, 6251 MHz, 68.91 W, 81, 75 %, 0x0000000000000004
2026/09/29 20:51:45.086, 945 MHz, 6251 MHz, 68.55 W, 82, 75 %, 0x0000000000000004
2026/09/29 20:51:45.186, 960 MHz, 6251 MHz, 68.47 W, 82, 100 %, 0x0000000000000004
2026/09/29 20:51:45.286, 825 MHz, 6251 MHz, 68.09 W, 82, 100 %, 0x0000000000000004
2026/09/29 20:51:45.386, 840 MHz, 6251 MHz, 67.64 W, 82, 99 %, 0x0000000000000004
2026/09/29 20:51:45.486, 930 MHz, 6251 MHz, 70.52 W, 82, 99 %, 0x0000000000000004
2026/09/29 20:51:45.586, 1500 MHz, 6251 MHz, 69.31 W, 82, 76 %, 0x0000000000000004
2026/09/29 20:51:45.686, 1140 MHz, 6251 MHz, 69.53 W, 82, 76 %, 0x0000000000000004
2026/09/29 20:51:45.786, 1170 MHz, 6251 MHz, 69.44 W, 81, 100 %, 0x0000000000000004
2026/09/29 20:51:45.886, 1005 MHz, 6251 MHz, 69.15 W, 81, 100 %, 0x0000000000000004
2026/09/29 20:51:45.986, 1110 MHz, 6251 MHz, 68.64 W, 81, 99 %, 0x0000000000000004
2026/09/29 20:51:46.087, 1140 MHz, 6251 MHz, 69.39 W, 81, 99 %, 0x0000000000000004
2026/09/29 20:51:46.187, 1140 MHz, 6251 MHz, 69.40 W, 81, 99 %, 0x0000000000000004
2026/09/29 20:51:46.287, 930 MHz, 6251 MHz, 69.38 W, 81, 99 %, 0x0000000000000004
2026/09/29 20:51:46.387, 840 MHz, 6251 MHz, 69.52 W, 81, 100 %, 0x0000000000000004
2026/09/29 20:51:46.487, 825 MHz, 6251 MHz, 69.74 W, 81, 100 %, 0x0000000000000004
2026/09/29 20:51:46.587, 825 MHz, 6251 MHz, 69.85 W, 81, 100 %, 0x0000000000000004
2026/09/29 20:51:46.687, 1230 MHz, 6251 MHz, 72.29 W, 80, 100 %, 0x0000000000000004
2026/09/29 20:51:46.787, 1125 MHz, 6251 MHz, 72.13 W, 82, 100 %, 0x0000000000000004
2026/09/29 20:51:46.887, 1080 MHz, 6251 MHz, 72.28 W, 82, 100 %, 0x0000000000000004
2026/09/29 20:51:46.988, 1110 MHz, 6251 MHz, 72.39 W, 81, 99 %, 0x0000000000000004
2026/09/29 20:51:47.088, 1140 MHz, 6251 MHz, 73.00 W, 81, 99 %, 0x0000000000000004
2026/09/29 20:51:47.188, 1020 MHz, 6251 MHz, 72.85 W, 82, 100 %, 0x0000000000000004
2026/09/29 20:51:47.288, 1005 MHz, 6251 MHz, 73.18 W, 81, 100 %, 0x0000000000000004
2026/09/29 20:51:47.388, 1470 MHz, 6251 MHz, 70.61 W, 81, 76 %, 0x0000000000000004
2026/09/29 20:51:47.488, 930 MHz, 6251 MHz, 70.44 W, 82, 76 %, 0x0000000000000004
2026/09/29 20:51:47.588, 960 MHz, 6251 MHz, 70.23 W, 82, 100 %, 0x0000000000000004
2026/09/29 20:51:47.688, 1020 MHz, 6251 MHz, 70.41 W, 82, 100 %, 0x0000000000000004
2026/09/29 20:51:47.788, 1050 MHz, 6251 MHz, 69.17 W, 82, 99 %, 0x0000000000000004
2026/09/29 20:51:47.888, 1050 MHz, 6251 MHz, 69.24 W, 82, 99 %, 0x0000000000000004
2026/09/29 20:51:47.989, 1050 MHz, 6251 MHz, 68.88 W, 82, 99 %, 0x0000000000000004
2026/09/29 20:51:48.089, 1065 MHz, 6251 MHz, 68.96 W, 83, 99 %, 0x0000000000000004
2026/09/29 20:51:48.189, 1035 MHz, 6251 MHz, 68.64 W, 83, 99 %, 0x0000000000000004
2026/09/29 20:51:48.289, 960 MHz, 6251 MHz, 68.44 W, 82, 99 %, 0x0000000000000004
2026/09/29 20:51:48.389, 990 MHz, 6251 MHz, 67.05 W, 82, 93 %, 0x0000000000000004
2026/09/29 20:51:48.489, 915 MHz, 6251 MHz, 69.67 W, 82, 93 %, 0x0000000000000004
2026/09/29 20:51:48.589, 930 MHz, 6251 MHz, 69.85 W, 82, 100 %, 0x0000000000000004
2026/09/29 20:51:48.689, 930 MHz, 6251 MHz, 70.05 W, 82, 100 %, 0x0000000000000004
2026/09/29 20:51:48.789, 975 MHz, 6251 MHz, 70.15 W, 82, 100 %, 0x0000000000000004
2026/09/29 20:51:48.890, 975 MHz, 6251 MHz, 70.46 W, 82, 100 %, 0x0000000000000004
2026/09/29 20:51:48.990, 1005 MHz, 6251 MHz, 70.48 W, 82, 99 %, 0x0000000000000004
2026/09/29 20:51:49.090, 1005 MHz, 6251 MHz, 70.74 W, 82, 99 %, 0x0000000000000004
2026/09/29 20:51:49.190, 930 MHz, 6251 MHz, 70.62 W, 82, 100 %, 0x0000000000000004
2026/09/29 20:51:49.290, 900 MHz, 6251 MHz, 70.66 W, 82, 100 %, 0x0000000000000004
2026/09/29 20:51:49.390, 930 MHz, 6251 MHz, 70.82 W, 82, 100 %, 0x0000000000000004
2026/09/29 20:51:49.490, 930 MHz, 6251 MHz, 71.95 W, 81, 100 %, 0x0000000000000004
2026/09/29 20:51:49.590, 960 MHz, 6251 MHz, 71.85 W, 82, 99 %, 0x0000000000000004
2026/09/29 20:51:49.690, 945 MHz, 6251 MHz, 71.98 W, 82, 99 %, 0x0000000000000004
2026/09/29 20:51:49.791, 975 MHz, 6251 MHz, 72.22 W, 82, 100 %, 0x0000000000000004
2026/09/29 20:51:49.891, 975 MHz, 6251 MHz, 72.79 W, 81, 100 %, 0x0000000000000004
2026/09/29 20:51:49.991, 960 MHz, 6251 MHz, 72.60 W, 82, 100 %, 0x0000000000000004
2026/09/29 20:51:50.091, 1080 MHz, 6251 MHz, 72.75 W, 82, 100 %, 0x0000000000000004
2026/09/29 20:51:50.191, 960 MHz, 6251 MHz, 72.52 W, 82, 100 %, 0x0000000000000004
2026/09/29 20:51:50.291, 945 MHz, 6251 MHz, 72.07 W, 82, 100 %, 0x0000000000000004
2026/09/29 20:51:50.391, 825 MHz, 6251 MHz, 72.03 W, 82, 100 %, 0x0000000000000004
2026/09/29 20:51:50.491, 915 MHz, 6251 MHz, 72.09 W, 82, 100 %, 0x0000000000000004
2026/09/29 20:51:50.591, 975 MHz, 6251 MHz, 72.54 W, 82, 99 %, 0x0000000000000004
2026/09/29 20:51:50.692, 870 MHz, 6251 MHz, 72.30 W, 82, 99 %, 0x0000000000000004
2026/09/29 20:51:50.792, 1050 MHz, 6251 MHz, 72.15 W, 82, 99 %, 0x0000000000000004
2026/09/29 20:51:50.892, 990 MHz, 6251 MHz, 72.26 W, 82, 99 %, 0x0000000000000004
2026/09/29 20:51:50.992, 1005 MHz, 6251 MHz, 71.73 W, 82, 100 %, 0x0000000000000004
2026/09/29 20:51:51.092, 1080 MHz, 6251 MHz, 72.84 W, 81, 100 %, 0x0000000000000004
2026/09/29 20:51:51.192, 1050 MHz, 6251 MHz, 72.70 W, 83, 100 %, 0x0000000000000004
2026/09/29 20:51:51.292, 1035 MHz, 6251 MHz, 72.97 W, 83, 100 %, 0x0000000000000004
2026/09/29 20:51:51.392, 1005 MHz, 6251 MHz, 73.35 W, 83, 100 %, 0x0000000000000004
2026/09/29 20:51:51.492, 1005 MHz, 6251 MHz, 73.44 W, 83, 100 %, 0x0000000000000004
2026/09/29 20:51:51.593, 990 MHz, 6251 MHz, 73.06 W, 83, 99 %, 0x0000000000000004
2026/09/29 20:51:51.693, 1005 MHz, 6251 MHz, 72.71 W, 83, 99 %, 0x0000000000000004
2026/09/29 20:51:51.793, 1050 MHz, 6251 MHz, 73.02 W, 83, 100 %, 0x0000000000000004
2026/09/29 20:51:51.893, 1050 MHz, 6251 MHz, 73.06 W, 83, 100 %, 0x0000000000000004
2026/09/29 20:51:51.993, 1035 MHz, 6251 MHz, 72.84 W, 83, 100 %, 0x0000000000000004
2026/09/29 20:51:52.093, 1050 MHz, 6251 MHz, 72.85 W, 83, 100 %, 0x0000000000000004
2026/09/29 20:51:52.193, 1095 MHz, 6251 MHz, 71.97 W, 83, 99 %, 0x0000000000000004
2026/09/29 20:51:52.293, 1020 MHz, 6251 MHz, 71.84 W, 83, 99 %, 0x0000000000000004
2026/09/29 20:51:52.393, 1005 MHz, 6251 MHz, 71.71 W, 83, 100 %, 0x0000000000000004
2026/09/29 20:51:52.494, 1425 MHz, 6251 MHz, 72.99 W, 83, 100 %, 0x0000000000000004
2026/09/29 20:51:52.594, 900 MHz, 6251 MHz, 72.95 W, 83, 100 %, 0x0000000000000004
2026/09/29 20:51:52.694, 945 MHz, 6251 MHz, 73.31 W, 82, 100 %, 0x0000000000000004
2026/09/29 20:51:52.794, 945 MHz, 6251 MHz, 73.30 W, 82, 100 %, 0x0000000000000004
2026/09/29 20:51:52.894, 960 MHz, 6251 MHz, 73.18 W, 82, 100 %, 0x0000000000000004
2026/09/29 20:51:52.994, 960 MHz, 6251 MHz, 73.41 W, 82, 100 %, 0x0000000000000004
2026/09/29 20:51:53.094, 990 MHz, 6251 MHz, 73.50 W, 82, 100 %, 0x0000000000000004
2026/09/29 20:51:53.194, 930 MHz, 6251 MHz, 73.35 W, 82, 99 %, 0x0000000000000004
2026/09/29 20:51:53.294, 915 MHz, 6251 MHz, 73.08 W, 82, 99 %, 0x0000000000000004
2026/09/29 20:51:53.394, 930 MHz, 6251 MHz, 73.08 W, 82, 100 %, 0x0000000000000004
2026/09/29 20:51:53.495, 945 MHz, 6251 MHz, 72.07 W, 82, 99 %, 0x0000000000000004
2026/09/29 20:51:53.595, 930 MHz, 6251 MHz, 72.15 W, 82, 99 %, 0x0000000000000004
2026/09/29 20:51:53.695, 915 MHz, 6251 MHz, 72.17 W, 82, 99 %, 0x0000000000000004
2026/09/29 20:51:53.795, 930 MHz, 6251 MHz, 72.08 W, 82, 100 %, 0x0000000000000004
2026/09/29 20:51:53.895, 960 MHz, 6251 MHz, 72.10 W, 82, 100 %, 0x0000000000000004
2026/09/29 20:51:53.995, 945 MHz, 6251 MHz, 71.96 W, 82, 100 %, 0x0000000000000004
2026/09/29 20:51:54.095, 960 MHz, 6251 MHz, 71.88 W, 82, 100 %, 0x0000000000000004
2026/09/29 20:51:54.195, 1485 MHz, 6251 MHz, 72.37 W, 83, 100 %, 0x0000000000000004
2026/09/29 20:51:54.295, 1050 MHz, 6251 MHz, 72.56 W, 83, 100 %, 0x0000000000000004
2026/09/29 20:51:54.396, 1005 MHz, 6251 MHz, 72.07 W, 83, 100 %, 0x0000000000000004
2026/09/29 20:51:54.496, 1095 MHz, 6251 MHz, 72.28 W, 83, 100 %, 0x0000000000000004
2026/09/29 20:51:54.596, 1125 MHz, 6251 MHz, 72.08 W, 83, 100 %, 0x0000000000000004
2026/09/29 20:51:54.696, 1050 MHz, 6251 MHz, 71.97 W, 83, 100 %, 0x0000000000000004
2026/09/29 20:51:54.796, 990 MHz, 6251 MHz, 71.75 W, 83, 100 %, 0x0000000000000004
2026/09/29 20:51:54.896, 1095 MHz, 6251 MHz, 71.93 W, 83, 99 %, 0x0000000000000004
2026/09/29 20:51:54.996, 1065 MHz, 6251 MHz, 71.42 W, 83, 99 %, 0x0000000000000004
2026/09/29 20:51:55.096, 975 MHz, 6251 MHz, 71.21 W, 82, 100 %, 0x0000000000000004
2026/09/29 20:51:55.196, 1110 MHz, 6251 MHz, 71.33 W, 82, 100 %, 0x0000000000000004
2026/09/29 20:51:55.296, 1005 MHz, 6251 MHz, 70.87 W, 83, 99 %, 0x0000000000000004
2026/09/29 20:51:55.397, 1065 MHz, 6251 MHz, 70.66 W, 83, 99 %, 0x0000000000000004
2026/09/29 20:51:55.497, 1050 MHz, 6251 MHz, 71.32 W, 83, 100 %, 0x0000000000000004
2026/09/29 20:51:55.597, 1050 MHz, 6251 MHz, 71.10 W, 82, 100 %, 0x0000000000000004
2026/09/29 20:51:55.697, 1080 MHz, 6251 MHz, 71.28 W, 83, 100 %, 0x0000000000000004
2026/09/29 20:51:55.797, 1095 MHz, 6251 MHz, 71.32 W, 83, 100 %, 0x0000000000000004
2026/09/29 20:51:55.897, 1650 MHz, 6251 MHz, 68.14 W, 82, 76 %, 0x0000000000000004
2026/09/29 20:51:55.997, 1050 MHz, 6251 MHz, 68.17 W, 84, 76 %, 0x0000000000000004
2026/09/29 20:51:56.097, 1080 MHz, 6251 MHz, 68.62 W, 83, 100 %, 0x0000000000000004
2026/09/29 20:51:56.197, 1125 MHz, 6251 MHz, 68.95 W, 83, 100 %, 0x0000000000000004
2026/09/29 20:51:56.298, 1125 MHz, 6251 MHz, 68.75 W, 83, 100 %, 0x0000000000000004
2026/09/29 20:51:56.398, 1125 MHz, 6251 MHz, 68.87 W, 83, 100 %, 0x0000000000000004
2026/09/29 20:51:56.498, 1095 MHz, 6251 MHz, 69.01 W, 83, 100 %, 0x0000000000000004
2026/09/29 20:51:56.598, 1110 MHz, 6251 MHz, 68.92 W, 83, 100 %, 0x0000000000000004
2026/09/29 20:51:56.698, 1125 MHz, 6251 MHz, 69.04 W, 83, 99 %, 0x0000000000000004
2026/09/29 20:51:56.798, 1050 MHz, 6251 MHz, 68.82 W, 83, 99 %, 0x0000000000000004
2026/09/29 20:51:56.898, 1125 MHz, 6251 MHz, 68.93 W, 83, 100 %, 0x0000000000000004
2026/09/29 20:51:56.998, 1110 MHz, 6251 MHz, 72.10 W, 83, 100 %, 0x0000000000000004
2026/09/29 20:51:57.098, 1095 MHz, 6251 MHz, 71.95 W, 83, 100 %, 0x0000000000000004
2026/09/29 20:51:57.198, 1110 MHz, 6251 MHz, 72.07 W, 83, 100 %, 0x0000000000000004
2026/09/29 20:51:57.299, 1125 MHz, 6251 MHz, 71.98 W, 83, 100 %, 0x0000000000000004
2026/09/29 20:51:57.399, 1125 MHz, 6251 MHz, 72.11 W, 83, 100 %, 0x0000000000000004
2026/09/29 20:51:57.499, 1095 MHz, 6251 MHz, 72.05 W, 83, 100 %, 0x0000000000000004
2026/09/29 20:51:57.599, 1110 MHz, 6251 MHz, 72.08 W, 83, 100 %, 0x0000000000000004
2026/09/29 20:51:57.699, 1470 MHz, 6251 MHz, 70.19 W, 83, 89 %, 0x0000000000000004
2026/09/29 20:51:57.799, 960 MHz, 6251 MHz, 69.97 W, 83, 89 %, 0x0000000000000004
2026/09/29 20:51:57.899, 975 MHz, 6251 MHz, 70.01 W, 83, 100 %, 0x0000000000000004
2026/09/29 20:51:57.999, 1020 MHz, 6251 MHz, 69.98 W, 82, 100 %, 0x0000000000000004
2026/09/29 20:51:58.099, 1020 MHz, 6251 MHz, 70.19 W, 83, 100 %, 0x0000000000000004
2026/09/29 20:51:58.199, 1005 MHz, 6251 MHz, 70.28 W, 82, 100 %, 0x0000000000000004
2026/09/29 20:51:58.300, 1020 MHz, 6251 MHz, 70.17 W, 82, 100 %, 0x0000000000000004
2026/09/29 20:51:58.400, 1020 MHz, 6251 MHz, 70.17 W, 82, 100 %, 0x0000000000000004
2026/09/29 20:51:58.500, 1005 MHz, 6251 MHz, 70.15 W, 83, 100 %, 0x0000000000000004
2026/09/29 20:51:58.600, 975 MHz, 6251 MHz, 69.76 W, 82, 100 %, 0x0000000000000004
2026/09/29 20:51:58.700, 1005 MHz, 6251 MHz, 69.83 W, 82, 100 %, 0x0000000000000004
2026/09/29 20:51:58.800, 1035 MHz, 6251 MHz, 71.79 W, 83, 100 %, 0x0000000000000004
2026/09/29 20:51:58.900, 1035 MHz, 6251 MHz, 71.84 W, 82, 100 %, 0x0000000000000004
2026/09/29 20:51:59.000, 990 MHz, 6251 MHz, 71.87 W, 82, 100 %, 0x0000000000000004
2026/09/29 20:51:59.100, 1020 MHz, 6251 MHz, 71.89 W, 82, 99 %, 0x0000000000000004
2026/09/29 20:51:59.200, 1005 MHz, 6251 MHz, 71.82 W, 82, 99 %, 0x0000000000000004
2026/09/29 20:51:59.301, 1020 MHz, 6251 MHz, 71.77 W, 82, 100 %, 0x0000000000000004
2026/09/29 20:51:59.401, 1005 MHz, 6251 MHz, 71.83 W, 82, 100 %, 0x0000000000000004
2026/09/29 20:51:59.501, 975 MHz, 6251 MHz, 71.78 W, 83, 99 %, 0x0000000000000004
2026/09/29 20:51:59.601, 990 MHz, 6251 MHz, 71.76 W, 82, 99 %, 0x0000000000000004
2026/09/29 20:51:59.701, 1020 MHz, 6251 MHz, 72.07 W, 83, 100 %, 0x0000000000000004
2026/09/29 20:51:59.801, 1035 MHz, 6251 MHz, 71.93 W, 82, 100 %, 0x0000000000000004
2026/09/29 20:51:59.901, 1380 MHz, 6251 MHz, 70.47 W, 82, 93 %, 0x0000000000000004
2026/09/29 20:52:00.001, 990 MHz, 6251 MHz, 70.89 W, 83, 93 %, 0x0000000000000004
2026/09/29 20:52:00.101, 960 MHz, 6251 MHz, 71.06 W, 83, 100 %, 0x0000000000000004
2026/09/29 20:52:00.202, 1020 MHz, 6251 MHz, 70.96 W, 83, 100 %, 0x0000000000000004
2026/09/29 20:52:00.302, 990 MHz, 6251 MHz, 71.00 W, 83, 100 %, 0x0000000000000004
2026/09/29 20:52:00.402, 975 MHz, 6251 MHz, 71.04 W, 82, 100 %, 0x0000000000000004
2026/09/29 20:52:00.502, 1005 MHz, 6251 MHz, 70.95 W, 83, 100 %, 0x0000000000000004
2026/09/29 20:52:00.602, 1005 MHz, 6251 MHz, 71.13 W, 83, 100 %, 0x0000000000000004
2026/09/29 20:52:00.702, 1095 MHz, 6251 MHz, 71.04 W, 83, 100 %, 0x0000000000000004
2026/09/29 20:52:00.802, 960 MHz, 6251 MHz, 70.80 W, 83, 100 %, 0x0000000000000004
2026/09/29 20:52:00.902, 1050 MHz, 6251 MHz, 71.01 W, 83, 100 %, 0x0000000000000004
2026/09/29 20:52:01.002, 1035 MHz, 6251 MHz, 72.54 W, 82, 100 %, 0x0000000000000004
2026/09/29 20:52:01.102, 1080 MHz, 6251 MHz, 71.80 W, 83, 100 %, 0x0000000000000004
2026/09/29 20:52:01.203, 1080 MHz, 6251 MHz, 71.29 W, 83, 100 %, 0x0000000000000004
2026/09/29 20:52:01.303, 975 MHz, 6251 MHz, 71.30 W, 83, 100 %, 0x0000000000000004
2026/09/29 20:52:01.403, 945 MHz, 6251 MHz, 71.33 W, 82, 100 %, 0x0000000000000004
2026/09/29 20:52:01.503, 1080 MHz, 6251 MHz, 71.45 W, 82, 100 %, 0x0000000000000004
2026/09/29 20:52:01.603, 1050 MHz, 6251 MHz, 71.42 W, 82, 100 %, 0x0000000000000004
2026/09/29 20:52:01.703, 975 MHz, 6251 MHz, 71.28 W, 82, 99 %, 0x0000000000000004
2026/09/29 20:52:01.803, 1035 MHz, 6251 MHz, 71.45 W, 82, 99 %, 0x0000000000000004
2026/09/29 20:52:01.903, 1020 MHz, 6251 MHz, 71.82 W, 83, 100 %, 0x0000000000000004
2026/09/29 20:52:02.003, 990 MHz, 6251 MHz, 71.61 W, 82, 100 %, 0x0000000000000004
2026/09/29 20:52:02.103, 1140 MHz, 6251 MHz, 72.75 W, 81, 75 %, 0x0000000000000004
2026/09/29 20:52:02.204, 1110 MHz, 6251 MHz, 73.14 W, 83, 75 %, 0x0000000000000004
2026/09/29 20:52:02.304, 1050 MHz, 6251 MHz, 73.59 W, 83, 100 %, 0x0000000000000004
2026/09/29 20:52:02.404, 1005 MHz, 6251 MHz, 73.49 W, 83, 100 %, 0x0000000000000004
2026/09/29 20:52:02.504, 1080 MHz, 6251 MHz, 73.42 W, 83, 100 %, 0x0000000000000004
2026/09/29 20:52:02.604, 1110 MHz, 6251 MHz, 73.44 W, 83, 100 %, 0x0000000000000004
2026/09/29 20:52:02.704, 1065 MHz, 6251 MHz, 73.78 W, 83, 100 %, 0x0000000000000004
2026/09/29 20:52:02.804, 990 MHz, 6251 MHz, 73.56 W, 83, 100 %, 0x0000000000000004
2026/09/29 20:52:02.904, 1035 MHz, 6251 MHz, 73.69 W, 83, 100 %, 0x0000000000000004
2026/09/29 20:52:03.004, 1050 MHz, 6251 MHz, 73.62 W, 83, 100 %, 0x0000000000000004
2026/09/29 20:52:03.105, 1095 MHz, 6251 MHz, 73.49 W, 83, 100 %, 0x0000000000000004
2026/09/29 20:52:03.205, 1110 MHz, 6251 MHz, 72.31 W, 83, 100 %, 0x0000000000000004
2026/09/29 20:52:03.305, 1110 MHz, 6251 MHz, 72.37 W, 83, 100 %, 0x0000000000000004
2026/09/29 20:52:03.405, 1050 MHz, 6251 MHz, 72.49 W, 83, 100 %, 0x0000000000000004
2026/09/29 20:52:03.505, 1005 MHz, 6251 MHz, 72.35 W, 83, 100 %, 0x0000000000000004
2026/09/29 20:52:03.605, 1140 MHz, 6251 MHz, 72.67 W, 83, 100 %, 0x0000000000000004
2026/09/29 20:52:03.705, 990 MHz, 6251 MHz, 72.42 W, 83, 100 %, 0x0000000000000004
2026/09/29 20:52:03.805, 1095 MHz, 6251 MHz, 72.00 W, 83, 100 %, 0x0000000000000004
2026/09/29 20:52:03.905, 1125 MHz, 6251 MHz, 72.44 W, 83, 100 %, 0x0000000000000004
2026/09/29 20:52:04.006, 1080 MHz, 6251 MHz, 72.48 W, 83, 100 %, 0x0000000000000004
2026/09/29 20:52:04.106, 1050 MHz, 6251 MHz, 72.54 W, 83, 100 %, 0x0000000000000004
2026/09/29 20:52:04.206, 1065 MHz, 6251 MHz, 72.47 W, 83, 100 %, 0x0000000000000004
2026/09/29 20:52:04.306, 1110 MHz, 6251 MHz, 72.51 W, 83, 100 %, 0x0000000000000004
2026/09/29 20:52:04.406, 1020 MHz, 6251 MHz, 72.35 W, 82, 100 %, 0x0000000000000004
2026/09/29 20:52:04.506, 1080 MHz, 6251 MHz, 71.98 W, 83, 100 %, 0x0000000000000004
2026/09/29 20:52:04.606, 1110 MHz, 6251 MHz, 72.51 W, 83, 100 %, 0x0000000000000004
2026/09/29 20:52:04.706, 1050 MHz, 6251 MHz, 72.41 W, 83, 100 %, 0x0000000000000004
2026/09/29 20:52:04.806, 1005 MHz, 6251 MHz, 72.26 W, 83, 100 %, 0x0000000000000004
2026/09/29 20:52:04.906, 1110 MHz, 6251 MHz, 72.48 W, 83, 100 %, 0x0000000000000004
2026/09/29 20:52:05.007, 1095 MHz, 6251 MHz, 72.43 W, 83, 100 %, 0x0000000000000004
2026/09/29 20:52:05.107, 1110 MHz, 6251 MHz, 72.36 W, 83, 99 %, 0x0000000000000004
2026/09/29 20:52:05.207, 1110 MHz, 6251 MHz, 72.06 W, 83, 99 %, 0x0000000000000004
2026/09/29 20:52:05.307, 1095 MHz, 6251 MHz, 72.43 W, 83, 100 %, 0x0000000000000004
2026/09/29 20:52:05.407, 1065 MHz, 6251 MHz, 72.50 W, 83, 100 %, 0x0000000000000004
2026/09/29 20:52:05.507, 1005 MHz, 6251 MHz, 72.54 W, 83, 100 %, 0x0000000000000004
2026/09/29 20:52:05.607, 1095 MHz, 6251 MHz, 72.63 W, 83, 100 %, 0x0000000000000004
2026/09/29 20:52:05.707, 1095 MHz, 6251 MHz, 72.52 W, 83, 100 %, 0x0000000000000004
2026/09/29 20:52:05.807, 1065 MHz, 6251 MHz, 72.56 W, 83, 100 %, 0x0000000000000004
2026/09/29 20:52:05.908, 1335 MHz, 6251 MHz, 72.49 W, 83, 76 %, 0x0000000000000004
2026/09/29 20:52:06.008, 1020 MHz, 6251 MHz, 72.54 W, 83, 76 %, 0x0000000000000004
2026/09/29 20:52:06.108, 1080 MHz, 6251 MHz, 72.28 W, 82, 100 %, 0x0000000000000004
2026/09/29 20:52:06.208, 1065 MHz, 6251 MHz, 72.14 W, 83, 100 %, 0x0000000000000004
2026/09/29 20:52:06.308, 1020 MHz, 6251 MHz, 72.24 W, 83, 100 %, 0x0000000000000004
2026/09/29 20:52:06.408, 1095 MHz, 6251 MHz, 72.18 W, 82, 100 %, 0x0000000000000004
2026/09/29 20:52:06.508, 1020 MHz, 6251 MHz, 71.89 W, 82, 100 %, 0x0000000000000004
2026/09/29 20:52:06.608, 1065 MHz, 6251 MHz, 71.88 W, 82, 100 %, 0x0000000000000004
2026/09/29 20:52:06.708, 1050 MHz, 6251 MHz, 72.11 W, 83, 100 %, 0x0000000000000004
2026/09/29 20:52:06.808, 1020 MHz, 6251 MHz, 71.81 W, 82, 100 %, 0x0000000000000004
2026/09/29 20:52:06.909, 1080 MHz, 6251 MHz, 71.71 W, 83, 100 %, 0x0000000000000004
2026/09/29 20:52:07.009, 1080 MHz, 6251 MHz, 71.95 W, 82, 100 %, 0x0000000000000004
2026/09/29 20:52:07.109, 1065 MHz, 6251 MHz, 71.83 W, 82, 100 %, 0x0000000000000004
2026/09/29 20:52:07.209, 1020 MHz, 6251 MHz, 71.86 W, 83, 100 %, 0x0000000000000004
2026/09/29 20:52:07.309, 1035 MHz, 6251 MHz, 71.88 W, 82, 100 %, 0x0000000000000004
2026/09/29 20:52:07.409, 1035 MHz, 6251 MHz, 71.84 W, 82, 100 %, 0x0000000000000004
2026/09/29 20:52:07.509, 1065 MHz, 6251 MHz, 71.83 W, 82, 99 %, 0x0000000000000004
2026/09/29 20:52:07.609, 1020 MHz, 6251 MHz, 71.88 W, 83, 99 %, 0x0000000000000004
2026/09/29 20:52:07.709, 1050 MHz, 6251 MHz, 71.97 W, 82, 100 %, 0x0000000000000004
2026/09/29 20:52:07.810, 1035 MHz, 6251 MHz, 71.78 W, 82, 100 %, 0x0000000000000004
2026/09/29 20:52:07.910, 1080 MHz, 6251 MHz, 71.91 W, 82, 100 %, 0x0000000000000004
2026/09/29 20:52:08.010, 1035 MHz, 6251 MHz, 71.93 W, 83, 100 %, 0x0000000000000004
2026/09/29 20:52:08.110, 1050 MHz, 6251 MHz, 72.07 W, 83, 100 %, 0x0000000000000004
2026/09/29 20:52:08.210, 1065 MHz, 6251 MHz, 72.16 W, 82, 100 %, 0x0000000000000004
2026/09/29 20:52:08.310, 1050 MHz, 6251 MHz, 72.16 W, 82, 99 %, 0x0000000000000004
2026/09/29 20:52:08.410, 1065 MHz, 6251 MHz, 72.23 W, 82, 99 %, 0x0000000000000004
2026/09/29 20:52:08.510, 1020 MHz, 6251 MHz, 72.16 W, 83, 100 %, 0x0000000000000004
2026/09/29 20:52:08.610, 1080 MHz, 6251 MHz, 72.13 W, 82, 100 %, 0x0000000000000004
2026/09/29 20:52:08.711, 1005 MHz, 6251 MHz, 72.28 W, 83, 100 %, 0x0000000000000004
2026/09/29 20:52:08.811, 1035 MHz, 6251 MHz, 72.15 W, 82, 100 %, 0x0000000000000004
2026/09/29 20:52:08.911, 1065 MHz, 6251 MHz, 72.28 W, 83, 100 %, 0x0000000000000004
2026/09/29 20:52:09.011, 1035 MHz, 6251 MHz, 72.35 W, 83, 100 %, 0x0000000000000004
2026/09/29 20:52:09.111, 1020 MHz, 6251 MHz, 72.36 W, 82, 99 %, 0x0000000000000004
2026/09/29 20:52:09.211, 1020 MHz, 6251 MHz, 72.23 W, 83, 99 %, 0x0000000000000004
2026/09/29 20:52:09.311, 1080 MHz, 6251 MHz, 72.15 W, 82, 100 %, 0x0000000000000004
2026/09/29 20:52:09.411, 1050 MHz, 6251 MHz, 72.06 W, 83, 100 %, 0x0000000000000004
2026/09/29 20:52:09.511, 1065 MHz, 6251 MHz, 71.88 W, 82, 100 %, 0x0000000000000004
2026/09/29 20:52:09.611, 1005 MHz, 6251 MHz, 72.07 W, 83, 100 %, 0x0000000000000004
2026/09/29 20:52:09.712, 1020 MHz, 6251 MHz, 71.95 W, 82, 100 %, 0x0000000000000004
2026/09/29 20:52:09.812, 1050 MHz, 6251 MHz, 71.92 W, 82, 100 %, 0x0000000000000004
2026/09/29 20:52:09.912, 1125 MHz, 6251 MHz, 73.59 W, 81, 76 %, 0x0000000000000004
2026/09/29 20:52:10.012, 1020 MHz, 6251 MHz, 73.65 W, 83, 76 %, 0x0000000000000004
2026/09/29 20:52:10.112, 1005 MHz, 6251 MHz, 73.67 W, 83, 100 %, 0x0000000000000004
2026/09/29 20:52:10.212, 1035 MHz, 6251 MHz, 73.38 W, 83, 100 %, 0x0000000000000004
2026/09/29 20:52:10.312, 1035 MHz, 6251 MHz, 73.70 W, 83, 100 %, 0x0000000000000004
2026/09/29 20:52:10.412, 975 MHz, 6251 MHz, 73.81 W, 83, 100 %, 0x0000000000000004
2026/09/29 20:52:10.512, 990 MHz, 6251 MHz, 73.81 W, 83, 100 %, 0x0000000000000004
2026/09/29 20:52:10.612, 1065 MHz, 6251 MHz, 73.95 W, 83, 100 %, 0x0000000000000004
2026/09/29 20:52:10.713, 975 MHz, 6251 MHz, 73.59 W, 83, 100 %, 0x0000000000000004
2026/09/29 20:52:10.813, 1065 MHz, 6251 MHz, 73.82 W, 83, 100 %, 0x0000000000000004
2026/09/29 20:52:10.913, 1080 MHz, 6251 MHz, 73.90 W, 83, 100 %, 0x0000000000000004
2026/09/29 20:52:11.013, 1020 MHz, 6251 MHz, 72.31 W, 83, 100 %, 0x0000000000000004
2026/09/29 20:52:11.113, 990 MHz, 6251 MHz, 71.87 W, 83, 100 %, 0x0000000000000004
2026/09/29 20:52:11.213, 1050 MHz, 6251 MHz, 71.84 W, 83, 100 %, 0x0000000000000004
2026/09/29 20:52:11.313, 1035 MHz, 6251 MHz, 72.17 W, 83, 100 %, 0x0000000000000004
2026/09/29 20:52:11.413, 1080 MHz, 6251 MHz, 71.71 W, 83, 100 %, 0x0000000000000004
2026/09/29 20:52:11.513, 1020 MHz, 6251 MHz, 71.83 W, 83, 100 %, 0x0000000000000004
2026/09/29 20:52:11.614, 960 MHz, 6251 MHz, 72.10 W, 83, 100 %, 0x0000000000000004
2026/09/29 20:52:11.714, 1065 MHz, 6251 MHz, 71.83 W, 83, 100 %, 0x0000000000000004
2026/09/29 20:52:11.814, 1065 MHz, 6251 MHz, 72.28 W, 83, 100 %, 0x0000000000000004
2026/09/29 20:52:11.914, 1035 MHz, 6251 MHz, 72.25 W, 83, 100 %, 0x0000000000000004
2026/09/29 20:52:12.014, 960 MHz, 6251 MHz, 71.81 W, 83, 100 %, 0x0000000000000004
2026/09/29 20:52:12.114, 1050 MHz, 6251 MHz, 71.98 W, 83, 100 %, 0x0000000000000004
2026/09/29 20:52:12.214, 1020 MHz, 6251 MHz, 72.28 W, 83, 100 %, 0x0000000000000004
2026/09/29 20:52:12.314, 1020 MHz, 6251 MHz, 72.30 W, 83, 100 %, 0x0000000000000004
2026/09/29 20:52:12.414, 1035 MHz, 6251 MHz, 72.24 W, 83, 100 %, 0x0000000000000004
2026/09/29 20:52:12.514, 1035 MHz, 6251 MHz, 72.48 W, 83, 100 %, 0x0000000000000004
2026/09/29 20:52:12.615, 1005 MHz, 6251 MHz, 71.95 W, 83, 100 %, 0x0000000000000004
2026/09/29 20:52:12.715, 1065 MHz, 6251 MHz, 71.95 W, 83, 100 %, 0x0000000000000004
2026/09/29 20:52:12.815, 1020 MHz, 6251 MHz, 72.37 W, 83, 100 %, 0x0000000000000004
2026/09/29 20:52:12.915, 975 MHz, 6251 MHz, 72.06 W, 83, 100 %, 0x0000000000000004
2026/09/29 20:52:13.015, 1095 MHz, 6251 MHz, 72.03 W, 82, 100 %, 0x0000000000000004
2026/09/29 20:52:13.115, 960 MHz, 6251 MHz, 72.25 W, 83, 100 %, 0x0000000000000004
2026/09/29 20:52:13.215, 1050 MHz, 6251 MHz, 72.01 W, 83, 100 %, 0x0000000000000004
2026/09/29 20:52:13.315, 1050 MHz, 6251 MHz, 72.17 W, 82, 100 %, 0x0000000000000004
2026/09/29 20:52:13.415, 990 MHz, 6251 MHz, 72.20 W, 83, 100 %, 0x0000000000000004
2026/09/29 20:52:13.516, 990 MHz, 6251 MHz, 71.79 W, 83, 100 %, 0x0000000000000004
2026/09/29 20:52:13.616, 1035 MHz, 6251 MHz, 71.96 W, 83, 100 %, 0x0000000000000004
2026/09/29 20:52:13.716, 1170 MHz, 6251 MHz, 72.14 W, 82, 100 %, 0x0000000000000004
2026/09/29 20:52:13.816, 1170 MHz, 6251 MHz, 72.13 W, 82, 100 %, 0x0000000000000004
2026/09/29 20:52:13.916, 1065 MHz, 6251 MHz, 71.84 W, 83, 100 %, 0x0000000000000004
2026/09/29 20:52:14.016, 960 MHz, 6251 MHz, 72.39 W, 83, 100 %, 0x0000000000000004
2026/09/29 20:52:14.116, 1020 MHz, 6251 MHz, 72.99 W, 83, 100 %, 0x0000000000000004
2026/09/29 20:52:14.216, 1080 MHz, 6251 MHz, 73.46 W, 83, 100 %, 0x0000000000000004
2026/09/29 20:52:14.316, 1125 MHz, 6251 MHz, 73.77 W, 83, 100 %, 0x0000000000000004
2026/09/29 20:52:14.416, 1050 MHz, 6251 MHz, 73.46 W, 83, 100 %, 0x0000000000000004
2026/09/29 20:52:14.517, 1080 MHz, 6251 MHz, 73.32 W, 82, 100 %, 0x0000000000000004
2026/09/29 20:52:14.617, 1005 MHz, 6251 MHz, 73.19 W, 82, 100 %, 0x0000000000000004
2026/09/29 20:52:14.717, 1095 MHz, 6251 MHz, 72.66 W, 82, 100 %, 0x0000000000000004
2026/09/29 20:52:14.817, 1140 MHz, 6251 MHz, 72.61 W, 82, 100 %, 0x0000000000000004
2026/09/29 20:52:14.917, 1125 MHz, 6251 MHz, 72.37 W, 82, 100 %, 0x0000000000000004
2026/09/29 20:52:15.017, 1095 MHz, 6251 MHz, 72.15 W, 82, 100 %, 0x0000000000000004
2026/09/29 20:52:15.117, 1035 MHz, 6251 MHz, 71.51 W, 82, 100 %, 0x0000000000000004
2026/09/29 20:52:15.217, 900 MHz, 6251 MHz, 71.00 W, 82, 100 %, 0x0000000000000004
2026/09/29 20:52:15.317, 1020 MHz, 6251 MHz, 71.17 W, 82, 100 %, 0x0000000000000004
2026/09/29 20:52:15.418, 1035 MHz, 6251 MHz, 71.51 W, 83, 100 %, 0x0000000000000004
2026/09/29 20:52:15.518, 990 MHz, 6251 MHz, 72.06 W, 82, 100 %, 0x0000000000000004
2026/09/29 20:52:15.618, 1020 MHz, 6251 MHz, 72.76 W, 82, 100 %, 0x0000000000000004
2026/09/29 20:52:15.718, 1035 MHz, 6251 MHz, 73.82 W, 83, 100 %, 0x0000000000000004
2026/09/29 20:52:15.818, 1080 MHz, 6251 MHz, 74.42 W, 82, 100 %, 0x0000000000000004
2026/09/29 20:52:15.918, 1125 MHz, 6251 MHz, 74.75 W, 82, 100 %, 0x0000000000000004
2026/09/29 20:52:16.018, 1020 MHz, 6251 MHz, 74.73 W, 83, 100 %, 0x0000000000000004
2026/09/29 20:52:16.118, 1110 MHz, 6251 MHz, 74.95 W, 82, 100 %, 0x0000000000000004
2026/09/29 20:52:16.218, 1110 MHz, 6251 MHz, 74.98 W, 82, 100 %, 0x0000000000000004
2026/09/29 20:52:16.318, 1140 MHz, 6251 MHz, 74.57 W, 82, 100 %, 0x0000000000000004
2026/09/29 20:52:16.419, 1110 MHz, 6251 MHz, 73.77 W, 82, 100 %, 0x0000000000000004
2026/09/29 20:52:16.519, 1080 MHz, 6251 MHz, 72.92 W, 82, 100 %, 0x0000000000000004
2026/09/29 20:52:16.619, 1020 MHz, 6251 MHz, 72.23 W, 82, 100 %, 0x0000000000000004
2026/09/29 20:52:16.719, 900 MHz, 6251 MHz, 71.82 W, 82, 100 %, 0x0000000000000004
2026/09/29 20:52:16.819, 1035 MHz, 6251 MHz, 71.69 W, 82, 100 %, 0x0000000000000004
2026/09/29 20:52:16.919, 1050 MHz, 6251 MHz, 71.89 W, 83, 100 %, 0x0000000000000004
2026/09/29 20:52:17.019, 1095 MHz, 6251 MHz, 71.97 W, 82, 100 %, 0x0000000000000004
2026/09/29 20:52:17.119, 1095 MHz, 6251 MHz, 72.19 W, 82, 100 %, 0x0000000000000004
2026/09/29 20:52:17.219, 1035 MHz, 6251 MHz, 71.79 W, 82, 100 %, 0x0000000000000004
2026/09/29 20:52:17.319, 1140 MHz, 6251 MHz, 72.24 W, 82, 100 %, 0x0000000000000004
2026/09/29 20:52:17.420, 1095 MHz, 6251 MHz, 72.47 W, 82, 100 %, 0x0000000000000004
2026/09/29 20:52:17.520, 1110 MHz, 6251 MHz, 72.56 W, 82, 100 %, 0x0000000000000004
2026/09/29 20:52:17.620, 1095 MHz, 6251 MHz, 72.58 W, 82, 100 %, 0x0000000000000004
2026/09/29 20:52:17.720, 1110 MHz, 6251 MHz, 72.50 W, 82, 100 %, 0x0000000000000004
2026/09/29 20:52:17.820, 1140 MHz, 6251 MHz, 72.11 W, 82, 100 %, 0x0000000000000004
2026/09/29 20:52:17.920, 1095 MHz, 6251 MHz, 71.26 W, 82, 100 %, 0x0000000000000004
2026/09/29 20:52:18.020, 1080 MHz, 6251 MHz, 70.46 W, 82, 100 %, 0x0000000000000004
2026/09/29 20:52:18.120, 1035 MHz, 6251 MHz, 69.99 W, 82, 100 %, 0x0000000000000004
2026/09/29 20:52:18.220, 945 MHz, 6251 MHz, 70.29 W, 82, 100 %, 0x0000000000000004
2026/09/29 20:52:18.320, 1065 MHz, 6251 MHz, 71.46 W, 82, 100 %, 0x0000000000000004
2026/09/29 20:52:18.421, 1110 MHz, 6251 MHz, 71.53 W, 82, 100 %, 0x0000000000000004
2026/09/29 20:52:18.521, 1095 MHz, 6251 MHz, 71.61 W, 82, 100 %, 0x0000000000000004
2026/09/29 20:52:18.621, 1005 MHz, 6251 MHz, 71.54 W, 82, 100 %, 0x0000000000000004
2026/09/29 20:52:18.721, 1035 MHz, 6251 MHz, 71.64 W, 82, 100 %, 0x0000000000000004
2026/09/29 20:52:18.821, 1095 MHz, 6251 MHz, 71.81 W, 82, 100 %, 0x0000000000000004
2026/09/29 20:52:18.921, 1125 MHz, 6251 MHz, 71.76 W, 82, 100 %, 0x0000000000000004
2026/09/29 20:52:19.021, 1125 MHz, 6251 MHz, 71.83 W, 82, 100 %, 0x0000000000000004
2026/09/29 20:52:19.121, 1170 MHz, 6251 MHz, 71.92 W, 82, 100 %, 0x0000000000000004
2026/09/29 20:52:19.221, 1140 MHz, 6251 MHz, 71.99 W, 82, 100 %, 0x0000000000000004
2026/09/29 20:52:19.322, 1095 MHz, 6251 MHz, 71.37 W, 82, 100 %, 0x0000000000000004
2026/09/29 20:52:19.422, 1110 MHz, 6251 MHz, 70.43 W, 82, 100 %, 0x0000000000000004
2026/09/29 20:52:19.522, 975 MHz, 6251 MHz, 69.90 W, 82, 100 %, 0x0000000000000004
2026/09/29 20:52:19.622, 915 MHz, 6251 MHz, 70.20 W, 82, 100 %, 0x0000000000000004
2026/09/29 20:52:19.722, 1050 MHz, 6251 MHz, 71.12 W, 82, 100 %, 0x0000000000000004
2026/09/29 20:52:19.822, 1095 MHz, 6251 MHz, 71.61 W, 82, 100 %, 0x0000000000000004
2026/09/29 20:52:19.922, 1110 MHz, 6251 MHz, 71.98 W, 82, 100 %, 0x0000000000000004
2026/09/29 20:52:20.022, 1065 MHz, 6251 MHz, 72.08 W, 82, 100 %, 0x0000000000000004
2026/09/29 20:52:20.122, 1035 MHz, 6251 MHz, 72.20 W, 82, 100 %, 0x0000000000000004
2026/09/29 20:52:20.223, 1140 MHz, 6251 MHz, 72.38 W, 82, 100 %, 0x0000000000000004
2026/09/29 20:52:20.323, 1140 MHz, 6251 MHz, 72.35 W, 81, 100 %, 0x0000000000000004
2026/09/29 20:52:20.423, 1110 MHz, 6251 MHz, 72.41 W, 82, 100 %, 0x0000000000000004
2026/09/29 20:52:20.523, 1080 MHz, 6251 MHz, 72.14 W, 82, 100 %, 0x0000000000000004
2026/09/29 20:52:20.623, 1065 MHz, 6251 MHz, 72.20 W, 82, 100 %, 0x0000000000000004
2026/09/29 20:52:20.723, 1125 MHz, 6251 MHz, 71.88 W, 82, 99 %, 0x0000000000000004
2026/09/29 20:52:20.823, 1020 MHz, 6251 MHz, 70.83 W, 82, 99 %, 0x0000000000000004
2026/09/29 20:52:20.923, 930 MHz, 6251 MHz, 70.52 W, 82, 100 %, 0x0000000000000004
2026/09/29 20:52:21.023, 945 MHz, 6251 MHz, 70.75 W, 82, 100 %, 0x0000000000000004
2026/09/29 20:52:21.123, 1065 MHz, 6251 MHz, 71.59 W, 82, 100 %, 0x0000000000000004
2026/09/29 20:52:21.224, 1110 MHz, 6251 MHz, 72.01 W, 82, 100 %, 0x0000000000000004
2026/09/29 20:52:21.324, 1110 MHz, 6251 MHz, 72.03 W, 82, 100 %, 0x0000000000000004
2026/09/29 20:52:21.424, 1065 MHz, 6251 MHz, 72.11 W, 81, 100 %, 0x0000000000000004
2026/09/29 20:52:21.524, 1110 MHz, 6251 MHz, 72.04 W, 82, 100 %, 0x0000000000000004
2026/09/29 20:52:21.624, 1140 MHz, 6251 MHz, 72.29 W, 82, 100 %, 0x0000000000000004
2026/09/29 20:52:21.724, 1125 MHz, 6251 MHz, 72.32 W, 82, 100 %, 0x0000000000000004
2026/09/29 20:52:21.824, 1080 MHz, 6251 MHz, 71.78 W, 82, 100 %, 0x0000000000000004
2026/09/29 20:52:21.924, 1050 MHz, 6251 MHz, 71.97 W, 82, 100 %, 0x0000000000000004
2026/09/29 20:52:22.024, 915 MHz, 6251 MHz, 72.09 W, 82, 100 %, 0x0000000000000004
2026/09/29 20:52:22.125, 1020 MHz, 6251 MHz, 72.12 W, 82, 100 %, 0x0000000000000004
2026/09/29 20:52:22.225, 1050 MHz, 6251 MHz, 71.97 W, 82, 100 %, 0x0000000000000004
2026/09/29 20:52:22.325, 1110 MHz, 6251 MHz, 71.96 W, 82, 100 %, 0x0000000000000004
2026/09/29 20:52:22.425, 1350 MHz, 6251 MHz, 71.15 W, 82, 100 %, 0x0000000000000004
2026/09/29 20:52:22.525, 1035 MHz, 6251 MHz, 71.93 W, 81, 80 %, 0x0000000000000004
2026/09/29 20:52:22.625, 1095 MHz, 6251 MHz, 72.27 W, 82, 80 %, 0x0000000000000004
2026/09/29 20:52:22.725, 1095 MHz, 6251 MHz, 72.36 W, 81, 100 %, 0x0000000000000004
2026/09/29 20:52:22.825, 1110 MHz, 6251 MHz, 72.63 W, 82, 100 %, 0x0000000000000004
2026/09/29 20:52:22.925, 1065 MHz, 6251 MHz, 73.15 W, 82, 100 %, 0x0000000000000004
2026/09/29 20:52:23.026, 1050 MHz, 6251 MHz, 72.99 W, 82, 100 %, 0x0000000000000004
2026/09/29 20:52:23.126, 1110 MHz, 6251 MHz, 72.81 W, 82, 100 %, 0x0000000000000004
2026/09/29 20:52:23.226, 1110 MHz, 6251 MHz, 72.61 W, 82, 100 %, 0x0000000000000004
2026/09/29 20:52:23.326, 975 MHz, 6251 MHz, 71.79 W, 82, 100 %, 0x0000000000000004
2026/09/29 20:52:23.426, 1080 MHz, 6251 MHz, 71.19 W, 81, 100 %, 0x0000000000000004
2026/09/29 20:52:23.526, 1095 MHz, 6251 MHz, 72.17 W, 81, 100 %, 0x0000000000000004
2026/09/29 20:52:23.626, 1110 MHz, 6251 MHz, 71.71 W, 82, 100 %, 0x0000000000000004
2026/09/29 20:52:23.726, 1050 MHz, 6251 MHz, 71.46 W, 82, 100 %, 0x0000000000000004
2026/09/29 20:52:23.826, 1110 MHz, 6251 MHz, 71.53 W, 81, 100 %, 0x0000000000000004
2026/09/29 20:52:23.927, 1110 MHz, 6251 MHz, 71.65 W, 82, 100 %, 0x0000000000000004
2026/09/29 20:52:24.027, 1050 MHz, 6251 MHz, 71.28 W, 82, 100 %, 0x0000000000000004
2026/09/29 20:52:24.127, 975 MHz, 6251 MHz, 71.39 W, 81, 100 %, 0x0000000000000004
2026/09/29 20:52:24.227, 1065 MHz, 6251 MHz, 71.29 W, 81, 100 %, 0x0000000000000004
2026/09/29 20:52:24.327, 1080 MHz, 6251 MHz, 71.18 W, 81, 100 %, 0x0000000000000004
2026/09/29 20:52:24.427, 1110 MHz, 6251 MHz, 71.49 W, 82, 100 %, 0x0000000000000004
2026/09/29 20:52:24.527, 1110 MHz, 6251 MHz, 71.61 W, 82, 100 %, 0x0000000000000004
2026/09/29 20:52:24.627, 1095 MHz, 6251 MHz, 71.54 W, 82, 100 %, 0x0000000000000004
2026/09/29 20:52:24.727, 1080 MHz, 6251 MHz, 71.46 W, 82, 100 %, 0x0000000000000004
2026/09/29 20:52:24.827, 975 MHz, 6251 MHz, 71.50 W, 82, 100 %, 0x0000000000000004
2026/09/29 20:52:24.928, 1110 MHz, 6251 MHz, 71.59 W, 81, 100 %, 0x0000000000000004
2026/09/29 20:52:25.028, 1095 MHz, 6251 MHz, 71.80 W, 82, 100 %, 0x0000000000000004
2026/09/29 20:52:25.128, 1065 MHz, 6251 MHz, 71.90 W, 81, 100 %, 0x0000000000000004
2026/09/29 20:52:25.228, 1035 MHz, 6251 MHz, 71.83 W, 81, 100 %, 0x0000000000000004
2026/09/29 20:52:25.328, 1050 MHz, 6251 MHz, 72.01 W, 81, 100 %, 0x0000000000000004
2026/09/29 20:52:25.428, 1110 MHz, 6251 MHz, 72.06 W, 82, 100 %, 0x0000000000000004
2026/09/29 20:52:25.528, 1005 MHz, 6251 MHz, 71.85 W, 82, 100 %, 0x0000000000000004
2026/09/29 20:52:25.628, 1095 MHz, 6251 MHz, 71.78 W, 81, 100 %, 0x0000000000000004
2026/09/29 20:52:25.728, 1080 MHz, 6251 MHz, 71.71 W, 82, 100 %, 0x0000000000000004
2026/09/29 20:52:25.828, 1110 MHz, 6251 MHz, 71.77 W, 82, 100 %, 0x0000000000000004
2026/09/29 20:52:25.929, 1020 MHz, 6251 MHz, 71.75 W, 82, 100 %, 0x0000000000000004
2026/09/29 20:52:26.029, 1095 MHz, 6251 MHz, 71.67 W, 81, 100 %, 0x0000000000000004
2026/09/29 20:52:26.129, 1125 MHz, 6251 MHz, 71.35 W, 81, 100 %, 0x0000000000000004
2026/09/29 20:52:26.229, 1050 MHz, 6251 MHz, 71.52 W, 82, 100 %, 0x0000000000000004
2026/09/29 20:52:26.329, 1065 MHz, 6251 MHz, 71.45 W, 82, 100 %, 0x0000000000000004
2026/09/29 20:52:26.429, 1125 MHz, 6251 MHz, 71.33 W, 82, 100 %, 0x0000000000000004
2026/09/29 20:52:26.529, 1110 MHz, 6251 MHz, 71.42 W, 82, 100 %, 0x0000000000000004
2026/09/29 20:52:26.629, 1035 MHz, 6251 MHz, 71.42 W, 82, 100 %, 0x0000000000000004
2026/09/29 20:52:26.729, 1110 MHz, 6251 MHz, 71.80 W, 81, 100 %, 0x0000000000000004
2026/09/29 20:52:26.830, 1110 MHz, 6251 MHz, 72.03 W, 81, 100 %, 0x0000000000000004
2026/09/29 20:52:26.930, 1080 MHz, 6251 MHz, 71.78 W, 82, 100 %, 0x0000000000000004
2026/09/29 20:52:27.030, 1050 MHz, 6251 MHz, 71.70 W, 81, 100 %, 0x0000000000000004
2026/09/29 20:52:27.130, 1080 MHz, 6251 MHz, 71.64 W, 82, 100 %, 0x0000000000000004
2026/09/29 20:52:27.230, 1080 MHz, 6251 MHz, 71.73 W, 82, 100 %, 0x0000000000000004
2026/09/29 20:52:27.330, 1080 MHz, 6251 MHz, 71.88 W, 82, 100 %, 0x0000000000000004
2026/09/29 20:52:27.430, 1020 MHz, 6251 MHz, 71.94 W, 82, 100 %, 0x0000000000000004
2026/09/29 20:52:27.530, 1110 MHz, 6251 MHz, 71.94 W, 82, 100 %, 0x0000000000000004
2026/09/29 20:52:27.630, 1095 MHz, 6251 MHz, 72.05 W, 82, 100 %, 0x0000000000000004
2026/09/29 20:52:27.730, 1065 MHz, 6251 MHz, 72.07 W, 81, 100 %, 0x0000000000000004
2026/09/29 20:52:27.831, 1110 MHz, 6251 MHz, 71.95 W, 82, 100 %, 0x0000000000000004
2026/09/29 20:52:27.931, 1110 MHz, 6251 MHz, 72.02 W, 81, 100 %, 0x0000000000000004
2026/09/29 20:52:28.031, 1050 MHz, 6251 MHz, 72.00 W, 82, 100 %, 0x0000000000000004
2026/09/29 20:52:28.131, 1050 MHz, 6251 MHz, 71.95 W, 82, 100 %, 0x0000000000000004
2026/09/29 20:52:28.231, 1095 MHz, 6251 MHz, 71.95 W, 82, 100 %, 0x0000000000000004
2026/09/29 20:52:28.331, 1110 MHz, 6251 MHz, 72.02 W, 82, 100 %, 0x0000000000000004
2026/09/29 20:52:28.431, 1035 MHz, 6251 MHz, 71.77 W, 82, 100 %, 0x0000000000000004
2026/09/29 20:52:28.531, 1065 MHz, 6251 MHz, 71.99 W, 81, 100 %, 0x0000000000000004
2026/09/29 20:52:28.631, 1050 MHz, 6251 MHz, 72.22 W, 81, 100 %, 0x0000000000000004
2026/09/29 20:52:28.732, 1095 MHz, 6251 MHz, 71.91 W, 82, 100 %, 0x0000000000000004
2026/09/29 20:52:28.832, 1020 MHz, 6251 MHz, 72.20 W, 82, 100 %, 0x0000000000000004
2026/09/29 20:52:28.932, 1035 MHz, 6251 MHz, 72.11 W, 81, 100 %, 0x0000000000000004
2026/09/29 20:52:29.032, 1050 MHz, 6251 MHz, 71.85 W, 81, 100 %, 0x0000000000000004
2026/09/29 20:52:29.132, 1095 MHz, 6251 MHz, 71.94 W, 82, 100 %, 0x0000000000000004
2026/09/29 20:52:29.232, 1005 MHz, 6251 MHz, 72.06 W, 82, 100 %, 0x0000000000000004
2026/09/29 20:52:29.332, 1095 MHz, 6251 MHz, 72.23 W, 81, 100 %, 0x0000000000000004
2026/09/29 20:52:29.432, 1110 MHz, 6251 MHz, 72.32 W, 81, 100 %, 0x0000000000000004
2026/09/29 20:52:29.532, 1080 MHz, 6251 MHz, 72.30 W, 82, 100 %, 0x0000000000000004
2026/09/29 20:52:29.632, 1020 MHz, 6251 MHz, 72.10 W, 81, 100 %, 0x0000000000000004
2026/09/29 20:52:29.733, 1080 MHz, 6251 MHz, 72.01 W, 82, 100 %, 0x0000000000000004
2026/09/29 20:52:29.833, 1095 MHz, 6251 MHz, 72.13 W, 82, 100 %, 0x0000000000000004
2026/09/29 20:52:29.933, 990 MHz, 6251 MHz, 71.81 W, 82, 100 %, 0x0000000000000004
2026/09/29 20:52:30.033, 1095 MHz, 6251 MHz, 71.95 W, 82, 100 %, 0x0000000000000004
2026/09/29 20:52:30.133, 1095 MHz, 6251 MHz, 72.20 W, 81, 100 %, 0x0000000000000004
2026/09/29 20:52:30.233, 1080 MHz, 6251 MHz, 72.05 W, 82, 100 %, 0x0000000000000004
2026/09/29 20:52:30.333, 1080 MHz, 6251 MHz, 72.09 W, 80, 100 %, 0x0000000000000004
2026/09/29 20:52:30.433, 1140 MHz, 6251 MHz, 73.09 W, 82, 100 %, 0x0000000000000004
2026/09/29 20:52:30.533, 1080 MHz, 6251 MHz, 72.43 W, 81, 100 %, 0x0000000000000004
2026/09/29 20:52:30.634, 1065 MHz, 6251 MHz, 72.53 W, 82, 100 %, 0x0000000000000004
2026/09/29 20:52:30.734, 1140 MHz, 6251 MHz, 72.96 W, 82, 100 %, 0x0000000000000004
2026/09/29 20:52:30.834, 1005 MHz, 6251 MHz, 72.70 W, 82, 100 %, 0x0000000000000004
2026/09/29 20:52:30.934, 1125 MHz, 6251 MHz, 72.38 W, 82, 100 %, 0x0000000000000004
2026/09/29 20:52:31.034, 1080 MHz, 6251 MHz, 72.97 W, 82, 100 %, 0x0000000000000004
2026/09/29 20:52:31.134, 1110 MHz, 6251 MHz, 72.96 W, 82, 100 %, 0x0000000000000004
2026/09/29 20:52:31.234, 915 MHz, 6251 MHz, 72.52 W, 81, 100 %, 0x0000000000000004
2026/09/29 20:52:31.334, 1125 MHz, 6251 MHz, 72.44 W, 82, 100 %, 0x0000000000000004
2026/09/29 20:52:31.434, 1140 MHz, 6251 MHz, 72.85 W, 82, 100 %, 0x0000000000000004
2026/09/29 20:52:31.535, 1020 MHz, 6251 MHz, 71.72 W, 81, 100 %, 0x0000000000000004
2026/09/29 20:52:31.635, 1125 MHz, 6251 MHz, 71.96 W, 82, 100 %, 0x0000000000000004
2026/09/29 20:52:31.735, 1110 MHz, 6251 MHz, 72.35 W, 82, 100 %, 0x0000000000000004
2026/09/29 20:52:31.835, 1110 MHz, 6251 MHz, 72.12 W, 82, 100 %, 0x0000000000000004
2026/09/29 20:52:31.935, 1140 MHz, 6251 MHz, 72.16 W, 82, 100 %, 0x0000000000000004
2026/09/29 20:52:32.035, 1095 MHz, 6251 MHz, 71.98 W, 82, 100 %, 0x0000000000000004
2026/09/29 20:52:32.135, 1110 MHz, 6251 MHz, 71.17 W, 82, 100 %, 0x0000000000000004
2026/09/29 20:52:32.235, 1110 MHz, 6251 MHz, 71.46 W, 82, 100 %, 0x0000000000000004
2026/09/29 20:52:32.335, 1005 MHz, 6251 MHz, 71.36 W, 82, 100 %, 0x0000000000000004
2026/09/29 20:52:32.435, 1125 MHz, 6251 MHz, 71.47 W, 82, 100 %, 0x0000000000000004
2026/09/29 20:52:32.536, 1080 MHz, 6251 MHz, 71.62 W, 82, 100 %, 0x0000000000000004
2026/09/29 20:52:32.636, 1140 MHz, 6251 MHz, 71.62 W, 82, 100 %, 0x0000000000000004
2026/09/29 20:52:32.736, 1080 MHz, 6251 MHz, 71.67 W, 82, 100 %, 0x0000000000000004
2026/09/29 20:52:32.836, 1065 MHz, 6251 MHz, 71.16 W, 82, 100 %, 0x0000000000000004
2026/09/29 20:52:32.936, 1125 MHz, 6251 MHz, 71.51 W, 82, 100 %, 0x0000000000000004
2026/09/29 20:52:33.036, 975 MHz, 6251 MHz, 71.51 W, 82, 100 %, 0x0000000000000004
2026/09/29 20:52:33.136, 1125 MHz, 6251 MHz, 71.73 W, 82, 100 %, 0x0000000000000004
2026/09/29 20:52:33.236, 1080 MHz, 6251 MHz, 72.43 W, 82, 100 %, 0x0000000000000004
2026/09/29 20:52:33.336, 1125 MHz, 6251 MHz, 72.25 W, 82, 100 %, 0x0000000000000004
2026/09/29 20:52:33.437, 990 MHz, 6251 MHz, 72.35 W, 81, 100 %, 0x0000000000000004
2026/09/29 20:52:33.537, 1125 MHz, 6251 MHz, 72.26 W, 82, 100 %, 0x0000000000000004
2026/09/29 20:52:33.637, 1095 MHz, 6251 MHz, 71.69 W, 82, 100 %, 0x0000000000000004
2026/09/29 20:52:33.737, 1140 MHz, 6251 MHz, 72.05 W, 82, 100 %, 0x0000000000000004
2026/09/29 20:52:33.837, 1065 MHz, 6251 MHz, 71.89 W, 81, 100 %, 0x0000000000000004
2026/09/29 20:52:33.937, 1110 MHz, 6251 MHz, 72.03 W, 82, 100 %, 0x0000000000000004
2026/09/29 20:52:34.037, 1110 MHz, 6251 MHz, 71.68 W, 82, 100 %, 0x0000000000000004
2026/09/29 20:52:34.137, 1140 MHz, 6251 MHz, 72.01 W, 82, 100 %, 0x0000000000000004
2026/09/29 20:52:34.237, 990 MHz, 6251 MHz, 72.11 W, 81, 100 %, 0x0000000000000004
2026/09/29 20:52:34.337, 1125 MHz, 6251 MHz, 71.41 W, 82, 100 %, 0x0000000000000004
2026/09/29 20:52:34.438, 1080 MHz, 6251 MHz, 71.60 W, 82, 100 %, 0x0000000000000004
2026/09/29 20:52:34.538, 1110 MHz, 6251 MHz, 71.63 W, 81, 100 %, 0x0000000000000004
2026/09/29 20:52:34.638, 1140 MHz, 6251 MHz, 71.89 W, 82, 100 %, 0x0000000000000004
2026/09/29 20:52:34.738, 1095 MHz, 6251 MHz, 72.15 W, 82, 100 %, 0x0000000000000004
2026/09/29 20:52:34.838, 1125 MHz, 6251 MHz, 72.05 W, 82, 100 %, 0x0000000000000004
2026/09/29 20:52:34.938, 1050 MHz, 6251 MHz, 72.06 W, 82, 100 %, 0x0000000000000004
2026/09/29 20:52:35.038, 1110 MHz, 6251 MHz, 71.81 W, 82, 100 %, 0x0000000000000004
2026/09/29 20:52:35.138, 1185 MHz, 6251 MHz, 72.12 W, 82, 100 %, 0x0000000000000004
2026/09/29 20:52:35.238, 1155 MHz, 6251 MHz, 72.22 W, 82, 100 %, 0x0000000000000004
2026/09/29 20:52:35.339, 975 MHz, 6251 MHz, 72.36 W, 82, 100 %, 0x0000000000000004
2026/09/29 20:52:35.439, 1095 MHz, 6251 MHz, 72.56 W, 82, 100 %, 0x0000000000000004
2026/09/29 20:52:35.539, 1140 MHz, 6251 MHz, 72.60 W, 82, 100 %, 0x0000000000000004
2026/09/29 20:52:35.639, 1125 MHz, 6251 MHz, 72.67 W, 82, 100 %, 0x0000000000000004
2026/09/29 20:52:35.739, 1005 MHz, 6251 MHz, 72.50 W, 82, 100 %, 0x0000000000000004
2026/09/29 20:52:35.839, 1095 MHz, 6251 MHz, 72.21 W, 82, 100 %, 0x0000000000000004
2026/09/29 20:52:35.939, 1125 MHz, 6251 MHz, 72.26 W, 82, 100 %, 0x0000000000000004
2026/09/29 20:52:36.039, 1050 MHz, 6251 MHz, 72.28 W, 82, 100 %, 0x0000000000000004
2026/09/29 20:52:36.139, 1125 MHz, 6251 MHz, 72.51 W, 82, 100 %, 0x0000000000000004
2026/09/29 20:52:36.239, 1125 MHz, 6251 MHz, 72.46 W, 82, 100 %, 0x0000000000000004
2026/09/29 20:52:36.340, 1125 MHz, 6251 MHz, 72.15 W, 82, 100 %, 0x0000000000000004
2026/09/29 20:52:36.440, 1020 MHz, 6251 MHz, 71.88 W, 82, 100 %, 0x0000000000000004
2026/09/29 20:52:36.540, 1080 MHz, 6251 MHz, 71.92 W, 82, 100 %, 0x0000000000000004
2026/09/29 20:52:36.640, 1125 MHz, 6251 MHz, 71.97 W, 82, 100 %, 0x0000000000000004
2026/09/29 20:52:36.740, 1125 MHz, 6251 MHz, 71.84 W, 82, 99 %, 0x0000000000000004
2026/09/29 20:52:36.840, 1065 MHz, 6251 MHz, 71.60 W, 82, 99 %, 0x0000000000000004
2026/09/29 20:52:36.940, 1110 MHz, 6251 MHz, 71.63 W, 82, 100 %, 0x0000000000000004
2026/09/29 20:52:37.040, 1095 MHz, 6251 MHz, 71.59 W, 82, 100 %, 0x0000000000000004
2026/09/29 20:52:37.140, 1095 MHz, 6251 MHz, 71.57 W, 82, 100 %, 0x0000000000000004
2026/09/29 20:52:37.241, 1110 MHz, 6251 MHz, 71.57 W, 82, 100 %, 0x0000000000000004
2026/09/29 20:52:37.341, 1080 MHz, 6251 MHz, 71.32 W, 82, 100 %, 0x0000000000000004
2026/09/29 20:52:37.441, 1140 MHz, 6251 MHz, 71.67 W, 82, 100 %, 0x0000000000000004
2026/09/29 20:52:37.541, 1095 MHz, 6251 MHz, 71.61 W, 82, 100 %, 0x0000000000000004
2026/09/29 20:52:37.641, 1125 MHz, 6251 MHz, 71.51 W, 82, 100 %, 0x0000000000000004
2026/09/29 20:52:37.741, 1125 MHz, 6251 MHz, 71.37 W, 82, 100 %, 0x0000000000000004
2026/09/29 20:52:37.841, 1065 MHz, 6251 MHz, 71.34 W, 82, 100 %, 0x0000000000000004
2026/09/29 20:52:37.941, 1110 MHz, 6251 MHz, 71.55 W, 82, 100 %, 0x0000000000000004
2026/09/29 20:52:38.041, 1050 MHz, 6251 MHz, 71.59 W, 82, 100 %, 0x0000000000000004
2026/09/29 20:52:38.142, 1140 MHz, 6251 MHz, 71.68 W, 82, 100 %, 0x0000000000000004
2026/09/29 20:52:38.242, 1005 MHz, 6251 MHz, 71.76 W, 82, 100 %, 0x0000000000000004
2026/09/29 20:52:38.342, 1515 MHz, 6251 MHz, 68.48 W, 83, 76 %, 0x0000000000000004
2026/09/29 20:52:38.442, 1050 MHz, 6251 MHz, 69.03 W, 81, 76 %, 0x0000000000000004
2026/09/29 20:52:38.542, 1200 MHz, 6251 MHz, 69.00 W, 81, 100 %, 0x0000000000000004
2026/09/29 20:52:38.642, 690 MHz, 6251 MHz, 69.59 W, 81, 100 %, 0x0000000000000004
2026/09/29 20:52:38.742, 1005 MHz, 6251 MHz, 69.40 W, 81, 100 %, 0x0000000000000004
2026/09/29 20:52:38.842, 750 MHz, 6251 MHz, 69.45 W, 80, 100 %, 0x0000000000000004
2026/09/29 20:52:38.942, 720 MHz, 6251 MHz, 69.90 W, 81, 100 %, 0x0000000000000004
2026/09/29 20:52:39.042, 915 MHz, 6251 MHz, 70.04 W, 81, 100 %, 0x0000000000000004
2026/09/29 20:52:39.143, 855 MHz, 6251 MHz, 70.55 W, 81, 100 %, 0x0000000000000004
2026/09/29 20:52:39.243, 855 MHz, 6251 MHz, 69.29 W, 81, 100 %, 0x0000000000000004
2026/09/29 20:52:39.343, 780 MHz, 6251 MHz, 69.54 W, 81, 100 %, 0x0000000000000004
2026/09/29 20:52:39.443, 930 MHz, 6251 MHz, 73.08 W, 81, 100 %, 0x0000000000000004
2026/09/29 20:52:39.543, 1185 MHz, 6251 MHz, 72.19 W, 81, 100 %, 0x0000000000000004
2026/09/29 20:52:39.643, 1110 MHz, 6251 MHz, 72.30 W, 81, 100 %, 0x0000000000000004
2026/09/29 20:52:39.743, 1185 MHz, 6251 MHz, 71.99 W, 81, 100 %, 0x0000000000000004
2026/09/29 20:52:39.843, 870 MHz, 6251 MHz, 72.62 W, 81, 100 %, 0x0000000000000004
2026/09/29 20:52:39.943, 870 MHz, 6251 MHz, 71.97 W, 81, 100 %, 0x0000000000000004
2026/09/29 20:52:40.043, 585 MHz, 6251 MHz, 71.82 W, 80, 100 %, 0x0000000000000004
2026/09/29 20:52:40.144, 660 MHz, 6251 MHz, 72.05 W, 81, 100 %, 0x0000000000000004
2026/09/29 20:52:40.244, 915 MHz, 6251 MHz, 71.52 W, 80, 100 %, 0x0000000000000004
2026/09/29 20:52:40.344, 810 MHz, 6251 MHz, 72.74 W, 80, 100 %, 0x0000000000000004
2026/09/29 20:52:40.444, 1035 MHz, 6251 MHz, 72.27 W, 81, 100 %, 0x0000000000000004
2026/09/29 20:52:40.544, 915 MHz, 6251 MHz, 72.16 W, 81, 100 %, 0x0000000000000004
2026/09/29 20:52:40.644, 945 MHz, 6251 MHz, 72.80 W, 81, 100 %, 0x0000000000000004
2026/09/29 20:52:40.744, 1200 MHz, 6251 MHz, 71.87 W, 81, 100 %, 0x0000000000000004
2026/09/29 20:52:40.844, 945 MHz, 6251 MHz, 72.21 W, 81, 100 %, 0x0000000000000004
2026/09/29 20:52:40.944, 1155 MHz, 6251 MHz, 71.71 W, 81, 100 %, 0x0000000000000004
2026/09/29 20:52:41.044, 855 MHz, 6251 MHz, 72.16 W, 80, 100 %, 0x0000000000000004
2026/09/29 20:52:41.145, 810 MHz, 6251 MHz, 71.78 W, 81, 100 %, 0x0000000000000004
2026/09/29 20:52:41.245, 585 MHz, 6251 MHz, 71.52 W, 80, 100 %, 0x0000000000000004
2026/09/29 20:52:41.345, 810 MHz, 6251 MHz, 71.82 W, 80, 100 %, 0x0000000000000004
2026/09/29 20:52:41.445, 1110 MHz, 6251 MHz, 71.51 W, 80, 100 %, 0x0000000000000004
2026/09/29 20:52:41.545, 930 MHz, 6251 MHz, 72.24 W, 80, 100 %, 0x0000000000000004
2026/09/29 20:52:41.645, 1200 MHz, 6251 MHz, 72.40 W, 81, 100 %, 0x0000000000000004
2026/09/29 20:52:41.745, 1170 MHz, 6251 MHz, 72.08 W, 80, 100 %, 0x0000000000000004
2026/09/29 20:52:41.845, 1005 MHz, 6251 MHz, 72.81 W, 81, 100 %, 0x0000000000000004
2026/09/29 20:52:41.945, 1080 MHz, 6251 MHz, 72.09 W, 80, 100 %, 0x0000000000000004
2026/09/29 20:52:42.046, 1005 MHz, 6251 MHz, 72.62 W, 81, 100 %, 0x0000000000000004
2026/09/29 20:52:42.146, 1200 MHz, 6251 MHz, 72.20 W, 82, 100 %, 0x0000000000000004
2026/09/29 20:52:42.246, 600 MHz, 6251 MHz, 72.85 W, 81, 100 %, 0x0000000000000004
2026/09/29 20:52:42.346, 930 MHz, 6251 MHz, 71.76 W, 80, 100 %, 0x0000000000000004
2026/09/29 20:52:42.446, 960 MHz, 6251 MHz, 71.64 W, 80, 100 %, 0x0000000000000004
2026/09/29 20:52:42.546, 1140 MHz, 6251 MHz, 71.69 W, 81, 100 %, 0x0000000000000004
2026/09/29 20:52:42.646, 1140 MHz, 6251 MHz, 71.09 W, 80, 100 %, 0x0000000000000004
2026/09/29 20:52:42.746, 1065 MHz, 6251 MHz, 71.18 W, 81, 100 %, 0x0000000000000004
2026/09/29 20:52:42.846, 1155 MHz, 6251 MHz, 70.95 W, 80, 100 %, 0x0000000000000004
2026/09/29 20:52:42.946, 870 MHz, 6251 MHz, 71.26 W, 81, 100 %, 0x0000000000000004
2026/09/29 20:52:43.047, 1065 MHz, 6251 MHz, 71.48 W, 80, 100 %, 0x0000000000000004
2026/09/29 20:52:43.147, 1080 MHz, 6251 MHz, 71.52 W, 80, 100 %, 0x0000000000000004
2026/09/29 20:52:43.247, 960 MHz, 6251 MHz, 71.96 W, 81, 100 %, 0x0000000000000004
2026/09/29 20:52:43.347, 585 MHz, 6251 MHz, 71.55 W, 80, 100 %, 0x0000000000000004
2026/09/29 20:52:43.447, 870 MHz, 6251 MHz, 72.45 W, 81, 100 %, 0x0000000000000004
2026/09/29 20:52:43.547, 1050 MHz, 6251 MHz, 72.15 W, 80, 100 %, 0x0000000000000004
2026/09/29 20:52:43.647, 960 MHz, 6251 MHz, 72.58 W, 81, 100 %, 0x0000000000000004
2026/09/29 20:52:43.747, 1215 MHz, 6251 MHz, 72.45 W, 81, 100 %, 0x0000000000000004
2026/09/29 20:52:43.847, 1020 MHz, 6251 MHz, 72.59 W, 80, 100 %, 0x0000000000000004
2026/09/29 20:52:43.947, 1200 MHz, 6251 MHz, 72.68 W, 81, 100 %, 0x0000000000000004
2026/09/29 20:52:44.048, 660 MHz, 6251 MHz, 72.32 W, 80, 100 %, 0x0000000000000004
2026/09/29 20:52:44.148, 915 MHz, 6251 MHz, 71.97 W, 81, 100 %, 0x0000000000000004
2026/09/29 20:52:44.248, 1140 MHz, 6251 MHz, 71.44 W, 80, 100 %, 0x0000000000000004
2026/09/29 20:52:44.348, 615 MHz, 6251 MHz, 71.68 W, 81, 100 %, 0x0000000000000004
2026/09/29 20:52:44.448, 780 MHz, 6251 MHz, 71.64 W, 81, 100 %, 0x0000000000000004
2026/09/29 20:52:44.548, 855 MHz, 6251 MHz, 72.06 W, 81, 100 %, 0x0000000000000004
2026/09/29 20:52:44.648, 1155 MHz, 6251 MHz, 71.91 W, 81, 100 %, 0x0000000000000004
2026/09/29 20:52:44.748, 1245 MHz, 6251 MHz, 71.57 W, 80, 100 %, 0x0000000000000004
2026/09/29 20:52:44.848, 1125 MHz, 6251 MHz, 72.42 W, 81, 100 %, 0x0000000000000004
2026/09/29 20:52:44.948, 1245 MHz, 6251 MHz, 71.69 W, 80, 100 %, 0x0000000000000004
2026/09/29 20:52:45.049, 930 MHz, 6251 MHz, 72.24 W, 81, 100 %, 0x0000000000000004
2026/09/29 20:52:45.149, 1125 MHz, 6251 MHz, 71.79 W, 80, 100 %, 0x0000000000000004
2026/09/29 20:52:45.249, 945 MHz, 6251 MHz, 72.61 W, 80, 100 %, 0x0000000000000004
2026/09/29 20:52:45.349, 990 MHz, 6251 MHz, 72.35 W, 81, 100 %, 0x0000000000000004
2026/09/29 20:52:45.449, 555 MHz, 6251 MHz, 72.28 W, 81, 100 %, 0x0000000000000004
2026/09/29 20:52:45.549, 975 MHz, 6251 MHz, 71.01 W, 81, 100 %, 0x0000000000000004
2026/09/29 20:52:45.649, 1095 MHz, 6251 MHz, 70.84 W, 80, 100 %, 0x0000000000000004
2026/09/29 20:52:45.749, 1095 MHz, 6251 MHz, 70.97 W, 81, 100 %, 0x0000000000000004
2026/09/29 20:52:45.849, 1230 MHz, 6251 MHz, 70.57 W, 81, 100 %, 0x0000000000000004
2026/09/29 20:52:45.949, 1080 MHz, 6251 MHz, 70.45 W, 81, 100 %, 0x0000000000000004
2026/09/29 20:52:46.050, 1215 MHz, 6251 MHz, 70.46 W, 81, 100 %, 0x0000000000000004
2026/09/29 20:52:46.150, 1110 MHz, 6251 MHz, 70.54 W, 81, 100 %, 0x0000000000000004
2026/09/29 20:52:46.250, 1230 MHz, 6251 MHz, 70.86 W, 81, 100 %, 0x0000000000000004
2026/09/29 20:52:46.350, 1125 MHz, 6251 MHz, 70.83 W, 80, 100 %, 0x0000000000000004
2026/09/29 20:52:46.450, 1020 MHz, 6251 MHz, 70.93 W, 81, 100 %, 0x0000000000000004
2026/09/29 20:52:46.550, 600 MHz, 6251 MHz, 70.69 W, 80, 100 %, 0x0000000000000004
2026/09/29 20:52:46.650, 765 MHz, 6251 MHz, 71.37 W, 81, 100 %, 0x0000000000000004
2026/09/29 20:52:46.750, 945 MHz, 6251 MHz, 71.31 W, 81, 100 %, 0x0000000000000004
2026/09/29 20:52:46.850, 1065 MHz, 6251 MHz, 71.81 W, 81, 100 %, 0x0000000000000004
2026/09/29 20:52:46.950, 1230 MHz, 6251 MHz, 72.14 W, 80, 100 %, 0x0000000000000004
2026/09/29 20:52:47.051, 1230 MHz, 6251 MHz, 72.10 W, 80, 100 %, 0x0000000000000004
2026/09/29 20:52:47.151, 1170 MHz, 6251 MHz, 72.50 W, 81, 100 %, 0x0000000000000004
2026/09/29 20:52:47.251, 1245 MHz, 6251 MHz, 72.00 W, 80, 100 %, 0x0000000000000004
2026/09/29 20:52:47.351, 1035 MHz, 6251 MHz, 72.19 W, 81, 100 %, 0x0000000000000004
2026/09/29 20:52:47.451, 1275 MHz, 6251 MHz, 71.47 W, 80, 100 %, 0x0000000000000004
2026/09/29 20:52:47.551, 720 MHz, 6251 MHz, 72.08 W, 81, 100 %, 0x0000000000000004
2026/09/29 20:52:47.651, 945 MHz, 6251 MHz, 72.09 W, 80, 100 %, 0x0000000000000004
2026/09/29 20:52:47.751, 525 MHz, 6251 MHz, 72.99 W, 81, 100 %, 0x0000000000000004
2026/09/29 20:52:47.851, 915 MHz, 6251 MHz, 71.42 W, 81, 100 %, 0x0000000000000004
2026/09/29 20:52:47.951, 1215 MHz, 6251 MHz, 71.10 W, 80, 100 %, 0x0000000000000004
2026/09/29 20:52:48.052, 1110 MHz, 6251 MHz, 71.17 W, 81, 100 %, 0x0000000000000004
2026/09/29 20:52:48.152, 1335 MHz, 6251 MHz, 70.49 W, 81, 100 %, 0x0000000000000004
2026/09/29 20:52:48.252, 1110 MHz, 6251 MHz, 70.76 W, 81, 100 %, 0x0000000000000004
2026/09/29 20:52:48.352, 1200 MHz, 6251 MHz, 70.57 W, 82, 100 %, 0x0000000000000004
2026/09/29 20:52:48.452, 1185 MHz, 6251 MHz, 70.74 W, 80, 100 %, 0x0000000000000004
2026/09/29 20:52:48.552, 1140 MHz, 6251 MHz, 71.42 W, 81, 100 %, 0x0000000000000004
2026/09/29 20:52:48.652, 855 MHz, 6251 MHz, 71.43 W, 80, 100 %, 0x0000000000000004
2026/09/29 20:52:48.752, 705 MHz, 6251 MHz, 70.96 W, 81, 100 %, 0x0000000000000004
2026/09/29 20:52:48.852, 555 MHz, 6251 MHz, 70.78 W, 80, 100 %, 0x0000000000000004
2026/09/29 20:52:48.953, 930 MHz, 6251 MHz, 72.18 W, 81, 100 %, 0x0000000000000004
2026/09/29 20:52:49.053, 1185 MHz, 6251 MHz, 72.03 W, 80, 100 %, 0x0000000000000004
2026/09/29 20:52:49.153, 1125 MHz, 6251 MHz, 72.41 W, 81, 100 %, 0x0000000000000004
2026/09/29 20:52:49.253, 1260 MHz, 6251 MHz, 72.55 W, 81, 100 %, 0x0000000000000004
2026/09/29 20:52:49.353, 1170 MHz, 6251 MHz, 72.52 W, 80, 100 %, 0x0000000000000004
2026/09/29 20:52:49.453, 1200 MHz, 6251 MHz, 72.66 W, 81, 100 %, 0x0000000000000004
2026/09/29 20:52:49.553, 1200 MHz, 6251 MHz, 72.35 W, 80, 100 %, 0x0000000000000004
2026/09/29 20:52:49.653, 930 MHz, 6251 MHz, 72.11 W, 81, 100 %, 0x0000000000000004
2026/09/29 20:52:49.753, 795 MHz, 6251 MHz, 71.63 W, 81, 100 %, 0x0000000000000004
2026/09/29 20:52:49.853, 615 MHz, 6251 MHz, 72.07 W, 81, 100 %, 0x0000000000000004
2026/09/29 20:52:49.954, 825 MHz, 6251 MHz, 71.64 W, 81, 100 %, 0x0000000000000004
2026/09/29 20:52:50.054, 945 MHz, 6251 MHz, 72.00 W, 81, 100 %, 0x0000000000000004
2026/09/29 20:52:50.154, 1200 MHz, 6251 MHz, 72.34 W, 81, 100 %, 0x0000000000000004
2026/09/29 20:52:50.254, 1230 MHz, 6251 MHz, 72.22 W, 80, 100 %, 0x0000000000000004
2026/09/29 20:52:50.354, 1170 MHz, 6251 MHz, 72.81 W, 81, 100 %, 0x0000000000000004
2026/09/29 20:52:50.454, 1275 MHz, 6251 MHz, 72.44 W, 80, 100 %, 0x0000000000000004
2026/09/29 20:52:50.554, 1095 MHz, 6251 MHz, 72.75 W, 81, 100 %, 0x0000000000000004
2026/09/29 20:52:50.654, 1245 MHz, 6251 MHz, 72.46 W, 81, 100 %, 0x0000000000000004
2026/09/29 20:52:50.754, 825 MHz, 6251 MHz, 72.62 W, 81, 100 %, 0x0000000000000004
2026/09/29 20:52:50.855, 885 MHz, 6251 MHz, 72.37 W, 81, 100 %, 0x0000000000000004
2026/09/29 20:52:50.955, 480 MHz, 6251 MHz, 72.63 W, 81, 100 %, 0x0000000000000004
2026/09/29 20:52:51.055, 900 MHz, 6251 MHz, 72.47 W, 80, 100 %, 0x0000000000000004
2026/09/29 20:52:51.155, 765 MHz, 6251 MHz, 72.53 W, 81, 100 %, 0x0000000000000004
2026/09/29 20:52:51.255, 990 MHz, 6251 MHz, 71.95 W, 81, 100 %, 0x0000000000000004
2026/09/29 20:52:51.355, 1170 MHz, 6251 MHz, 71.61 W, 81, 100 %, 0x0000000000000004
2026/09/29 20:52:51.455, 1020 MHz, 6251 MHz, 71.55 W, 81, 100 %, 0x0000000000000004
2026/09/29 20:52:51.555, 1200 MHz, 6251 MHz, 71.22 W, 82, 100 %, 0x0000000000000004
2026/09/29 20:52:51.655, 1095 MHz, 6251 MHz, 71.46 W, 81, 100 %, 0x0000000000000004
2026/09/29 20:52:51.755, 1215 MHz, 6251 MHz, 71.90 W, 81, 100 %, 0x0000000000000004
2026/09/29 20:52:51.856, 1170 MHz, 6251 MHz, 71.96 W, 80, 100 %, 0x0000000000000004
2026/09/29 20:52:51.956, 915 MHz, 6251 MHz, 72.40 W, 81, 100 %, 0x0000000000000004
2026/09/29 20:52:52.056, 510 MHz, 6251 MHz, 72.19 W, 81, 100 %, 0x0000000000000004
2026/09/29 20:52:52.156, 750 MHz, 6251 MHz, 72.10 W, 81, 100 %, 0x0000000000000004
2026/09/29 20:52:52.256, 960 MHz, 6251 MHz, 71.90 W, 81, 100 %, 0x0000000000000004
2026/09/29 20:52:52.356, 1050 MHz, 6251 MHz, 72.66 W, 81, 100 %, 0x0000000000000004
2026/09/29 20:52:52.456, 1230 MHz, 6251 MHz, 72.68 W, 81, 100 %, 0x0000000000000004
2026/09/29 20:52:52.556, 1215 MHz, 6251 MHz, 72.68 W, 81, 100 %, 0x0000000000000004
2026/09/29 20:52:52.657, 1170 MHz, 6251 MHz, 73.09 W, 81, 100 %, 0x0000000000000004
2026/09/29 20:52:52.757, 1275 MHz, 6251 MHz, 72.50 W, 80, 100 %, 0x0000000000000004
2026/09/29 20:52:52.857, 1125 MHz, 6251 MHz, 72.72 W, 81, 100 %, 0x0000000000000004
2026/09/29 20:52:52.957, 1170 MHz, 6251 MHz, 72.09 W, 81, 100 %, 0x0000000000000004
2026/09/29 20:52:53.057, 705 MHz, 6251 MHz, 72.27 W, 81, 100 %, 0x0000000000000004
2026/09/29 20:52:53.157, 810 MHz, 6251 MHz, 71.95 W, 81, 100 %, 0x0000000000000004
2026/09/29 20:52:53.257, 570 MHz, 6251 MHz, 72.77 W, 81, 100 %, 0x0000000000000004
2026/09/29 20:52:53.357, 960 MHz, 6251 MHz, 71.81 W, 81, 100 %, 0x0000000000000004
2026/09/29 20:52:53.457, 1155 MHz, 6251 MHz, 71.65 W, 80, 100 %, 0x0000000000000004
2026/09/29 20:52:53.557, 1140 MHz, 6251 MHz, 72.00 W, 81, 100 %, 0x0000000000000004
2026/09/29 20:52:53.658, 1290 MHz, 6251 MHz, 71.32 W, 80, 100 %, 0x0000000000000004
2026/09/29 20:52:53.758, 1080 MHz, 6251 MHz, 71.57 W, 81, 100 %, 0x0000000000000004
2026/09/29 20:52:53.858, 1305 MHz, 6251 MHz, 71.45 W, 81, 100 %, 0x0000000000000004
2026/09/29 20:52:53.958, 1125 MHz, 6251 MHz, 71.50 W, 81, 100 %, 0x0000000000000004
2026/09/29 20:52:54.058, 1170 MHz, 6251 MHz, 71.59 W, 81, 100 %, 0x0000000000000004
2026/09/29 20:52:54.158, 570 MHz, 6251 MHz, 71.78 W, 81, 100 %, 0x0000000000000004
2026/09/29 20:52:54.258, 780 MHz, 6251 MHz, 70.59 W, 81, 100 %, 0x0000000000000004
2026/09/29 20:52:54.358, 480 MHz, 6251 MHz, 70.41 W, 81, 100 %, 0x0000000000000004
2026/09/29 20:52:54.458, 930 MHz, 6251 MHz, 70.47 W, 81, 100 %, 0x0000000000000004
2026/09/29 20:52:54.559, 1230 MHz, 6251 MHz, 70.04 W, 81, 100 %, 0x0000000000000004
2026/09/29 20:52:54.659, 1065 MHz, 6251 MHz, 70.11 W, 81, 100 %, 0x0000000000000004
2026/09/29 20:52:54.759, 1215 MHz, 6251 MHz, 70.19 W, 82, 100 %, 0x0000000000000004
2026/09/29 20:52:54.859, 1140 MHz, 6251 MHz, 70.32 W, 81, 100 %, 0x0000000000000004
2026/09/29 20:52:54.959, 1215 MHz, 6251 MHz, 70.96 W, 81, 100 %, 0x0000000000000004
2026/09/29 20:52:55.059, 1245 MHz, 6251 MHz, 70.78 W, 81, 100 %, 0x0000000000000004
2026/09/29 20:52:55.159, 960 MHz, 6251 MHz, 71.70 W, 81, 100 %, 0x0000000000000004
2026/09/29 20:52:55.259, 945 MHz, 6251 MHz, 71.25 W, 80, 100 %, 0x0000000000000004
2026/09/29 20:52:55.359, 690 MHz, 6251 MHz, 72.35 W, 81, 100 %, 0x0000000000000004
2026/09/29 20:52:55.459, 750 MHz, 6251 MHz, 72.41 W, 81, 100 %, 0x0000000000000004
2026/09/29 20:52:55.559, 780 MHz, 6251 MHz, 73.39 W, 81, 100 %, 0x0000000000000004
2026/09/29 20:52:55.660, 1095 MHz, 6251 MHz, 73.57 W, 81, 100 %, 0x0000000000000004
2026/09/29 20:52:55.760, 1140 MHz, 6251 MHz, 73.42 W, 81, 100 %, 0x0000000000000004
2026/09/29 20:52:55.860, 1185 MHz, 6251 MHz, 73.56 W, 81, 100 %, 0x0000000000000004
2026/09/29 20:52:55.960, 1215 MHz, 6251 MHz, 73.15 W, 81, 100 %, 0x0000000000000004
2026/09/29 20:52:56.060, 1140 MHz, 6251 MHz, 73.24 W, 81, 100 %, 0x0000000000000004
2026/09/29 20:52:56.160, 1230 MHz, 6251 MHz, 72.72 W, 81, 100 %, 0x0000000000000004
2026/09/29 20:52:56.260, 960 MHz, 6251 MHz, 72.28 W, 81, 100 %, 0x0000000000000004
2026/09/29 20:52:56.360, 1050 MHz, 6251 MHz, 72.14 W, 81, 100 %, 0x0000000000000004
2026/09/29 20:52:56.460, 660 MHz, 6251 MHz, 72.71 W, 81, 100 %, 0x0000000000000004
2026/09/29 20:52:56.560, 945 MHz, 6251 MHz, 72.26 W, 81, 100 %, 0x0000000000000004
2026/09/29 20:52:56.661, 930 MHz, 6251 MHz, 72.32 W, 81, 100 %, 0x0000000000000004
2026/09/29 20:52:56.761, 1125 MHz, 6251 MHz, 72.31 W, 81, 100 %, 0x0000000000000004
2026/09/29 20:52:56.861, 1305 MHz, 6251 MHz, 71.88 W, 81, 100 %, 0x0000000000000004
2026/09/29 20:52:56.961, 1095 MHz, 6251 MHz, 72.09 W, 81, 100 %, 0x0000000000000004
2026/09/29 20:52:57.061, 1290 MHz, 6251 MHz, 71.82 W, 81, 100 %, 0x0000000000000004
2026/09/29 20:52:57.161, 1095 MHz, 6251 MHz, 71.74 W, 81, 100 %, 0x0000000000000004
2026/09/29 20:52:57.261, 1155 MHz, 6251 MHz, 71.77 W, 82, 100 %, 0x0000000000000004
2026/09/29 20:52:57.361, 960 MHz, 6251 MHz, 71.87 W, 81, 100 %, 0x0000000000000004
2026/09/29 20:52:57.461, 1065 MHz, 6251 MHz, 71.73 W, 81, 100 %, 0x0000000000000004
2026/09/29 20:52:57.562, 525 MHz, 6251 MHz, 71.82 W, 81, 100 %, 0x0000000000000004
2026/09/29 20:52:57.662, 930 MHz, 6251 MHz, 70.61 W, 81, 100 %, 0x0000000000000004
2026/09/29 20:52:57.762, 615 MHz, 6251 MHz, 70.47 W, 81, 100 %, 0x0000000000000004
2026/09/29 20:52:57.862, 900 MHz, 6251 MHz, 70.28 W, 81, 100 %, 0x0000000000000004
2026/09/29 20:52:57.962, 1200 MHz, 6251 MHz, 70.15 W, 81, 100 %, 0x0000000000000004
2026/09/29 20:52:58.062, 1050 MHz, 6251 MHz, 70.42 W, 81, 100 %, 0x0000000000000004
2026/09/29 20:52:58.162, 1200 MHz, 6251 MHz, 70.18 W, 82, 100 %, 0x0000000000000004
2026/09/29 20:52:58.262, 1170 MHz, 6251 MHz, 70.20 W, 81, 100 %, 0x0000000000000004
2026/09/29 20:52:58.362, 1200 MHz, 6251 MHz, 70.76 W, 81, 100 %, 0x0000000000000004
2026/09/29 20:52:58.463, 1200 MHz, 6251 MHz, 70.72 W, 81, 100 %, 0x0000000000000004
2026/09/29 20:52:58.563, 795 MHz, 6251 MHz, 71.63 W, 81, 100 %, 0x0000000000000004
2026/09/29 20:52:58.663, 630 MHz, 6251 MHz, 71.40 W, 81, 100 %, 0x0000000000000004
2026/09/29 20:52:58.763, 720 MHz, 6251 MHz, 72.84 W, 81, 100 %, 0x0000000000000004
2026/09/29 20:52:58.863, 885 MHz, 6251 MHz, 72.44 W, 81, 100 %, 0x0000000000000004
2026/09/29 20:52:58.963, 990 MHz, 6251 MHz, 73.05 W, 81, 100 %, 0x0000000000000004
2026/09/29 20:52:59.063, 1200 MHz, 6251 MHz, 73.45 W, 81, 100 %, 0x0000000000000004
2026/09/29 20:52:59.163, 1245 MHz, 6251 MHz, 73.42 W, 81, 100 %, 0x0000000000000004
2026/09/29 20:52:59.263, 1170 MHz, 6251 MHz, 74.53 W, 81, 100 %, 0x0000000000000004
2026/09/29 20:52:59.363, 1335 MHz, 6251 MHz, 73.90 W, 81, 100 %, 0x0000000000000004
2026/09/29 20:52:59.464, 1080 MHz, 6251 MHz, 73.62 W, 81, 100 %, 0x0000000000000004
2026/09/29 20:52:59.564, 1170 MHz, 6251 MHz, 72.97 W, 81, 100 %, 0x0000000000000004
2026/09/29 20:52:59.664, 675 MHz, 6251 MHz, 72.69 W, 81, 100 %, 0x0000000000000004
2026/09/29 20:52:59.764, 780 MHz, 6251 MHz, 72.55 W, 81, 100 %, 0x0000000000000004
2026/09/29 20:52:59.864, 525 MHz, 6251 MHz, 72.89 W, 81, 100 %, 0x0000000000000004
2026/09/29 20:52:59.964, 1020 MHz, 6251 MHz, 71.97 W, 81, 100 %, 0x0000000000000004
2026/09/29 20:53:00.064, 1170 MHz, 6251 MHz, 71.76 W, 81, 100 %, 0x0000000000000004
2026/09/29 20:53:00.164, 1140 MHz, 6251 MHz, 71.93 W, 81, 100 %, 0x0000000000000004
2026/09/29 20:53:00.264, 1230 MHz, 6251 MHz, 71.29 W, 81, 100 %, 0x0000000000000004
2026/09/29 20:53:00.365, 1080 MHz, 6251 MHz, 71.03 W, 81, 100 %, 0x0000000000000004
2026/09/29 20:53:00.465, 1230 MHz, 6251 MHz, 70.99 W, 81, 100 %, 0x0000000000000004
2026/09/29 20:53:00.565, 1110 MHz, 6251 MHz, 71.42 W, 81, 100 %, 0x0000000000000004
2026/09/29 20:53:00.665, 1200 MHz, 6251 MHz, 71.71 W, 81, 100 %, 0x0000000000000004
2026/09/29 20:53:00.765, 825 MHz, 6251 MHz, 71.83 W, 81, 100 %, 0x0000000000000004
2026/09/29 20:53:00.865, 825 MHz, 6251 MHz, 71.36 W, 81, 100 %, 0x0000000000000004
2026/09/29 20:53:00.965, 525 MHz, 6251 MHz, 71.11 W, 81, 100 %, 0x0000000000000004
2026/09/29 20:53:01.065, 960 MHz, 6251 MHz, 71.70 W, 81, 100 %, 0x0000000000000004
2026/09/29 20:53:01.165, 1125 MHz, 6251 MHz, 71.54 W, 81, 100 %, 0x0000000000000004
2026/09/29 20:53:01.265, 1035 MHz, 6251 MHz, 71.46 W, 81, 100 %, 0x0000000000000004
2026/09/29 20:53:01.366, 1215 MHz, 6251 MHz, 71.43 W, 82, 100 %, 0x0000000000000004
2026/09/29 20:53:01.466, 1140 MHz, 6251 MHz, 71.50 W, 81, 100 %, 0x0000000000000004
2026/09/29 20:53:01.566, 1230 MHz, 6251 MHz, 71.77 W, 81, 100 %, 0x0000000000000004
2026/09/29 20:53:01.666, 1170 MHz, 6251 MHz, 71.63 W, 81, 100 %, 0x0000000000000004
2026/09/29 20:53:01.766, 1140 MHz, 6251 MHz, 71.62 W, 81, 100 %, 0x0000000000000004
2026/09/29 20:53:01.866, 975 MHz, 6251 MHz, 71.36 W, 81, 100 %, 0x0000000000000004
2026/09/29 20:53:01.966, 720 MHz, 6251 MHz, 71.60 W, 81, 100 %, 0x0000000000000004
2026/09/29 20:53:02.066, 555 MHz, 6251 MHz, 71.73 W, 81, 100 %, 0x0000000000000004
2026/09/29 20:53:02.166, 855 MHz, 6251 MHz, 72.26 W, 81, 100 %, 0x0000000000000004
2026/09/29 20:53:02.267, 1050 MHz, 6251 MHz, 72.01 W, 82, 100 %, 0x0000000000000004
2026/09/29 20:53:02.367, 1110 MHz, 6251 MHz, 72.07 W, 81, 100 %, 0x0000000000000004
2026/09/29 20:53:02.467, 1200 MHz, 6251 MHz, 72.48 W, 81, 100 %, 0x0000000000000004
2026/09/29 20:53:02.567, 1200 MHz, 6251 MHz, 72.24 W, 81, 100 %, 0x0000000000000004
2026/09/29 20:53:02.667, 1110 MHz, 6251 MHz, 72.97 W, 81, 100 %, 0x0000000000000004
2026/09/29 20:53:02.767, 1275 MHz, 6251 MHz, 72.47 W, 81, 100 %, 0x0000000000000004
2026/09/29 20:53:02.867, 900 MHz, 6251 MHz, 72.75 W, 81, 100 %, 0x0000000000000004
2026/09/29 20:53:02.967, 990 MHz, 6251 MHz, 72.42 W, 81, 100 %, 0x0000000000000004
2026/09/29 20:53:03.067, 540 MHz, 6251 MHz, 72.89 W, 81, 100 %, 0x0000000000000004
2026/09/29 20:53:03.167, 825 MHz, 6251 MHz, 72.77 W, 81, 100 %, 0x0000000000000004
2026/09/29 20:53:03.268, 615 MHz, 6251 MHz, 73.14 W, 81, 100 %, 0x0000000000000004
2026/09/29 20:53:03.368, 945 MHz, 6251 MHz, 72.32 W, 81, 100 %, 0x0000000000000004
2026/09/29 20:53:03.468, 1155 MHz, 6251 MHz, 72.00 W, 81, 100 %, 0x0000000000000004
2026/09/29 20:53:03.568, 1035 MHz, 6251 MHz, 71.98 W, 81, 100 %, 0x0000000000000004
2026/09/29 20:53:03.668, 1200 MHz, 6251 MHz, 71.56 W, 81, 100 %, 0x0000000000000004
2026/09/29 20:53:03.768, 1095 MHz, 6251 MHz, 71.16 W, 81, 100 %, 0x0000000000000004
2026/09/29 20:53:03.868, 1200 MHz, 6251 MHz, 71.06 W, 81, 100 %, 0x0000000000000004
2026/09/29 20:53:03.968, 1140 MHz, 6251 MHz, 71.21 W, 81, 99 %, 0x0000000000000004
2026/09/29 20:53:04.068, 1080 MHz, 6251 MHz, 70.99 W, 82, 99 %, 0x0000000000000004
2026/09/29 20:53:04.169, 660 MHz, 6251 MHz, 71.21 W, 81, 100 %, 0x0000000000000004
2026/09/29 20:53:04.269, 750 MHz, 6251 MHz, 70.81 W, 81, 100 %, 0x0000000000000004
2026/09/29 20:53:04.369, 495 MHz, 6251 MHz, 70.81 W, 81, 100 %, 0x0000000000000004
2026/09/29 20:53:04.469, 855 MHz, 6251 MHz, 70.45 W, 81, 100 %, 0x0000000000000004
2026/09/29 20:53:04.569, 1170 MHz, 6251 MHz, 70.51 W, 81, 100 %, 0x0000000000000004
2026/09/29 20:53:04.669, 1095 MHz, 6251 MHz, 70.48 W, 81, 100 %, 0x0000000000000004
2026/09/29 20:53:04.769, 1245 MHz, 6251 MHz, 70.40 W, 81, 100 %, 0x0000000000000004
2026/09/29 20:53:04.869, 1200 MHz, 6251 MHz, 70.58 W, 81, 100 %, 0x0000000000000004
2026/09/29 20:53:04.969, 1185 MHz, 6251 MHz, 70.58 W, 82, 100 %, 0x0000000000000004
2026/09/29 20:53:05.070, 1230 MHz, 6251 MHz, 70.56 W, 81, 100 %, 0x0000000000000004
2026/09/29 20:53:05.170, 915 MHz, 6251 MHz, 70.96 W, 81, 100 %, 0x0000000000000004
2026/09/29 20:53:05.270, 840 MHz, 6251 MHz, 70.62 W, 81, 100 %, 0x0000000000000004
2026/09/29 20:53:05.370, 585 MHz, 6251 MHz, 70.71 W, 81, 100 %, 0x0000000000000004
2026/09/29 20:53:05.470, 825 MHz, 6251 MHz, 70.49 W, 81, 100 %, 0x0000000000000004
2026/09/29 20:53:05.570, 945 MHz, 6251 MHz, 72.07 W, 81, 100 %, 0x0000000000000004
2026/09/29 20:53:05.670, 1215 MHz, 6251 MHz, 71.66 W, 82, 100 %, 0x0000000000000004
2026/09/29 20:53:05.770, 1215 MHz, 6251 MHz, 72.07 W, 81, 100 %, 0x0000000000000004
2026/09/29 20:53:05.870, 1170 MHz, 6251 MHz, 72.44 W, 81, 100 %, 0x0000000000000004
2026/09/29 20:53:05.971, 1260 MHz, 6251 MHz, 72.26 W, 81, 100 %, 0x0000000000000004
2026/09/29 20:53:06.071, 1095 MHz, 6251 MHz, 72.71 W, 82, 100 %, 0x0000000000000004
2026/09/29 20:53:06.171, 1170 MHz, 6251 MHz, 72.27 W, 81, 100 %, 0x0000000000000004
2026/09/29 20:53:06.271, 810 MHz, 6251 MHz, 72.40 W, 82, 100 %, 0x0000000000000004
2026/09/29 20:53:06.371, 975 MHz, 6251 MHz, 72.02 W, 81, 100 %, 0x0000000000000004
2026/09/29 20:53:06.471, 615 MHz, 6251 MHz, 72.36 W, 81, 100 %, 0x0000000000000004
2026/09/29 20:53:06.571, 945 MHz, 6251 MHz, 71.98 W, 81, 100 %, 0x0000000000000004
2026/09/29 20:53:06.671, 1035 MHz, 6251 MHz, 72.18 W, 81, 100 %, 0x0000000000000004
2026/09/29 20:53:06.771, 1155 MHz, 6251 MHz, 72.57 W, 81, 100 %, 0x0000000000000004
2026/09/29 20:53:06.872, 1275 MHz, 6251 MHz, 72.51 W, 81, 100 %, 0x0000000000000004
2026/09/29 20:53:06.972, 1095 MHz, 6251 MHz, 72.68 W, 82, 100 %, 0x0000000000000004
2026/09/29 20:53:07.072, 1200 MHz, 6251 MHz, 72.32 W, 81, 100 %, 0x0000000000000004
2026/09/29 20:53:07.172, 1035 MHz, 6251 MHz, 72.06 W, 82, 100 %, 0x0000000000000004
2026/09/29 20:53:07.272, 1170 MHz, 6251 MHz, 71.93 W, 81, 100 %, 0x0000000000000004
2026/09/29 20:53:07.372, 885 MHz, 6251 MHz, 72.22 W, 82, 100 %, 0x0000000000000004
2026/09/29 20:53:07.472, 1020 MHz, 6251 MHz, 72.16 W, 82, 100 %, 0x0000000000000004
2026/09/29 20:53:07.572, 555 MHz, 6251 MHz, 72.39 W, 81, 100 %, 0x0000000000000004
2026/09/29 20:53:07.672, 870 MHz, 6251 MHz, 71.72 W, 81, 100 %, 0x0000000000000004
2026/09/29 20:53:07.773, 1080 MHz, 6251 MHz, 71.72 W, 81, 100 %, 0x0000000000000004
2026/09/29 20:53:07.873, 1050 MHz, 6251 MHz, 71.35 W, 82, 100 %, 0x0000000000000004
2026/09/29 20:53:07.973, 1200 MHz, 6251 MHz, 70.62 W, 81, 100 %, 0x0000000000000004
2026/09/29 20:53:08.073, 1110 MHz, 6251 MHz, 70.75 W, 82, 100 %, 0x0000000000000004
2026/09/29 20:53:08.173, 1230 MHz, 6251 MHz, 70.57 W, 82, 100 %, 0x0000000000000004
2026/09/29 20:53:08.273, 1185 MHz, 6251 MHz, 71.09 W, 81, 100 %, 0x0000000000000004
2026/09/29 20:53:08.373, 1095 MHz, 6251 MHz, 71.34 W, 82, 100 %, 0x0000000000000004
2026/09/29 20:53:08.473, 990 MHz, 6251 MHz, 71.34 W, 81, 100 %, 0x0000000000000004
2026/09/29 20:53:08.573, 765 MHz, 6251 MHz, 71.27 W, 81, 100 %, 0x0000000000000004
2026/09/29 20:53:08.674, 585 MHz, 6251 MHz, 71.05 W, 81, 100 %, 0x0000000000000004
2026/09/29 20:53:08.774, 825 MHz, 6251 MHz, 71.34 W, 81, 100 %, 0x0000000000000004
2026/09/29 20:53:08.874, 1005 MHz, 6251 MHz, 71.14 W, 81, 100 %, 0x0000000000000004
2026/09/29 20:53:08.974, 1020 MHz, 6251 MHz, 71.73 W, 81, 100 %, 0x0000000000000004
2026/09/29 20:53:09.074, 1170 MHz, 6251 MHz, 71.80 W, 82, 100 %, 0x0000000000000004
2026/09/29 20:53:09.174, 1230 MHz, 6251 MHz, 71.74 W, 81, 100 %, 0x0000000000000004
2026/09/29 20:53:09.274, 1110 MHz, 6251 MHz, 71.94 W, 82, 100 %, 0x0000000000000004
2026/09/29 20:53:09.374, 1215 MHz, 6251 MHz, 71.54 W, 81, 100 %, 0x0000000000000004
2026/09/29 20:53:09.474, 915 MHz, 6251 MHz, 71.93 W, 82, 100 %, 0x0000000000000004
2026/09/29 20:53:09.575, 1020 MHz, 6251 MHz, 71.38 W, 81, 100 %, 0x0000000000000004
2026/09/29 20:53:09.675, 540 MHz, 6251 MHz, 71.83 W, 82, 100 %, 0x0000000000000004
2026/09/29 20:53:09.775, 855 MHz, 6251 MHz, 71.47 W, 81, 100 %, 0x0000000000000004
2026/09/29 20:53:09.875, 765 MHz, 6251 MHz, 72.39 W, 81, 100 %, 0x0000000000000004
2026/09/29 20:53:09.975, 1005 MHz, 6251 MHz, 72.37 W, 81, 100 %, 0x0000000000000004
2026/09/29 20:53:10.075, 1215 MHz, 6251 MHz, 72.44 W, 81, 100 %, 0x0000000000000004
2026/09/29 20:53:10.175, 1065 MHz, 6251 MHz, 73.01 W, 82, 100 %, 0x0000000000000004
2026/09/29 20:53:10.275, 1635 MHz, 6251 MHz, 72.62 W, 81, 100 %, 0x0000000000000004
2026/09/29 20:53:10.375, 1020 MHz, 6251 MHz, 73.57 W, 83, 75 %, 0x0000000000000004
2026/09/29 20:53:10.476, 1080 MHz, 6251 MHz, 73.00 W, 83, 75 %, 0x0000000000000004
2026/09/29 20:53:10.576, 1155 MHz, 6251 MHz, 72.40 W, 82, 100 %, 0x0000000000000004
2026/09/29 20:53:10.676, 1020 MHz, 6251 MHz, 73.21 W, 83, 100 %, 0x0000000000000004
2026/09/29 20:53:10.776, 1080 MHz, 6251 MHz, 73.27 W, 82, 100 %, 0x0000000000000004
2026/09/29 20:53:10.876, 1170 MHz, 6251 MHz, 73.78 W, 82, 100 %, 0x0000000000000004
2026/09/29 20:53:10.976, 1095 MHz, 6251 MHz, 74.06 W, 83, 100 %, 0x0000000000000004
2026/09/29 20:53:11.076, 1095 MHz, 6251 MHz, 74.52 W, 83, 100 %, 0x0000000000000004
2026/09/29 20:53:11.176, 975 MHz, 6251 MHz, 74.17 W, 82, 100 %, 0x0000000000000004
2026/09/29 20:53:11.276, 1125 MHz, 6251 MHz, 73.57 W, 83, 100 %, 0x0000000000000004
2026/09/29 20:53:11.376, 990 MHz, 6251 MHz, 73.40 W, 83, 100 %, 0x0000000000000004
2026/09/29 20:53:11.477, 1095 MHz, 6251 MHz, 72.19 W, 83, 100 %, 0x0000000000000004
2026/09/29 20:53:11.577, 1080 MHz, 6251 MHz, 72.21 W, 83, 100 %, 0x0000000000000004
2026/09/29 20:53:11.677, 1110 MHz, 6251 MHz, 72.34 W, 82, 100 %, 0x0000000000000004
2026/09/29 20:53:11.777, 1065 MHz, 6251 MHz, 72.07 W, 83, 100 %, 0x0000000000000004
2026/09/29 20:53:11.877, 1170 MHz, 6251 MHz, 72.23 W, 82, 100 %, 0x0000000000000004
2026/09/29 20:53:11.977, 1125 MHz, 6251 MHz, 72.39 W, 83, 100 %, 0x0000000000000004
2026/09/29 20:53:12.077, 1110 MHz, 6251 MHz, 72.38 W, 83, 100 %, 0x0000000000000004
2026/09/29 20:53:12.177, 1065 MHz, 6251 MHz, 72.42 W, 82, 100 %, 0x0000000000000004
2026/09/29 20:53:12.277, 1110 MHz, 6251 MHz, 72.32 W, 83, 100 %, 0x0000000000000004
2026/09/29 20:53:12.378, 915 MHz, 6251 MHz, 72.35 W, 84, 100 %, 0x0000000000000004
2026/09/29 20:53:12.478, 1140 MHz, 6251 MHz, 72.17 W, 83, 100 %, 0x0000000000000004
2026/09/29 20:53:12.578, 1005 MHz, 6251 MHz, 72.35 W, 83, 100 %, 0x0000000000000004
2026/09/29 20:53:12.678, 1140 MHz, 6251 MHz, 72.42 W, 83, 100 %, 0x0000000000000004
2026/09/29 20:53:12.778, 1035 MHz, 6251 MHz, 73.01 W, 83, 100 %, 0x0000000000000004
2026/09/29 20:53:12.878, 1095 MHz, 6251 MHz, 72.79 W, 83, 100 %, 0x0000000000000004
2026/09/29 20:53:12.978, 1140 MHz, 6251 MHz, 72.89 W, 82, 100 %, 0x0000000000000004
2026/09/29 20:53:13.078, 1110 MHz, 6251 MHz, 72.94 W, 83, 100 %, 0x0000000000000004
2026/09/29 20:53:13.178, 1065 MHz, 6251 MHz, 73.07 W, 83, 100 %, 0x0000000000000004
2026/09/29 20:53:13.278, 1065 MHz, 6251 MHz, 72.47 W, 82, 100 %, 0x0000000000000004
2026/09/29 20:53:13.379, 1080 MHz, 6251 MHz, 72.59 W, 83, 100 %, 0x0000000000000004
2026/09/29 20:53:13.479, 885 MHz, 6251 MHz, 72.56 W, 84, 100 %, 0x0000000000000004
2026/09/29 20:53:13.579, 1095 MHz, 6251 MHz, 72.58 W, 84, 100 %, 0x0000000000000004
2026/09/29 20:53:13.679, 1035 MHz, 6251 MHz, 72.60 W, 83, 100 %, 0x0000000000000004
2026/09/29 20:53:13.779, 1005 MHz, 6251 MHz, 72.60 W, 83, 100 %, 0x0000000000000004
2026/09/29 20:53:13.879, 1095 MHz, 6251 MHz, 71.53 W, 83, 100 %, 0x0000000000000004
2026/09/29 20:53:13.979, 1050 MHz, 6251 MHz, 71.59 W, 83, 100 %, 0x0000000000000004
2026/09/29 20:53:14.079, 1095 MHz, 6251 MHz, 71.49 W, 83, 100 %, 0x0000000000000004
2026/09/29 20:53:14.179, 1200 MHz, 6251 MHz, 71.41 W, 83, 100 %, 0x0000000000000004
2026/09/29 20:53:14.280, 1110 MHz, 6251 MHz, 71.45 W, 83, 100 %, 0x0000000000000004
2026/09/29 20:53:14.380, 1095 MHz, 6251 MHz, 72.13 W, 83, 100 %, 0x0000000000000004
2026/09/29 20:53:14.480, 1095 MHz, 6251 MHz, 72.07 W, 83, 100 %, 0x0000000000000004
2026/09/29 20:53:14.580, 870 MHz, 6251 MHz, 72.07 W, 84, 100 %, 0x0000000000000004
2026/09/29 20:53:14.680, 1080 MHz, 6251 MHz, 71.97 W, 84, 100 %, 0x0000000000000004
2026/09/29 20:53:14.780, 945 MHz, 6251 MHz, 71.93 W, 83, 100 %, 0x0000000000000004
2026/09/29 20:53:14.880, 1020 MHz, 6251 MHz, 71.63 W, 83, 100 %, 0x0000000000000004
2026/09/29 20:53:14.980, 1125 MHz, 6251 MHz, 71.87 W, 83, 100 %, 0x0000000000000004
2026/09/29 20:53:15.080, 1080 MHz, 6251 MHz, 72.12 W, 83, 100 %, 0x0000000000000004
2026/09/29 20:53:15.180, 1200 MHz, 6251 MHz, 72.21 W, 83, 100 %, 0x0000000000000004
2026/09/29 20:53:15.281, 1110 MHz, 6251 MHz, 72.60 W, 83, 100 %, 0x0000000000000004
2026/09/29 20:53:15.381, 1080 MHz, 6251 MHz, 72.54 W, 83, 100 %, 0x0000000000000004
2026/09/29 20:53:15.481, 1050 MHz, 6251 MHz, 71.85 W, 83, 100 %, 0x0000000000000004
2026/09/29 20:53:15.581, 1020 MHz, 6251 MHz, 71.74 W, 83, 100 %, 0x0000000000000004
2026/09/29 20:53:15.681, 900 MHz, 6251 MHz, 71.59 W, 84, 100 %, 0x0000000000000004
2026/09/29 20:53:15.781, 1110 MHz, 6251 MHz, 71.67 W, 84, 100 %, 0x0000000000000004
2026/09/29 20:53:15.881, 975 MHz, 6251 MHz, 71.57 W, 83, 100 %, 0x0000000000000004
2026/09/29 20:53:15.981, 1095 MHz, 6251 MHz, 71.80 W, 83, 100 %, 0x0000000000000004
2026/09/29 20:53:16.081, 1080 MHz, 6251 MHz, 72.23 W, 83, 100 %, 0x0000000000000004
2026/09/29 20:53:16.182, 1095 MHz, 6251 MHz, 72.10 W, 83, 100 %, 0x0000000000000004
2026/09/29 20:53:16.282, 1170 MHz, 6251 MHz, 72.14 W, 82, 100 %, 0x0000000000000004
2026/09/29 20:53:16.382, 1110 MHz, 6251 MHz, 71.95 W, 83, 100 %, 0x0000000000000004
2026/09/29 20:53:16.482, 1050 MHz, 6251 MHz, 72.07 W, 83, 100 %, 0x0000000000000004
2026/09/29 20:53:16.582, 1065 MHz, 6251 MHz, 72.00 W, 82, 100 %, 0x0000000000000004
2026/09/29 20:53:16.682, 930 MHz, 6251 MHz, 71.99 W, 83, 100 %, 0x0000000000000004
2026/09/29 20:53:16.782, 870 MHz, 6251 MHz, 72.02 W, 83, 100 %, 0x0000000000000004
2026/09/29 20:53:16.882, 1050 MHz, 6251 MHz, 71.96 W, 83, 100 %, 0x0000000000000004
2026/09/29 20:53:16.982, 1080 MHz, 6251 MHz, 71.91 W, 84, 99 %, 0x0000000000000004
2026/09/29 20:53:17.082, 945 MHz, 6251 MHz, 72.24 W, 83, 99 %, 0x0000000000000004
2026/09/29 20:53:17.183, 1095 MHz, 6251 MHz, 71.44 W, 83, 100 %, 0x0000000000000004
2026/09/29 20:53:17.283, 1080 MHz, 6251 MHz, 71.23 W, 83, 100 %, 0x0000000000000004
2026/09/29 20:53:17.383, 1110 MHz, 6251 MHz, 71.21 W, 83, 100 %, 0x0000000000000004
2026/09/29 20:53:17.483, 1170 MHz, 6251 MHz, 71.08 W, 82, 100 %, 0x0000000000000004
2026/09/29 20:53:17.583, 1110 MHz, 6251 MHz, 70.96 W, 83, 100 %, 0x0000000000000004
2026/09/29 20:53:17.683, 1050 MHz, 6251 MHz, 71.68 W, 83, 100 %, 0x0000000000000004
2026/09/29 20:53:17.783, 1035 MHz, 6251 MHz, 71.70 W, 82, 100 %, 0x0000000000000004
2026/09/29 20:53:17.883, 945 MHz, 6251 MHz, 71.77 W, 83, 100 %, 0x0000000000000004
2026/09/29 20:53:17.983, 900 MHz, 6251 MHz, 71.75 W, 83, 100 %, 0x0000000000000004
2026/09/29 20:53:18.083, 1095 MHz, 6251 MHz, 71.54 W, 83, 100 %, 0x0000000000000004
2026/09/29 20:53:18.184, 1020 MHz, 6251 MHz, 71.42 W, 83, 100 %, 0x0000000000000004
2026/09/29 20:53:18.284, 1155 MHz, 6251 MHz, 71.77 W, 83, 100 %, 0x0000000000000004
2026/09/29 20:53:18.384, 1095 MHz, 6251 MHz, 72.28 W, 83, 100 %, 0x0000000000000004
2026/09/29 20:53:18.484, 1185 MHz, 6251 MHz, 72.27 W, 82, 100 %, 0x0000000000000004
2026/09/29 20:53:18.584, 1110 MHz, 6251 MHz, 72.50 W, 83, 100 %, 0x0000000000000004
2026/09/29 20:53:18.684, 1035 MHz, 6251 MHz, 72.60 W, 83, 100 %, 0x0000000000000004
2026/09/29 20:53:18.784, 1050 MHz, 6251 MHz, 71.82 W, 82, 100 %, 0x0000000000000004
2026/09/29 20:53:18.884, 930 MHz, 6251 MHz, 71.75 W, 83, 100 %, 0x0000000000000004
2026/09/29 20:53:18.984, 900 MHz, 6251 MHz, 71.57 W, 83, 100 %, 0x0000000000000004
2026/09/29 20:53:19.085, 1110 MHz, 6251 MHz, 71.62 W, 83, 100 %, 0x0000000000000004
2026/09/29 20:53:19.185, 1005 MHz, 6251 MHz, 71.80 W, 83, 100 %, 0x0000000000000004
2026/09/29 20:53:19.285, 1155 MHz, 6251 MHz, 71.68 W, 83, 100 %, 0x0000000000000004
2026/09/29 20:53:19.385, 1080 MHz, 6251 MHz, 72.51 W, 82, 100 %, 0x0000000000000004
2026/09/29 20:53:19.485, 1185 MHz, 6251 MHz, 72.22 W, 82, 100 %, 0x0000000000000004
2026/09/29 20:53:19.585, 1110 MHz, 6251 MHz, 72.47 W, 82, 100 %, 0x0000000000000004
2026/09/29 20:53:19.685, 1065 MHz, 6251 MHz, 72.36 W, 83, 100 %, 0x0000000000000004
2026/09/29 20:53:19.785, 1050 MHz, 6251 MHz, 71.66 W, 82, 100 %, 0x0000000000000004
2026/09/29 20:53:19.885, 1095 MHz, 6251 MHz, 71.64 W, 82, 100 %, 0x0000000000000004
2026/09/29 20:53:19.986, 855 MHz, 6251 MHz, 71.68 W, 83, 100 %, 0x0000000000000004
2026/09/29 20:53:20.086, 1050 MHz, 6251 MHz, 71.72 W, 83, 100 %, 0x0000000000000004
2026/09/29 20:53:20.186, 1035 MHz, 6251 MHz, 72.14 W, 82, 100 %, 0x0000000000000004
2026/09/29 20:53:20.286, 990 MHz, 6251 MHz, 72.22 W, 82, 100 %, 0x0000000000000004
2026/09/29 20:53:20.386, 1095 MHz, 6251 MHz, 71.94 W, 82, 100 %, 0x0000000000000004
2026/09/29 20:53:20.486, 1110 MHz, 6251 MHz, 71.34 W, 82, 100 %, 0x0000000000000004
2026/09/29 20:53:20.586, 1095 MHz, 6251 MHz, 71.46 W, 82, 100 %, 0x0000000000000004
2026/09/29 20:53:20.686, 1185 MHz, 6251 MHz, 71.23 W, 81, 100 %, 0x0000000000000004
2026/09/29 20:53:20.786, 1095 MHz, 6251 MHz, 71.38 W, 82, 100 %, 0x0000000000000004
2026/09/29 20:53:20.887, 1065 MHz, 6251 MHz, 72.04 W, 82, 100 %, 0x0000000000000004
2026/09/29 20:53:20.987, 1080 MHz, 6251 MHz, 72.04 W, 82, 100 %, 0x0000000000000004
2026/09/29 20:53:21.087, 870 MHz, 6251 MHz, 71.98 W, 82, 100 %, 0x0000000000000004
2026/09/29 20:53:21.187, 1095 MHz, 6251 MHz, 71.88 W, 82, 100 %, 0x0000000000000004
2026/09/29 20:53:21.287, 1035 MHz, 6251 MHz, 71.86 W, 82, 100 %, 0x0000000000000004
2026/09/29 20:53:21.387, 1155 MHz, 6251 MHz, 71.61 W, 82, 100 %, 0x0000000000000004
2026/09/29 20:53:21.487, 1080 MHz, 6251 MHz, 72.86 W, 82, 100 %, 0x0000000000000004
2026/09/29 20:53:21.587, 1200 MHz, 6251 MHz, 73.09 W, 81, 100 %, 0x0000000000000004
2026/09/29 20:53:21.687, 1125 MHz, 6251 MHz, 73.36 W, 82, 100 %, 0x0000000000000004
2026/09/29 20:53:21.787, 1095 MHz, 6251 MHz, 73.67 W, 82, 100 %, 0x0000000000000004
2026/09/29 20:53:21.888, 1080 MHz, 6251 MHz, 73.01 W, 81, 100 %, 0x0000000000000004
2026/09/29 20:53:21.988, 960 MHz, 6251 MHz, 72.11 W, 82, 100 %, 0x0000000000000004
2026/09/29 20:53:22.088, 1065 MHz, 6251 MHz, 71.87 W, 82, 100 %, 0x0000000000000004
2026/09/29 20:53:22.188, 1020 MHz, 6251 MHz, 72.13 W, 82, 100 %, 0x0000000000000004
2026/09/29 20:53:22.288, 1125 MHz, 6251 MHz, 72.15 W, 82, 100 %, 0x0000000000000004
2026/09/29 20:53:22.388, 1095 MHz, 6251 MHz, 72.45 W, 81, 100 %, 0x0000000000000004
2026/09/29 20:53:22.488, 1170 MHz, 6251 MHz, 73.15 W, 81, 100 %, 0x0000000000000004
2026/09/29 20:53:22.588, 1125 MHz, 6251 MHz, 72.91 W, 81, 100 %, 0x0000000000000004
2026/09/29 20:53:22.688, 1110 MHz, 6251 MHz, 73.22 W, 82, 100 %, 0x0000000000000004
2026/09/29 20:53:22.789, 1050 MHz, 6251 MHz, 72.53 W, 81, 100 %, 0x0000000000000004
2026/09/29 20:53:22.889, 1095 MHz, 6251 MHz, 71.65 W, 81, 100 %, 0x0000000000000004
2026/09/29 20:53:22.989, 900 MHz, 6251 MHz, 71.35 W, 82, 100 %, 0x0000000000000004
2026/09/29 20:53:23.089, 1110 MHz, 6251 MHz, 71.25 W, 82, 100 %, 0x0000000000000004
2026/09/29 20:53:23.189, 1005 MHz, 6251 MHz, 71.46 W, 82, 100 %, 0x0000000000000004
2026/09/29 20:53:23.289, 1140 MHz, 6251 MHz, 71.10 W, 82, 100 %, 0x0000000000000004
2026/09/29 20:53:23.389, 1035 MHz, 6251 MHz, 72.12 W, 81, 100 %, 0x0000000000000004
2026/09/29 20:53:23.489, 1125 MHz, 6251 MHz, 71.97 W, 80, 100 %, 0x0000000000000004
2026/09/29 20:53:23.589, 1095 MHz, 6251 MHz, 72.13 W, 81, 99 %, 0x0000000000000004
2026/09/29 20:53:23.690, 1185 MHz, 6251 MHz, 72.06 W, 80, 99 %, 0x0000000000000004
2026/09/29 20:53:23.790, 1110 MHz, 6251 MHz, 72.10 W, 81, 100 %, 0x0000000000000004
2026/09/29 20:53:23.890, 1035 MHz, 6251 MHz, 72.68 W, 80, 100 %, 0x0000000000000004
2026/09/29 20:53:23.990, 1110 MHz, 6251 MHz, 72.78 W, 81, 100 %, 0x0000000000000004
2026/09/29 20:53:24.090, 900 MHz, 6251 MHz, 72.89 W, 82, 100 %, 0x0000000000000004
2026/09/29 20:53:24.190, 1125 MHz, 6251 MHz, 72.86 W, 81, 100 %, 0x0000000000000004
2026/09/29 20:53:24.290, 1020 MHz, 6251 MHz, 72.80 W, 81, 100 %, 0x0000000000000004
2026/09/29 20:53:24.390, 1155 MHz, 6251 MHz, 72.80 W, 81, 100 %, 0x0000000000000004
2026/09/29 20:53:24.490, 1080 MHz, 6251 MHz, 72.88 W, 81, 100 %, 0x0000000000000004
2026/09/29 20:53:24.591, 1215 MHz, 6251 MHz, 72.92 W, 80, 100 %, 0x0000000000000004
2026/09/29 20:53:24.691, 1110 MHz, 6251 MHz, 73.23 W, 81, 100 %, 0x0000000000000004
2026/09/29 20:53:24.791, 1095 MHz, 6251 MHz, 73.52 W, 80, 100 %, 0x0000000000000004
2026/09/29 20:53:24.891, 1125 MHz, 6251 MHz, 72.80 W, 81, 100 %, 0x0000000000000004
2026/09/29 20:53:24.991, 900 MHz, 6251 MHz, 71.97 W, 81, 100 %, 0x0000000000000004
2026/09/29 20:53:25.091, 1125 MHz, 6251 MHz, 71.73 W, 81, 100 %, 0x0000000000000004
2026/09/29 20:53:25.191, 1050 MHz, 6251 MHz, 71.68 W, 81, 100 %, 0x0000000000000004
2026/09/29 20:53:25.291, 1155 MHz, 6251 MHz, 71.83 W, 80, 100 %, 0x0000000000000004
2026/09/29 20:53:25.391, 1080 MHz, 6251 MHz, 72.66 W, 81, 100 %, 0x0000000000000004
2026/09/29 20:53:25.491, 1200 MHz, 6251 MHz, 73.25 W, 80, 100 %, 0x0000000000000004
2026/09/29 20:53:25.592, 1110 MHz, 6251 MHz, 73.33 W, 81, 100 %, 0x0000000000000004
2026/09/29 20:53:25.692, 1095 MHz, 6251 MHz, 73.74 W, 80, 100 %, 0x0000000000000004
2026/09/29 20:53:25.792, 1095 MHz, 6251 MHz, 72.81 W, 80, 100 %, 0x0000000000000004
2026/09/29 20:53:25.892, 945 MHz, 6251 MHz, 71.95 W, 81, 100 %, 0x0000000000000004
2026/09/29 20:53:25.992, 1140 MHz, 6251 MHz, 71.75 W, 81, 100 %, 0x0000000000000004
2026/09/29 20:53:26.092, 1020 MHz, 6251 MHz, 71.88 W, 81, 100 %, 0x0000000000000004
2026/09/29 20:53:26.192, 1155 MHz, 6251 MHz, 71.95 W, 80, 100 %, 0x0000000000000004
2026/09/29 20:53:26.292, 1065 MHz, 6251 MHz, 72.78 W, 80, 100 %, 0x0000000000000004
2026/09/29 20:53:26.392, 1200 MHz, 6251 MHz, 73.19 W, 80, 100 %, 0x0000000000000004
2026/09/29 20:53:26.493, 1095 MHz, 6251 MHz, 73.28 W, 80, 100 %, 0x0000000000000004
2026/09/29 20:53:26.593, 1080 MHz, 6251 MHz, 73.67 W, 80, 100 %, 0x0000000000000004
2026/09/29 20:53:26.693, 990 MHz, 6251 MHz, 73.04 W, 80, 100 %, 0x0000000000000004
2026/09/29 20:53:26.793, 1170 MHz, 6251 MHz, 70.62 W, 80, 90 %, 0x0000000000000004
2026/09/29 20:53:26.893, 1155 MHz, 6251 MHz, 71.28 W, 79, 90 %, 0x0000000000000004
2026/09/29 20:53:26.993, 1020 MHz, 6251 MHz, 71.72 W, 79, 100 %, 0x0000000000000004
2026/09/29 20:53:27.093, 990 MHz, 6251 MHz, 71.58 W, 79, 100 %, 0x0000000000000004
2026/09/29 20:53:27.193, 1050 MHz, 6251 MHz, 71.70 W, 79, 100 %, 0x0000000000000004
2026/09/29 20:53:27.293, 1125 MHz, 6251 MHz, 72.38 W, 80, 100 %, 0x0000000000000004
2026/09/29 20:53:27.393, 1095 MHz, 6251 MHz, 71.97 W, 79, 100 %, 0x0000000000000004
2026/09/29 20:53:27.494, 945 MHz, 6251 MHz, 71.32 W, 79, 100 %, 0x0000000000000004
2026/09/29 20:53:27.594, 810 MHz, 6251 MHz, 70.40 W, 79, 100 %, 0x0000000000000004
2026/09/29 20:53:27.694, 1140 MHz, 6251 MHz, 69.82 W, 79, 100 %, 0x0000000000000004
2026/09/29 20:53:27.794, 1095 MHz, 6251 MHz, 70.06 W, 79, 100 %, 0x0000000000000004
2026/09/29 20:53:27.894, 1050 MHz, 6251 MHz, 71.61 W, 79, 100 %, 0x0000000000000004
2026/09/29 20:53:27.994, 1125 MHz, 6251 MHz, 70.76 W, 79, 100 %, 0x0000000000000004
2026/09/29 20:53:28.094, 1140 MHz, 6251 MHz, 71.29 W, 80, 100 %, 0x0000000000000004
2026/09/29 20:53:28.194, 1125 MHz, 6251 MHz, 72.11 W, 79, 100 %, 0x0000000000000004
2026/09/29 20:53:28.294, 1080 MHz, 6251 MHz, 72.27 W, 79, 100 %, 0x0000000000000004
2026/09/29 20:53:28.395, 945 MHz, 6251 MHz, 71.35 W, 79, 100 %, 0x0000000000000004
2026/09/29 20:53:28.495, 1035 MHz, 6251 MHz, 71.08 W, 79, 100 %, 0x0000000000000004
2026/09/29 20:53:28.595, 1065 MHz, 6251 MHz, 71.63 W, 79, 100 %, 0x0000000000000004
2026/09/29 20:53:28.695, 1065 MHz, 6251 MHz, 72.09 W, 79, 100 %, 0x0000000000000004
2026/09/29 20:53:28.795, 1005 MHz, 6251 MHz, 71.74 W, 79, 100 %, 0x0000000000000004
2026/09/29 20:53:28.895, 1080 MHz, 6251 MHz, 70.99 W, 79, 100 %, 0x0000000000000004
2026/09/29 20:53:28.995, 1140 MHz, 6251 MHz, 71.82 W, 80, 100 %, 0x0000000000000004
2026/09/29 20:53:29.095, 1125 MHz, 6251 MHz, 72.48 W, 79, 100 %, 0x0000000000000004
2026/09/29 20:53:29.195, 1110 MHz, 6251 MHz, 71.95 W, 79, 100 %, 0x0000000000000004
2026/09/29 20:53:29.296, 975 MHz, 6251 MHz, 71.14 W, 79, 100 %, 0x0000000000000004
2026/09/29 20:53:29.396, 1095 MHz, 6251 MHz, 70.76 W, 79, 100 %, 0x0000000000000004
2026/09/29 20:53:29.496, 1080 MHz, 6251 MHz, 71.61 W, 79, 100 %, 0x0000000000000004
2026/09/29 20:53:29.596, 1185 MHz, 6251 MHz, 71.95 W, 79, 100 %, 0x0000000000000004
2026/09/29 20:53:29.696, 990 MHz, 6251 MHz, 72.01 W, 79, 100 %, 0x0000000000000004
2026/09/29 20:53:29.796, 990 MHz, 6251 MHz, 71.24 W, 78, 100 %, 0x0000000000000004
2026/09/29 20:53:29.896, 1140 MHz, 6251 MHz, 71.66 W, 79, 100 %, 0x0000000000000004
2026/09/29 20:53:29.996, 1155 MHz, 6251 MHz, 72.45 W, 79, 100 %, 0x0000000000000004
2026/09/29 20:53:30.096, 1065 MHz, 6251 MHz, 72.12 W, 78, 100 %, 0x0000000000000004
2026/09/29 20:53:30.196, 1140 MHz, 6251 MHz, 71.17 W, 78, 100 %, 0x0000000000000004
2026/09/29 20:53:30.297, 1125 MHz, 6251 MHz, 70.84 W, 78, 100 %, 0x0000000000000004
2026/09/29 20:53:30.397, 1065 MHz, 6251 MHz, 71.96 W, 79, 100 %, 0x0000000000000004
2026/09/29 20:53:30.497, 1110 MHz, 6251 MHz, 72.44 W, 78, 100 %, 0x0000000000000004
2026/09/29 20:53:30.597, 1050 MHz, 6251 MHz, 72.19 W, 78, 100 %, 0x0000000000000004
2026/09/29 20:53:30.697, 900 MHz, 6251 MHz, 71.57 W, 78, 100 %, 0x0000000000000004
2026/09/29 20:53:30.797, 1110 MHz, 6251 MHz, 71.45 W, 78, 100 %, 0x0000000000000004
2026/09/29 20:53:30.897, 1170 MHz, 6251 MHz, 72.24 W, 78, 100 %, 0x0000000000000004
2026/09/29 20:53:30.997, 1065 MHz, 6251 MHz, 72.46 W, 79, 100 %, 0x0000000000000004
2026/09/29 20:53:31.097, 990 MHz, 6251 MHz, 71.79 W, 78, 100 %, 0x0000000000000004
2026/09/29 20:53:31.198, 1140 MHz, 6251 MHz, 71.10 W, 78, 100 %, 0x0000000000000004
2026/09/29 20:53:31.298, 1125 MHz, 6251 MHz, 72.30 W, 79, 100 %, 0x0000000000000004
2026/09/29 20:53:31.398, 1185 MHz, 6251 MHz, 72.73 W, 78, 100 %, 0x0000000000000004
2026/09/29 20:53:31.498, 1020 MHz, 6251 MHz, 72.15 W, 78, 100 %, 0x0000000000000004
2026/09/29 20:53:31.598, 930 MHz, 6251 MHz, 71.64 W, 78, 100 %, 0x0000000000000004
2026/09/29 20:53:31.698, 1125 MHz, 6251 MHz, 72.37 W, 79, 100 %, 0x0000000000000004
2026/09/29 20:53:31.798, 1125 MHz, 6251 MHz, 72.53 W, 78, 100 %, 0x0000000000000004
2026/09/29 20:53:31.898, 1140 MHz, 6251 MHz, 71.91 W, 78, 100 %, 0x0000000000000004
2026/09/29 20:53:31.998, 930 MHz, 6251 MHz, 71.50 W, 78, 100 %, 0x0000000000000004
2026/09/29 20:53:32.099, 1050 MHz, 6251 MHz, 71.91 W, 78, 100 %, 0x0000000000000004
2026/09/29 20:53:32.199, 1140 MHz, 6251 MHz, 72.62 W, 78, 100 %, 0x0000000000000004
2026/09/29 20:53:32.299, 1185 MHz, 6251 MHz, 72.08 W, 79, 100 %, 0x0000000000000004
2026/09/29 20:53:32.399, 1020 MHz, 6251 MHz, 71.37 W, 78, 100 %, 0x0000000000000004
2026/09/29 20:53:32.499, 990 MHz, 6251 MHz, 71.34 W, 78, 100 %, 0x0000000000000004
2026/09/29 20:53:32.599, 1140 MHz, 6251 MHz, 72.04 W, 78, 100 %, 0x0000000000000004
2026/09/29 20:53:32.699, 1140 MHz, 6251 MHz, 72.07 W, 78, 100 %, 0x0000000000000004
2026/09/29 20:53:32.799, 1035 MHz, 6251 MHz, 70.90 W, 78, 100 %, 0x0000000000000004
2026/09/29 20:53:32.899, 1080 MHz, 6251 MHz, 70.48 W, 78, 100 %, 0x0000000000000004
2026/09/29 20:53:32.999, 1140 MHz, 6251 MHz, 71.33 W, 78, 100 %, 0x0000000000000004
2026/09/29 20:53:33.100, 1110 MHz, 6251 MHz, 71.67 W, 78, 100 %, 0x0000000000000004
2026/09/29 20:53:33.200, 1140 MHz, 6251 MHz, 71.70 W, 78, 100 %, 0x0000000000000004
2026/09/29 20:53:33.300, 1065 MHz, 6251 MHz, 70.99 W, 78, 100 %, 0x0000000000000004
2026/09/29 20:53:33.400, 930 MHz, 6251 MHz, 71.04 W, 78, 100 %, 0x0000000000000004
2026/09/29 20:53:33.500, 1110 MHz, 6251 MHz, 71.75 W, 77, 100 %, 0x0000000000000004
2026/09/29 20:53:33.600, 1200 MHz, 6251 MHz, 72.10 W, 77, 100 %, 0x0000000000000004
2026/09/29 20:53:33.700, 1110 MHz, 6251 MHz, 71.62 W, 78, 100 %, 0x0000000000000004
2026/09/29 20:53:33.800, 915 MHz, 6251 MHz, 70.80 W, 78, 100 %, 0x0000000000000004
2026/09/29 20:53:33.900, 1095 MHz, 6251 MHz, 72.17 W, 78, 100 %, 0x0000000000000004
2026/09/29 20:53:34.001, 1170 MHz, 6251 MHz, 72.79 W, 78, 100 %, 0x0000000000000004
2026/09/29 20:53:34.101, 1125 MHz, 6251 MHz, 72.44 W, 78, 100 %, 0x0000000000000004
2026/09/29 20:53:34.201, 1125 MHz, 6251 MHz, 71.70 W, 77, 100 %, 0x0000000000000004
2026/09/29 20:53:34.301, 1050 MHz, 6251 MHz, 71.45 W, 78, 100 %, 0x0000000000000004
2026/09/29 20:53:34.401, 1080 MHz, 6251 MHz, 72.30 W, 78, 100 %, 0x0000000000000004
2026/09/29 20:53:34.501, 1125 MHz, 6251 MHz, 72.43 W, 78, 100 %, 0x0000000000000004
2026/09/29 20:53:34.601, 1185 MHz, 6251 MHz, 72.36 W, 78, 100 %, 0x0000000000000004
2026/09/29 20:53:34.701, 1095 MHz, 6251 MHz, 71.71 W, 77, 100 %, 0x0000000000000004
2026/09/29 20:53:34.801, 900 MHz, 6251 MHz, 71.79 W, 77, 100 %, 0x0000000000000004
2026/09/29 20:53:34.902, 1095 MHz, 6251 MHz, 72.65 W, 77, 100 %, 0x0000000000000004
2026/09/29 20:53:35.002, 1200 MHz, 6251 MHz, 72.50 W, 77, 100 %, 0x0000000000000004
2026/09/29 20:53:35.102, 1095 MHz, 6251 MHz, 71.93 W, 78, 100 %, 0x0000000000000004
2026/09/29 20:53:35.202, 975 MHz, 6251 MHz, 71.28 W, 77, 100 %, 0x0000000000000004
2026/09/29 20:53:35.302, 1125 MHz, 6251 MHz, 72.44 W, 77, 100 %, 0x0000000000000004
2026/09/29 20:53:35.402, 1140 MHz, 6251 MHz, 72.92 W, 78, 100 %, 0x0000000000000004
2026/09/29 20:53:35.502, 1110 MHz, 6251 MHz, 72.65 W, 78, 100 %, 0x0000000000000004
2026/09/29 20:53:35.602, 1080 MHz, 6251 MHz, 71.81 W, 77, 100 %, 0x0000000000000004
2026/09/29 20:53:35.702, 1035 MHz, 6251 MHz, 71.43 W, 77, 100 %, 0x0000000000000004
2026/09/29 20:53:35.803, 1035 MHz, 6251 MHz, 71.81 W, 77, 100 %, 0x0000000000000004
2026/09/29 20:53:35.903, 1110 MHz, 6251 MHz, 72.11 W, 78, 100 %, 0x0000000000000004
2026/09/29 20:53:36.003, 1200 MHz, 6251 MHz, 72.02 W, 78, 99 %, 0x0000000000000004
2026/09/29 20:53:36.103, 945 MHz, 6251 MHz, 71.10 W, 77, 99 %, 0x0000000000000004
2026/09/29 20:53:36.203, 930 MHz, 6251 MHz, 71.53 W, 77, 100 %, 0x0000000000000004
2026/09/29 20:53:36.303, 1125 MHz, 6251 MHz, 72.38 W, 78, 100 %, 0x0000000000000004
2026/09/29 20:53:36.403, 1140 MHz, 6251 MHz, 71.85 W, 77, 100 %, 0x0000000000000004
2026/09/29 20:53:36.503, 1140 MHz, 6251 MHz, 71.50 W, 77, 100 %, 0x0000000000000004
2026/09/29 20:53:36.603, 885 MHz, 6251 MHz, 71.29 W, 77, 100 %, 0x0000000000000004
2026/09/29 20:53:36.704, 1095 MHz, 6251 MHz, 72.17 W, 77, 100 %, 0x0000000000000004
2026/09/29 20:53:36.804, 1155 MHz, 6251 MHz, 72.63 W, 77, 100 %, 0x0000000000000004
2026/09/29 20:53:36.904, 1125 MHz, 6251 MHz, 72.33 W, 78, 100 %, 0x0000000000000004
2026/09/29 20:53:37.004, 1005 MHz, 6251 MHz, 71.68 W, 77, 100 %, 0x0000000000000004
2026/09/29 20:53:37.104, 1125 MHz, 6251 MHz, 72.20 W, 77, 100 %, 0x0000000000000004
2026/09/29 20:53:37.204, 1170 MHz, 6251 MHz, 73.09 W, 77, 100 %, 0x0000000000000004
2026/09/29 20:53:37.304, 1110 MHz, 6251 MHz, 73.01 W, 77, 100 %, 0x0000000000000004
2026/09/29 20:53:37.404, 1050 MHz, 6251 MHz, 71.95 W, 77, 100 %, 0x0000000000000004
2026/09/29 20:53:37.504, 1095 MHz, 6251 MHz, 71.57 W, 77, 100 %, 0x0000000000000004
2026/09/29 20:53:37.605, 1140 MHz, 6251 MHz, 72.08 W, 77, 100 %, 0x0000000000000004
2026/09/29 20:53:37.705, 1125 MHz, 6251 MHz, 72.39 W, 78, 100 %, 0x0000000000000004
2026/09/29 20:53:37.805, 1155 MHz, 6251 MHz, 72.20 W, 77, 100 %, 0x0000000000000004
2026/09/29 20:53:37.905, 1125 MHz, 6251 MHz, 71.77 W, 77, 100 %, 0x0000000000000004
2026/09/29 20:53:38.005, 885 MHz, 6251 MHz, 71.84 W, 77, 100 %, 0x0000000000000004
2026/09/29 20:53:38.105, 1110 MHz, 6251 MHz, 72.52 W, 77, 100 %, 0x0000000000000004
2026/09/29 20:53:38.205, 1170 MHz, 6251 MHz, 72.18 W, 77, 100 %, 0x0000000000000004
2026/09/29 20:53:38.305, 1185 MHz, 6251 MHz, 71.88 W, 78, 100 %, 0x0000000000000004
2026/09/29 20:53:38.405, 990 MHz, 6251 MHz, 71.21 W, 77, 100 %, 0x0000000000000004
2026/09/29 20:53:38.506, 1110 MHz, 6251 MHz, 72.21 W, 77, 100 %, 0x0000000000000004
2026/09/29 20:53:38.606, 1140 MHz, 6251 MHz, 72.76 W, 77, 100 %, 0x0000000000000004
2026/09/29 20:53:38.706, 1170 MHz, 6251 MHz, 72.56 W, 77, 100 %, 0x0000000000000004
2026/09/29 20:53:38.806, 1095 MHz, 6251 MHz, 71.89 W, 77, 100 %, 0x0000000000000004
2026/09/29 20:53:38.906, 1080 MHz, 6251 MHz, 71.49 W, 77, 100 %, 0x0000000000000004
2026/09/29 20:53:39.006, 1095 MHz, 6251 MHz, 72.25 W, 77, 100 %, 0x0000000000000004
2026/09/29 20:53:39.106, 1170 MHz, 6251 MHz, 72.70 W, 78, 100 %, 0x0000000000000004
2026/09/29 20:53:39.206, 1125 MHz, 6251 MHz, 72.56 W, 77, 100 %, 0x0000000000000004
2026/09/29 20:53:39.306, 1095 MHz, 6251 MHz, 71.60 W, 77, 100 %, 0x0000000000000004
2026/09/29 20:53:39.407, 1065 MHz, 6251 MHz, 71.24 W, 77, 100 %, 0x0000000000000004
2026/09/29 20:53:39.507, 1140 MHz, 6251 MHz, 72.23 W, 77, 100 %, 0x0000000000000004
2026/09/29 20:53:39.607, 1125 MHz, 6251 MHz, 72.18 W, 77, 100 %, 0x0000000000000004
2026/09/29 20:53:39.707, 1155 MHz, 6251 MHz, 71.97 W, 77, 100 %, 0x0000000000000004
2026/09/29 20:53:39.807, 1125 MHz, 6251 MHz, 71.60 W, 77, 100 %, 0x0000000000000004
2026/09/29 20:53:39.907, 885 MHz, 6251 MHz, 71.97 W, 77, 100 %, 0x0000000000000004
2026/09/29 20:53:40.007, 1125 MHz, 6251 MHz, 72.51 W, 77, 100 %, 0x0000000000000004
2026/09/29 20:53:40.107, 1170 MHz, 6251 MHz, 72.20 W, 77, 100 %, 0x0000000000000004
2026/09/29 20:53:40.207, 1185 MHz, 6251 MHz, 71.89 W, 77, 100 %, 0x0000000000000004
2026/09/29 20:53:40.307, 990 MHz, 6251 MHz, 71.30 W, 77, 100 %, 0x0000000000000004
2026/09/29 20:53:40.408, 1125 MHz, 6251 MHz, 72.10 W, 77, 100 %, 0x0000000000000004
2026/09/29 20:53:40.508, 1110 MHz, 6251 MHz, 72.64 W, 77, 100 %, 0x0000000000000004
2026/09/29 20:53:40.608, 1170 MHz, 6251 MHz, 72.38 W, 76, 99 %, 0x0000000000000004
2026/09/29 20:53:40.708, 1125 MHz, 6251 MHz, 71.75 W, 77, 99 %, 0x0000000000000004
2026/09/29 20:53:40.808, 885 MHz, 6251 MHz, 71.46 W, 77, 100 %, 0x0000000000000004
2026/09/29 20:53:40.908, 1035 MHz, 6251 MHz, 71.68 W, 77, 100 %, 0x0000000000000004
2026/09/29 20:53:41.008, 1140 MHz, 6251 MHz, 72.04 W, 77, 100 %, 0x0000000000000004
2026/09/29 20:53:41.108, 1110 MHz, 6251 MHz, 71.63 W, 77, 100 %, 0x0000000000000004
2026/09/29 20:53:41.208, 960 MHz, 6251 MHz, 70.85 W, 77, 100 %, 0x0000000000000004
2026/09/29 20:53:41.308, 1065 MHz, 6251 MHz, 71.35 W, 76, 100 %, 0x0000000000000004
2026/09/29 20:53:41.409, 1170 MHz, 6251 MHz, 72.18 W, 77, 100 %, 0x0000000000000004
2026/09/29 20:53:41.509, 1140 MHz, 6251 MHz, 72.16 W, 77, 100 %, 0x0000000000000004
2026/09/29 20:53:41.609, 1110 MHz, 6251 MHz, 71.29 W, 76, 100 %, 0x0000000000000004
2026/09/29 20:53:41.709, 1110 MHz, 6251 MHz, 70.83 W, 76, 100 %, 0x0000000000000004
2026/09/29 20:53:41.809, 1080 MHz, 6251 MHz, 71.65 W, 77, 100 %, 0x0000000000000004
2026/09/29 20:53:41.909, 1125 MHz, 6251 MHz, 72.07 W, 77, 100 %, 0x0000000000000004
2026/09/29 20:53:42.009, 1155 MHz, 6251 MHz, 72.01 W, 76, 100 %, 0x0000000000000004
2026/09/29 20:53:42.109, 1140 MHz, 6251 MHz, 71.54 W, 76, 100 %, 0x0000000000000004
2026/09/29 20:53:42.209, 900 MHz, 6251 MHz, 71.66 W, 77, 100 %, 0x0000000000000004
2026/09/29 20:53:42.310, 1110 MHz, 6251 MHz, 72.35 W, 76, 100 %, 0x0000000000000004
2026/09/29 20:53:42.410, 1170 MHz, 6251 MHz, 72.09 W, 76, 100 %, 0x0000000000000004
2026/09/29 20:53:42.510, 1200 MHz, 6251 MHz, 71.81 W, 77, 100 %, 0x0000000000000004
2026/09/29 20:53:42.610, 1020 MHz, 6251 MHz, 71.16 W, 76, 100 %, 0x0000000000000004
2026/09/29 20:53:42.710, 1065 MHz, 6251 MHz, 71.82 W, 76, 100 %, 0x0000000000000004
2026/09/29 20:53:42.810, 1140 MHz, 6251 MHz, 72.32 W, 76, 100 %, 0x0000000000000004
2026/09/29 20:53:42.910, 1185 MHz, 6251 MHz, 72.27 W, 76, 100 %, 0x0000000000000004
2026/09/29 20:53:43.010, 1095 MHz, 6251 MHz, 71.69 W, 77, 100 %, 0x0000000000000004
2026/09/29 20:53:43.110, 1050 MHz, 6251 MHz, 71.20 W, 76, 100 %, 0x0000000000000004
2026/09/29 20:53:43.210, 1110 MHz, 6251 MHz, 72.00 W, 76, 100 %, 0x0000000000000004
2026/09/29 20:53:43.311, 1140 MHz, 6251 MHz, 72.36 W, 77, 100 %, 0x0000000000000004
2026/09/29 20:53:43.411, 1125 MHz, 6251 MHz, 72.28 W, 77, 100 %, 0x0000000000000004
2026/09/29 20:53:43.511, 1110 MHz, 6251 MHz, 71.41 W, 76, 100 %, 0x0000000000000004
2026/09/29 20:53:43.611, 1140 MHz, 6251 MHz, 71.05 W, 76, 100 %, 0x0000000000000004
2026/09/29 20:53:43.711, 1110 MHz, 6251 MHz, 72.15 W, 76, 100 %, 0x0000000000000004
2026/09/29 20:53:43.811, 1110 MHz, 6251 MHz, 72.33 W, 77, 100 %, 0x0000000000000004
2026/09/29 20:53:43.911, 1140 MHz, 6251 MHz, 72.14 W, 76, 100 %, 0x0000000000000004
2026/09/29 20:53:44.011, 1170 MHz, 6251 MHz, 71.60 W, 76, 100 %, 0x0000000000000004
2026/09/29 20:53:44.111, 945 MHz, 6251 MHz, 71.89 W, 76, 100 %, 0x0000000000000004
2026/09/29 20:53:44.212, 1080 MHz, 6251 MHz, 72.33 W, 76, 100 %, 0x0000000000000004
2026/09/29 20:53:44.312, 1125 MHz, 6251 MHz, 71.88 W, 76, 100 %, 0x0000000000000004
2026/09/29 20:53:44.412, 1200 MHz, 6251 MHz, 71.78 W, 77, 100 %, 0x0000000000000004
2026/09/29 20:53:44.512, 1020 MHz, 6251 MHz, 71.20 W, 76, 100 %, 0x0000000000000004
2026/09/29 20:53:44.612, 1035 MHz, 6251 MHz, 71.71 W, 76, 100 %, 0x0000000000000004
2026/09/29 20:53:44.712, 1140 MHz, 6251 MHz, 72.22 W, 76, 100 %, 0x0000000000000004
2026/09/29 20:53:44.812, 1185 MHz, 6251 MHz, 71.97 W, 76, 100 %, 0x0000000000000004
2026/09/29 20:53:44.912, 1065 MHz, 6251 MHz, 71.37 W, 77, 100 %, 0x0000000000000004
2026/09/29 20:53:45.012, 1065 MHz, 6251 MHz, 70.97 W, 76, 100 %, 0x0000000000000004
2026/09/29 20:53:45.113, 1125 MHz, 6251 MHz, 71.84 W, 76, 100 %, 0x0000000000000004
2026/09/29 20:53:45.213, 1125 MHz, 6251 MHz, 72.19 W, 77, 99 %, 0x0000000000000004
2026/09/29 20:53:45.313, 1155 MHz, 6251 MHz, 72.25 W, 77, 99 %, 0x0000000000000004
2026/09/29 20:53:45.413, 1050 MHz, 6251 MHz, 71.60 W, 76, 100 %, 0x0000000000000004
2026/09/29 20:53:45.513, 960 MHz, 6251 MHz, 71.33 W, 76, 100 %, 0x0000000000000004
2026/09/29 20:53:45.613, 1125 MHz, 6251 MHz, 72.08 W, 76, 100 %, 0x0000000000000004
2026/09/29 20:53:45.713, 1170 MHz, 6251 MHz, 72.42 W, 76, 100 %, 0x0000000000000004
2026/09/29 20:53:45.813, 1065 MHz, 6251 MHz, 71.61 W, 76, 100 %, 0x0000000000000004
2026/09/29 20:53:45.913, 1125 MHz, 6251 MHz, 70.98 W, 76, 100 %, 0x0000000000000004
2026/09/29 20:53:46.013, 1125 MHz, 6251 MHz, 71.99 W, 76, 100 %, 0x0000000000000004
2026/09/29 20:53:46.114, 1155 MHz, 6251 MHz, 72.65 W, 77, 100 %, 0x0000000000000004
2026/09/29 20:53:46.214, 1125 MHz, 6251 MHz, 72.05 W, 76, 100 %, 0x0000000000000004
2026/09/29 20:53:46.314, 1140 MHz, 6251 MHz, 71.22 W, 76, 100 %, 0x0000000000000004
2026/09/29 20:53:46.414, 1095 MHz, 6251 MHz, 70.91 W, 76, 100 %, 0x0000000000000004
2026/09/29 20:53:46.514, 1110 MHz, 6251 MHz, 71.76 W, 76, 100 %, 0x0000000000000004
2026/09/29 20:53:46.614, 1080 MHz, 6251 MHz, 72.05 W, 77, 100 %, 0x0000000000000004
2026/09/29 20:53:46.714, 1155 MHz, 6251 MHz, 71.83 W, 76, 100 %, 0x0000000000000004
2026/09/29 20:53:46.814, 1080 MHz, 6251 MHz, 71.14 W, 76, 100 %, 0x0000000000000004
2026/09/29 20:53:46.914, 960 MHz, 6251 MHz, 71.83 W, 76, 100 %, 0x0000000000000004
2026/09/29 20:53:47.015, 1140 MHz, 6251 MHz, 72.37 W, 76, 100 %, 0x0000000000000004
2026/09/29 20:53:47.115, 1170 MHz, 6251 MHz, 72.05 W, 76, 100 %, 0x0000000000000004
2026/09/29 20:53:47.215, 1200 MHz, 6251 MHz, 71.85 W, 77, 100 %, 0x0000000000000004
2026/09/29 20:53:47.315, 1035 MHz, 6251 MHz, 71.28 W, 76, 100 %, 0x0000000000000004
2026/09/29 20:53:47.415, 1050 MHz, 6251 MHz, 71.82 W, 76, 100 %, 0x0000000000000004
2026/09/29 20:53:47.515, 1140 MHz, 6251 MHz, 72.28 W, 76, 100 %, 0x0000000000000004
2026/09/29 20:53:47.615, 1125 MHz, 6251 MHz, 72.24 W, 76, 100 %, 0x0000000000000004
2026/09/29 20:53:47.715, 1125 MHz, 6251 MHz, 71.66 W, 77, 100 %, 0x0000000000000004
2026/09/29 20:53:47.815, 1110 MHz, 6251 MHz, 71.12 W, 76, 100 %, 0x0000000000000004
2026/09/29 20:53:47.915, 1125 MHz, 6251 MHz, 72.18 W, 76, 100 %, 0x0000000000000004
2026/09/29 20:53:48.016, 1140 MHz, 6251 MHz, 72.42 W, 77, 100 %, 0x0000000000000004
2026/09/29 20:53:48.116, 1125 MHz, 6251 MHz, 72.26 W, 76, 100 %, 0x0000000000000004
2026/09/29 20:53:48.216, 1170 MHz, 6251 MHz, 71.35 W, 76, 100 %, 0x0000000000000004
2026/09/29 20:53:48.316, 1170 MHz, 6251 MHz, 71.05 W, 76, 100 %, 0x0000000000000004
2026/09/29 20:53:48.416, 885 MHz, 6251 MHz, 72.02 W, 76, 100 %, 0x0000000000000004
2026/09/29 20:53:48.516, 1125 MHz, 6251 MHz, 72.21 W, 77, 100 %, 0x0000000000000004
2026/09/29 20:53:48.616, 1140 MHz, 6251 MHz, 72.07 W, 76, 100 %, 0x0000000000000004
2026/09/29 20:53:48.716, 1200 MHz, 6251 MHz, 71.59 W, 76, 100 %, 0x0000000000000004
2026/09/29 20:53:48.816, 1005 MHz, 6251 MHz, 71.78 W, 76, 100 %, 0x0000000000000004
2026/09/29 20:53:48.917, 1065 MHz, 6251 MHz, 72.32 W, 76, 100 %, 0x0000000000000004
2026/09/29 20:53:49.017, 1140 MHz, 6251 MHz, 71.91 W, 76, 100 %, 0x0000000000000004
2026/09/29 20:53:49.117, 1200 MHz, 6251 MHz, 71.73 W, 77, 100 %, 0x0000000000000004
2026/09/29 20:53:49.217, 1095 MHz, 6251 MHz, 71.29 W, 76, 100 %, 0x0000000000000004
2026/09/29 20:53:49.317, 975 MHz, 6251 MHz, 72.02 W, 76, 100 %, 0x0000000000000004
2026/09/29 20:53:49.417, 1110 MHz, 6251 MHz, 72.39 W, 76, 100 %, 0x0000000000000004
2026/09/29 20:53:49.517, 1125 MHz, 6251 MHz, 72.19 W, 76, 100 %, 0x0000000000000004
2026/09/29 20:53:49.617, 1110 MHz, 6251 MHz, 71.78 W, 77, 100 %, 0x0000000000000004
2026/09/29 20:53:49.717, 1620 MHz, 6251 MHz, 68.57 W, 76, 100 %, 0x0000000000000004
2026/09/29 20:53:49.818, 2025 MHz, 6251 MHz, 64.73 W, 74, 0 %, 0x0000000000000004
2026/09/29 20:53:49.918, 2025 MHz, 6251 MHz, 61.93 W, 74, 0 %, 0x0000000000000004
2026/09/29 20:53:50.018, 2025 MHz, 6251 MHz, 58.42 W, 74, 0 %, 0x0000000000000004
2026/09/29 20:53:50.118, 2040 MHz, 6251 MHz, 54.77 W, 74, 0 %, 0x0000000000000000
2026/09/29 20:53:50.218, 2040 MHz, 6251 MHz, 51.18 W, 73, 0 %, 0x0000000000000000
2026/09/29 20:53:50.318, 2040 MHz, 6251 MHz, 48.22 W, 73, 0 %, 0x0000000000000000
2026/09/29 20:53:50.418, 2040 MHz, 6251 MHz, 44.67 W, 73, 0 %, 0x0000000000000000
