     0  22769128831 -> 1332040023 B  alone  501 MB/s  enwiki-20260501-categorylinks.sql
     1  7888817542 -> 1815532188 B  alone  356 MB/s  enwiki-20260501-page.sql
     2  2051595970 ->  280899616 B  alone  406 MB/s  enwiki-20260501-page_props.sql
     3  22892921305 ->   81287463 B  delta against 0 (depth 1)  487 MB/s  enwiki-20260601-categorylinks.sql
     4  7907563361 ->  445632481 B  delta against 1 (depth 1)  332 MB/s  enwiki-20260601-page.sql
     5  2059496258 ->    5474888 B  delta against 2 (depth 1)  590 MB/s  enwiki-20260601-page_props.sql
     6  23010123425 ->   81171094 B  delta against 3 (depth 2)  406 MB/s  enwiki-20260701-categorylinks.sql
     7  7928522009 ->  453424402 B  delta against 4 (depth 2)  219 MB/s  enwiki-20260701-page.sql
     8  2068297599 ->    8320324 B  delta against 5 (depth 2)  304 MB/s  enwiki-20260701-page_props.sql
     9  23178814117 ->  104565059 B  delta against 6 (depth 3)  361 MB/s  enwiki-20260801-categorylinks.sql
    10  7946412113 ->  444339883 B  delta against 7 (depth 3)  192 MB/s  enwiki-20260801-page.sql
    11  2075726255 ->    7819179 B  delta against 8 (depth 3)  306 MB/s  enwiki-20260801-page_props.sql
    12  23603019298 -> 1388239332 B  alone  275 MB/s  enwiki-20260901-categorylinks.sql
    13  8034298381 -> 1776148611 B  alone  210 MB/s  enwiki-20260901-page.sql
    14  2174406671 ->  286340587 B  alone  218 MB/s  enwiki-20260901-page_props.sql
    15   503253982 ->   28719528 B  alone  525 MB/s  gharchive-2024-01-01-0.json
    16   627268828 ->   33336448 B  alone  386 MB/s  gharchive-2024-01-01-1.json
    17   544882458 ->   31565281 B  alone  350 MB/s  gharchive-2024-01-01-10.json
    18   527191520 ->   31872500 B  alone  345 MB/s  gharchive-2024-01-01-11.json
    19   584184795 ->   37201056 B  alone  358 MB/s  gharchive-2024-01-01-12.json
    20   586721413 ->   36674636 B  alone  351 MB/s  gharchive-2024-01-01-13.json
    21   586151642 ->   37384993 B  alone  329 MB/s  gharchive-2024-01-01-14.json
    22   584821013 ->   37632728 B  alone  324 MB/s  gharchive-2024-01-01-15.json
    23   591234552 ->   37537540 B  alone  336 MB/s  gharchive-2024-01-01-16.json
    24   586691744 ->   37326208 B  alone  352 MB/s  gharchive-2024-01-01-17.json
    25   599681272 ->   37697117 B  alone  362 MB/s  gharchive-2024-01-01-18.json
    26   594789315 ->   36335820 B  alone  358 MB/s  gharchive-2024-01-01-19.json
    27   457837499 ->   25336004 B  alone  311 MB/s  gharchive-2024-01-01-2.json
    28   558756616 ->   33904117 B  alone  332 MB/s  gharchive-2024-01-01-20.json
    29   537615435 ->   32306209 B  alone  338 MB/s  gharchive-2024-01-01-21.json
    30   518215615 ->   30809681 B  alone  339 MB/s  gharchive-2024-01-01-22.json
    31   482855458 ->   29448591 B  alone  323 MB/s  gharchive-2024-01-01-23.json
    32   548688670 ->   27252600 B  alone  357 MB/s  gharchive-2024-01-01-3.json
    33   494815665 ->   26003562 B  alone  343 MB/s  gharchive-2024-01-01-4.json
    34   467374089 ->   25194139 B  alone  330 MB/s  gharchive-2024-01-01-5.json
    35   460580926 ->   26656776 B  alone  319 MB/s  gharchive-2024-01-01-6.json
    36   461340849 ->   26682521 B  alone  322 MB/s  gharchive-2024-01-01-7.json
    37   479913447 ->   27938060 B  alone  328 MB/s  gharchive-2024-01-01-8.json
    38   491571364 ->   28911404 B  alone  332 MB/s  gharchive-2024-01-01-9.json
    39   418062029 ->   28731110 B  alone  197 MB/s  gharchive-2024-01-02-0.json
    40   331202178 ->   23699562 B  alone  242 MB/s  gharchive-2024-01-02-1.json
    41   737296807 ->   48782521 B  alone  414 MB/s  gharchive-2024-01-02-10.json
    42   662152142 ->   46006168 B  alone  367 MB/s  gharchive-2024-01-02-11.json
    43   708201637 ->   50653485 B  alone  379 MB/s  gharchive-2024-01-02-12.json
    44   723085670 ->   51646454 B  alone  380 MB/s  gharchive-2024-01-02-13.json
    45   774962765 ->   56831439 B  alone  398 MB/s  gharchive-2024-01-02-14.json
    46   790196863 ->   57669882 B  alone  398 MB/s  gharchive-2024-01-02-15.json
    47   815725871 ->   57880286 B  alone  403 MB/s  gharchive-2024-01-02-16.json
    48   725704681 ->   52590116 B  alone  379 MB/s  gharchive-2024-01-02-17.json
    49   685455754 ->   50548962 B  alone  360 MB/s  gharchive-2024-01-02-18.json
    50   655883422 ->   47321914 B  alone  358 MB/s  gharchive-2024-01-02-19.json
    51   412628105 ->   28967795 B  alone  266 MB/s  gharchive-2024-01-02-2.json
    52   609740049 ->   44048589 B  alone  240 MB/s  gharchive-2024-01-02-20.json
    53   613231205 ->   43213278 B  alone  341 MB/s  gharchive-2024-01-02-21.json
    54   542912274 ->   38700400 B  alone  320 MB/s  gharchive-2024-01-02-22.json
    55   488229261 ->   35054070 B  alone  291 MB/s  gharchive-2024-01-02-23.json
    56   395659067 ->   27964231 B  alone  259 MB/s  gharchive-2024-01-02-3.json
    57   378206981 ->   26385097 B  alone  263 MB/s  gharchive-2024-01-02-4.json
    58   478984169 ->   29708123 B  alone  317 MB/s  gharchive-2024-01-02-5.json
    59   469504812 ->   34355235 B  alone  300 MB/s  gharchive-2024-01-02-6.json
    60   552997368 ->   38627960 B  alone  329 MB/s  gharchive-2024-01-02-7.json
    61   616278505 ->   43487925 B  alone  350 MB/s  gharchive-2024-01-02-8.json
    62   732049214 ->   49194529 B  alone  386 MB/s  gharchive-2024-01-02-9.json
    63   527178892 ->   37548494 B  alone  221 MB/s  gharchive-2024-01-03-0.json
    64   508998457 ->   36719456 B  alone  313 MB/s  gharchive-2024-01-03-1.json
    65   702750319 ->   50446347 B  alone  379 MB/s  gharchive-2024-01-03-10.json
    66   672909701 ->   48490130 B  alone  362 MB/s  gharchive-2024-01-03-11.json
    67   707109806 ->   52941424 B  alone  235 MB/s  gharchive-2024-01-03-12.json
    68   746412355 ->   55702435 B  alone  360 MB/s  gharchive-2024-01-03-13.json
    69   799016163 ->   59623820 B  alone  389 MB/s  gharchive-2024-01-03-14.json
    70   817440741 ->   61131075 B  alone  393 MB/s  gharchive-2024-01-03-15.json
    71   801030296 ->   59618345 B  alone  392 MB/s  gharchive-2024-01-03-16.json
    72   737110814 ->   55504626 B  alone  373 MB/s  gharchive-2024-01-03-17.json
    73   728476595 ->   54059848 B  alone  374 MB/s  gharchive-2024-01-03-18.json
    74   696947565 ->   50276694 B  alone  368 MB/s  gharchive-2024-01-03-19.json
    75   459648358 ->   33623132 B  alone  135 MB/s  gharchive-2024-01-03-2.json
    76   646856542 ->   47488773 B  alone  254 MB/s  gharchive-2024-01-03-20.json
    77   652557328 ->   46179700 B  alone  358 MB/s  gharchive-2024-01-03-21.json
    78   592264767 ->   42854364 B  alone  339 MB/s  gharchive-2024-01-03-22.json
    79   540393593 ->   37999051 B  alone  327 MB/s  gharchive-2024-01-03-23.json
    80   453242799 ->   32521313 B  alone  197 MB/s  gharchive-2024-01-03-3.json
    81   439244582 ->   30291316 B  alone  296 MB/s  gharchive-2024-01-03-4.json
    82   586108983 ->   34083707 B  alone  342 MB/s  gharchive-2024-01-03-5.json
    83   510811572 ->   36775756 B  alone  316 MB/s  gharchive-2024-01-03-6.json
    84   549717529 ->   40781723 B  alone  315 MB/s  gharchive-2024-01-03-7.json
    85   636450270 ->   46762095 B  alone  349 MB/s  gharchive-2024-01-03-8.json
    86   726582086 ->   52102953 B  alone  375 MB/s  gharchive-2024-01-03-9.json
    87   558486357 ->   39581739 B  alone  160 MB/s  gharchive-2024-01-04-0.json
    88   513830866 ->   38235757 B  alone  311 MB/s  gharchive-2024-01-04-1.json
    89   733230199 ->   53580328 B  alone  378 MB/s  gharchive-2024-01-04-10.json
    90   684586134 ->   50382181 B  alone  362 MB/s  gharchive-2024-01-04-11.json
    91   714873459 ->   54033036 B  alone  373 MB/s  gharchive-2024-01-04-12.json
    92   754432244 ->   55962455 B  alone  377 MB/s  gharchive-2024-01-04-13.json
    93   843190844 ->   61002741 B  alone  407 MB/s  gharchive-2024-01-04-14.json
    94   840995242 ->   63055802 B  alone  394 MB/s  gharchive-2024-01-04-15.json
    95   809856841 ->   60012173 B  alone  398 MB/s  gharchive-2024-01-04-16.json
    96   750875892 ->   55351139 B  alone  384 MB/s  gharchive-2024-01-04-17.json
    97   700701815 ->   52346663 B  alone  375 MB/s  gharchive-2024-01-04-18.json
    98   671415468 ->   48798423 B  alone  366 MB/s  gharchive-2024-01-04-19.json
    99   487265821 ->   35850276 B  alone  130 MB/s  gharchive-2024-01-04-2.json
   100   649982954 ->   47084841 B  alone  248 MB/s  gharchive-2024-01-04-20.json
   101   665254560 ->   46315782 B  alone  258 MB/s  gharchive-2024-01-04-21.json
   102   609714906 ->   43384156 B  alone  347 MB/s  gharchive-2024-01-04-22.json
   103   528161773 ->   37525204 B  alone  319 MB/s  gharchive-2024-01-04-23.json
   104   464693808 ->   34029527 B  alone  195 MB/s  gharchive-2024-01-04-3.json
   105   440145531 ->   31417828 B  alone  281 MB/s  gharchive-2024-01-04-4.json
   106   529253158 ->   33678715 B  alone  336 MB/s  gharchive-2024-01-04-5.json
   107   502517274 ->   37548390 B  alone  309 MB/s  gharchive-2024-01-04-6.json
   108   561165513 ->   41649393 B  alone  327 MB/s  gharchive-2024-01-04-7.json
   109   666730409 ->   48495923 B  alone  363 MB/s  gharchive-2024-01-04-8.json
   110   721533790 ->   53412910 B  alone  378 MB/s  gharchive-2024-01-04-9.json
   111   555105102 ->   39203708 B  alone  322 MB/s  gharchive-2024-01-05-0.json
   112   531138822 ->   38584177 B  alone  321 MB/s  gharchive-2024-01-05-1.json
   113   738300808 ->   52719797 B  alone  390 MB/s  gharchive-2024-01-05-10.json
   114   694174120 ->   49876833 B  alone  366 MB/s  gharchive-2024-01-05-11.json
   115   689981404 ->   50956181 B  alone  365 MB/s  gharchive-2024-01-05-12.json
   116   770427392 ->   55009201 B  alone  392 MB/s  gharchive-2024-01-05-13.json
   117   863956985 ->   62768923 B  alone  413 MB/s  gharchive-2024-01-05-14.json
   118   847693918 ->   62368866 B  alone  341 MB/s  gharchive-2024-01-05-15.json
   119   808544032 ->   58704156 B  alone  358 MB/s  gharchive-2024-01-05-16.json
   120   797727310 ->   55771239 B  alone  366 MB/s  gharchive-2024-01-05-17.json
   121   731358455 ->   52711124 B  alone  381 MB/s  gharchive-2024-01-05-18.json
   122   646060084 ->   46775501 B  alone  356 MB/s  gharchive-2024-01-05-19.json
   123   487731040 ->   35115994 B  alone  320 MB/s  gharchive-2024-01-05-2.json
   124   602343897 ->   43623914 B  alone  237 MB/s  gharchive-2024-01-05-20.json
   125   611463053 ->   41658088 B  alone  354 MB/s  gharchive-2024-01-05-21.json
   126   559138441 ->   38326990 B  alone  347 MB/s  gharchive-2024-01-05-22.json
   127   470766545 ->   33423795 B  alone  306 MB/s  gharchive-2024-01-05-23.json
   128   446985921 ->   32784181 B  alone  304 MB/s  gharchive-2024-01-05-3.json
   129   442736976 ->   31224776 B  alone  299 MB/s  gharchive-2024-01-05-4.json
   130   556903596 ->   34227083 B  alone  346 MB/s  gharchive-2024-01-05-5.json
   131   535155466 ->   38055513 B  alone  331 MB/s  gharchive-2024-01-05-6.json
   132   581310448 ->   41796733 B  alone  342 MB/s  gharchive-2024-01-05-7.json
   133   645992699 ->   47131318 B  alone  356 MB/s  gharchive-2024-01-05-8.json
   134   741979306 ->   52943543 B  alone  386 MB/s  gharchive-2024-01-05-9.json
   135   463829436 ->   33190531 B  alone  166 MB/s  gharchive-2024-01-06-0.json
   136   386230565 ->   27333537 B  alone  271 MB/s  gharchive-2024-01-06-1.json
   137   359284435 ->   27287323 B  alone  247 MB/s  gharchive-2024-01-06-10.json
   138   366256893 ->   27544577 B  alone  253 MB/s  gharchive-2024-01-06-11.json
   139   426092932 ->   32648713 B  alone  282 MB/s  gharchive-2024-01-06-12.json
   140   426810982 ->   32197366 B  alone  282 MB/s  gharchive-2024-01-06-13.json
   141   436188095 ->   33296774 B  alone  285 MB/s  gharchive-2024-01-06-14.json
   142   434085839 ->   33163596 B  alone  283 MB/s  gharchive-2024-01-06-15.json
   143   454163560 ->   34091374 B  alone  298 MB/s  gharchive-2024-01-06-16.json
   144   412336725 ->   31700622 B  alone  271 MB/s  gharchive-2024-01-06-17.json
   145   400406747 ->   31004821 B  alone  273 MB/s  gharchive-2024-01-06-18.json
   146   374115324 ->   27702667 B  alone  264 MB/s  gharchive-2024-01-06-19.json
   147   320885533 ->   23727959 B  alone  226 MB/s  gharchive-2024-01-06-2.json
   148   350570082 ->   26596409 B  alone  170 MB/s  gharchive-2024-01-06-20.json
   149   338077205 ->   25649519 B  alone  241 MB/s  gharchive-2024-01-06-21.json
   150   308683240 ->   23505076 B  alone  228 MB/s  gharchive-2024-01-06-22.json
   151   288656239 ->   22276723 B  alone  96 MB/s  gharchive-2024-01-06-23.json
   152   299030853 ->   22460469 B  alone  222 MB/s  gharchive-2024-01-06-3.json
   153   289408398 ->   21506284 B  alone  212 MB/s  gharchive-2024-01-06-4.json
   154   355558161 ->   23021195 B  alone  261 MB/s  gharchive-2024-01-06-5.json
   155   295086764 ->   23199464 B  alone  216 MB/s  gharchive-2024-01-06-6.json
   156   321509464 ->   24411822 B  alone  234 MB/s  gharchive-2024-01-06-7.json
   157   320121701 ->   24286383 B  alone  235 MB/s  gharchive-2024-01-06-8.json
   158   342190854 ->   25699291 B  alone  223 MB/s  gharchive-2024-01-06-9.json
   159   348357655 ->   26266977 B  alone  251 MB/s  gharchive-2024-01-07-0.json
   160   320135465 ->   24620814 B  alone  226 MB/s  gharchive-2024-01-07-1.json
   161   409966415 ->   28291149 B  alone  98 MB/s  gharchive-2024-01-07-10.json
   162   383022728 ->   28814706 B  alone  251 MB/s  gharchive-2024-01-07-11.json
   163   448546587 ->   34376688 B  alone  282 MB/s  gharchive-2024-01-07-12.json
   164   437536089 ->   37358468 B  alone  212 MB/s  gharchive-2024-01-07-13.json
   165   437651277 ->   34619734 B  alone  273 MB/s  gharchive-2024-01-07-14.json
   166   482076443 ->   35204777 B  alone  295 MB/s  gharchive-2024-01-07-15.json
   167   474592506 ->   36492030 B  alone  292 MB/s  gharchive-2024-01-07-16.json
   168   448090957 ->   34846787 B  alone  282 MB/s  gharchive-2024-01-07-17.json
   169   455139956 ->   34770076 B  alone  288 MB/s  gharchive-2024-01-07-18.json
   170   484225167 ->   33220435 B  alone  302 MB/s  gharchive-2024-01-07-19.json
   171   278186278 ->   21283276 B  alone  206 MB/s  gharchive-2024-01-07-2.json
   172   409900908 ->   31567102 B  alone  271 MB/s  gharchive-2024-01-07-20.json
   173   383523856 ->   29457092 B  alone  258 MB/s  gharchive-2024-01-07-21.json
   174   371706746 ->   27854148 B  alone  256 MB/s  gharchive-2024-01-07-22.json
   175   352971068 ->   26563375 B  alone  245 MB/s  gharchive-2024-01-07-23.json
   176   268752979 ->   20362374 B  alone  203 MB/s  gharchive-2024-01-07-3.json
   177   279548681 ->   20795157 B  alone  215 MB/s  gharchive-2024-01-07-4.json
   178   312728375 ->   21475661 B  alone  234 MB/s  gharchive-2024-01-07-5.json
   179   302160989 ->   23021290 B  alone  221 MB/s  gharchive-2024-01-07-6.json
   180   313303612 ->   23277390 B  alone  211 MB/s  gharchive-2024-01-07-7.json
   181   322956252 ->   24729622 B  alone  224 MB/s  gharchive-2024-01-07-8.json
   182   349776386 ->   26640861 B  alone  239 MB/s  gharchive-2024-01-07-9.json
   183   516466073 ->   33561918 B  alone  327 MB/s  gharchive-2024-01-08-0.json
   184   594241053 ->   37471775 B  alone  346 MB/s  gharchive-2024-01-08-1.json
   185   907801518 ->   61969720 B  alone  411 MB/s  gharchive-2024-01-08-10.json
   186   871195571 ->   58911448 B  alone  401 MB/s  gharchive-2024-01-08-11.json
   187   880366318 ->   61282930 B  alone  406 MB/s  gharchive-2024-01-08-12.json
   188   977516504 ->   66647400 B  alone  429 MB/s  gharchive-2024-01-08-13.json
   189   999473160 ->   71013278 B  alone  434 MB/s  gharchive-2024-01-08-14.json
   190  1007810218 ->   72055022 B  alone  429 MB/s  gharchive-2024-01-08-15.json
   191  1058623758 ->   71392552 B  alone  446 MB/s  gharchive-2024-01-08-16.json
   192   933044338 ->   64918130 B  alone  418 MB/s  gharchive-2024-01-08-17.json
   193   859724384 ->   60427109 B  alone  396 MB/s  gharchive-2024-01-08-18.json
   194   878271172 ->   59835511 B  alone  408 MB/s  gharchive-2024-01-08-19.json
   195   547246690 ->   35854367 B  alone  164 MB/s  gharchive-2024-01-08-2.json
   196   835277609 ->   56438942 B  alone  283 MB/s  gharchive-2024-01-08-20.json
   197   815881975 ->   54012883 B  alone  390 MB/s  gharchive-2024-01-08-21.json
   198   743137773 ->   48630770 B  alone  376 MB/s  gharchive-2024-01-08-22.json
   199   670373370 ->   43934205 B  alone  363 MB/s  gharchive-2024-01-08-23.json
   200   565714571 ->   36092892 B  alone  318 MB/s  gharchive-2024-01-08-3.json
   201   573095829 ->   35416284 B  alone  342 MB/s  gharchive-2024-01-08-4.json
   202   599729228 ->   37146702 B  alone  347 MB/s  gharchive-2024-01-08-5.json
   203   626247514 ->   42432342 B  alone  342 MB/s  gharchive-2024-01-08-6.json
   204   719437489 ->   48439472 B  alone  374 MB/s  gharchive-2024-01-08-7.json
   205   793116568 ->   54450665 B  alone  398 MB/s  gharchive-2024-01-08-8.json
   206   893500648 ->   60870549 B  alone  412 MB/s  gharchive-2024-01-08-9.json
   207   666263541 ->   44378923 B  alone  251 MB/s  gharchive-2024-01-09-0.json
   208   662772036 ->   44094098 B  alone  368 MB/s  gharchive-2024-01-09-1.json
   209   861584157 ->   61383414 B  alone  410 MB/s  gharchive-2024-01-09-10.json
   210   797994166 ->   56383769 B  alone  391 MB/s  gharchive-2024-01-09-11.json
   211   792980191 ->   57638382 B  alone  395 MB/s  gharchive-2024-01-09-12.json
   212   697302910 ->   51655341 B  alone  363 MB/s  gharchive-2024-01-09-13.json
   213   964058818 ->   69873810 B  alone  356 MB/s  gharchive-2024-01-09-14.json
   214   977395582 ->   71143144 B  alone  403 MB/s  gharchive-2024-01-09-15.json
   215   971426581 ->   70260436 B  alone  406 MB/s  gharchive-2024-01-09-16.json
   216   961161652 ->   67323611 B  alone  412 MB/s  gharchive-2024-01-09-17.json
   217   896678777 ->   62913048 B  alone  402 MB/s  gharchive-2024-01-09-18.json
   218   876683819 ->   60089514 B  alone  407 MB/s  gharchive-2024-01-09-19.json
   219   609663565 ->   41238606 B  alone  306 MB/s  gharchive-2024-01-09-2.json
   220   740209474 ->   53784578 B  alone  350 MB/s  gharchive-2024-01-09-20.json
   221   762133617 ->   52729902 B  alone  388 MB/s  gharchive-2024-01-09-21.json
   222   686291370 ->   48196090 B  alone  369 MB/s  gharchive-2024-01-09-22.json
   223   625825854 ->   43002212 B  alone  353 MB/s  gharchive-2024-01-09-23.json
   224   549585073 ->   37910480 B  alone  325 MB/s  gharchive-2024-01-09-3.json
   225   547922184 ->   36524194 B  alone  332 MB/s  gharchive-2024-01-09-4.json
   226   562008187 ->   37541491 B  alone  343 MB/s  gharchive-2024-01-09-5.json
   227   611530939 ->   43557172 B  alone  344 MB/s  gharchive-2024-01-09-6.json
   228   707073434 ->   49114184 B  alone  379 MB/s  gharchive-2024-01-09-7.json
   229   784469363 ->   56302734 B  alone  397 MB/s  gharchive-2024-01-09-8.json
   230   842190269 ->   60873235 B  alone  389 MB/s  gharchive-2024-01-09-9.json
   231   617890938 ->   43280815 B  alone  283 MB/s  gharchive-2024-01-10-0.json
   232   580182738 ->   41335852 B  alone  321 MB/s  gharchive-2024-01-10-1.json
   233   863362529 ->   61493418 B  alone  375 MB/s  gharchive-2024-01-10-10.json
   234   812328560 ->   57686756 B  alone  362 MB/s  gharchive-2024-01-10-11.json
   235   826033220 ->   60146480 B  alone  385 MB/s  gharchive-2024-01-10-12.json
   236   894919918 ->   64557012 B  alone  372 MB/s  gharchive-2024-01-10-13.json
   237   937586058 ->   68561472 B  alone  406 MB/s  gharchive-2024-01-10-14.json
   238   979407518 ->   71684433 B  alone  414 MB/s  gharchive-2024-01-10-15.json
   239   979094365 ->   69665229 B  alone  419 MB/s  gharchive-2024-01-10-16.json
   240   917058460 ->   63251108 B  alone  420 MB/s  gharchive-2024-01-10-17.json
   241   803417005 ->   57683153 B  alone  378 MB/s  gharchive-2024-01-10-18.json
   242   775518579 ->   54975033 B  alone  392 MB/s  gharchive-2024-01-10-19.json
   243   544784023 ->   38843037 B  alone  211 MB/s  gharchive-2024-01-10-2.json
   244   748817330 ->   53060862 B  alone  277 MB/s  gharchive-2024-01-10-20.json
   245   736461261 ->   51257198 B  alone  381 MB/s  gharchive-2024-01-10-21.json
   246   683399258 ->   47154201 B  alone  366 MB/s  gharchive-2024-01-10-22.json
   247   612510523 ->   42025975 B  alone  344 MB/s  gharchive-2024-01-10-23.json
   248   517211125 ->   36355173 B  alone  211 MB/s  gharchive-2024-01-10-3.json
   249   486677642 ->   32930372 B  alone  316 MB/s  gharchive-2024-01-10-4.json
   250   540914379 ->   35370952 B  alone  338 MB/s  gharchive-2024-01-10-5.json
   251   608850784 ->   43035588 B  alone  350 MB/s  gharchive-2024-01-10-6.json
   252   664050478 ->   46702095 B  alone  359 MB/s  gharchive-2024-01-10-7.json
   253   794329359 ->   55702087 B  alone  359 MB/s  gharchive-2024-01-10-8.json
   254   888939163 ->   62805310 B  alone  395 MB/s  gharchive-2024-01-10-9.json
   255   620693226 ->   42743218 B  alone  179 MB/s  gharchive-2024-01-11-0.json
   256   620810526 ->   42074247 B  alone  309 MB/s  gharchive-2024-01-11-1.json
   257   831816186 ->   58912117 B  alone  384 MB/s  gharchive-2024-01-11-10.json
   258   785881197 ->   55879045 B  alone  366 MB/s  gharchive-2024-01-11-11.json
   259   795709536 ->   58344573 B  alone  379 MB/s  gharchive-2024-01-11-12.json
   260   872787076 ->   62716220 B  alone  387 MB/s  gharchive-2024-01-11-13.json
   261   954484419 ->   67810213 B  alone  408 MB/s  gharchive-2024-01-11-14.json
   262   931110986 ->   68235094 B  alone  401 MB/s  gharchive-2024-01-11-15.json
   263   929827584 ->   66725218 B  alone  408 MB/s  gharchive-2024-01-11-16.json
   264   886426711 ->   62420963 B  alone  399 MB/s  gharchive-2024-01-11-17.json
   265   835804590 ->   59225728 B  alone  384 MB/s  gharchive-2024-01-11-18.json
   266   791526379 ->   55392544 B  alone  394 MB/s  gharchive-2024-01-11-19.json
   267   572741704 ->   39346704 B  alone  180 MB/s  gharchive-2024-01-11-2.json
   268   737167737 ->   51762032 B  alone  274 MB/s  gharchive-2024-01-11-20.json
   269   762394742 ->   52072496 B  alone  394 MB/s  gharchive-2024-01-11-21.json
   270   674335014 ->   45269761 B  alone  370 MB/s  gharchive-2024-01-11-22.json
   271   549285424 ->   39351574 B  alone  321 MB/s  gharchive-2024-01-11-23.json
   272   572920694 ->   38677435 B  alone  216 MB/s  gharchive-2024-01-11-3.json
   273   571600435 ->   37423104 B  alone  326 MB/s  gharchive-2024-01-11-4.json
   274   556808568 ->   37097338 B  alone  323 MB/s  gharchive-2024-01-11-5.json
   275   583465276 ->   41285720 B  alone  330 MB/s  gharchive-2024-01-11-6.json
   276   645225963 ->   46098911 B  alone  347 MB/s  gharchive-2024-01-11-7.json
   277   793037184 ->   55493889 B  alone  390 MB/s  gharchive-2024-01-11-8.json
   278   854207799 ->   60271026 B  alone  395 MB/s  gharchive-2024-01-11-9.json
   279   588762513 ->   41038555 B  alone  322 MB/s  gharchive-2024-01-12-0.json
   280   538736475 ->   38837817 B  alone  321 MB/s  gharchive-2024-01-12-1.json
   281   836461695 ->   57357354 B  alone  408 MB/s  gharchive-2024-01-12-10.json
   282   731194655 ->   52225125 B  alone  370 MB/s  gharchive-2024-01-12-11.json
   283   757783514 ->   55766428 B  alone  386 MB/s  gharchive-2024-01-12-12.json
   284   774797792 ->   57707332 B  alone  387 MB/s  gharchive-2024-01-12-13.json
   285   841150578 ->   62614951 B  alone  397 MB/s  gharchive-2024-01-12-14.json
   286   904053752 ->   65067905 B  alone  415 MB/s  gharchive-2024-01-12-15.json
   287   893899904 ->   63873780 B  alone  408 MB/s  gharchive-2024-01-12-16.json
   288   871183964 ->   60692218 B  alone  373 MB/s  gharchive-2024-01-12-17.json
   289   779030032 ->   54959198 B  alone  372 MB/s  gharchive-2024-01-12-18.json
   290   710013543 ->   49829055 B  alone  366 MB/s  gharchive-2024-01-12-19.json
   291   508383646 ->   35725716 B  alone  309 MB/s  gharchive-2024-01-12-2.json
   292   683153871 ->   47880811 B  alone  260 MB/s  gharchive-2024-01-12-20.json
   293   645433541 ->   44933698 B  alone  359 MB/s  gharchive-2024-01-12-21.json
   294   612732832 ->   41598639 B  alone  346 MB/s  gharchive-2024-01-12-22.json
   295   562343006 ->   36611357 B  alone  334 MB/s  gharchive-2024-01-12-23.json
   296   473664796 ->   34051633 B  alone  204 MB/s  gharchive-2024-01-12-3.json
   297   467471300 ->   31996934 B  alone  306 MB/s  gharchive-2024-01-12-4.json
   298   490656726 ->   33999810 B  alone  314 MB/s  gharchive-2024-01-12-5.json
   299   550052836 ->   39153356 B  alone  326 MB/s  gharchive-2024-01-12-6.json
   300   626675704 ->   44631951 B  alone  348 MB/s  gharchive-2024-01-12-7.json
   301   697812729 ->   50823188 B  alone  363 MB/s  gharchive-2024-01-12-8.json
   302   781325013 ->   56466952 B  alone  391 MB/s  gharchive-2024-01-12-9.json
   303   502542335 ->   35396532 B  alone  308 MB/s  gharchive-2024-01-13-0.json
   304   423593414 ->   30367087 B  alone  279 MB/s  gharchive-2024-01-13-1.json
   305   389308638 ->   29659603 B  alone  241 MB/s  gharchive-2024-01-13-10.json
   306   394301796 ->   30047054 B  alone  254 MB/s  gharchive-2024-01-13-11.json
   307   458653089 ->   35207341 B  alone  284 MB/s  gharchive-2024-01-13-12.json
   308   455353803 ->   37517814 B  alone  222 MB/s  gharchive-2024-01-13-13.json
   309   460170890 ->   35412582 B  alone  271 MB/s  gharchive-2024-01-13-14.json
   310   453177519 ->   35595719 B  alone  264 MB/s  gharchive-2024-01-13-15.json
   311   455272706 ->   35447792 B  alone  267 MB/s  gharchive-2024-01-13-16.json
   312   443033309 ->   34445700 B  alone  281 MB/s  gharchive-2024-01-13-17.json
   313   437312488 ->   33427958 B  alone  281 MB/s  gharchive-2024-01-13-18.json
   314   415080174 ->   30612866 B  alone  277 MB/s  gharchive-2024-01-13-19.json
   315   350652625 ->   25296544 B  alone  124 MB/s  gharchive-2024-01-13-2.json
   316   392488304 ->   29497608 B  alone  179 MB/s  gharchive-2024-01-13-20.json
   317   362284491 ->   27293374 B  alone  257 MB/s  gharchive-2024-01-13-21.json
   318   327010923 ->   25021224 B  alone  234 MB/s  gharchive-2024-01-13-22.json
   319   323075030 ->   24433138 B  alone  236 MB/s  gharchive-2024-01-13-23.json
   320   306289777 ->   23236783 B  alone  147 MB/s  gharchive-2024-01-13-3.json
   321   309920139 ->   22928403 B  alone  229 MB/s  gharchive-2024-01-13-4.json
   322   339752208 ->   24217882 B  alone  244 MB/s  gharchive-2024-01-13-5.json
   323   345458191 ->   25941969 B  alone  247 MB/s  gharchive-2024-01-13-6.json
   324   341782126 ->   25954416 B  alone  194 MB/s  gharchive-2024-01-13-7.json
   325   369881478 ->   27908284 B  alone  248 MB/s  gharchive-2024-01-13-8.json
   326   372273096 ->   28403592 B  alone  245 MB/s  gharchive-2024-01-13-9.json
   327   348844349 ->   26612290 B  alone  163 MB/s  gharchive-2024-01-14-0.json
   328   344964435 ->   26065759 B  alone  240 MB/s  gharchive-2024-01-14-1.json
   329   390855481 ->   29107016 B  alone  260 MB/s  gharchive-2024-01-14-10.json
   330   391712102 ->   29802423 B  alone  262 MB/s  gharchive-2024-01-14-11.json
   331   475440995 ->   35803928 B  alone  300 MB/s  gharchive-2024-01-14-12.json
   332   456624647 ->   38558326 B  alone  221 MB/s  gharchive-2024-01-14-13.json
   333   461424002 ->   36299727 B  alone  284 MB/s  gharchive-2024-01-14-14.json
   334   480665864 ->   37584194 B  alone  296 MB/s  gharchive-2024-01-14-15.json
   335   492739014 ->   37044758 B  alone  302 MB/s  gharchive-2024-01-14-16.json
   336   473406767 ->   36186335 B  alone  285 MB/s  gharchive-2024-01-14-17.json
   337   461548426 ->   35947923 B  alone  289 MB/s  gharchive-2024-01-14-18.json
   338   481174150 ->   34401295 B  alone  299 MB/s  gharchive-2024-01-14-19.json
   339   288092793 ->   21884593 B  alone  210 MB/s  gharchive-2024-01-14-2.json
   340   444646094 ->   33363373 B  alone  292 MB/s  gharchive-2024-01-14-20.json
   341   410146353 ->   31107806 B  alone  261 MB/s  gharchive-2024-01-14-21.json
   342   391290241 ->   29396706 B  alone  267 MB/s  gharchive-2024-01-14-22.json
   343   374046287 ->   28215615 B  alone  256 MB/s  gharchive-2024-01-14-23.json
   344   299638240 ->   22261521 B  alone  142 MB/s  gharchive-2024-01-14-3.json
   345   310957567 ->   22513076 B  alone  231 MB/s  gharchive-2024-01-14-4.json
   346   327433064 ->   22951757 B  alone  222 MB/s  gharchive-2024-01-14-5.json
   347   328220594 ->   24544669 B  alone  225 MB/s  gharchive-2024-01-14-6.json
   348   349445916 ->   25577859 B  alone  240 MB/s  gharchive-2024-01-14-7.json
   349   359388547 ->   26766645 B  alone  247 MB/s  gharchive-2024-01-14-8.json
   350   370436743 ->   28015155 B  alone  238 MB/s  gharchive-2024-01-14-9.json
   351   539200832 ->   35717494 B  alone  222 MB/s  gharchive-2024-01-15-0.json
   352   646721108 ->   42035397 B  alone  359 MB/s  gharchive-2024-01-15-1.json
   353   956597380 ->   65267508 B  alone  410 MB/s  gharchive-2024-01-15-10.json
   354   905594238 ->   62199067 B  alone  403 MB/s  gharchive-2024-01-15-11.json
   355   912009879 ->   64365093 B  alone  403 MB/s  gharchive-2024-01-15-12.json
   356   967783300 ->   67486998 B  alone  416 MB/s  gharchive-2024-01-15-13.json
   357  1027363790 ->   71641467 B  alone  436 MB/s  gharchive-2024-01-15-14.json
   358  1004701772 ->   70979036 B  alone  425 MB/s  gharchive-2024-01-15-15.json
   359   965096181 ->   67594482 B  alone  423 MB/s  gharchive-2024-01-15-16.json
   360   886269528 ->   61682491 B  alone  401 MB/s  gharchive-2024-01-15-17.json
   361   837179933 ->   58479114 B  alone  396 MB/s  gharchive-2024-01-15-18.json
   362   801321154 ->   54248687 B  alone  398 MB/s  gharchive-2024-01-15-19.json
   363   600745644 ->   39346318 B  alone  340 MB/s  gharchive-2024-01-15-2.json
   364   737394567 ->   50937982 B  alone  387 MB/s  gharchive-2024-01-15-20.json
   365   735162208 ->   48870773 B  alone  388 MB/s  gharchive-2024-01-15-21.json
   366   676153985 ->   44782271 B  alone  373 MB/s  gharchive-2024-01-15-22.json
   367   591583479 ->   40109667 B  alone  335 MB/s  gharchive-2024-01-15-23.json
   368   592152861 ->   37775696 B  alone  316 MB/s  gharchive-2024-01-15-3.json
   369   634061103 ->   37424472 B  alone  352 MB/s  gharchive-2024-01-15-4.json
   370   624978756 ->   38555843 B  alone  349 MB/s  gharchive-2024-01-15-5.json
   371   686011226 ->   44409044 B  alone  364 MB/s  gharchive-2024-01-15-6.json
   372   764252046 ->   50693942 B  alone  388 MB/s  gharchive-2024-01-15-7.json
   373   872599916 ->   58950559 B  alone  404 MB/s  gharchive-2024-01-15-8.json
   374   962307223 ->   65491415 B  alone  423 MB/s  gharchive-2024-01-15-9.json
   375   554524372 ->   39187370 B  alone  312 MB/s  gharchive-2024-01-16-0.json
   376   564041478 ->   40514332 B  alone  328 MB/s  gharchive-2024-01-16-1.json
   377   870892174 ->   62267458 B  alone  407 MB/s  gharchive-2024-01-16-10.json
   378   812548842 ->   58688798 B  alone  392 MB/s  gharchive-2024-01-16-11.json
   379   813688795 ->   60519914 B  alone  395 MB/s  gharchive-2024-01-16-12.json
   380   891664338 ->   65437623 B  alone  404 MB/s  gharchive-2024-01-16-13.json
   381   947450412 ->   70251630 B  alone  420 MB/s  gharchive-2024-01-16-14.json
   382   966641467 ->   71726968 B  alone  420 MB/s  gharchive-2024-01-16-15.json
   383   931283298 ->   68836220 B  alone  380 MB/s  gharchive-2024-01-16-16.json
   384   850067621 ->   62860284 B  alone  381 MB/s  gharchive-2024-01-16-17.json
   385   515251992 ->   39567719 B  alone  302 MB/s  gharchive-2024-01-16-18.json
   386   853692333 ->   59533269 B  alone  406 MB/s  gharchive-2024-01-16-19.json
   387   537884244 ->   38024729 B  alone  213 MB/s  gharchive-2024-01-16-2.json
   388   872042588 ->   58482992 B  alone  309 MB/s  gharchive-2024-01-16-20.json
   389   732489206 ->   53082960 B  alone  371 MB/s  gharchive-2024-01-16-21.json
   390   682041502 ->   48665986 B  alone  366 MB/s  gharchive-2024-01-16-22.json
   391   594037471 ->   42893393 B  alone  337 MB/s  gharchive-2024-01-16-23.json
   392   526044070 ->   37244785 B  alone  220 MB/s  gharchive-2024-01-16-3.json
   393   512846740 ->   34564029 B  alone  320 MB/s  gharchive-2024-01-16-4.json
   394   561926889 ->   37439500 B  alone  338 MB/s  gharchive-2024-01-16-5.json
   395   592024670 ->   42435033 B  alone  338 MB/s  gharchive-2024-01-16-6.json
   396   651785533 ->   46814164 B  alone  354 MB/s  gharchive-2024-01-16-7.json
   397   756371975 ->   55006972 B  alone  382 MB/s  gharchive-2024-01-16-8.json
   398   858021589 ->   62007367 B  alone  380 MB/s  gharchive-2024-01-16-9.json
   399   611571346 ->   43407580 B  alone  166 MB/s  gharchive-2024-01-17-0.json
   400   566789658 ->   41534381 B  alone  271 MB/s  gharchive-2024-01-17-1.json
   401   883461706 ->   62538077 B  alone  390 MB/s  gharchive-2024-01-17-10.json
   402   845498905 ->   59809804 B  alone  383 MB/s  gharchive-2024-01-17-11.json
   403   839888260 ->   62098896 B  alone  378 MB/s  gharchive-2024-01-17-12.json
   404   895338595 ->   65025821 B  alone  398 MB/s  gharchive-2024-01-17-13.json
   405   976271629 ->   71053595 B  alone  417 MB/s  gharchive-2024-01-17-14.json
   406   948384933 ->   69774471 B  alone  380 MB/s  gharchive-2024-01-17-15.json
   407   930978037 ->   68203366 B  alone  379 MB/s  gharchive-2024-01-17-16.json
   408   897753173 ->   64082098 B  alone  409 MB/s  gharchive-2024-01-17-17.json
   409   870065483 ->   61902922 B  alone  413 MB/s  gharchive-2024-01-17-18.json
   410   812466100 ->   57971904 B  alone  392 MB/s  gharchive-2024-01-17-19.json
   411   545030005 ->   39336150 B  alone  314 MB/s  gharchive-2024-01-17-2.json
   412   774181379 ->   55038206 B  alone  400 MB/s  gharchive-2024-01-17-20.json
   413   729907252 ->   52524606 B  alone  382 MB/s  gharchive-2024-01-17-21.json
   414   677517250 ->   47684509 B  alone  372 MB/s  gharchive-2024-01-17-22.json
   415   619904391 ->   43128530 B  alone  326 MB/s  gharchive-2024-01-17-23.json
   416   523606531 ->   37263691 B  alone  305 MB/s  gharchive-2024-01-17-3.json
   417   519312453 ->   36180080 B  alone  316 MB/s  gharchive-2024-01-17-4.json
   418   592177912 ->   37619148 B  alone  347 MB/s  gharchive-2024-01-17-5.json
   419   603365525 ->   43505188 B  alone  337 MB/s  gharchive-2024-01-17-6.json
   420   674012277 ->   48391287 B  alone  320 MB/s  gharchive-2024-01-17-7.json
   421   789451870 ->   56408672 B  alone  386 MB/s  gharchive-2024-01-17-8.json
   422   865677695 ->   62960227 B  alone  391 MB/s  gharchive-2024-01-17-9.json
   423   667259646 ->   45242187 B  alone  342 MB/s  gharchive-2024-01-18-0.json
   424   595377418 ->   41844174 B  alone  330 MB/s  gharchive-2024-01-18-1.json
   425   866193357 ->   61390437 B  alone  404 MB/s  gharchive-2024-01-18-10.json
   426   803945645 ->   57186515 B  alone  381 MB/s  gharchive-2024-01-18-11.json
   427   827100688 ->   60475730 B  alone  393 MB/s  gharchive-2024-01-18-12.json
   428   878135301 ->   64445929 B  alone  397 MB/s  gharchive-2024-01-18-13.json
   429   957349131 ->   70388985 B  alone  420 MB/s  gharchive-2024-01-18-14.json
   430   968047551 ->   71105739 B  alone  423 MB/s  gharchive-2024-01-18-15.json
   431   947098069 ->   68845674 B  alone  347 MB/s  gharchive-2024-01-18-16.json
   432   893847517 ->   64878503 B  alone  393 MB/s  gharchive-2024-01-18-17.json
   433   807945504 ->   58861941 B  alone  376 MB/s  gharchive-2024-01-18-18.json
   434   746514041 ->   54437805 B  alone  372 MB/s  gharchive-2024-01-18-19.json
   435   567190805 ->   39824417 B  alone  319 MB/s  gharchive-2024-01-18-2.json
   436   733794497 ->   52946746 B  alone  268 MB/s  gharchive-2024-01-18-20.json
   437   719814328 ->   51363668 B  alone  372 MB/s  gharchive-2024-01-18-21.json
   438   650936480 ->   46015712 B  alone  357 MB/s  gharchive-2024-01-18-22.json
   439   596852495 ->   42663902 B  alone  335 MB/s  gharchive-2024-01-18-23.json
   440   531713072 ->   37007744 B  alone  220 MB/s  gharchive-2024-01-18-3.json
   441   499621059 ->   34319680 B  alone  316 MB/s  gharchive-2024-01-18-4.json
   442   598077761 ->   39014570 B  alone  355 MB/s  gharchive-2024-01-18-5.json
   443   617416633 ->   42708004 B  alone  349 MB/s  gharchive-2024-01-18-6.json
   444   666465254 ->   47661984 B  alone  361 MB/s  gharchive-2024-01-18-7.json
   445   735454072 ->   52279629 B  alone  378 MB/s  gharchive-2024-01-18-8.json
   446   856177870 ->   61097558 B  alone  406 MB/s  gharchive-2024-01-18-9.json
   447   594526828 ->   42884300 B  alone  326 MB/s  gharchive-2024-01-19-0.json
   448   581916357 ->   42286685 B  alone  338 MB/s  gharchive-2024-01-19-1.json
   449   811125445 ->   57732517 B  alone  369 MB/s  gharchive-2024-01-19-10.json
   450   751594897 ->   53569086 B  alone  369 MB/s  gharchive-2024-01-19-11.json
   451   765055541 ->   56417009 B  alone  372 MB/s  gharchive-2024-01-19-12.json
   452   822590948 ->   60045250 B  alone  386 MB/s  gharchive-2024-01-19-13.json
   453   856323059 ->   63177236 B  alone  392 MB/s  gharchive-2024-01-19-14.json
   454   900507953 ->   66330083 B  alone  402 MB/s  gharchive-2024-01-19-15.json
   455   926747832 ->   65528482 B  alone  415 MB/s  gharchive-2024-01-19-16.json
   456   833976710 ->   60243986 B  alone  387 MB/s  gharchive-2024-01-19-17.json
   457   764073189 ->   56256350 B  alone  380 MB/s  gharchive-2024-01-19-18.json
   458   735189995 ->   52128319 B  alone  376 MB/s  gharchive-2024-01-19-19.json
   459   548416309 ->   38192136 B  alone  323 MB/s  gharchive-2024-01-19-2.json
   460   695982673 ->   49833518 B  alone  265 MB/s  gharchive-2024-01-19-20.json
   461   690598015 ->   47849529 B  alone  375 MB/s  gharchive-2024-01-19-21.json
   462   811045493 ->   49008216 B  alone  420 MB/s  gharchive-2024-01-19-22.json
   463   657346554 ->   41029860 B  alone  375 MB/s  gharchive-2024-01-19-23.json
   464   482400145 ->   35197469 B  alone  194 MB/s  gharchive-2024-01-19-3.json
   465   483145958 ->   34001102 B  alone  294 MB/s  gharchive-2024-01-19-4.json
   466   571555271 ->   36793350 B  alone  336 MB/s  gharchive-2024-01-19-5.json
   467   567268806 ->   41006951 B  alone  321 MB/s  gharchive-2024-01-19-6.json
   468   636649644 ->   45917915 B  alone  344 MB/s  gharchive-2024-01-19-7.json
   469   682109812 ->   49832527 B  alone  358 MB/s  gharchive-2024-01-19-8.json
   470   810904594 ->   58274900 B  alone  395 MB/s  gharchive-2024-01-19-9.json
   471   524288835 ->   36486819 B  alone  324 MB/s  gharchive-2024-01-20-0.json
   472   487907856 ->   33171195 B  alone  315 MB/s  gharchive-2024-01-20-1.json
   473   401375963 ->   30345360 B  alone  266 MB/s  gharchive-2024-01-20-10.json
   474   399636158 ->   29987208 B  alone  268 MB/s  gharchive-2024-01-20-11.json
   475   463502734 ->   35930464 B  alone  298 MB/s  gharchive-2024-01-20-12.json
   476   437469714 ->   36879071 B  alone  220 MB/s  gharchive-2024-01-20-13.json
   477   465095015 ->   35365172 B  alone  296 MB/s  gharchive-2024-01-20-14.json
   478   460794063 ->   35643377 B  alone  299 MB/s  gharchive-2024-01-20-15.json
   479   470810167 ->   36295597 B  alone  301 MB/s  gharchive-2024-01-20-16.json
   480   468132112 ->   35485823 B  alone  301 MB/s  gharchive-2024-01-20-17.json
   481   447735586 ->   35020914 B  alone  290 MB/s  gharchive-2024-01-20-18.json
   482   433940325 ->   32279263 B  alone  289 MB/s  gharchive-2024-01-20-19.json
   483   480897714 ->   29242557 B  alone  321 MB/s  gharchive-2024-01-20-2.json
   484   414117677 ->   31049132 B  alone  189 MB/s  gharchive-2024-01-20-20.json
   485   398658045 ->   29300804 B  alone  259 MB/s  gharchive-2024-01-20-21.json
   486   366206091 ->   27297383 B  alone  217 MB/s  gharchive-2024-01-20-22.json
   487   330244441 ->   26026627 B  alone  228 MB/s  gharchive-2024-01-20-23.json
   488   374840172 ->   25886200 B  alone  255 MB/s  gharchive-2024-01-20-3.json
   489   419230705 ->   26675765 B  alone  268 MB/s  gharchive-2024-01-20-4.json
   490   490013066 ->   29263418 B  alone  297 MB/s  gharchive-2024-01-20-5.json
   491   371512841 ->   27196130 B  alone  250 MB/s  gharchive-2024-01-20-6.json
   492   383960441 ->   27738820 B  alone  261 MB/s  gharchive-2024-01-20-7.json
   493   394976473 ->   29123142 B  alone  255 MB/s  gharchive-2024-01-20-8.json
   494   403041486 ->   29831081 B  alone  265 MB/s  gharchive-2024-01-20-9.json
   495   363395791 ->   27704809 B  alone  244 MB/s  gharchive-2024-01-21-0.json
   496   357131470 ->   26758761 B  alone  244 MB/s  gharchive-2024-01-21-1.json
   497   415634279 ->   30411051 B  alone  269 MB/s  gharchive-2024-01-21-10.json
   498   408380379 ->   30897574 B  alone  267 MB/s  gharchive-2024-01-21-11.json
   499   487790415 ->   36931011 B  alone  301 MB/s  gharchive-2024-01-21-12.json
   500   497051222 ->   40176318 B  alone  243 MB/s  gharchive-2024-01-21-13.json
   501   494765620 ->   37501019 B  alone  300 MB/s  gharchive-2024-01-21-14.json
   502   508477201 ->   38465508 B  alone  310 MB/s  gharchive-2024-01-21-15.json
   503   502791636 ->   38023854 B  alone  309 MB/s  gharchive-2024-01-21-16.json
   504   481592074 ->   36711644 B  alone  282 MB/s  gharchive-2024-01-21-17.json
   505   517237686 ->   37479293 B  alone  296 MB/s  gharchive-2024-01-21-18.json
   506   472521331 ->   35513086 B  alone  288 MB/s  gharchive-2024-01-21-19.json
   507   297995709 ->   22332484 B  alone  223 MB/s  gharchive-2024-01-21-2.json
   508   444840510 ->   33911629 B  alone  193 MB/s  gharchive-2024-01-21-20.json
   509   425420587 ->   32600997 B  alone  279 MB/s  gharchive-2024-01-21-21.json
   510   420110408 ->   30948186 B  alone  276 MB/s  gharchive-2024-01-21-22.json
   511   373801433 ->   28646856 B  alone  254 MB/s  gharchive-2024-01-21-23.json
   512   283021865 ->   21664247 B  alone  188 MB/s  gharchive-2024-01-21-3.json
   513   295215684 ->   21855147 B  alone  199 MB/s  gharchive-2024-01-21-4.json
   514   375258908 ->   23009938 B  alone  262 MB/s  gharchive-2024-01-21-5.json
   515   319364680 ->   24485372 B  alone  226 MB/s  gharchive-2024-01-21-6.json
   516   346222930 ->   25369606 B  alone  228 MB/s  gharchive-2024-01-21-7.json
   517   366262198 ->   27223223 B  alone  215 MB/s  gharchive-2024-01-21-8.json
   518   386316345 ->   28893391 B  alone  255 MB/s  gharchive-2024-01-21-9.json
   519   519742059 ->   35963904 B  alone  208 MB/s  gharchive-2024-01-22-0.json
   520   646395891 ->   41857557 B  alone  308 MB/s  gharchive-2024-01-22-1.json
   521   977418496 ->   65663473 B  alone  416 MB/s  gharchive-2024-01-22-10.json
   522   959648137 ->   63008458 B  alone  396 MB/s  gharchive-2024-01-22-11.json
   523   945563740 ->   65505318 B  alone  384 MB/s  gharchive-2024-01-22-12.json
   524  1062534786 ->   70360366 B  alone  433 MB/s  gharchive-2024-01-22-13.json
   525  1089559110 ->   75969368 B  alone  426 MB/s  gharchive-2024-01-22-14.json
   526  1051599411 ->   74430874 B  alone  421 MB/s  gharchive-2024-01-22-15.json
   527  1040663134 ->   72991951 B  alone  427 MB/s  gharchive-2024-01-22-16.json
   528   985601462 ->   67942204 B  alone  416 MB/s  gharchive-2024-01-22-17.json
   529   944579496 ->   66073379 B  alone  416 MB/s  gharchive-2024-01-22-18.json
   530   904046616 ->   62010198 B  alone  411 MB/s  gharchive-2024-01-22-19.json
   531   600451658 ->   39391833 B  alone  227 MB/s  gharchive-2024-01-22-2.json
   532   877712652 ->   59605592 B  alone  296 MB/s  gharchive-2024-01-22-20.json
   533   883520969 ->   58531499 B  alone  411 MB/s  gharchive-2024-01-22-21.json
   534   939994051 ->   57270683 B  alone  445 MB/s  gharchive-2024-01-22-22.json
   535   732535933 ->   47360711 B  alone  336 MB/s  gharchive-2024-01-22-23.json
   536   611296079 ->   39117885 B  alone  242 MB/s  gharchive-2024-01-22-3.json
   537   618425480 ->   37897793 B  alone  335 MB/s  gharchive-2024-01-22-4.json
   538   632683026 ->   39016958 B  alone  333 MB/s  gharchive-2024-01-22-5.json
   539   654088590 ->   44428324 B  alone  351 MB/s  gharchive-2024-01-22-6.json
   540   752087917 ->   50308290 B  alone  367 MB/s  gharchive-2024-01-22-7.json
   541   826630060 ->   57043036 B  alone  384 MB/s  gharchive-2024-01-22-8.json
   542   938256115 ->   64350370 B  alone  409 MB/s  gharchive-2024-01-22-9.json
   543   666341595 ->   44729981 B  alone  191 MB/s  gharchive-2024-01-23-0.json
   544   639707527 ->   44078535 B  alone  345 MB/s  gharchive-2024-01-23-1.json
   545   872175918 ->   61921456 B  alone  397 MB/s  gharchive-2024-01-23-10.json
   546   826349482 ->   58293233 B  alone  394 MB/s  gharchive-2024-01-23-11.json
   547   833057821 ->   61215123 B  alone  384 MB/s  gharchive-2024-01-23-12.json
   548   890666894 ->   65396280 B  alone  399 MB/s  gharchive-2024-01-23-13.json
   549   957106493 ->   71033721 B  alone  413 MB/s  gharchive-2024-01-23-14.json
   550   964769657 ->   71485895 B  alone  411 MB/s  gharchive-2024-01-23-15.json
   551   968334263 ->   70072261 B  alone  414 MB/s  gharchive-2024-01-23-16.json
   552   871231089 ->   64583699 B  alone  392 MB/s  gharchive-2024-01-23-17.json
   553   842500082 ->   61697642 B  alone  393 MB/s  gharchive-2024-01-23-18.json
   554   808666517 ->   58591035 B  alone  389 MB/s  gharchive-2024-01-23-19.json
   555   613300307 ->   41771814 B  alone  340 MB/s  gharchive-2024-01-23-2.json
   556   771784245 ->   55266652 B  alone  402 MB/s  gharchive-2024-01-23-20.json
   557   762806353 ->   54554435 B  alone  384 MB/s  gharchive-2024-01-23-21.json
   558   693685375 ->   50200016 B  alone  364 MB/s  gharchive-2024-01-23-22.json
   559   582917862 ->   42896341 B  alone  333 MB/s  gharchive-2024-01-23-23.json
   560   541495323 ->   37711231 B  alone  189 MB/s  gharchive-2024-01-23-3.json
   561   508174948 ->   35247073 B  alone  308 MB/s  gharchive-2024-01-23-4.json
   562   596066378 ->   38426005 B  alone  341 MB/s  gharchive-2024-01-23-5.json
   563   599905186 ->   43073266 B  alone  332 MB/s  gharchive-2024-01-23-6.json
   564   685721206 ->   49314048 B  alone  354 MB/s  gharchive-2024-01-23-7.json
   565   772054842 ->   55347346 B  alone  381 MB/s  gharchive-2024-01-23-8.json
   566   878651335 ->   63210962 B  alone  402 MB/s  gharchive-2024-01-23-9.json
   567   609832502 ->   43926118 B  alone  241 MB/s  gharchive-2024-01-24-0.json
   568   579663818 ->   42755948 B  alone  326 MB/s  gharchive-2024-01-24-1.json
   569   854320487 ->   61196127 B  alone  395 MB/s  gharchive-2024-01-24-10.json
   570   791561590 ->   56779625 B  alone  386 MB/s  gharchive-2024-01-24-11.json
   571   826581616 ->   61312417 B  alone  398 MB/s  gharchive-2024-01-24-12.json
   572   902379512 ->   66151886 B  alone  393 MB/s  gharchive-2024-01-24-13.json
   573   989328382 ->   70404382 B  alone  427 MB/s  gharchive-2024-01-24-14.json
   574   978056893 ->   70519996 B  alone  402 MB/s  gharchive-2024-01-24-15.json
   575   940691424 ->   68261042 B  alone  406 MB/s  gharchive-2024-01-24-16.json
   576   868930951 ->   63408331 B  alone  393 MB/s  gharchive-2024-01-24-17.json
   577   830140660 ->   61027704 B  alone  337 MB/s  gharchive-2024-01-24-18.json
   578   783283992 ->   57157997 B  alone  371 MB/s  gharchive-2024-01-24-19.json
   579   534900957 ->   38852526 B  alone  225 MB/s  gharchive-2024-01-24-2.json
   580   742455778 ->   53760463 B  alone  262 MB/s  gharchive-2024-01-24-20.json
   581   744834055 ->   52569527 B  alone  380 MB/s  gharchive-2024-01-24-21.json
   582   711901282 ->   48125143 B  alone  370 MB/s  gharchive-2024-01-24-22.json
   583   571030620 ->   40309810 B  alone  325 MB/s  gharchive-2024-01-24-23.json
   584   515129933 ->   37485818 B  alone  308 MB/s  gharchive-2024-01-24-3.json
   585   498318849 ->   35312560 B  alone  314 MB/s  gharchive-2024-01-24-4.json
   586   589697012 ->   38655983 B  alone  344 MB/s  gharchive-2024-01-24-5.json
   587   604345055 ->   43764629 B  alone  335 MB/s  gharchive-2024-01-24-6.json
   588   662212803 ->   48134996 B  alone  354 MB/s  gharchive-2024-01-24-7.json
   589   744104252 ->   54508254 B  alone  377 MB/s  gharchive-2024-01-24-8.json
   590   834401799 ->   60981558 B  alone  397 MB/s  gharchive-2024-01-24-9.json
   591   625947741 ->   42696741 B  alone  267 MB/s  gharchive-2024-01-25-0.json
   592   589572401 ->   42071831 B  alone  338 MB/s  gharchive-2024-01-25-1.json
   593   876602921 ->   61113125 B  alone  318 MB/s  gharchive-2024-01-25-10.json
   594   818274032 ->   58051165 B  alone  341 MB/s  gharchive-2024-01-25-11.json
   595   843647173 ->   60728171 B  alone  377 MB/s  gharchive-2024-01-25-12.json
   596   874457362 ->   63561995 B  alone  386 MB/s  gharchive-2024-01-25-13.json
   597   942905238 ->   68521082 B  alone  406 MB/s  gharchive-2024-01-25-14.json
   598   945544348 ->   68954523 B  alone  397 MB/s  gharchive-2024-01-25-15.json
   599   930070177 ->   66748073 B  alone  416 MB/s  gharchive-2024-01-25-16.json
   600   870037758 ->   62912675 B  alone  393 MB/s  gharchive-2024-01-25-17.json
   601   814512791 ->   59214057 B  alone  383 MB/s  gharchive-2024-01-25-18.json
   602   779072609 ->   55540870 B  alone  384 MB/s  gharchive-2024-01-25-19.json
   603   539916535 ->   38299063 B  alone  315 MB/s  gharchive-2024-01-25-2.json
   604   765905853 ->   54215326 B  alone  390 MB/s  gharchive-2024-01-25-20.json
   605   773323727 ->   52931894 B  alone  397 MB/s  gharchive-2024-01-25-21.json
   606   677218767 ->   47044456 B  alone  370 MB/s  gharchive-2024-01-25-22.json
   607   615878054 ->   42863781 B  alone  347 MB/s  gharchive-2024-01-25-23.json
   608   549732662 ->   38273993 B  alone  292 MB/s  gharchive-2024-01-25-3.json
   609   547889291 ->   35904182 B  alone  317 MB/s  gharchive-2024-01-25-4.json
   610   574087228 ->   37511343 B  alone  330 MB/s  gharchive-2024-01-25-5.json
   611   612416079 ->   42850530 B  alone  319 MB/s  gharchive-2024-01-25-6.json
   612   670878975 ->   47922904 B  alone  342 MB/s  gharchive-2024-01-25-7.json
   613   732956443 ->   53170146 B  alone  357 MB/s  gharchive-2024-01-25-8.json
   614   848109573 ->   61505309 B  alone  369 MB/s  gharchive-2024-01-25-9.json
   615   634596186 ->   43603524 B  alone  329 MB/s  gharchive-2024-01-26-0.json
   616   584539649 ->   40592779 B  alone  330 MB/s  gharchive-2024-01-26-1.json
   617   820455857 ->   56511352 B  alone  390 MB/s  gharchive-2024-01-26-10.json
   618   779269019 ->   53956183 B  alone  382 MB/s  gharchive-2024-01-26-11.json
   619   767132179 ->   55923215 B  alone  384 MB/s  gharchive-2024-01-26-12.json
   620   826729659 ->   59130075 B  alone  387 MB/s  gharchive-2024-01-26-13.json
   621   888521973 ->   64323833 B  alone  405 MB/s  gharchive-2024-01-26-14.json
   622   895057623 ->   65283743 B  alone  400 MB/s  gharchive-2024-01-26-15.json
   623   885438265 ->   63670731 B  alone  414 MB/s  gharchive-2024-01-26-16.json
   624   806613435 ->   58281735 B  alone  389 MB/s  gharchive-2024-01-26-17.json
   625   737827687 ->   53712056 B  alone  382 MB/s  gharchive-2024-01-26-18.json
   626   744838611 ->   52233084 B  alone  387 MB/s  gharchive-2024-01-26-19.json
   627   546457837 ->   37908886 B  alone  159 MB/s  gharchive-2024-01-26-2.json
   628   716093499 ->   50589685 B  alone  256 MB/s  gharchive-2024-01-26-20.json
   629   705042808 ->   47286660 B  alone  365 MB/s  gharchive-2024-01-26-21.json
   630   648776111 ->   41692270 B  alone  367 MB/s  gharchive-2024-01-26-22.json
   631   510511485 ->   35288810 B  alone  293 MB/s  gharchive-2024-01-26-23.json
   632   503067359 ->   35144776 B  alone  200 MB/s  gharchive-2024-01-26-3.json
   633   485232253 ->   32422693 B  alone  304 MB/s  gharchive-2024-01-26-4.json
   634   552316217 ->   35078482 B  alone  321 MB/s  gharchive-2024-01-26-5.json
   635   564887329 ->   39710938 B  alone  321 MB/s  gharchive-2024-01-26-6.json
   636   640011038 ->   44860997 B  alone  344 MB/s  gharchive-2024-01-26-7.json
   637   774364857 ->   53370120 B  alone  376 MB/s  gharchive-2024-01-26-8.json
   638   834837797 ->   58680958 B  alone  389 MB/s  gharchive-2024-01-26-9.json
   639   500646946 ->   35077818 B  alone  295 MB/s  gharchive-2024-01-27-0.json
   640   426426637 ->   30091475 B  alone  280 MB/s  gharchive-2024-01-27-1.json
   641   407838196 ->   30049577 B  alone  267 MB/s  gharchive-2024-01-27-10.json
   642   436413133 ->   31322962 B  alone  282 MB/s  gharchive-2024-01-27-11.json
   643   512580175 ->   37290870 B  alone  313 MB/s  gharchive-2024-01-27-12.json
   644   465606480 ->   37936299 B  alone  227 MB/s  gharchive-2024-01-27-13.json
   645   478787407 ->   36137769 B  alone  295 MB/s  gharchive-2024-01-27-14.json
   646   482346058 ->   36766289 B  alone  300 MB/s  gharchive-2024-01-27-15.json
   647   501941196 ->   37124000 B  alone  309 MB/s  gharchive-2024-01-27-16.json
   648   507330973 ->   37080965 B  alone  313 MB/s  gharchive-2024-01-27-17.json
   649   474646898 ->   35854452 B  alone  301 MB/s  gharchive-2024-01-27-18.json
   650   458658318 ->   33778628 B  alone  292 MB/s  gharchive-2024-01-27-19.json
   651   360642667 ->   24988073 B  alone  255 MB/s  gharchive-2024-01-27-2.json
   652   437240676 ->   32166605 B  alone  183 MB/s  gharchive-2024-01-27-20.json
   653   396606165 ->   29204460 B  alone  262 MB/s  gharchive-2024-01-27-21.json
   654   376717705 ->   27384142 B  alone  255 MB/s  gharchive-2024-01-27-22.json
   655   354730660 ->   26130526 B  alone  246 MB/s  gharchive-2024-01-27-23.json
   656   321980347 ->   22968697 B  alone  150 MB/s  gharchive-2024-01-27-3.json
   657   328278271 ->   23035281 B  alone  235 MB/s  gharchive-2024-01-27-4.json
   658   394410835 ->   25301352 B  alone  275 MB/s  gharchive-2024-01-27-5.json
   659   370143042 ->   26626466 B  alone  256 MB/s  gharchive-2024-01-27-6.json
   660   371233017 ->   26974331 B  alone  252 MB/s  gharchive-2024-01-27-7.json
   661   418758936 ->   29949923 B  alone  277 MB/s  gharchive-2024-01-27-8.json
   662   403234650 ->   29417314 B  alone  266 MB/s  gharchive-2024-01-27-9.json
   663   405964176 ->   29168224 B  alone  272 MB/s  gharchive-2024-01-28-0.json
   664   383887571 ->   27232347 B  alone  266 MB/s  gharchive-2024-01-28-1.json
   665   432148274 ->   30670019 B  alone  287 MB/s  gharchive-2024-01-28-10.json
   666   426264271 ->   31488671 B  alone  284 MB/s  gharchive-2024-01-28-11.json
   667   519316513 ->   38933548 B  alone  319 MB/s  gharchive-2024-01-28-12.json
   668   507568469 ->   37315235 B  alone  313 MB/s  gharchive-2024-01-28-13.json
   669   514777539 ->   37642010 B  alone  315 MB/s  gharchive-2024-01-28-14.json
   670   519141855 ->   38492530 B  alone  318 MB/s  gharchive-2024-01-28-15.json
   671   488903275 ->   37193946 B  alone  305 MB/s  gharchive-2024-01-28-16.json
   672   480596270 ->   35880159 B  alone  305 MB/s  gharchive-2024-01-28-17.json
   673   490200297 ->   36883350 B  alone  307 MB/s  gharchive-2024-01-28-18.json
   674   491247415 ->   35824509 B  alone  304 MB/s  gharchive-2024-01-28-19.json
   675   330773544 ->   23440386 B  alone  234 MB/s  gharchive-2024-01-28-2.json
   676   508111825 ->   35916059 B  alone  214 MB/s  gharchive-2024-01-28-20.json
   677   467185009 ->   32922457 B  alone  308 MB/s  gharchive-2024-01-28-21.json
   678   411068973 ->   30017469 B  alone  272 MB/s  gharchive-2024-01-28-22.json
   679   395003965 ->   28546782 B  alone  230 MB/s  gharchive-2024-01-28-23.json
   680   300438879 ->   22216768 B  alone  210 MB/s  gharchive-2024-01-28-3.json
   681   316872092 ->   22319777 B  alone  227 MB/s  gharchive-2024-01-28-4.json
   682   358555601 ->   23817454 B  alone  252 MB/s  gharchive-2024-01-28-5.json
   683   331698096 ->   24560316 B  alone  235 MB/s  gharchive-2024-01-28-6.json
   684   353672272 ->   25351623 B  alone  244 MB/s  gharchive-2024-01-28-7.json
   685   379133633 ->   27599578 B  alone  259 MB/s  gharchive-2024-01-28-8.json
   686   416005883 ->   29855334 B  alone  277 MB/s  gharchive-2024-01-28-9.json
   687   525601462 ->   35680257 B  alone  218 MB/s  gharchive-2024-01-29-0.json
   688   645694119 ->   40550989 B  alone  364 MB/s  gharchive-2024-01-29-1.json
   689   987328275 ->   66519523 B  alone  430 MB/s  gharchive-2024-01-29-10.json
   690   945345897 ->   63158002 B  alone  416 MB/s  gharchive-2024-01-29-11.json
   691   938743099 ->   65329646 B  alone  419 MB/s  gharchive-2024-01-29-12.json
   692  1002627303 ->   69705375 B  alone  413 MB/s  gharchive-2024-01-29-13.json
   693  1105628001 ->   76964998 B  alone  395 MB/s  gharchive-2024-01-29-14.json
   694  1112996750 ->   78318610 B  alone  414 MB/s  gharchive-2024-01-29-15.json
   695  1084530970 ->   76505701 B  alone  378 MB/s  gharchive-2024-01-29-16.json
   696  1050789059 ->   71128592 B  alone  409 MB/s  gharchive-2024-01-29-17.json
   697   988919708 ->   68861167 B  alone  418 MB/s  gharchive-2024-01-29-18.json
   698   955299230 ->   66037173 B  alone  415 MB/s  gharchive-2024-01-29-19.json
   699   588364200 ->   37880724 B  alone  326 MB/s  gharchive-2024-01-29-2.json
   700   937735836 ->   63511963 B  alone  429 MB/s  gharchive-2024-01-29-20.json
   701   924336041 ->   60902296 B  alone  421 MB/s  gharchive-2024-01-29-21.json
   702   837129938 ->   54862793 B  alone  402 MB/s  gharchive-2024-01-29-22.json
   703   805104354 ->   51054518 B  alone  402 MB/s  gharchive-2024-01-29-23.json
   704   614846848 ->   38458460 B  alone  345 MB/s  gharchive-2024-01-29-3.json
   705   614287086 ->   37344859 B  alone  357 MB/s  gharchive-2024-01-29-4.json
   706   630737871 ->   39265229 B  alone  359 MB/s  gharchive-2024-01-29-5.json
   707   687084785 ->   45219993 B  alone  374 MB/s  gharchive-2024-01-29-6.json
   708   778069349 ->   50921761 B  alone  400 MB/s  gharchive-2024-01-29-7.json
   709   858493858 ->   58586513 B  alone  410 MB/s  gharchive-2024-01-29-8.json
   710   988730309 ->   67425095 B  alone  435 MB/s  gharchive-2024-01-29-9.json
   711   779099338 ->   50451950 B  alone  398 MB/s  gharchive-2024-01-30-0.json
   712   645558658 ->   45536761 B  alone  312 MB/s  gharchive-2024-01-30-1.json
   713   953241640 ->   64890525 B  alone  408 MB/s  gharchive-2024-01-30-10.json
   714   846373737 ->   60592283 B  alone  385 MB/s  gharchive-2024-01-30-11.json
   715   904008419 ->   64029870 B  alone  348 MB/s  gharchive-2024-01-30-12.json
   716   923821720 ->   67461490 B  alone  395 MB/s  gharchive-2024-01-30-13.json
   717  1080595362 ->   74142697 B  alone  417 MB/s  gharchive-2024-01-30-14.json
   718   923666513 ->   68696049 B  alone  399 MB/s  gharchive-2024-01-30-15.json
   719   985639793 ->   71488826 B  alone  422 MB/s  gharchive-2024-01-30-16.json
   720   943582809 ->   68882751 B  alone  402 MB/s  gharchive-2024-01-30-17.json
   721   904437780 ->   65918425 B  alone  403 MB/s  gharchive-2024-01-30-18.json
   722   848602738 ->   61005833 B  alone  389 MB/s  gharchive-2024-01-30-19.json
   723   640354235 ->   42716885 B  alone  337 MB/s  gharchive-2024-01-30-2.json
   724   829579500 ->   60470581 B  alone  284 MB/s  gharchive-2024-01-30-20.json
   725   803136754 ->   57661108 B  alone  393 MB/s  gharchive-2024-01-30-21.json
   726   770347731 ->   53668742 B  alone  393 MB/s  gharchive-2024-01-30-22.json
   727   671806909 ->   48721101 B  alone  357 MB/s  gharchive-2024-01-30-23.json
   728   562458505 ->   39291925 B  alone  330 MB/s  gharchive-2024-01-30-3.json
   729   532616957 ->   37173243 B  alone  324 MB/s  gharchive-2024-01-30-4.json
   730   604371610 ->   40557276 B  alone  352 MB/s  gharchive-2024-01-30-5.json
   731   641976190 ->   45189438 B  alone  353 MB/s  gharchive-2024-01-30-6.json
   732   690138677 ->   49516930 B  alone  300 MB/s  gharchive-2024-01-30-7.json
   733   800068312 ->   57199208 B  alone  376 MB/s  gharchive-2024-01-30-8.json
   734   904689575 ->   64802697 B  alone  400 MB/s  gharchive-2024-01-30-9.json
   735   723529027 ->   50008542 B  alone  359 MB/s  gharchive-2024-01-31-0.json
   736   627888708 ->   46450931 B  alone  338 MB/s  gharchive-2024-01-31-1.json
   737   888346042 ->   63399161 B  alone  404 MB/s  gharchive-2024-01-31-10.json
   738   827685614 ->   59344276 B  alone  390 MB/s  gharchive-2024-01-31-11.json
   739   866884506 ->   63016000 B  alone  403 MB/s  gharchive-2024-01-31-12.json
   740   931436252 ->   66804364 B  alone  413 MB/s  gharchive-2024-01-31-13.json
   741   977887896 ->   72767219 B  alone  419 MB/s  gharchive-2024-01-31-14.json
   742  1014176438 ->   73228521 B  alone  429 MB/s  gharchive-2024-01-31-15.json
   743  1045852012 ->   72306140 B  alone  442 MB/s  gharchive-2024-01-31-16.json
   744   926306544 ->   65914861 B  alone  417 MB/s  gharchive-2024-01-31-17.json
   745   881780360 ->   63510020 B  alone  406 MB/s  gharchive-2024-01-31-18.json
   746   924802430 ->   61666373 B  alone  438 MB/s  gharchive-2024-01-31-19.json
   747   547812102 ->   39950430 B  alone  314 MB/s  gharchive-2024-01-31-2.json
   748   798641396 ->   56945465 B  alone  269 MB/s  gharchive-2024-01-31-20.json
   749   783736061 ->   55704537 B  alone  377 MB/s  gharchive-2024-01-31-21.json
   750   755662558 ->   51852421 B  alone  377 MB/s  gharchive-2024-01-31-22.json
   751   658225896 ->   45203516 B  alone  355 MB/s  gharchive-2024-01-31-23.json
   752   526211001 ->   36571920 B  alone  323 MB/s  gharchive-2024-01-31-3.json
   753   524488186 ->   35774345 B  alone  328 MB/s  gharchive-2024-01-31-4.json
   754   561359926 ->   38212055 B  alone  337 MB/s  gharchive-2024-01-31-5.json
   755   631054984 ->   44532791 B  alone  350 MB/s  gharchive-2024-01-31-6.json
   756   693057021 ->   49695524 B  alone  371 MB/s  gharchive-2024-01-31-7.json
   757   795572016 ->   57295996 B  alone  393 MB/s  gharchive-2024-01-31-8.json
   758   874899552 ->   63405837 B  alone  408 MB/s  gharchive-2024-01-31-9.json
   759  1137018880 ->  175195871 B  alone  540 MB/s  linux-5.15.1.tar
   760  1137295360 ->    2580796 B  delta against 759 (depth 1)  518 MB/s  linux-5.15.10.tar
   761  1139343360 ->    3945035 B  delta against 760 (depth 2)  516 MB/s  linux-5.15.100.tar
   762  1137326080 ->    4235505 B  delta against 761 (depth 3)  505 MB/s  linux-5.15.11.tar
   763  1137336320 ->    1425104 B  delta against 762 (depth 4)  508 MB/s  linux-5.15.12.tar
   764  1137346560 ->    2667494 B  delta against 759 (depth 1)  291 MB/s  linux-5.15.13.tar
   765  1137367040 ->    1497975 B  delta against 764 (depth 2)  520 MB/s  linux-5.15.14.tar
   766  1137367040 ->    1432288 B  delta against 765 (depth 3)  493 MB/s  linux-5.15.15.tar
   767  1137377280 ->    1430134 B  delta against 766 (depth 4)  510 MB/s  linux-5.15.16.tar
   768  1137479680 ->    2783749 B  delta against 759 (depth 1)  353 MB/s  linux-5.15.17.tar
   769  1137489920 ->    1487045 B  delta against 768 (depth 2)  514 MB/s  linux-5.15.18.tar
   770  1137520640 ->    1525127 B  delta against 769 (depth 3)  501 MB/s  linux-5.15.19.tar
   771  1137018880 ->    3242953 B  delta against 770 (depth 4)  517 MB/s  linux-5.15.2.tar
   772  1137520640 ->    2839490 B  delta against 759 (depth 1)  356 MB/s  linux-5.15.20.tar
   773  1137520640 ->    1413203 B  delta against 772 (depth 2)  518 MB/s  linux-5.15.21.tar
   774  1137551360 ->    1480755 B  delta against 773 (depth 3)  503 MB/s  linux-5.15.22.tar
   775  1137551360 ->    1401427 B  delta against 774 (depth 4)  525 MB/s  linux-5.15.23.tar
   776  1137571840 ->    2854494 B  delta against 759 (depth 1)  336 MB/s  linux-5.15.24.tar
   777  1137582080 ->    1433504 B  delta against 776 (depth 2)  467 MB/s  linux-5.15.25.tar
   778  1137612800 ->    1449975 B  delta against 777 (depth 3)  384 MB/s  linux-5.15.26.tar
   779  1137674240 ->    1516640 B  delta against 778 (depth 4)  516 MB/s  linux-5.15.27.tar
   780  1137715200 ->    2959639 B  delta against 759 (depth 1)  363 MB/s  linux-5.15.28.tar
   781  1137745920 ->    1050214 B  delta against 780 (depth 2)  507 MB/s  linux-5.15.29.tar
   782  1137131520 ->    3439535 B  delta against 781 (depth 3)  497 MB/s  linux-5.15.3.tar
   783  1137745920 ->    2791574 B  delta against 782 (depth 4)  514 MB/s  linux-5.15.30.tar
   784  1137745920 ->    2999993 B  delta against 759 (depth 1)  356 MB/s  linux-5.15.31.tar
   785  1137745920 ->    1469127 B  delta against 784 (depth 2)  508 MB/s  linux-5.15.32.tar
   786  1137940480 ->    1613890 B  delta against 785 (depth 3)  488 MB/s  linux-5.15.33.tar
   787  1137991680 ->    1458525 B  delta against 786 (depth 4)  515 MB/s  linux-5.15.34.tar
   788  1138022400 ->    3210306 B  delta against 759 (depth 1)  363 MB/s  linux-5.15.35.tar
   789  1138032640 ->    1445787 B  delta against 788 (depth 2)  520 MB/s  linux-5.15.36.tar
   790  1138063360 ->    1429964 B  delta against 789 (depth 3)  501 MB/s  linux-5.15.37.tar
   791  1138073600 ->    1488417 B  delta against 790 (depth 4)  516 MB/s  linux-5.15.38.tar
   792  1138094080 ->    3279415 B  delta against 759 (depth 1)  316 MB/s  linux-5.15.39.tar
   793  1137131520 ->    3939194 B  delta against 792 (depth 2)  515 MB/s  linux-5.15.4.tar
   794  1138094080 ->    3074827 B  delta against 793 (depth 3)  496 MB/s  linux-5.15.40.tar
   795  1138114560 ->    1435948 B  delta against 794 (depth 4)  517 MB/s  linux-5.15.41.tar
   796  1138135040 ->    3316994 B  delta against 759 (depth 1)  366 MB/s  linux-5.15.42.tar
   797  1138135040 ->    1448091 B  delta against 796 (depth 2)  522 MB/s  linux-5.15.43.tar
   798  1138114560 ->    1524266 B  delta against 797 (depth 3)  501 MB/s  linux-5.15.44.tar
   799  1138124800 ->    1458596 B  delta against 798 (depth 4)  518 MB/s  linux-5.15.45.tar
   800  1138206720 ->    3432056 B  delta against 759 (depth 1)  347 MB/s  linux-5.15.46.tar
   801  1138237440 ->    1446201 B  delta against 800 (depth 2)  517 MB/s  linux-5.15.47.tar
   802  1138257920 ->    1031162 B  delta against 801 (depth 3)  502 MB/s  linux-5.15.48.tar
   803  1138268160 ->    1518826 B  delta against 802 (depth 4)  520 MB/s  linux-5.15.49.tar
   804  1137172480 ->    1698893 B  delta against 759 (depth 1)  364 MB/s  linux-5.15.5.tar
   805  1138278400 ->    3219932 B  delta against 804 (depth 2)  396 MB/s  linux-5.15.50.tar
   806  1138298880 ->    1506121 B  delta against 805 (depth 3)  500 MB/s  linux-5.15.51.tar
   807  1138298880 ->    1503318 B  delta against 806 (depth 4)  520 MB/s  linux-5.15.52.tar
   808  1138329600 ->    3522464 B  delta against 759 (depth 1)  360 MB/s  linux-5.15.53.tar
   809  1138370560 ->    1510141 B  delta against 808 (depth 2)  514 MB/s  linux-5.15.54.tar
   810  1138370560 ->    1447625 B  delta against 809 (depth 3)  496 MB/s  linux-5.15.55.tar
   811  1138401280 ->    1513355 B  delta against 810 (depth 4)  512 MB/s  linux-5.15.56.tar
   812  1138442240 ->    3603714 B  delta against 759 (depth 1)  331 MB/s  linux-5.15.57.tar
   813  1138493440 ->    1530565 B  delta against 812 (depth 2)  512 MB/s  linux-5.15.58.tar
   814  1138503680 ->    1437964 B  delta against 813 (depth 3)  497 MB/s  linux-5.15.59.tar
   815  1137192960 ->    3943002 B  delta against 814 (depth 4)  516 MB/s  linux-5.15.6.tar
   816  1138513920 ->    3646568 B  delta against 759 (depth 1)  355 MB/s  linux-5.15.60.tar
   817  1138616320 ->    1600919 B  delta against 816 (depth 2)  516 MB/s  linux-5.15.61.tar
   818  1138616320 ->    1414778 B  delta against 817 (depth 3)  494 MB/s  linux-5.15.62.tar
   819  1138647040 ->    1503216 B  delta against 818 (depth 4)  435 MB/s  linux-5.15.63.tar
   820  1138677760 ->    3799243 B  delta against 759 (depth 1)  355 MB/s  linux-5.15.64.tar
   821  1138688000 ->    1498193 B  delta against 820 (depth 2)  433 MB/s  linux-5.15.65.tar
   822  1138698240 ->    1421461 B  delta against 821 (depth 3)  495 MB/s  linux-5.15.66.tar
   823  1138698240 ->    1019694 B  delta against 822 (depth 4)  517 MB/s  linux-5.15.67.tar
   824  1138728960 ->    3846444 B  delta against 759 (depth 1)  355 MB/s  linux-5.15.68.tar
   825  1138728960 ->    1435043 B  delta against 824 (depth 2)  517 MB/s  linux-5.15.69.tar
   826  1137244160 ->    4265883 B  delta against 825 (depth 3)  498 MB/s  linux-5.15.7.tar
   827  1138728960 ->    3574359 B  delta against 826 (depth 4)  517 MB/s  linux-5.15.70.tar
   828  1138739200 ->    3853062 B  delta against 759 (depth 1)  361 MB/s  linux-5.15.71.tar
   829  1138749440 ->    1494111 B  delta against 828 (depth 2)  517 MB/s  linux-5.15.72.tar
   830  1138749440 ->    1414544 B  delta against 829 (depth 3)  493 MB/s  linux-5.15.73.tar
   831  1138759680 ->    1459516 B  delta against 830 (depth 4)  521 MB/s  linux-5.15.74.tar
   832  1138841600 ->    3947716 B  delta against 759 (depth 1)  355 MB/s  linux-5.15.75.tar
   833  1138851840 ->    1490784 B  delta against 832 (depth 2)  520 MB/s  linux-5.15.76.tar
   834  1138872320 ->    1439407 B  delta against 833 (depth 3)  384 MB/s  linux-5.15.77.tar
   835  1138892800 ->    1489812 B  delta against 834 (depth 4)  516 MB/s  linux-5.15.78.tar
   836  1138903040 ->    3979097 B  delta against 759 (depth 1)  330 MB/s  linux-5.15.79.tar
   837  1137295360 ->    4449586 B  delta against 836 (depth 2)  509 MB/s  linux-5.15.8.tar
   838  1138933760 ->    3701545 B  delta against 837 (depth 3)  486 MB/s  linux-5.15.80.tar
   839  1138954240 ->    1494056 B  delta against 838 (depth 4)  522 MB/s  linux-5.15.81.tar
   840  1138964480 ->    4064006 B  delta against 759 (depth 1)  359 MB/s  linux-5.15.82.tar
   841  1138984960 ->    1602880 B  delta against 840 (depth 2)  520 MB/s  linux-5.15.83.tar
   842  1138984960 ->    1450464 B  delta against 841 (depth 3)  497 MB/s  linux-5.15.84.tar
   843  1138984960 ->    1402880 B  delta against 842 (depth 4)  521 MB/s  linux-5.15.85.tar
   844  1139097600 ->    4234609 B  delta against 759 (depth 1)  361 MB/s  linux-5.15.86.tar
   845  1139138560 ->    1464790 B  delta against 844 (depth 2)  522 MB/s  linux-5.15.87.tar
   846  1139148800 ->    1421873 B  delta against 845 (depth 3)  497 MB/s  linux-5.15.88.tar
   847  1139169280 ->    1506037 B  delta against 846 (depth 4)  518 MB/s  linux-5.15.89.tar
   848  1137295360 ->    1853263 B  delta against 759 (depth 1)  317 MB/s  linux-5.15.9.tar
   849  1139189760 ->    3966914 B  delta against 848 (depth 2)  461 MB/s  linux-5.15.90.tar
   850  1139220480 ->    1522930 B  delta against 849 (depth 3)  448 MB/s  linux-5.15.91.tar
   851  1139220480 ->    1459165 B  delta against 850 (depth 4)  517 MB/s  linux-5.15.92.tar
   852  1139230720 ->    4342603 B  delta against 759 (depth 1)  353 MB/s  linux-5.15.93.tar
   853  1139240960 ->    1492571 B  delta against 852 (depth 2)  514 MB/s  linux-5.15.94.tar
   854  1139261440 ->    1431481 B  delta against 853 (depth 3)  498 MB/s  linux-5.15.95.tar
   855  1139271680 ->    1505357 B  delta against 854 (depth 4)  521 MB/s  linux-5.15.96.tar
   856  1139281920 ->    4346906 B  delta against 759 (depth 1)  369 MB/s  linux-5.15.97.tar
   857  1139281920 ->    1429062 B  delta against 856 (depth 2)  514 MB/s  linux-5.15.98.tar
   858  1139343360 ->    1555520 B  delta against 857 (depth 3)  495 MB/s  linux-5.15.99.tar
   859  1358325760 ->   25725247 B  delta against 858 (depth 4)  515 MB/s  linux-6.1.1.tar
   860  1358704640 ->   26814994 B  delta against 759 (depth 1)  377 MB/s  linux-6.1.10.tar
   861  1360793600 ->    4516849 B  delta against 860 (depth 2)  529 MB/s  linux-6.1.100.tar
   862  1360803840 ->    1646565 B  delta against 861 (depth 3)  407 MB/s  linux-6.1.101.tar
   863  1360803840 ->    1562327 B  delta against 862 (depth 4)  527 MB/s  linux-6.1.102.tar
   864  1360855040 ->   28298168 B  delta against 759 (depth 1)  385 MB/s  linux-6.1.103.tar
   865  1360855040 ->    1617107 B  delta against 864 (depth 2)  442 MB/s  linux-6.1.104.tar
   866  1360885760 ->    1621830 B  delta against 865 (depth 3)  514 MB/s  linux-6.1.105.tar
   867  1360896000 ->    1593680 B  delta against 866 (depth 4)  532 MB/s  linux-6.1.106.tar
   868  1360957440 ->   28372298 B  delta against 759 (depth 1)  387 MB/s  linux-6.1.107.tar
   869  1360967680 ->    1631032 B  delta against 868 (depth 2)  524 MB/s  linux-6.1.108.tar
   870  1360977920 ->    1579347 B  delta against 869 (depth 3)  513 MB/s  linux-6.1.109.tar
   871  1358735360 ->    4875568 B  delta against 870 (depth 4)  529 MB/s  linux-6.1.11.tar
   872  1361008640 ->   28394414 B  delta against 759 (depth 1)  385 MB/s  linux-6.1.110.tar
   873  1361018880 ->    1573431 B  delta against 872 (depth 2)  534 MB/s  linux-6.1.111.tar
   874  1361049600 ->    1631247 B  delta against 873 (depth 3)  514 MB/s  linux-6.1.112.tar
   875  1361111040 ->    1781481 B  delta against 874 (depth 4)  530 MB/s  linux-6.1.113.tar
   876  1361111040 ->   28663677 B  delta against 759 (depth 1)  316 MB/s  linux-6.1.114.tar
   877  1361141760 ->    1656508 B  delta against 876 (depth 2)  522 MB/s  linux-6.1.115.tar
   878  1361162240 ->    1650301 B  delta against 877 (depth 3)  498 MB/s  linux-6.1.116.tar
   879  1361172480 ->    1538640 B  delta against 878 (depth 4)  529 MB/s  linux-6.1.117.tar
   880  1361172480 ->   28700067 B  delta against 759 (depth 1)  389 MB/s  linux-6.1.118.tar
   881  1361182720 ->    1558953 B  delta against 880 (depth 2)  530 MB/s  linux-6.1.119.tar
   882  1358755840 ->    5120887 B  delta against 881 (depth 3)  499 MB/s  linux-6.1.12.tar
   883  1361305600 ->    5057493 B  delta against 882 (depth 4)  528 MB/s  linux-6.1.120.tar
   884  1361326080 ->   28627419 B  delta against 759 (depth 1)  372 MB/s  linux-6.1.121.tar
   885  1361336320 ->    1646040 B  delta against 884 (depth 2)  520 MB/s  linux-6.1.122.tar
   886  1361346560 ->    1073893 B  delta against 885 (depth 3)  509 MB/s  linux-6.1.123.tar
   887  1361356800 ->    1650811 B  delta against 886 (depth 4)  448 MB/s  linux-6.1.124.tar
   888  1361367040 ->   28630338 B  delta against 759 (depth 1)  380 MB/s  linux-6.1.125.tar
   889  1361367040 ->    1597874 B  delta against 888 (depth 2)  433 MB/s  linux-6.1.126.tar
   890  1361377280 ->    1647125 B  delta against 889 (depth 3)  512 MB/s  linux-6.1.127.tar
   891  1361397760 ->    1557658 B  delta against 890 (depth 4)  533 MB/s  linux-6.1.128.tar
   892  1361448960 ->   28695165 B  delta against 759 (depth 1)  375 MB/s  linux-6.1.129.tar
   893  1358776320 ->    5253744 B  delta against 892 (depth 2)  526 MB/s  linux-6.1.13.tar
   894  1361479680 ->    5166006 B  delta against 893 (depth 3)  507 MB/s  linux-6.1.130.tar
   895  1361500160 ->    1624063 B  delta against 894 (depth 4)  531 MB/s  linux-6.1.131.tar
   896  1361530880 ->   28722123 B  delta against 759 (depth 1)  372 MB/s  linux-6.1.132.tar
   897  1361530880 ->    1604053 B  delta against 896 (depth 2)  533 MB/s  linux-6.1.133.tar
   898  1361551360 ->    1632852 B  delta against 897 (depth 3)  515 MB/s  linux-6.1.134.tar
   899  1361592320 ->    1684360 B  delta against 898 (depth 4)  532 MB/s  linux-6.1.135.tar
   900  1361623040 ->   28819032 B  delta against 759 (depth 1)  373 MB/s  linux-6.1.136.tar
   901  1361623040 ->    1560149 B  delta against 900 (depth 2)  523 MB/s  linux-6.1.137.tar
   902  1361643520 ->    1580063 B  delta against 901 (depth 3)  403 MB/s  linux-6.1.138.tar
   903  1361674240 ->    1596694 B  delta against 902 (depth 4)  526 MB/s  linux-6.1.139.tar
   904  1358796800 ->   26784889 B  delta against 759 (depth 1)  384 MB/s  linux-6.1.14.tar
   905  1361694720 ->    5370655 B  delta against 904 (depth 2)  522 MB/s  linux-6.1.140.tar
   906  1361756160 ->    1613522 B  delta against 905 (depth 3)  507 MB/s  linux-6.1.141.tar
   907  1361827840 ->    1713421 B  delta against 906 (depth 4)  526 MB/s  linux-6.1.142.tar
   908  1361807360 ->   28865995 B  delta against 759 (depth 1)  375 MB/s  linux-6.1.143.tar
   909  1361827840 ->    1625932 B  delta against 908 (depth 2)  531 MB/s  linux-6.1.144.tar
   910  1361827840 ->    1589775 B  delta against 909 (depth 3)  509 MB/s  linux-6.1.145.tar
   911  1361838080 ->    1554398 B  delta against 910 (depth 4)  529 MB/s  linux-6.1.146.tar
   912  1361838080 ->   28817529 B  delta against 759 (depth 1)  385 MB/s  linux-6.1.147.tar
   913  1361879040 ->    1658746 B  delta against 912 (depth 2)  470 MB/s  linux-6.1.148.tar
   914  1361971200 ->    1630183 B  delta against 913 (depth 3)  372 MB/s  linux-6.1.149.tar
   915  1358807040 ->    5328285 B  delta against 914 (depth 4)  526 MB/s  linux-6.1.15.tar
   916  1361971200 ->   28856628 B  delta against 759 (depth 1)  383 MB/s  linux-6.1.150.tar
   917  1358899200 ->    5242722 B  delta against 916 (depth 2)  521 MB/s  linux-6.1.16.tar
   918  1358899200 ->    1633903 B  delta against 917 (depth 3)  505 MB/s  linux-6.1.17.tar
   919  1358899200 ->    1665120 B  delta against 918 (depth 4)  526 MB/s  linux-6.1.18.tar
   920  1358909440 ->   26582652 B  delta against 759 (depth 1)  386 MB/s  linux-6.1.19.tar
   921  1358510080 ->    3560601 B  delta against 920 (depth 2)  528 MB/s  linux-6.1.2.tar
   922  1358940160 ->    2887116 B  delta against 921 (depth 3)  513 MB/s  linux-6.1.20.tar
   923  1358960640 ->    1661925 B  delta against 922 (depth 4)  531 MB/s  linux-6.1.21.tar
   924  1358981120 ->   26842525 B  delta against 759 (depth 1)  385 MB/s  linux-6.1.22.tar
   925  1359032320 ->    1640586 B  delta against 924 (depth 2)  533 MB/s  linux-6.1.23.tar
   926  1359052800 ->    1633916 B  delta against 925 (depth 3)  482 MB/s  linux-6.1.24.tar
   927  1359073280 ->    1675043 B  delta against 926 (depth 4)  472 MB/s  linux-6.1.25.tar
   928  1359083520 ->   26866083 B  delta against 759 (depth 1)  340 MB/s  linux-6.1.26.tar
   929  1359093760 ->    1674895 B  delta against 928 (depth 2)  529 MB/s  linux-6.1.27.tar
   930  1359144960 ->    1708035 B  delta against 929 (depth 3)  512 MB/s  linux-6.1.28.tar
   931  1359216640 ->    1734159 B  delta against 930 (depth 4)  523 MB/s  linux-6.1.29.tar
   932  1358520320 ->   26987921 B  delta against 759 (depth 1)  375 MB/s  linux-6.1.3.tar
   933  1359278080 ->    3210017 B  delta against 932 (depth 2)  526 MB/s  linux-6.1.30.tar
   934  1359298560 ->    1153487 B  delta against 933 (depth 3)  514 MB/s  linux-6.1.31.tar
   935  1359308800 ->    1685788 B  delta against 934 (depth 4)  531 MB/s  linux-6.1.32.tar
   936  1359349760 ->   26935472 B  delta against 759 (depth 1)  380 MB/s  linux-6.1.33.tar
   937  1359370240 ->    1626061 B  delta against 936 (depth 2)  530 MB/s  linux-6.1.34.tar
   938  1359400960 ->    1607907 B  delta against 937 (depth 3)  514 MB/s  linux-6.1.35.tar
   939  1359441920 ->    1654228 B  delta against 938 (depth 4)  450 MB/s  linux-6.1.36.tar
   940  1359441920 ->   27148070 B  delta against 759 (depth 1)  380 MB/s  linux-6.1.37.tar
   941  1359441920 ->    1525697 B  delta against 940 (depth 2)  533 MB/s  linux-6.1.38.tar
   942  1359493120 ->    1663876 B  delta against 941 (depth 3)  433 MB/s  linux-6.1.39.tar
   943  1358571520 ->    4208755 B  delta against 942 (depth 4)  527 MB/s  linux-6.1.4.tar
   944  1359513600 ->   27152513 B  delta against 759 (depth 1)  385 MB/s  linux-6.1.40.tar
   945  1359513600 ->    1605360 B  delta against 944 (depth 2)  532 MB/s  linux-6.1.41.tar
   946  1359554560 ->    1670453 B  delta against 945 (depth 3)  515 MB/s  linux-6.1.42.tar
   947  1359605760 ->    1619252 B  delta against 946 (depth 4)  531 MB/s  linux-6.1.43.tar
   948  1359626240 ->   27093786 B  delta against 759 (depth 1)  368 MB/s  linux-6.1.44.tar
   949  1359656960 ->    1616809 B  delta against 948 (depth 2)  530 MB/s  linux-6.1.45.tar
   950  1359697920 ->    1672154 B  delta against 949 (depth 3)  494 MB/s  linux-6.1.46.tar
   951  1359728640 ->    1670217 B  delta against 950 (depth 4)  529 MB/s  linux-6.1.47.tar
   952  1359728640 ->   27094006 B  delta against 759 (depth 1)  379 MB/s  linux-6.1.48.tar
   953  1359728640 ->    1628354 B  delta against 952 (depth 2)  439 MB/s  linux-6.1.49.tar
   954  1358612480 ->    4426023 B  delta against 953 (depth 3)  510 MB/s  linux-6.1.5.tar
   955  1359738880 ->    3707053 B  delta against 954 (depth 4)  530 MB/s  linux-6.1.50.tar
   956  1359738880 ->   27111222 B  delta against 759 (depth 1)  369 MB/s  linux-6.1.51.tar
   957  1359738880 ->    1542126 B  delta against 956 (depth 2)  535 MB/s  linux-6.1.52.tar
   958  1359820800 ->    1720907 B  delta against 957 (depth 3)  518 MB/s  linux-6.1.53.tar
   959  1359841280 ->    1593793 B  delta against 958 (depth 4)  533 MB/s  linux-6.1.54.tar
   960  1359831040 ->   27147351 B  delta against 759 (depth 1)  368 MB/s  linux-6.1.55.tar
   961  1359861760 ->    1606914 B  delta against 960 (depth 2)  532 MB/s  linux-6.1.56.tar
   962  1359892480 ->    1663725 B  delta against 961 (depth 3)  510 MB/s  linux-6.1.57.tar
   963  1359892480 ->    1599428 B  delta against 962 (depth 4)  529 MB/s  linux-6.1.58.tar
   964  1359912960 ->   27153865 B  delta against 759 (depth 1)  334 MB/s  linux-6.1.59.tar
   965  1358612480 ->    4412802 B  delta against 964 (depth 2)  527 MB/s  linux-6.1.6.tar
   966  1359953920 ->    3940021 B  delta against 965 (depth 3)  510 MB/s  linux-6.1.60.tar
   967  1359964160 ->    1066696 B  delta against 966 (depth 4)  532 MB/s  linux-6.1.61.tar
   968  1359974400 ->   27214812 B  delta against 759 (depth 1)  372 MB/s  linux-6.1.62.tar
   969  1360046080 ->    1702199 B  delta against 968 (depth 2)  529 MB/s  linux-6.1.63.tar
   970  1360107520 ->    1645264 B  delta against 969 (depth 3)  505 MB/s  linux-6.1.64.tar
   971  1360117760 ->    1569300 B  delta against 970 (depth 4)  527 MB/s  linux-6.1.65.tar
   972  1360138240 ->   27259349 B  delta against 759 (depth 1)  379 MB/s  linux-6.1.66.tar
   973  1360138240 ->    1584419 B  delta against 972 (depth 2)  526 MB/s  linux-6.1.67.tar
   974  1360168960 ->    1617973 B  delta against 973 (depth 3)  513 MB/s  linux-6.1.68.tar
   975  1360199680 ->    1612835 B  delta against 974 (depth 4)  445 MB/s  linux-6.1.69.tar
   976  1358632960 ->   27017041 B  delta against 759 (depth 1)  371 MB/s  linux-6.1.7.tar
   977  1360209920 ->    4111745 B  delta against 976 (depth 2)  382 MB/s  linux-6.1.70.tar
   978  1360230400 ->    1607390 B  delta against 977 (depth 3)  511 MB/s  linux-6.1.71.tar
   979  1360261120 ->    1665446 B  delta against 978 (depth 4)  527 MB/s  linux-6.1.72.tar
   980  1360261120 ->   27240170 B  delta against 759 (depth 1)  372 MB/s  linux-6.1.73.tar
   981  1360271360 ->    1580030 B  delta against 980 (depth 2)  524 MB/s  linux-6.1.74.tar
   982  1360302080 ->    1607116 B  delta against 981 (depth 3)  510 MB/s  linux-6.1.75.tar
   983  1360332800 ->    1585726 B  delta against 982 (depth 4)  530 MB/s  linux-6.1.76.tar
   984  1360353280 ->   27060614 B  delta against 759 (depth 1)  361 MB/s  linux-6.1.77.tar
   985  1360363520 ->    1594719 B  delta against 984 (depth 2)  530 MB/s  linux-6.1.78.tar
   986  1360404480 ->    1655644 B  delta against 985 (depth 3)  511 MB/s  linux-6.1.79.tar
   987  1358663680 ->    4777901 B  delta against 986 (depth 4)  529 MB/s  linux-6.1.8.tar
   988  1360343040 ->   27379233 B  delta against 759 (depth 1)  384 MB/s  linux-6.1.80.tar
   989  1360394240 ->    1681077 B  delta against 988 (depth 2)  455 MB/s  linux-6.1.81.tar
   990  1360414720 ->    1578826 B  delta against 989 (depth 3)  514 MB/s  linux-6.1.82.tar
   991  1360455680 ->    1628910 B  delta against 990 (depth 4)  454 MB/s  linux-6.1.83.tar
   992  1360506880 ->   27511031 B  delta against 759 (depth 1)  369 MB/s  linux-6.1.84.tar
   993  1360537600 ->    1656735 B  delta against 992 (depth 2)  417 MB/s  linux-6.1.85.tar
   994  1360558080 ->    1637808 B  delta against 993 (depth 3)  513 MB/s  linux-6.1.86.tar
   995  1360568320 ->    1609475 B  delta against 994 (depth 4)  526 MB/s  linux-6.1.87.tar
   996  1360588800 ->   27523727 B  delta against 759 (depth 1)  386 MB/s  linux-6.1.88.tar
   997  1360588800 ->    1591770 B  delta against 996 (depth 2)  517 MB/s  linux-6.1.89.tar
   998  1358704640 ->    4743167 B  delta against 997 (depth 3)  511 MB/s  linux-6.1.9.tar
   999  1360599040 ->    4439377 B  delta against 998 (depth 4)  524 MB/s  linux-6.1.90.tar
  1000  1360629760 ->   27552902 B  delta against 759 (depth 1)  373 MB/s  linux-6.1.91.tar
  1001  1360650240 ->    1573124 B  delta against 1000 (depth 2)  516 MB/s  linux-6.1.92.tar
  1002  1360711680 ->    1703272 B  delta against 1001 (depth 3)  428 MB/s  linux-6.1.93.tar
  1003  1360721920 ->    1646836 B  delta against 1002 (depth 4)  530 MB/s  linux-6.1.94.tar
  1004  1360732160 ->   27597382 B  delta against 759 (depth 1)  370 MB/s  linux-6.1.95.tar
  1005  1360752640 ->    1643595 B  delta against 1004 (depth 2)  529 MB/s  linux-6.1.96.tar
  1006  1360762880 ->    1630933 B  delta against 1005 (depth 3)  506 MB/s  linux-6.1.97.tar
  1007  1360783360 ->    1646784 B  delta against 1006 (depth 4)  530 MB/s  linux-6.1.98.tar
  1008  1360783360 ->   27611166 B  delta against 759 (depth 1)  385 MB/s  linux-6.1.99.tar
  1009  1419100160 ->   20661052 B  delta against 1008 (depth 2)  507 MB/s  linux-6.6.1.tar
  1010  1419335680 ->    2956448 B  delta against 1009 (depth 3)  516 MB/s  linux-6.6.10.tar
  1011  1421895680 ->    4766645 B  delta against 1010 (depth 4)  534 MB/s  linux-6.6.100.tar
  1012  1421905920 ->   42424369 B  delta against 759 (depth 1)  387 MB/s  linux-6.6.101.tar
  1013  1421946880 ->    1810045 B  delta against 1012 (depth 2)  422 MB/s  linux-6.6.102.tar
  1014  1422039040 ->    1806581 B  delta against 1013 (depth 3)  519 MB/s  linux-6.6.103.tar
  1015  1422049280 ->    1308215 B  delta against 1014 (depth 4)  537 MB/s  linux-6.6.104.tar
  1016  1422069760 ->   42482644 B  delta against 759 (depth 1)  388 MB/s  linux-6.6.105.tar
  1017  1422080000 ->    1815725 B  delta against 1016 (depth 2)  536 MB/s  linux-6.6.106.tar
  1018  1422100480 ->    1756285 B  delta against 1017 (depth 3)  517 MB/s  linux-6.6.107.tar
  1019  1422100480 ->    1859926 B  delta against 1018 (depth 4)  539 MB/s  linux-6.6.108.tar
  1020  1422120960 ->   42413996 B  delta against 759 (depth 1)  377 MB/s  linux-6.6.109.tar
  1021  1419356160 ->    5330830 B  delta against 1020 (depth 2)  513 MB/s  linux-6.6.11.tar
  1022  1422131200 ->    5135311 B  delta against 1021 (depth 3)  509 MB/s  linux-6.6.110.tar
  1023  1422131200 ->    1784291 B  delta against 1022 (depth 4)  539 MB/s  linux-6.6.111.tar
  1024  1422151680 ->   42453275 B  delta against 759 (depth 1)  341 MB/s  linux-6.6.112.tar
  1025  1422172160 ->    1794558 B  delta against 1024 (depth 2)  516 MB/s  linux-6.6.113.tar
  1026  1422192640 ->    1845161 B  delta against 1025 (depth 3)  514 MB/s  linux-6.6.114.tar
  1027  1422202880 ->    1815273 B  delta against 1026 (depth 4)  535 MB/s  linux-6.6.115.tar
  1028  1422213120 ->   42433527 B  delta against 759 (depth 1)  378 MB/s  linux-6.6.116.tar
  1029  1422295040 ->    1415092 B  delta against 1028 (depth 2)  532 MB/s  linux-6.6.117.tar
  1030  1422305280 ->    1773929 B  delta against 1029 (depth 3)  513 MB/s  linux-6.6.118.tar
  1031  1421424640 ->    2047130 B  delta against 1030 (depth 4)  537 MB/s  linux-6.6.119.tar
  1032  1419356160 ->   40750768 B  delta against 759 (depth 1)  337 MB/s  linux-6.6.12.tar
  1033  1421496320 ->    5368573 B  delta against 1032 (depth 2)  521 MB/s  linux-6.6.120.tar
  1034  1421516800 ->    1728997 B  delta against 1033 (depth 3)  514 MB/s  linux-6.6.121.tar
  1035  1421547520 ->    1806876 B  delta against 1034 (depth 4)  535 MB/s  linux-6.6.122.tar
  1036  1421547520 ->   42422637 B  delta against 759 (depth 1)  362 MB/s  linux-6.6.123.tar
  1037  1421557760 ->    1705453 B  delta against 1036 (depth 2)  541 MB/s  linux-6.6.124.tar
  1038  1421557760 ->    1738774 B  delta against 1037 (depth 3)  468 MB/s  linux-6.6.125.tar
  1039  1421557760 ->    1708150 B  delta against 1038 (depth 4)  478 MB/s  linux-6.6.126.tar
  1040  1421568000 ->   42416395 B  delta against 759 (depth 1)  366 MB/s  linux-6.6.127.tar
  1041  1421731840 ->    1828891 B  delta against 1040 (depth 2)  522 MB/s  linux-6.6.128.tar
  1042  1421731840 ->    1792872 B  delta against 1041 (depth 3)  506 MB/s  linux-6.6.129.tar
  1043  1419376640 ->    5907644 B  delta against 1042 (depth 4)  417 MB/s  linux-6.6.13.tar
  1044  1421834240 ->   42901221 B  delta against 759 (depth 1)  384 MB/s  linux-6.6.130.tar
  1045  1421875200 ->    1746291 B  delta against 1044 (depth 2)  520 MB/s  linux-6.6.131.tar
  1046  1421864960 ->    1714350 B  delta against 1045 (depth 3)  519 MB/s  linux-6.6.132.tar
  1047  1421864960 ->    1712943 B  delta against 1046 (depth 4)  536 MB/s  linux-6.6.133.tar
  1048  1421895680 ->   42901737 B  delta against 759 (depth 1)  390 MB/s  linux-6.6.134.tar
  1049  1421905920 ->    1693358 B  delta against 1048 (depth 2)  522 MB/s  linux-6.6.135.tar
  1050  1421926400 ->    1733410 B  delta against 1049 (depth 3)  519 MB/s  linux-6.6.136.tar
  1051  1421926400 ->    1759783 B  delta against 1050 (depth 4)  535 MB/s  linux-6.6.137.tar
  1052  1421926400 ->   42927900 B  delta against 759 (depth 1)  367 MB/s  linux-6.6.138.tar
  1053  1421926400 ->    1794445 B  delta against 1052 (depth 2)  500 MB/s  linux-6.6.139.tar
  1054  1419427840 ->    5931999 B  delta against 1053 (depth 3)  437 MB/s  linux-6.6.14.tar
  1055  1421998080 ->    5623332 B  delta against 1054 (depth 4)  458 MB/s  linux-6.6.140.tar
  1056  1422059520 ->   43033198 B  delta against 759 (depth 1)  375 MB/s  linux-6.6.141.tar
  1057  1422090240 ->    1862154 B  delta against 1056 (depth 2)  428 MB/s  linux-6.6.142.tar
  1058  1422172160 ->    1853329 B  delta against 1057 (depth 3)  515 MB/s  linux-6.6.143.tar
  1059  1422202880 ->    1859586 B  delta against 1058 (depth 4)  537 MB/s  linux-6.6.144.tar
  1060  1422387200 ->   43056218 B  delta against 759 (depth 1)  362 MB/s  linux-6.6.145.tar
  1061  1422387200 ->    1683629 B  delta against 1060 (depth 2)  537 MB/s  linux-6.6.146.tar
  1062  1422387200 ->    1756754 B  delta against 1061 (depth 3)  519 MB/s  linux-6.6.147.tar
  1063  1422458880 ->    1801554 B  delta against 1062 (depth 4)  536 MB/s  linux-6.6.148.tar
  1064  1422469120 ->   43064786 B  delta against 759 (depth 1)  366 MB/s  linux-6.6.149.tar
  1065  1419530240 ->    5855471 B  delta against 1064 (depth 2)  443 MB/s  linux-6.6.15.tar
  1066  1422469120 ->    5949100 B  delta against 1065 (depth 3)  512 MB/s  linux-6.6.150.tar
  1067  1419581440 ->    5784835 B  delta against 1066 (depth 4)  531 MB/s  linux-6.6.16.tar
  1068  1419591680 ->   40834491 B  delta against 759 (depth 1)  366 MB/s  linux-6.6.17.tar
  1069  1419622400 ->    1755949 B  delta against 1068 (depth 2)  538 MB/s  linux-6.6.18.tar
  1070  1419673600 ->    1841133 B  delta against 1069 (depth 3)  521 MB/s  linux-6.6.19.tar
  1071  1419171840 ->    3923845 B  delta against 1070 (depth 4)  535 MB/s  linux-6.6.2.tar
  1072  1419673600 ->   40736960 B  delta against 759 (depth 1)  363 MB/s  linux-6.6.20.tar
  1073  1419704320 ->    1804234 B  delta against 1072 (depth 2)  530 MB/s  linux-6.6.21.tar
  1074  1419724800 ->    1760729 B  delta against 1073 (depth 3)  516 MB/s  linux-6.6.22.tar
  1075  1419714560 ->    1825833 B  delta against 1074 (depth 4)  533 MB/s  linux-6.6.23.tar
  1076  1419776000 ->   40911489 B  delta against 759 (depth 1)  319 MB/s  linux-6.6.24.tar
  1077  1419765760 ->    1769200 B  delta against 1076 (depth 2)  521 MB/s  linux-6.6.25.tar
  1078  1419827200 ->    1829689 B  delta against 1077 (depth 3)  518 MB/s  linux-6.6.26.tar
  1079  1419847680 ->    1795651 B  delta against 1078 (depth 4)  531 MB/s  linux-6.6.27.tar
  1080  1419868160 ->   40900724 B  delta against 759 (depth 1)  368 MB/s  linux-6.6.28.tar
  1081  1419909120 ->    1782726 B  delta against 1080 (depth 2)  527 MB/s  linux-6.6.29.tar
  1082  1419264000 ->    4316139 B  delta against 1081 (depth 3)  511 MB/s  linux-6.6.3.tar
  1083  1419929600 ->    3456987 B  delta against 1082 (depth 4)  535 MB/s  linux-6.6.30.tar
  1084  1419980800 ->   41100089 B  delta against 759 (depth 1)  390 MB/s  linux-6.6.31.tar
  1085  1420042240 ->    1768144 B  delta against 1084 (depth 2)  535 MB/s  linux-6.6.32.tar
  1086  1420113920 ->    1929388 B  delta against 1085 (depth 3)  519 MB/s  linux-6.6.33.tar
  1087  1420144640 ->    1754465 B  delta against 1086 (depth 4)  449 MB/s  linux-6.6.34.tar
  1088  1420195840 ->   40996171 B  delta against 759 (depth 1)  381 MB/s  linux-6.6.35.tar
  1089  1420216320 ->    1818031 B  delta against 1088 (depth 2)  536 MB/s  linux-6.6.36.tar
  1090  1420236800 ->    1764750 B  delta against 1089 (depth 3)  520 MB/s  linux-6.6.37.tar
  1091  1420236800 ->    1723478 B  delta against 1090 (depth 4)  537 MB/s  linux-6.6.38.tar
  1092  1420257280 ->   41212564 B  delta against 759 (depth 1)  383 MB/s  linux-6.6.39.tar
  1093  1419223040 ->    4817168 B  delta against 1092 (depth 2)  522 MB/s  linux-6.6.4.tar
  1094  1420257280 ->    3750480 B  delta against 1093 (depth 3)  522 MB/s  linux-6.6.40.tar
  1095  1420277760 ->    1798327 B  delta against 1094 (depth 4)  538 MB/s  linux-6.6.41.tar
  1096  1420298240 ->   41186085 B  delta against 759 (depth 1)  382 MB/s  linux-6.6.42.tar
  1097  1420298240 ->    1728526 B  delta against 1096 (depth 2)  531 MB/s  linux-6.6.43.tar
  1098  1420359680 ->    1830652 B  delta against 1097 (depth 3)  390 MB/s  linux-6.6.44.tar
  1099  1420390400 ->    1800826 B  delta against 1098 (depth 4)  477 MB/s  linux-6.6.45.tar
  1100  1420410880 ->   41289337 B  delta against 759 (depth 1)  384 MB/s  linux-6.6.46.tar
  1101  1420421120 ->    1198479 B  delta against 1100 (depth 2)  539 MB/s  linux-6.6.47.tar
  1102  1420482560 ->    1849921 B  delta against 1101 (depth 3)  519 MB/s  linux-6.6.48.tar
  1103  1420503040 ->    1758661 B  delta against 1102 (depth 4)  536 MB/s  linux-6.6.49.tar
  1104  1419243520 ->   41070596 B  delta against 759 (depth 1)  376 MB/s  linux-6.6.5.tar
  1105  1420533760 ->    3976074 B  delta against 1104 (depth 2)  532 MB/s  linux-6.6.50.tar
  1106  1420564480 ->    1830315 B  delta against 1105 (depth 3)  522 MB/s  linux-6.6.51.tar
  1107  1420584960 ->    1726318 B  delta against 1106 (depth 4)  538 MB/s  linux-6.6.52.tar
  1108  1420584960 ->   41286762 B  delta against 759 (depth 1)  336 MB/s  linux-6.6.53.tar
  1109  1420677120 ->    1839628 B  delta against 1108 (depth 2)  528 MB/s  linux-6.6.54.tar
  1110  1420687360 ->    1845645 B  delta against 1109 (depth 3)  452 MB/s  linux-6.6.55.tar
  1111  1420687360 ->    1734852 B  delta against 1110 (depth 4)  534 MB/s  linux-6.6.56.tar
  1112  1420738560 ->   41363337 B  delta against 759 (depth 1)  342 MB/s  linux-6.6.57.tar
  1113  1420748800 ->    1800764 B  delta against 1112 (depth 2)  522 MB/s  linux-6.6.58.tar
  1114  1420789760 ->    1747809 B  delta against 1113 (depth 3)  509 MB/s  linux-6.6.59.tar
  1115  1419243520 ->    5060663 B  delta against 1114 (depth 4)  530 MB/s  linux-6.6.6.tar
  1116  1420820480 ->   41365230 B  delta against 759 (depth 1)  376 MB/s  linux-6.6.60.tar
  1117  1420830720 ->    1792077 B  delta against 1116 (depth 2)  540 MB/s  linux-6.6.61.tar
  1118  1420840960 ->    1763914 B  delta against 1117 (depth 3)  519 MB/s  linux-6.6.62.tar
  1119  1420851200 ->    1763452 B  delta against 1118 (depth 4)  533 MB/s  linux-6.6.63.tar
  1120  1420953600 ->   41494087 B  delta against 759 (depth 1)  384 MB/s  linux-6.6.64.tar
  1121  1420953600 ->    1748148 B  delta against 1120 (depth 2)  522 MB/s  linux-6.6.65.tar
  1122  1421025280 ->    1869866 B  delta against 1121 (depth 3)  520 MB/s  linux-6.6.66.tar
  1123  1421066240 ->    1815394 B  delta against 1122 (depth 4)  534 MB/s  linux-6.6.67.tar
  1124  1421086720 ->   41515201 B  delta against 759 (depth 1)  341 MB/s  linux-6.6.68.tar
  1125  1421096960 ->    1805063 B  delta against 1124 (depth 2)  529 MB/s  linux-6.6.69.tar
  1126  1419274240 ->    5183285 B  delta against 1125 (depth 3)  508 MB/s  linux-6.6.7.tar
  1127  1421137920 ->    4465223 B  delta against 1126 (depth 4)  533 MB/s  linux-6.6.70.tar
  1128  1421137920 ->   41585403 B  delta against 759 (depth 1)  383 MB/s  linux-6.6.71.tar
  1129  1421158400 ->    1804814 B  delta against 1128 (depth 2)  532 MB/s  linux-6.6.72.tar
  1130  1421158400 ->    1749371 B  delta against 1129 (depth 3)  521 MB/s  linux-6.6.73.tar
  1131  1421158400 ->    1772963 B  delta against 1130 (depth 4)  538 MB/s  linux-6.6.74.tar
  1132  1421178880 ->   41608204 B  delta against 759 (depth 1)  390 MB/s  linux-6.6.75.tar
  1133  1421209600 ->    1780922 B  delta against 1132 (depth 2)  536 MB/s  linux-6.6.76.tar
  1134  1421199360 ->    1764731 B  delta against 1133 (depth 3)  519 MB/s  linux-6.6.77.tar
  1135  1421240320 ->    1732588 B  delta against 1134 (depth 4)  431 MB/s  linux-6.6.78.tar
  1136  1421271040 ->   41644163 B  delta against 759 (depth 1)  372 MB/s  linux-6.6.79.tar
  1137  1419294720 ->    5178407 B  delta against 1136 (depth 2)  526 MB/s  linux-6.6.8.tar
  1138  1421291520 ->    4555258 B  delta against 1137 (depth 3)  518 MB/s  linux-6.6.80.tar
  1139  1421342720 ->    1757063 B  delta against 1138 (depth 4)  536 MB/s  linux-6.6.81.tar
  1140  1421342720 ->   41664537 B  delta against 759 (depth 1)  380 MB/s  linux-6.6.82.tar
  1141  1421363200 ->    1710901 B  delta against 1140 (depth 2)  524 MB/s  linux-6.6.83.tar
  1142  1421383680 ->    1740724 B  delta against 1141 (depth 3)  511 MB/s  linux-6.6.84.tar
  1143  1421383680 ->    1786736 B  delta against 1142 (depth 4)  534 MB/s  linux-6.6.85.tar
  1144  1421393920 ->   41658294 B  delta against 759 (depth 1)  365 MB/s  linux-6.6.86.tar
  1145  1421424640 ->    1797755 B  delta against 1144 (depth 2)  530 MB/s  linux-6.6.87.tar
  1146  1421496320 ->    1856472 B  delta against 1145 (depth 3)  516 MB/s  linux-6.6.88.tar
  1147  1421527040 ->    1747826 B  delta against 1146 (depth 4)  428 MB/s  linux-6.6.89.tar
  1148  1419325440 ->   41074841 B  delta against 759 (depth 1)  383 MB/s  linux-6.6.9.tar
  1149  1421557760 ->    4732074 B  delta against 1148 (depth 2)  524 MB/s  linux-6.6.90.tar
  1150  1421598720 ->    1781827 B  delta against 1149 (depth 3)  517 MB/s  linux-6.6.91.tar
  1151  1421619200 ->    1780693 B  delta against 1150 (depth 4)  537 MB/s  linux-6.6.92.tar
  1152  1421721600 ->   41935835 B  delta against 759 (depth 1)  384 MB/s  linux-6.6.93.tar
  1153  1421762560 ->    1825448 B  delta against 1152 (depth 2)  527 MB/s  linux-6.6.94.tar
  1154  1421803520 ->    1837037 B  delta against 1153 (depth 3)  515 MB/s  linux-6.6.95.tar
  1155  1421824000 ->    1731749 B  delta against 1154 (depth 4)  534 MB/s  linux-6.6.96.tar
  1156  1421854720 ->   41945975 B  delta against 759 (depth 1)  390 MB/s  linux-6.6.97.tar
  1157  1421854720 ->    1709579 B  delta against 1156 (depth 2)  544 MB/s  linux-6.6.98.tar
  1158  1421885440 ->    1793529 B  delta against 1157 (depth 3)  522 MB/s  linux-6.6.99.tar
  1159  1094563840 ->  273893471 B  alone  153 MB/s  noble-20260705-root.tar
  1160  1100840960 ->   24335111 B  delta against 1159 (depth 1)  72 MB/s  noble-20260725-root.tar
  1161  1101649920 ->    1875832 B  delta against 1160 (depth 2)  123 MB/s  noble-20260801-root.tar
  1162  1103564800 ->    3010680 B  delta against 1161 (depth 3)  124 MB/s  noble-20260814-root.tar
  1163  1106350080 ->   11682386 B  delta against 1162 (depth 4)  115 MB/s  noble-20260826-root.tar
  1164  1108172800 ->   28976394 B  delta against 1159 (depth 1)  92 MB/s  noble-20260911-root.tar
  1165   210550862 ->   16210348 B  alone  14 MB/s  simplewiki-20260101-categorylinks.sql
  1166   104921917 ->   22623147 B  alone  95 MB/s  simplewiki-20260101-page.sql
  1167    38669242 ->    7371808 B  alone  5 MB/s  simplewiki-20260101-page_props.sql
  1168   211452005 ->     725699 B  delta against 1165 (depth 1)  219 MB/s  simplewiki-20260201-categorylinks.sql
  1169   105387405 ->    2891275 B  delta against 1166 (depth 1)  52 MB/s  simplewiki-20260201-page.sql
  1170    38844912 ->      86270 B  delta against 1167 (depth 1)  175 MB/s  simplewiki-20260201-page_props.sql
  1171   212162498 ->     397518 B  delta against 1168 (depth 2)  394 MB/s  simplewiki-20260301-categorylinks.sql
  1172   105726546 ->    1417817 B  delta against 1169 (depth 2)  123 MB/s  simplewiki-20260301-page.sql
  1173    38974088 ->      68524 B  delta against 1170 (depth 2)  79 MB/s  simplewiki-20260301-page_props.sql
  1174   213020252 ->     373066 B  delta against 1171 (depth 3)  251 MB/s  simplewiki-20260401-categorylinks.sql
  1175   106129750 ->    1814112 B  delta against 1172 (depth 3)  116 MB/s  simplewiki-20260401-page.sql
  1176    39109894 ->      67701 B  delta against 1173 (depth 3)  80 MB/s  simplewiki-20260401-page_props.sql
  1177   213871696 ->    1211826 B  delta against 1174 (depth 4)  382 MB/s  simplewiki-20260501-categorylinks.sql
  1178   106549838 ->    1785166 B  delta against 1175 (depth 4)  127 MB/s  simplewiki-20260501-page.sql
  1179    39246554 ->      72311 B  delta against 1176 (depth 4)  82 MB/s  simplewiki-20260501-page_props.sql
  1180   214699332 ->    2548913 B  delta against 1165 (depth 1)  389 MB/s  simplewiki-20260601-categorylinks.sql
  1181   106865189 ->    2915969 B  delta against 1175 (depth 4)  54 MB/s  simplewiki-20260601-page.sql
  1182    39458779 ->     150778 B  delta against 1176 (depth 4)  80 MB/s  simplewiki-20260601-page_props.sql
  1183   215903540 ->     481049 B  delta against 1180 (depth 2)  280 MB/s  simplewiki-20260701-categorylinks.sql
  1184   107231286 ->    6041144 B  delta against 1166 (depth 1)  68 MB/s  simplewiki-20260701-page.sql
  1185    39637100 ->     383964 B  delta against 1167 (depth 1)  182 MB/s  simplewiki-20260701-page_props.sql
  1186   217255347 ->     661419 B  delta against 1183 (depth 3)  397 MB/s  simplewiki-20260801-categorylinks.sql
  1187   107562411 ->    2834175 B  delta against 1184 (depth 2)  54 MB/s  simplewiki-20260801-page.sql
  1188    39793839 ->      74308 B  delta against 1185 (depth 2)  80 MB/s  simplewiki-20260801-page_props.sql
  1189   216689785 ->     866416 B  delta against 1186 (depth 4)  394 MB/s  simplewiki-20260901-categorylinks.sql
  1190   107824175 ->    1770829 B  delta against 1187 (depth 3)  236 MB/s  simplewiki-20260901-page.sql
  1191    39925053 ->      70383 B  delta against 1188 (depth 3)  83 MB/s  simplewiki-20260901-page_props.sql
