2026/09/30 08:20:33.982, 345, 2619, 88.29, 33, 0x0000000000000001
2026/09/30 08:20:34.240, 345, 2619, 88.58, 33, 0x0000000000000001
2026/09/30 08:20:34.491, 345, 2619, 88.79, 33, 0x0000000000000001
2026/09/30 08:20:34.741, 345, 2619, 89.16, 33, 0x0000000000000001
2026/09/30 08:20:34.991, 345, 2619, 89.19, 33, 0x0000000000000001
2026/09/30 08:20:35.241, 345, 2619, 89.13, 33, 0x0000000000000001
2026/09/30 08:20:35.491, 345, 2619, 89.05, 33, 0x0000000000000001
2026/09/30 08:20:35.741, 345, 2619, 89.04, 33, 0x0000000000000001
2026/09/30 08:20:35.991, 345, 2619, 89.05, 33, 0x0000000000000001
2026/09/30 08:20:36.242, 345, 2619, 89.04, 33, 0x0000000000000001
2026/09/30 08:20:36.492, 345, 2619, 89.06, 33, 0x0000000000000001
2026/09/30 08:20:36.742, 345, 2619, 89.11, 33, 0x0000000000000001
2026/09/30 08:20:36.992, 345, 2619, 89.16, 33, 0x0000000000000001
2026/09/30 08:20:37.242, 345, 2619, 89.26, 33, 0x0000000000000001
2026/09/30 08:20:37.492, 345, 2619, 89.26, 33, 0x0000000000000001
2026/09/30 08:20:37.743, 345, 2619, 89.12, 33, 0x0000000000000001
2026/09/30 08:20:37.993, 345, 2619, 89.00, 33, 0x0000000000000001
2026/09/30 08:20:38.243, 345, 2619, 88.81, 33, 0x0000000000000001
2026/09/30 08:20:38.493, 345, 2619, 88.81, 33, 0x0000000000000001
2026/09/30 08:20:38.743, 345, 2619, 88.91, 33, 0x0000000000000001
2026/09/30 08:20:38.993, 345, 2619, 88.94, 33, 0x0000000000000001
2026/09/30 08:20:39.244, 345, 2619, 89.14, 33, 0x0000000000000001
2026/09/30 08:20:39.494, 345, 2619, 89.15, 33, 0x0000000000000001
2026/09/30 08:20:39.744, 345, 2619, 89.27, 33, 0x0000000000000001
2026/09/30 08:20:39.994, 345, 2619, 89.39, 33, 0x0000000000000001
2026/09/30 08:20:40.244, 345, 2619, 89.36, 33, 0x0000000000000001
2026/09/30 08:20:40.494, 345, 2619, 89.36, 33, 0x0000000000000001
2026/09/30 08:20:40.744, 345, 2619, 89.38, 33, 0x0000000000000001
2026/09/30 08:20:40.995, 345, 2619, 89.41, 33, 0x0000000000000001
2026/09/30 08:20:41.245, 345, 2619, 89.48, 33, 0x0000000000000001
2026/09/30 08:20:41.495, 345, 2619, 89.64, 33, 0x0000000000000001
2026/09/30 08:20:41.745, 345, 2619, 89.70, 33, 0x0000000000000001
2026/09/30 08:20:41.995, 345, 2619, 89.66, 33, 0x0000000000000001
2026/09/30 08:20:42.245, 345, 2619, 89.80, 33, 0x0000000000000001
2026/09/30 08:20:42.496, 345, 2619, 89.89, 33, 0x0000000000000001
2026/09/30 08:20:42.746, 345, 2619, 89.90, 33, 0x0000000000000001
2026/09/30 08:20:42.996, 345, 2619, 89.97, 33, 0x0000000000000001
2026/09/30 08:20:43.246, 345, 2619, 89.81, 33, 0x0000000000000001
2026/09/30 08:20:43.496, 345, 2619, 89.75, 33, 0x0000000000000001
2026/09/30 08:20:43.746, 345, 2619, 89.80, 33, 0x0000000000000001
2026/09/30 08:20:43.996, 345, 2619, 89.90, 33, 0x0000000000000001
2026/09/30 08:20:44.246, 345, 2619, 89.97, 33, 0x0000000000000001
2026/09/30 08:20:44.497, 345, 2619, 89.96, 33, 0x0000000000000001
2026/09/30 08:20:44.747, 345, 2619, 90.03, 33, 0x0000000000000001
2026/09/30 08:20:44.997, 345, 2619, 90.08, 33, 0x0000000000000001
2026/09/30 08:20:45.247, 345, 2619, 90.19, 33, 0x0000000000000001
2026/09/30 08:20:45.497, 345, 2619, 90.38, 33, 0x0000000000000001
2026/09/30 08:20:45.747, 345, 2619, 90.84, 33, 0x0000000000000001
2026/09/30 08:20:45.997, 345, 2619, 90.89, 33, 0x0000000000000001
2026/09/30 08:20:46.248, 345, 2619, 91.02, 33, 0x0000000000000001
2026/09/30 08:20:46.498, 345, 2619, 90.97, 33, 0x0000000000000001
2026/09/30 08:20:46.748, 345, 2619, 90.73, 33, 0x0000000000000001
2026/09/30 08:20:46.998, 345, 2619, 90.80, 33, 0x0000000000000001
2026/09/30 08:20:47.248, 345, 2619, 90.84, 33, 0x0000000000000001
2026/09/30 08:20:47.498, 345, 2619, 90.98, 33, 0x0000000000000001
2026/09/30 08:20:47.748, 345, 2619, 90.90, 33, 0x0000000000000001
2026/09/30 08:20:47.999, 345, 2619, 90.95, 33, 0x0000000000000001
2026/09/30 08:20:48.249, 345, 2619, 91.61, 33, 0x0000000000000001
2026/09/30 08:20:48.499, 345, 2619, 92.06, 33, 0x0000000000000001
2026/09/30 08:20:48.749, 345, 2619, 92.46, 33, 0x0000000000000001
2026/09/30 08:20:48.999, 345, 2619, 92.41, 33, 0x0000000000000001
2026/09/30 08:20:49.250, 345, 2619, 91.83, 33, 0x0000000000000001
2026/09/30 08:20:49.500, 345, 2619, 91.04, 33, 0x0000000000000001
2026/09/30 08:20:49.750, 345, 2619, 90.31, 33, 0x0000000000000001
2026/09/30 08:20:50.000, 345, 2619, 89.98, 33, 0x0000000000000001
2026/09/30 08:20:50.250, 345, 2619, 89.47, 33, 0x0000000000000001
2026/09/30 08:20:50.501, 345, 2619, 89.56, 33, 0x0000000000000001
2026/09/30 08:20:50.751, 345, 2619, 89.68, 33, 0x0000000000000001
2026/09/30 08:20:51.001, 345, 2619, 89.76, 33, 0x0000000000000001
2026/09/30 08:20:51.251, 345, 2619, 89.88, 33, 0x0000000000000001
2026/09/30 08:20:51.501, 345, 2619, 89.79, 33, 0x0000000000000001
2026/09/30 08:20:51.751, 345, 2619, 89.75, 33, 0x0000000000000001
2026/09/30 08:20:52.002, 345, 2619, 90.12, 33, 0x0000000000000001
2026/09/30 08:20:52.252, 345, 2619, 90.73, 33, 0x0000000000000001
2026/09/30 08:20:52.502, 345, 2619, 91.09, 33, 0x0000000000000001
2026/09/30 08:20:52.752, 345, 2619, 91.64, 33, 0x0000000000000001
2026/09/30 08:20:53.002, 345, 2619, 91.35, 33, 0x0000000000000001
2026/09/30 08:20:53.253, 345, 2619, 91.12, 33, 0x0000000000000001
2026/09/30 08:20:53.503, 345, 2619, 91.07, 33, 0x0000000000000001
2026/09/30 08:20:53.753, 345, 2619, 90.56, 33, 0x0000000000000001
2026/09/30 08:20:54.003, 345, 2619, 90.80, 33, 0x0000000000000001
2026/09/30 08:20:54.253, 345, 2619, 90.41, 33, 0x0000000000000001
2026/09/30 08:20:54.504, 345, 2619, 90.15, 33, 0x0000000000000001
2026/09/30 08:20:54.754, 345, 2619, 90.07, 33, 0x0000000000000001
2026/09/30 08:20:55.004, 345, 2619, 90.20, 33, 0x0000000000000001
2026/09/30 08:20:55.254, 345, 2619, 90.64, 33, 0x0000000000000001
2026/09/30 08:20:55.504, 345, 2619, 90.95, 33, 0x0000000000000001
2026/09/30 08:20:55.755, 345, 2619, 91.19, 33, 0x0000000000000001
2026/09/30 08:20:56.005, 345, 2619, 91.00, 33, 0x0000000000000001
2026/09/30 08:20:56.255, 345, 2619, 90.39, 33, 0x0000000000000001
2026/09/30 08:20:56.505, 345, 2619, 90.08, 33, 0x0000000000000001
2026/09/30 08:20:56.755, 345, 2619, 89.68, 33, 0x0000000000000001
2026/09/30 08:20:57.006, 345, 2619, 89.65, 33, 0x0000000000000001
2026/09/30 08:20:57.256, 345, 2619, 89.91, 33, 0x0000000000000001
2026/09/30 08:20:57.506, 345, 2619, 89.94, 33, 0x0000000000000001
2026/09/30 08:20:57.756, 345, 2619, 90.11, 33, 0x0000000000000001
2026/09/30 08:20:58.006, 345, 2619, 90.01, 33, 0x0000000000000001
2026/09/30 08:20:58.256, 345, 2619, 89.87, 33, 0x0000000000000001
2026/09/30 08:20:58.507, 345, 2619, 89.87, 33, 0x0000000000000001
2026/09/30 08:20:58.757, 345, 2619, 89.53, 33, 0x0000000000000001
2026/09/30 08:20:59.007, 345, 2619, 89.42, 33, 0x0000000000000001
2026/09/30 08:20:59.257, 345, 2619, 89.20, 33, 0x0000000000000001
2026/09/30 08:20:59.507, 345, 2619, 89.16, 33, 0x0000000000000001
2026/09/30 08:20:59.757, 345, 2619, 90.05, 33, 0x0000000000000001
2026/09/30 08:21:00.007, 345, 2619, 90.41, 33, 0x0000000000000001
2026/09/30 08:21:00.258, 345, 2619, 90.91, 33, 0x0000000000000001
2026/09/30 08:21:00.508, 345, 2619, 90.94, 33, 0x0000000000000001
2026/09/30 08:21:00.758, 345, 2619, 90.23, 33, 0x0000000000000001
2026/09/30 08:21:01.008, 345, 2619, 89.89, 33, 0x0000000000000001
2026/09/30 08:21:01.258, 345, 2619, 89.48, 33, 0x0000000000000001
2026/09/30 08:21:01.508, 345, 2619, 89.50, 33, 0x0000000000000001
2026/09/30 08:21:01.758, 345, 2619, 89.36, 33, 0x0000000000000001
2026/09/30 08:21:02.008, 345, 2619, 89.35, 33, 0x0000000000000001
2026/09/30 08:21:02.259, 345, 2619, 89.25, 33, 0x0000000000000001
2026/09/30 08:21:02.509, 345, 2619, 89.23, 33, 0x0000000000000001
2026/09/30 08:21:02.759, 345, 2619, 89.31, 33, 0x0000000000000001
2026/09/30 08:21:03.009, 345, 2619, 89.36, 33, 0x0000000000000001
2026/09/30 08:21:03.259, 345, 2619, 89.43, 33, 0x0000000000000001
2026/09/30 08:21:03.509, 345, 2619, 89.47, 33, 0x0000000000000001
2026/09/30 08:21:03.759, 345, 2619, 89.54, 33, 0x0000000000000001
2026/09/30 08:21:04.010, 345, 2619, 89.58, 33, 0x0000000000000001
2026/09/30 08:21:04.260, 345, 2619, 89.76, 33, 0x0000000000000001
2026/09/30 08:21:04.510, 345, 2619, 89.85, 33, 0x0000000000000001
2026/09/30 08:21:04.760, 345, 2619, 90.00, 33, 0x0000000000000001
2026/09/30 08:21:05.010, 345, 2619, 90.09, 33, 0x0000000000000001
2026/09/30 08:21:05.260, 345, 2619, 90.22, 33, 0x0000000000000001
2026/09/30 08:21:05.510, 345, 2619, 90.36, 33, 0x0000000000000001
2026/09/30 08:21:05.760, 345, 2619, 90.32, 33, 0x0000000000000001
2026/09/30 08:21:06.011, 345, 2619, 90.49, 33, 0x0000000000000001
2026/09/30 08:21:06.261, 345, 2619, 91.08, 33, 0x0000000000000001
2026/09/30 08:21:06.511, 345, 2619, 91.30, 33, 0x0000000000000001
2026/09/30 08:21:06.761, 345, 2619, 91.73, 33, 0x0000000000000001
2026/09/30 08:21:07.011, 345, 2619, 91.69, 33, 0x0000000000000001
2026/09/30 08:21:07.261, 345, 2619, 91.43, 33, 0x0000000000000001
2026/09/30 08:21:07.512, 345, 2619, 91.38, 33, 0x0000000000000001
2026/09/30 08:21:07.762, 345, 2619, 91.38, 33, 0x0000000000000001
2026/09/30 08:21:08.012, 345, 2619, 91.74, 33, 0x0000000000000001
2026/09/30 08:21:08.262, 345, 2619, 91.91, 33, 0x0000000000000001
2026/09/30 08:21:08.512, 345, 2619, 92.01, 33, 0x0000000000000001
2026/09/30 08:21:08.762, 345, 2619, 92.03, 33, 0x0000000000000001
2026/09/30 08:21:09.013, 345, 2619, 91.93, 33, 0x0000000000000001
2026/09/30 08:21:09.263, 345, 2619, 92.13, 33, 0x0000000000000001
2026/09/30 08:21:09.513, 345, 2619, 92.17, 33, 0x0000000000000001
2026/09/30 08:21:09.763, 345, 2619, 92.40, 33, 0x0000000000000001
2026/09/30 08:21:10.013, 345, 2619, 92.55, 33, 0x0000000000000001
2026/09/30 08:21:10.263, 345, 2619, 92.64, 33, 0x0000000000000001
2026/09/30 08:21:10.513, 345, 2619, 92.63, 33, 0x0000000000000001
2026/09/30 08:21:10.764, 345, 2619, 92.80, 33, 0x0000000000000001
2026/09/30 08:21:11.014, 345, 2619, 92.71, 33, 0x0000000000000001
2026/09/30 08:21:11.264, 345, 2619, 92.41, 33, 0x0000000000000001
2026/09/30 08:21:11.514, 345, 2619, 92.28, 33, 0x0000000000000001
2026/09/30 08:21:11.764, 345, 2619, 91.79, 33, 0x0000000000000001
2026/09/30 08:21:12.014, 345, 2619, 91.81, 33, 0x0000000000000001
2026/09/30 08:21:12.265, 345, 2619, 91.98, 33, 0x0000000000000001
2026/09/30 08:21:12.515, 345, 2619, 91.97, 33, 0x0000000000000001
2026/09/30 08:21:12.765, 345, 2619, 92.17, 33, 0x0000000000000001
2026/09/30 08:21:13.015, 345, 2619, 92.09, 33, 0x0000000000000001
2026/09/30 08:21:13.265, 345, 2619, 91.93, 33, 0x0000000000000001
2026/09/30 08:21:13.515, 345, 2619, 92.02, 33, 0x0000000000000001
2026/09/30 08:21:13.766, 345, 2619, 92.05, 33, 0x0000000000000001
2026/09/30 08:21:14.016, 345, 2619, 91.89, 33, 0x0000000000000001
2026/09/30 08:21:14.266, 345, 2619, 91.82, 33, 0x0000000000000001
2026/09/30 08:21:14.516, 345, 2619, 91.67, 33, 0x0000000000000001
2026/09/30 08:21:14.766, 345, 2619, 91.51, 33, 0x0000000000000001
2026/09/30 08:21:15.016, 345, 2619, 91.58, 33, 0x0000000000000001
2026/09/30 08:21:15.267, 345, 2619, 91.83, 33, 0x0000000000000001
2026/09/30 08:21:15.517, 345, 2619, 92.45, 33, 0x0000000000000001
2026/09/30 08:21:15.767, 345, 2619, 93.56, 33, 0x0000000000000001
2026/09/30 08:21:16.017, 345, 2619, 94.19, 33, 0x0000000000000001
2026/09/30 08:21:16.267, 345, 2619, 93.91, 33, 0x0000000000000001
2026/09/30 08:21:16.517, 345, 2619, 92.97, 33, 0x0000000000000001
2026/09/30 08:21:16.768, 345, 2619, 91.36, 33, 0x0000000000000001
2026/09/30 08:21:17.018, 345, 2619, 90.53, 33, 0x0000000000000001
2026/09/30 08:21:17.268, 345, 2619, 90.02, 33, 0x0000000000000001
2026/09/30 08:21:17.518, 345, 2619, 90.05, 33, 0x0000000000000001
2026/09/30 08:21:17.768, 345, 2619, 89.91, 33, 0x0000000000000001
2026/09/30 08:21:18.018, 345, 2619, 89.69, 33, 0x0000000000000001
2026/09/30 08:21:18.269, 345, 2619, 89.63, 33, 0x0000000000000001
2026/09/30 08:21:18.519, 345, 2619, 89.60, 33, 0x0000000000000001
2026/09/30 08:21:18.769, 345, 2619, 89.77, 33, 0x0000000000000001
2026/09/30 08:21:19.019, 345, 2619, 90.28, 33, 0x0000000000000001
2026/09/30 08:21:19.269, 345, 2619, 91.23, 33, 0x0000000000000001
2026/09/30 08:21:19.520, 345, 2619, 91.67, 33, 0x0000000000000001
2026/09/30 08:21:19.770, 345, 2619, 92.20, 33, 0x0000000000000001
2026/09/30 08:21:20.020, 345, 2619, 92.28, 33, 0x0000000000000001
2026/09/30 08:21:20.270, 345, 2619, 92.15, 33, 0x0000000000000001
2026/09/30 08:21:20.520, 345, 2619, 91.90, 33, 0x0000000000000001
2026/09/30 08:21:20.771, 345, 2619, 91.63, 33, 0x0000000000000001
2026/09/30 08:21:21.021, 345, 2619, 91.56, 33, 0x0000000000000001
2026/09/30 08:21:21.271, 345, 2619, 91.06, 33, 0x0000000000000001
2026/09/30 08:21:21.521, 345, 2619, 91.16, 33, 0x0000000000000001
2026/09/30 08:21:21.771, 345, 2619, 91.41, 33, 0x0000000000000001
2026/09/30 08:21:22.022, 345, 2619, 91.30, 33, 0x0000000000000001
2026/09/30 08:21:22.272, 345, 2619, 91.19, 33, 0x0000000000000001
2026/09/30 08:21:22.522, 345, 2619, 90.97, 33, 0x0000000000000001
2026/09/30 08:21:22.772, 345, 2619, 90.72, 33, 0x0000000000000001
2026/09/30 08:21:23.022, 345, 2619, 90.70, 33, 0x0000000000000001
2026/09/30 08:21:23.275, 345, 2619, 90.83, 33, 0x0000000000000001
2026/09/30 08:21:23.525, 345, 2619, 90.98, 33, 0x0000000000000001
2026/09/30 08:21:23.775, 345, 2619, 90.75, 33, 0x0000000000000001
2026/09/30 08:21:24.025, 345, 2619, 90.55, 33, 0x0000000000000001
2026/09/30 08:21:24.276, 345, 2619, 90.45, 33, 0x0000000000000001
2026/09/30 08:21:24.526, 345, 2619, 90.29, 33, 0x0000000000000001
2026/09/30 08:21:24.776, 345, 2619, 90.22, 33, 0x0000000000000001
2026/09/30 08:21:25.026, 345, 2619, 90.17, 33, 0x0000000000000001
2026/09/30 08:21:25.276, 345, 2619, 90.22, 33, 0x0000000000000001
2026/09/30 08:21:25.526, 345, 2619, 90.37, 33, 0x0000000000000001
2026/09/30 08:21:25.777, 345, 2619, 90.46, 33, 0x0000000000000001
2026/09/30 08:21:26.027, 345, 2619, 90.79, 33, 0x0000000000000001
2026/09/30 08:21:26.277, 345, 2619, 90.78, 33, 0x0000000000000001
2026/09/30 08:21:26.527, 345, 2619, 90.48, 33, 0x0000000000000001
2026/09/30 08:21:26.777, 345, 2619, 90.26, 33, 0x0000000000000001
2026/09/30 08:21:27.028, 345, 2619, 89.86, 33, 0x0000000000000001
2026/09/30 08:21:27.278, 345, 2619, 89.54, 33, 0x0000000000000001
2026/09/30 08:21:27.528, 345, 2619, 89.50, 33, 0x0000000000000001
2026/09/30 08:21:27.778, 345, 2619, 90.09, 33, 0x0000000000000001
2026/09/30 08:21:28.028, 345, 2619, 90.59, 33, 0x0000000000000001
2026/09/30 08:21:28.278, 345, 2619, 91.13, 33, 0x0000000000000001
2026/09/30 08:21:28.529, 345, 2619, 91.33, 33, 0x0000000000000001
2026/09/30 08:21:28.779, 345, 2619, 91.46, 33, 0x0000000000000001
2026/09/30 08:21:29.029, 345, 2619, 91.26, 33, 0x0000000000000001
2026/09/30 08:21:29.279, 345, 2619, 91.01, 33, 0x0000000000000001
2026/09/30 08:21:29.529, 345, 2619, 90.99, 33, 0x0000000000000001
2026/09/30 08:21:29.780, 345, 2619, 90.63, 33, 0x0000000000000001
2026/09/30 08:21:30.030, 345, 2619, 90.29, 33, 0x0000000000000001
2026/09/30 08:21:30.280, 345, 2619, 90.03, 33, 0x0000000000000001
2026/09/30 08:21:30.530, 345, 2619, 89.79, 33, 0x0000000000000001
2026/09/30 08:21:30.780, 345, 2619, 89.46, 33, 0x0000000000000001
2026/09/30 08:21:31.031, 345, 2619, 89.43, 33, 0x0000000000000001
2026/09/30 08:21:31.281, 345, 2619, 89.52, 33, 0x0000000000000001
2026/09/30 08:21:31.531, 345, 2619, 90.17, 33, 0x0000000000000001
2026/09/30 08:21:31.781, 345, 2619, 90.81, 33, 0x0000000000000001
2026/09/30 08:21:32.031, 345, 2619, 91.51, 33, 0x0000000000000001
2026/09/30 08:21:32.281, 345, 2619, 91.86, 33, 0x0000000000000001
2026/09/30 08:21:32.532, 345, 2619, 91.33, 33, 0x0000000000000001
2026/09/30 08:21:34.033, 345, 2619, 89.99, 33, 0x0000000000000001
2026/09/30 08:21:34.283, 345, 2619, 90.12, 33, 0x0000000000000001
2026/09/30 08:21:34.533, 345, 2619, 90.42, 33, 0x0000000000000001
2026/09/30 08:21:34.783, 345, 2619, 91.06, 33, 0x0000000000000001
2026/09/30 08:21:35.033, 345, 2619, 91.56, 33, 0x0000000000000001
2026/09/30 08:21:35.284, 345, 2619, 92.06, 33, 0x0000000000000001
2026/09/30 08:21:35.534, 345, 2619, 92.15, 33, 0x0000000000000001
2026/09/30 08:21:35.784, 345, 2619, 92.22, 33, 0x0000000000000001
2026/09/30 08:21:36.034, 345, 2619, 92.34, 33, 0x0000000000000001
2026/09/30 08:21:36.284, 345, 2619, 92.30, 33, 0x0000000000000001
2026/09/30 08:21:36.535, 345, 2619, 92.48, 33, 0x0000000000000001
2026/09/30 08:21:36.785, 345, 2619, 92.79, 33, 0x0000000000000001
2026/09/30 08:21:37.035, 345, 2619, 92.83, 33, 0x0000000000000001
2026/09/30 08:21:37.285, 345, 2619, 93.21, 33, 0x0000000000000001
2026/09/30 08:21:37.535, 345, 2619, 93.45, 33, 0x0000000000000001
2026/09/30 08:21:37.786, 345, 2619, 93.65, 33, 0x0000000000000001
2026/09/30 08:21:38.036, 345, 2619, 94.08, 33, 0x0000000000000001
2026/09/30 08:21:38.286, 345, 2619, 94.42, 33, 0x0000000000000001
2026/09/30 08:21:38.536, 345, 2619, 94.60, 33, 0x0000000000000001
2026/09/30 08:21:38.786, 345, 2619, 94.93, 33, 0x0000000000000001
2026/09/30 08:21:39.036, 345, 2619, 95.05, 33, 0x0000000000000001
2026/09/30 08:21:39.287, 345, 2619, 94.76, 33, 0x0000000000000001
2026/09/30 08:21:39.537, 345, 2619, 94.50, 33, 0x0000000000000001
2026/09/30 08:21:39.787, 345, 2619, 94.29, 33, 0x0000000000000001
2026/09/30 08:21:40.037, 345, 2619, 93.72, 33, 0x0000000000000001
2026/09/30 08:21:40.288, 345, 2619, 93.17, 33, 0x0000000000000001
2026/09/30 08:21:40.538, 345, 2619, 92.59, 33, 0x0000000000000001
2026/09/30 08:21:40.788, 345, 2619, 91.53, 33, 0x0000000000000001
2026/09/30 08:21:41.038, 345, 2619, 91.16, 33, 0x0000000000000001
2026/09/30 08:21:41.288, 345, 2619, 90.82, 33, 0x0000000000000001
2026/09/30 08:21:41.539, 345, 2619, 90.95, 33, 0x0000000000000001
2026/09/30 08:21:41.789, 345, 2619, 91.40, 33, 0x0000000000000001
2026/09/30 08:21:42.039, 345, 2619, 91.51, 33, 0x0000000000000001
2026/09/30 08:21:42.289, 345, 2619, 91.45, 33, 0x0000000000000001
2026/09/30 08:21:42.539, 345, 2619, 91.23, 33, 0x0000000000000001
2026/09/30 08:21:42.789, 345, 2619, 90.46, 33, 0x0000000000000001
2026/09/30 08:21:43.040, 345, 2619, 90.14, 33, 0x0000000000000001
2026/09/30 08:21:43.290, 345, 2619, 89.87, 33, 0x0000000000000001
2026/09/30 08:21:43.540, 345, 2619, 90.30, 33, 0x0000000000000001
2026/09/30 08:21:43.790, 345, 2619, 90.79, 33, 0x0000000000000001
2026/09/30 08:21:44.040, 345, 2619, 90.92, 33, 0x0000000000000001
2026/09/30 08:21:44.291, 345, 2619, 91.20, 33, 0x0000000000000001
2026/09/30 08:21:44.541, 345, 2619, 90.99, 33, 0x0000000000000001
2026/09/30 08:21:44.791, 345, 2619, 90.61, 33, 0x0000000000000001
2026/09/30 08:21:45.041, 345, 2619, 90.58, 33, 0x0000000000000001
2026/09/30 08:21:45.291, 345, 2619, 90.44, 33, 0x0000000000000001
2026/09/30 08:21:45.542, 345, 2619, 90.09, 33, 0x0000000000000001
2026/09/30 08:21:45.792, 345, 2619, 90.05, 33, 0x0000000000000001
2026/09/30 08:21:46.042, 345, 2619, 90.28, 33, 0x0000000000000001
2026/09/30 08:21:46.292, 345, 2619, 90.66, 33, 0x0000000000000001
2026/09/30 08:21:46.542, 345, 2619, 90.56, 33, 0x0000000000000001
2026/09/30 08:21:46.793, 345, 2619, 90.43, 33, 0x0000000000000001
2026/09/30 08:21:47.043, 345, 2619, 90.26, 33, 0x0000000000000001
2026/09/30 08:21:47.293, 345, 2619, 89.85, 33, 0x0000000000000001
2026/09/30 08:21:47.543, 345, 2619, 89.80, 33, 0x0000000000000001
2026/09/30 08:21:47.793, 345, 2619, 89.85, 33, 0x0000000000000001
2026/09/30 08:21:48.044, 345, 2619, 90.26, 33, 0x0000000000000001
2026/09/30 08:21:48.294, 345, 2619, 90.53, 33, 0x0000000000000001
2026/09/30 08:21:48.544, 345, 2619, 90.90, 33, 0x0000000000000001
2026/09/30 08:21:48.794, 345, 2619, 91.09, 33, 0x0000000000000001
2026/09/30 08:21:49.044, 345, 2619, 90.63, 33, 0x0000000000000001
2026/09/30 08:21:49.295, 345, 2619, 90.37, 33, 0x0000000000000001
2026/09/30 08:21:49.545, 345, 2619, 90.07, 33, 0x0000000000000001
2026/09/30 08:21:49.795, 345, 2619, 89.82, 33, 0x0000000000000001
2026/09/30 08:21:50.045, 345, 2619, 89.70, 33, 0x0000000000000001
2026/09/30 08:21:50.296, 345, 2619, 89.65, 33, 0x0000000000000001
2026/09/30 08:21:50.546, 345, 2619, 90.19, 33, 0x0000000000000001
2026/09/30 08:21:50.796, 345, 2619, 90.74, 33, 0x0000000000000001
2026/09/30 08:21:51.046, 345, 2619, 91.18, 33, 0x0000000000000001
2026/09/30 08:21:51.296, 345, 2619, 91.62, 33, 0x0000000000000001
2026/09/30 08:21:51.547, 345, 2619, 91.20, 33, 0x0000000000000001
2026/09/30 08:21:51.797, 345, 2619, 90.61, 33, 0x0000000000000001
2026/09/30 08:21:52.047, 345, 2619, 90.24, 33, 0x0000000000000001
2026/09/30 08:21:52.297, 345, 2619, 89.87, 33, 0x0000000000000001
2026/09/30 08:21:52.547, 345, 2619, 89.75, 33, 0x0000000000000001
2026/09/30 08:21:52.798, 345, 2619, 89.78, 33, 0x0000000000000001
2026/09/30 08:21:53.048, 345, 2619, 90.03, 33, 0x0000000000000001
2026/09/30 08:21:53.298, 345, 2619, 90.28, 33, 0x0000000000000001
2026/09/30 08:21:53.548, 345, 2619, 90.55, 33, 0x0000000000000001
2026/09/30 08:21:53.799, 345, 2619, 90.89, 33, 0x0000000000000001
2026/09/30 08:21:54.049, 345, 2619, 90.63, 33, 0x0000000000000001
2026/09/30 08:21:54.299, 345, 2619, 90.18, 33, 0x0000000000000001
2026/09/30 08:21:54.549, 345, 2619, 89.93, 33, 0x0000000000000001
2026/09/30 08:21:54.799, 345, 2619, 89.48, 33, 0x0000000000000001
2026/09/30 08:21:55.050, 345, 2619, 89.50, 33, 0x0000000000000001
2026/09/30 08:21:55.300, 345, 2619, 89.53, 33, 0x0000000000000001
2026/09/30 08:21:55.550, 345, 2619, 89.55, 33, 0x0000000000000001
2026/09/30 08:21:55.800, 345, 2619, 89.48, 33, 0x0000000000000001
2026/09/30 08:21:56.050, 345, 2619, 89.46, 33, 0x0000000000000001
2026/09/30 08:21:56.300, 345, 2619, 89.43, 33, 0x0000000000000001
2026/09/30 08:21:56.550, 345, 2619, 89.41, 33, 0x0000000000000001
2026/09/30 08:21:56.800, 345, 2619, 89.51, 33, 0x0000000000000001
2026/09/30 08:21:57.051, 345, 2619, 89.55, 33, 0x0000000000000001
2026/09/30 08:21:57.301, 345, 2619, 89.55, 33, 0x0000000000000001
2026/09/30 08:21:57.551, 345, 2619, 89.46, 33, 0x0000000000000001
2026/09/30 08:21:57.801, 345, 2619, 89.47, 33, 0x0000000000000001
2026/09/30 08:21:58.051, 345, 2619, 89.34, 33, 0x0000000000000001
2026/09/30 08:21:58.301, 345, 2619, 89.33, 33, 0x0000000000000001
2026/09/30 08:21:58.551, 345, 2619, 89.40, 33, 0x0000000000000001
2026/09/30 08:21:58.801, 345, 2619, 89.37, 33, 0x0000000000000001
2026/09/30 08:21:59.051, 345, 2619, 89.40, 33, 0x0000000000000001
2026/09/30 08:21:59.302, 345, 2619, 89.46, 33, 0x0000000000000001
2026/09/30 08:21:59.552, 345, 2619, 89.50, 33, 0x0000000000000001
2026/09/30 08:21:59.802, 345, 2619, 89.53, 33, 0x0000000000000001
2026/09/30 08:22:00.052, 345, 2619, 89.65, 33, 0x0000000000000001
2026/09/30 08:22:00.302, 345, 2619, 89.62, 33, 0x0000000000000001
2026/09/30 08:22:00.552, 345, 2619, 89.59, 33, 0x0000000000000001
2026/09/30 08:22:00.802, 345, 2619, 89.52, 33, 0x0000000000000001
2026/09/30 08:22:01.052, 345, 2619, 89.49, 33, 0x0000000000000001
2026/09/30 08:22:01.303, 345, 2619, 89.46, 33, 0x0000000000000001
2026/09/30 08:22:01.553, 345, 2619, 89.51, 33, 0x0000000000000001
2026/09/30 08:22:01.803, 345, 2619, 89.49, 33, 0x0000000000000001
2026/09/30 08:22:02.053, 345, 2619, 89.39, 33, 0x0000000000000001
2026/09/30 08:22:02.303, 345, 2619, 89.38, 33, 0x0000000000000001
2026/09/30 08:22:02.553, 345, 2619, 89.32, 33, 0x0000000000000001
2026/09/30 08:22:02.803, 345, 2619, 89.26, 33, 0x0000000000000001
2026/09/30 08:22:03.053, 345, 2619, 89.33, 33, 0x0000000000000001
2026/09/30 08:22:03.303, 345, 2619, 89.32, 33, 0x0000000000000001
2026/09/30 08:22:03.554, 345, 2619, 89.30, 33, 0x0000000000000001
2026/09/30 08:22:03.804, 345, 2619, 89.33, 33, 0x0000000000000001
2026/09/30 08:22:04.054, 345, 2619, 89.24, 33, 0x0000000000000001
2026/09/30 08:22:04.304, 345, 2619, 89.25, 33, 0x0000000000000001
2026/09/30 08:22:04.554, 345, 2619, 89.28, 33, 0x0000000000000001
2026/09/30 08:22:04.804, 345, 2619, 89.26, 33, 0x0000000000000001
2026/09/30 08:22:05.054, 345, 2619, 89.31, 33, 0x0000000000000001
2026/09/30 08:22:05.304, 345, 2619, 89.34, 33, 0x0000000000000001
2026/09/30 08:22:05.554, 345, 2619, 89.35, 33, 0x0000000000000001
2026/09/30 08:22:05.805, 345, 2619, 89.32, 33, 0x0000000000000001
2026/09/30 08:22:06.055, 345, 2619, 89.33, 33, 0x0000000000000001
2026/09/30 08:22:06.305, 345, 2619, 89.29, 33, 0x0000000000000001
2026/09/30 08:22:06.555, 345, 2619, 89.33, 33, 0x0000000000000001
2026/09/30 08:22:06.805, 345, 2619, 89.37, 33, 0x0000000000000001
2026/09/30 08:22:07.055, 345, 2619, 89.41, 33, 0x0000000000000001
2026/09/30 08:22:07.305, 345, 2619, 89.54, 33, 0x0000000000000001
2026/09/30 08:22:07.555, 345, 2619, 89.50, 33, 0x0000000000000001
2026/09/30 08:22:07.806, 345, 2619, 89.51, 33, 0x0000000000000001
2026/09/30 08:22:08.056, 1980, 2619, 95.42, 34, 0x0000000000000000
2026/09/30 08:22:08.306, 1980, 2619, 110.62, 35, 0x0000000000000000
2026/09/30 08:22:08.556, 1980, 2619, 122.29, 35, 0x0000000000000000
2026/09/30 08:22:08.806, 1980, 2619, 146.39, 36, 0x0000000000000000
2026/09/30 08:22:09.056, 1980, 2619, 160.53, 36, 0x0000000000000000
2026/09/30 08:22:09.306, 1980, 2619, 173.67, 36, 0x0000000000000000
2026/09/30 08:22:09.556, 1980, 2619, 172.51, 36, 0x0000000000000000
2026/09/30 08:22:09.806, 1980, 2619, 172.49, 37, 0x0000000000000000
2026/09/30 08:22:10.057, 1980, 2619, 165.36, 36, 0x0000000000000000
2026/09/30 08:22:10.307, 1980, 2619, 151.50, 36, 0x0000000000000000
2026/09/30 08:22:10.557, 1980, 2619, 150.73, 36, 0x0000000000000000
2026/09/30 08:22:10.807, 1980, 2619, 144.57, 35, 0x0000000000000000
2026/09/30 08:22:11.057, 1980, 2619, 138.00, 35, 0x0000000000000000
2026/09/30 08:22:11.307, 1980, 2619, 137.60, 35, 0x0000000000000000
2026/09/30 08:22:11.557, 1980, 2619, 137.57, 35, 0x0000000000000000
2026/09/30 08:22:11.807, 1980, 2619, 137.60, 35, 0x0000000000000000
2026/09/30 08:22:12.057, 1980, 2619, 137.59, 35, 0x0000000000000000
2026/09/30 08:22:12.308, 1980, 2619, 137.66, 35, 0x0000000000000000
2026/09/30 08:22:12.558, 1980, 2619, 137.66, 35, 0x0000000000000000
2026/09/30 08:22:12.808, 1980, 2619, 137.65, 35, 0x0000000000000000
2026/09/30 08:22:13.058, 1980, 2619, 137.68, 35, 0x0000000000000000
2026/09/30 08:22:13.308, 1980, 2619, 137.55, 36, 0x0000000000000000
2026/09/30 08:22:13.558, 1980, 2619, 137.56, 36, 0x0000000000000000
2026/09/30 08:22:13.808, 1980, 2619, 137.50, 36, 0x0000000000000000
2026/09/30 08:22:14.058, 1980, 2619, 137.45, 36, 0x0000000000000000
2026/09/30 08:22:14.308, 1980, 2619, 137.46, 36, 0x0000000000000000
2026/09/30 08:22:14.559, 1980, 2619, 137.50, 36, 0x0000000000000000
2026/09/30 08:22:14.809, 1980, 2619, 137.49, 36, 0x0000000000000000
2026/09/30 08:22:15.059, 1980, 2619, 137.50, 36, 0x0000000000000000
2026/09/30 08:22:15.309, 1980, 2619, 137.52, 36, 0x0000000000000000
2026/09/30 08:22:15.559, 1980, 2619, 137.45, 36, 0x0000000000000000
2026/09/30 08:22:15.809, 1980, 2619, 137.52, 36, 0x0000000000000000
2026/09/30 08:22:16.059, 1980, 2619, 137.53, 36, 0x0000000000000000
2026/09/30 08:22:16.309, 1980, 2619, 137.53, 36, 0x0000000000000000
2026/09/30 08:22:16.559, 1980, 2619, 137.57, 36, 0x0000000000000000
2026/09/30 08:22:16.810, 1980, 2619, 137.51, 36, 0x0000000000000000
2026/09/30 08:22:17.060, 1980, 2619, 137.50, 36, 0x0000000000000000
2026/09/30 08:22:17.310, 1980, 2619, 137.48, 36, 0x0000000000000000
2026/09/30 08:22:17.560, 1980, 2619, 137.47, 36, 0x0000000000000000
2026/09/30 08:22:17.810, 1980, 2619, 137.53, 36, 0x0000000000000000
2026/09/30 08:22:18.060, 1980, 2619, 137.56, 36, 0x0000000000000000
2026/09/30 08:22:18.311, 1980, 2619, 137.68, 36, 0x0000000000000000
2026/09/30 08:22:18.561, 1980, 2619, 137.67, 36, 0x0000000000000000
2026/09/30 08:22:18.811, 1980, 2619, 137.68, 36, 0x0000000000000000
2026/09/30 08:22:19.061, 1980, 2619, 137.64, 36, 0x0000000000000000
2026/09/30 08:22:19.311, 1980, 2619, 137.57, 36, 0x0000000000000000
2026/09/30 08:22:19.561, 1980, 2619, 137.65, 36, 0x0000000000000000
2026/09/30 08:22:19.811, 1980, 2619, 137.68, 36, 0x0000000000000000
2026/09/30 08:22:20.062, 1980, 2619, 137.67, 36, 0x0000000000000000
2026/09/30 08:22:20.312, 1980, 2619, 137.73, 36, 0x0000000000000000
2026/09/30 08:22:20.562, 1980, 2619, 137.74, 36, 0x0000000000000000
2026/09/30 08:22:20.812, 1980, 2619, 137.73, 36, 0x0000000000000000
2026/09/30 08:22:21.062, 1980, 2619, 137.76, 36, 0x0000000000000000
2026/09/30 08:22:21.312, 1980, 2619, 137.70, 36, 0x0000000000000000
2026/09/30 08:22:21.562, 1980, 2619, 137.68, 36, 0x0000000000000000
2026/09/30 08:22:21.812, 1980, 2619, 137.64, 36, 0x0000000000000000
2026/09/30 08:22:22.063, 1980, 2619, 137.62, 36, 0x0000000000000000
2026/09/30 08:22:22.313, 1980, 2619, 137.63, 36, 0x0000000000000000
2026/09/30 08:22:22.563, 1980, 2619, 137.64, 36, 0x0000000000000000
2026/09/30 08:22:22.813, 1980, 2619, 137.64, 36, 0x0000000000000000
2026/09/30 08:22:23.063, 1980, 2619, 137.65, 36, 0x0000000000000000
2026/09/30 08:22:23.313, 1980, 2619, 137.67, 36, 0x0000000000000000
2026/09/30 08:22:23.563, 1980, 2619, 137.64, 36, 0x0000000000000000
2026/09/30 08:22:23.814, 1980, 2619, 137.64, 36, 0x0000000000000000
2026/09/30 08:22:24.064, 1980, 2619, 137.63, 36, 0x0000000000000000
2026/09/30 08:22:24.314, 1980, 2619, 137.71, 36, 0x0000000000000000
2026/09/30 08:22:24.564, 1980, 2619, 137.74, 36, 0x0000000000000000
2026/09/30 08:22:24.814, 1980, 2619, 137.82, 36, 0x0000000000000000
2026/09/30 08:22:25.064, 1980, 2619, 137.86, 36, 0x0000000000000000
2026/09/30 08:22:25.314, 1980, 2619, 137.82, 36, 0x0000000000000000
2026/09/30 08:22:25.565, 1980, 2619, 137.82, 36, 0x0000000000000000
2026/09/30 08:22:25.815, 1980, 2619, 137.77, 36, 0x0000000000000000
2026/09/30 08:22:26.065, 1980, 2619, 137.77, 36, 0x0000000000000000
2026/09/30 08:22:26.315, 1980, 2619, 137.79, 36, 0x0000000000000000
2026/09/30 08:22:26.565, 1980, 2619, 137.78, 36, 0x0000000000000000
2026/09/30 08:22:26.815, 1980, 2619, 137.79, 36, 0x0000000000000000
2026/09/30 08:22:27.065, 1980, 2619, 137.78, 36, 0x0000000000000000
2026/09/30 08:22:27.315, 1980, 2619, 137.73, 36, 0x0000000000000000
2026/09/30 08:22:27.566, 1980, 2619, 137.73, 36, 0x0000000000000000
2026/09/30 08:22:27.816, 1980, 2619, 137.70, 36, 0x0000000000000000
2026/09/30 08:22:28.066, 1980, 2619, 137.71, 36, 0x0000000000000000
2026/09/30 08:22:28.316, 1980, 2619, 137.77, 36, 0x0000000000000000
2026/09/30 08:22:28.566, 1980, 2619, 137.82, 36, 0x0000000000000000
2026/09/30 08:22:28.816, 1980, 2619, 137.88, 36, 0x0000000000000000
2026/09/30 08:22:29.066, 1980, 2619, 137.87, 36, 0x0000000000000000
2026/09/30 08:22:29.316, 1980, 2619, 137.80, 36, 0x0000000000000000
2026/09/30 08:22:29.566, 1980, 2619, 137.77, 36, 0x0000000000000000
2026/09/30 08:22:29.817, 1980, 2619, 137.78, 36, 0x0000000000000000
2026/09/30 08:22:30.067, 1980, 2619, 137.78, 36, 0x0000000000000000
2026/09/30 08:22:30.317, 1980, 2619, 137.83, 36, 0x0000000000000000
2026/09/30 08:22:30.567, 1980, 2619, 137.81, 36, 0x0000000000000000
2026/09/30 08:22:30.817, 1980, 2619, 137.81, 36, 0x0000000000000000
2026/09/30 08:22:31.067, 1980, 2619, 137.86, 36, 0x0000000000000000
2026/09/30 08:22:31.317, 1980, 2619, 137.87, 36, 0x0000000000000000
2026/09/30 08:22:31.568, 1980, 2619, 137.87, 36, 0x0000000000000000
2026/09/30 08:22:31.818, 1980, 2619, 137.88, 36, 0x0000000000000000
2026/09/30 08:22:32.068, 1980, 2619, 137.88, 36, 0x0000000000000000
2026/09/30 08:22:32.318, 1980, 2619, 137.86, 36, 0x0000000000000000
2026/09/30 08:22:32.568, 1980, 2619, 137.84, 36, 0x0000000000000000
2026/09/30 08:22:32.818, 1980, 2619, 137.89, 36, 0x0000000000000000
2026/09/30 08:22:33.068, 1980, 2619, 137.81, 36, 0x0000000000000000
2026/09/30 08:22:33.318, 1980, 2619, 137.80, 36, 0x0000000000000000
2026/09/30 08:22:33.569, 1980, 2619, 141.63, 36, 0x0000000000000000
2026/09/30 08:22:33.819, 1980, 2619, 144.13, 37, 0x0000000000000000
2026/09/30 08:22:34.069, 1980, 2619, 144.64, 36, 0x0000000000000000
2026/09/30 08:22:34.319, 1980, 2619, 144.87, 36, 0x0000000000000000
2026/09/30 08:22:34.569, 1980, 2619, 141.14, 36, 0x0000000000000000
2026/09/30 08:22:34.819, 1980, 2619, 138.73, 36, 0x0000000000000000
2026/09/30 08:22:35.069, 1980, 2619, 138.36, 36, 0x0000000000000000
2026/09/30 08:22:35.320, 1980, 2619, 138.30, 36, 0x0000000000000000
2026/09/30 08:22:35.570, 1980, 2619, 138.37, 36, 0x0000000000000000
2026/09/30 08:22:35.820, 1980, 2619, 138.42, 36, 0x0000000000000000
2026/09/30 08:22:36.070, 1980, 2619, 138.40, 36, 0x0000000000000000
2026/09/30 08:22:36.320, 1980, 2619, 138.42, 36, 0x0000000000000000
2026/09/30 08:22:36.570, 1980, 2619, 138.43, 36, 0x0000000000000000
2026/09/30 08:22:36.821, 1980, 2619, 138.45, 36, 0x0000000000000000
2026/09/30 08:22:37.071, 1980, 2619, 138.41, 36, 0x0000000000000000
2026/09/30 08:22:37.321, 1980, 2619, 138.46, 36, 0x0000000000000000
2026/09/30 08:22:37.571, 1980, 2619, 138.44, 36, 0x0000000000000000
2026/09/30 08:22:37.821, 1980, 2619, 140.48, 37, 0x0000000000000000
2026/09/30 08:22:38.071, 1980, 2619, 142.68, 36, 0x0000000000000000
2026/09/30 08:22:38.322, 1980, 2619, 147.09, 37, 0x0000000000000000
2026/09/30 08:22:38.572, 1980, 2619, 152.89, 37, 0x0000000000000000
2026/09/30 08:22:38.822, 1980, 2619, 150.82, 36, 0x0000000000000000
2026/09/30 08:22:39.072, 1980, 2619, 148.87, 36, 0x0000000000000000
2026/09/30 08:22:39.322, 1980, 2619, 145.83, 36, 0x0000000000000000
2026/09/30 08:22:39.572, 1980, 2619, 141.02, 36, 0x0000000000000000
2026/09/30 08:22:39.822, 1980, 2619, 142.03, 36, 0x0000000000000000
2026/09/30 08:22:40.072, 1980, 2619, 142.49, 37, 0x0000000000000000
2026/09/30 08:22:40.323, 1980, 2619, 142.49, 36, 0x0000000000000000
2026/09/30 08:22:40.573, 405, 2619, 138.71, 36, 0x0000000000000001
2026/09/30 08:22:40.823, 375, 2619, 125.06, 35, 0x0000000000000001
2026/09/30 08:22:41.073, 1980, 2619, 121.33, 36, 0x0000000000000000
2026/09/30 08:22:41.323, 1980, 2619, 121.26, 36, 0x0000000000000000
2026/09/30 08:22:41.573, 1980, 2619, 125.76, 36, 0x0000000000000000
2026/09/30 08:22:41.823, 1980, 2619, 136.11, 36, 0x0000000000000000
2026/09/30 08:22:42.073, 1980, 2619, 138.65, 36, 0x0000000000000000
2026/09/30 08:22:42.324, 1980, 2619, 138.52, 36, 0x0000000000000000
2026/09/30 08:22:42.574, 1980, 2619, 138.50, 36, 0x0000000000000000
2026/09/30 08:22:42.825, 1980, 2619, 139.35, 36, 0x0000000000000000
2026/09/30 08:22:43.075, 1980, 2619, 140.70, 36, 0x0000000000000000
2026/09/30 08:22:43.326, 1980, 2619, 141.34, 36, 0x0000000000000000
2026/09/30 08:22:43.576, 1980, 2619, 142.50, 37, 0x0000000000000000
2026/09/30 08:22:43.826, 1980, 2619, 142.52, 37, 0x0000000000000000
2026/09/30 08:22:44.076, 1980, 2619, 144.24, 37, 0x0000000000000000
2026/09/30 08:22:44.326, 1980, 2619, 152.79, 37, 0x0000000000000000
2026/09/30 08:22:44.576, 1980, 2619, 152.24, 37, 0x0000000000000000
2026/09/30 08:22:44.826, 1980, 2619, 151.65, 37, 0x0000000000000000
2026/09/30 08:22:45.077, 1980, 2619, 148.55, 36, 0x0000000000000000
2026/09/30 08:22:45.327, 1980, 2619, 139.21, 36, 0x0000000000000000
2026/09/30 08:22:45.577, 1980, 2619, 138.39, 36, 0x0000000000000000
2026/09/30 08:22:45.827, 1980, 2619, 138.36, 36, 0x0000000000000000
2026/09/30 08:22:46.077, 1980, 2619, 153.87, 38, 0x0000000000000000
2026/09/30 08:22:46.327, 1980, 2619, 180.63, 40, 0x0000000000000000
2026/09/30 08:22:46.577, 1980, 2619, 237.21, 42, 0x0000000000000000
2026/09/30 08:22:46.827, 1980, 2619, 274.03, 41, 0x0000000000000000
2026/09/30 08:22:47.078, 1980, 2619, 304.21, 42, 0x0000000000000000
2026/09/30 08:22:47.328, 1980, 2619, 323.51, 44, 0x0000000000000000
2026/09/30 08:22:47.578, 1980, 2619, 366.32, 48, 0x0000000000000000
2026/09/30 08:22:47.828, 1980, 2619, 391.99, 47, 0x0000000000000000
2026/09/30 08:22:48.078, 1980, 2619, 420.58, 47, 0x0000000000000000
2026/09/30 08:22:48.328, 1980, 2619, 400.49, 44, 0x0000000000000000
2026/09/30 08:22:48.578, 1980, 2619, 367.97, 46, 0x0000000000000000
2026/09/30 08:22:48.828, 1980, 2619, 364.52, 46, 0x0000000000000000
2026/09/30 08:22:49.078, 1980, 2619, 382.91, 48, 0x0000000000000000
2026/09/30 08:22:49.329, 1980, 2619, 439.48, 49, 0x0000000000000000
2026/09/30 08:22:49.579, 1980, 2619, 478.57, 47, 0x0000000000000000
2026/09/30 08:22:49.829, 1965, 2619, 522.45, 53, 0x0000000000000004
2026/09/30 08:22:50.079, 1965, 2619, 506.76, 48, 0x0000000000000004
2026/09/30 08:22:50.329, 1980, 2619, 473.90, 47, 0x0000000000000000
2026/09/30 08:22:50.579, 1980, 2619, 453.19, 48, 0x0000000000000000
2026/09/30 08:22:50.829, 1980, 2619, 395.54, 46, 0x0000000000000000
2026/09/30 08:22:51.079, 1860, 2619, 423.47, 51, 0x0000000000000004
2026/09/30 08:22:51.329, 1920, 2619, 485.65, 54, 0x0000000000000004
2026/09/30 08:22:51.580, 1965, 2619, 527.35, 53, 0x0000000000000004
2026/09/30 08:22:51.830, 1935, 2619, 585.99, 55, 0x0000000000000004
2026/09/30 08:22:52.080, 1785, 2619, 567.46, 54, 0x0000000000000004
2026/09/30 08:22:52.330, 1965, 2619, 570.41, 54, 0x0000000000000004
2026/09/30 08:22:52.580, 1965, 2619, 588.79, 55, 0x0000000000000004
2026/09/30 08:22:52.830, 1965, 2619, 516.95, 48, 0x0000000000000004
2026/09/30 08:22:53.080, 1980, 2619, 459.99, 47, 0x0000000000000000
2026/09/30 08:22:53.330, 1980, 2619, 422.62, 49, 0x0000000000000000
2026/09/30 08:22:53.581, 1980, 2619, 384.71, 51, 0x0000000000000000
2026/09/30 08:22:53.831, 1980, 2619, 406.11, 49, 0x0000000000000000
2026/09/30 08:22:54.081, 1980, 2619, 454.78, 52, 0x0000000000000000
2026/09/30 08:22:54.331, 1830, 2619, 482.77, 53, 0x0000000000000000
2026/09/30 08:22:54.581, 1965, 2619, 472.01, 50, 0x0000000000000004
2026/09/30 08:22:54.831, 1740, 2619, 521.39, 56, 0x0000000000000004
2026/09/30 08:22:55.081, 1965, 2619, 562.25, 55, 0x0000000000000004
2026/09/30 08:22:55.331, 1680, 2619, 571.18, 57, 0x0000000000000004
2026/09/30 08:22:55.581, 1785, 2619, 623.34, 57, 0x0000000000000004
2026/09/30 08:22:55.832, 1920, 2619, 587.36, 54, 0x0000000000000004
2026/09/30 08:22:56.082, 1770, 2619, 598.95, 58, 0x0000000000000004
2026/09/30 08:22:56.332, 1605, 2619, 610.77, 57, 0x0000000000000004
2026/09/30 08:22:56.582, 1905, 2619, 603.58, 57, 0x0000000000000004
2026/09/30 08:22:56.832, 1965, 2619, 577.79, 51, 0x0000000000000004
2026/09/30 08:22:57.082, 1980, 2619, 436.15, 45, 0x0000000000000000
2026/09/30 08:22:57.332, 1980, 2619, 377.71, 46, 0x0000000000000000
2026/09/30 08:22:57.582, 1980, 2619, 326.50, 50, 0x0000000000000000
2026/09/30 08:22:57.833, 1980, 2619, 360.93, 52, 0x0000000000000000
2026/09/30 08:22:58.083, 1980, 2619, 484.97, 54, 0x0000000000000000
2026/09/30 08:22:58.333, 1980, 2619, 480.91, 51, 0x0000000000000000
2026/09/30 08:22:58.583, 1980, 2619, 474.30, 51, 0x0000000000000000
2026/09/30 08:22:58.833, 1980, 2619, 486.20, 54, 0x0000000000000000
2026/09/30 08:22:59.083, 1830, 2619, 510.51, 59, 0x0000000000000004
2026/09/30 08:22:59.333, 1830, 2619, 544.28, 57, 0x0000000000000004
2026/09/30 08:22:59.583, 1695, 2619, 612.46, 57, 0x0000000000000004
2026/09/30 08:22:59.834, 1695, 2619, 628.74, 58, 0x0000000000000004
2026/09/30 08:23:00.084, 1965, 2619, 588.17, 56, 0x0000000000000004
2026/09/30 08:23:00.334, 1590, 2619, 604.86, 63, 0x0000000000000004
2026/09/30 08:23:00.584, 1575, 2619, 610.62, 57, 0x0000000000000004
2026/09/30 08:23:00.834, 1785, 2619, 596.60, 61, 0x0000000000000004
2026/09/30 08:23:01.084, 1545, 2619, 580.70, 56, 0x0000000000000004
2026/09/30 08:23:01.334, 1665, 2619, 582.23, 58, 0x0000000000000004
2026/09/30 08:23:01.584, 1725, 2619, 582.17, 58, 0x0000000000000004
2026/09/30 08:23:01.835, 1665, 2619, 594.24, 61, 0x0000000000000004
2026/09/30 08:23:02.085, 1785, 2619, 632.91, 57, 0x0000000000000004
2026/09/30 08:23:02.335, 1860, 2619, 618.78, 59, 0x0000000000000004
2026/09/30 08:23:02.585, 1965, 2619, 480.18, 47, 0x0000000000000004
2026/09/30 08:23:02.835, 1980, 2619, 376.82, 45, 0x0000000000000000
2026/09/30 08:23:03.085, 1980, 2619, 242.98, 44, 0x0000000000000000
2026/09/30 08:23:03.335, 1980, 2619, 148.71, 44, 0x0000000000000000
2026/09/30 08:23:03.585, 1980, 2619, 148.15, 43, 0x0000000000000000
2026/09/30 08:23:03.836, 1980, 2619, 148.12, 43, 0x0000000000000000
2026/09/30 08:23:04.086, 1980, 2619, 147.70, 43, 0x0000000000000000
2026/09/30 08:23:04.336, 1980, 2619, 147.37, 42, 0x0000000000000000
2026/09/30 08:23:04.586, 525, 2619, 138.92, 41, 0x0000000000000001
2026/09/30 08:23:04.836, 435, 2619, 127.97, 41, 0x0000000000000001
2026/09/30 08:23:05.086, 405, 2619, 111.55, 40, 0x0000000000000001
2026/09/30 08:23:05.336, 360, 2619, 100.61, 40, 0x0000000000000001
2026/09/30 08:23:05.586, 345, 2619, 92.32, 40, 0x0000000000000001
2026/09/30 08:23:05.837, 345, 2619, 92.14, 40, 0x0000000000000001
2026/09/30 08:23:06.087, 345, 2619, 91.97, 39, 0x0000000000000001
2026/09/30 08:23:06.337, 1980, 2619, 98.90, 40, 0x0000000000000000
2026/09/30 08:23:06.587, 1980, 2619, 113.85, 41, 0x0000000000000000
2026/09/30 08:23:06.837, 1980, 2619, 124.68, 41, 0x0000000000000000
2026/09/30 08:23:07.087, 1980, 2619, 141.35, 41, 0x0000000000000000
2026/09/30 08:23:07.338, 1980, 2619, 146.68, 41, 0x0000000000000000
2026/09/30 08:23:07.588, 1980, 2619, 147.79, 41, 0x0000000000000000
2026/09/30 08:23:07.838, 1980, 2619, 147.65, 41, 0x0000000000000000
2026/09/30 08:23:08.088, 1980, 2619, 146.71, 41, 0x0000000000000000
2026/09/30 08:23:08.338, 1980, 2619, 146.08, 41, 0x0000000000000000
2026/09/30 08:23:08.588, 1980, 2619, 145.85, 41, 0x0000000000000000
2026/09/30 08:23:08.838, 1980, 2619, 145.72, 41, 0x0000000000000000
2026/09/30 08:23:09.089, 1980, 2619, 145.82, 41, 0x0000000000000000
2026/09/30 08:23:09.339, 1980, 2619, 145.68, 41, 0x0000000000000000
2026/09/30 08:23:09.589, 1980, 2619, 144.92, 41, 0x0000000000000000
2026/09/30 08:23:09.839, 1980, 2619, 144.30, 41, 0x0000000000000000
2026/09/30 08:23:10.089, 1980, 2619, 143.05, 41, 0x0000000000000000
2026/09/30 08:23:10.339, 1980, 2619, 142.42, 41, 0x0000000000000000
2026/09/30 08:23:10.589, 1980, 2619, 141.99, 41, 0x0000000000000000
2026/09/30 08:23:10.839, 1980, 2619, 141.95, 41, 0x0000000000000000
2026/09/30 08:23:11.090, 1980, 2619, 145.55, 41, 0x0000000000000000
2026/09/30 08:23:11.340, 1980, 2619, 146.84, 41, 0x0000000000000000
2026/09/30 08:23:11.590, 1980, 2619, 157.91, 41, 0x0000000000000000
2026/09/30 08:23:11.840, 1980, 2619, 162.83, 41, 0x0000000000000000
2026/09/30 08:23:12.090, 1980, 2619, 167.57, 41, 0x0000000000000000
2026/09/30 08:23:12.340, 1980, 2619, 172.47, 41, 0x0000000000000000
2026/09/30 08:23:12.590, 1980, 2619, 168.91, 41, 0x0000000000000000
2026/09/30 08:23:12.840, 1980, 2619, 168.43, 41, 0x0000000000000000
2026/09/30 08:23:13.090, 1980, 2619, 168.12, 41, 0x0000000000000000
2026/09/30 08:23:13.341, 1980, 2619, 163.72, 41, 0x0000000000000000
2026/09/30 08:23:13.591, 1980, 2619, 158.06, 41, 0x0000000000000000
2026/09/30 08:23:13.841, 1980, 2619, 157.33, 41, 0x0000000000000000
2026/09/30 08:23:14.091, 1980, 2619, 154.65, 41, 0x0000000000000000
2026/09/30 08:23:14.341, 1980, 2619, 153.11, 41, 0x0000000000000000
2026/09/30 08:23:14.591, 1740, 2619, 257.63, 51, 0x0000000000000004
2026/09/30 08:23:14.841, 1800, 2619, 351.77, 56, 0x0000000000000004
2026/09/30 08:23:15.092, 1785, 2619, 496.18, 59, 0x0000000000000004
2026/09/30 08:23:15.342, 1695, 2619, 596.68, 59, 0x0000000000000004
2026/09/30 08:23:15.592, 1680, 2619, 643.21, 60, 0x0000000000000004
2026/09/30 08:23:15.842, 1710, 2619, 644.49, 60, 0x0000000000000004
2026/09/30 08:23:16.092, 1695, 2619, 647.64, 60, 0x0000000000000004
2026/09/30 08:23:16.342, 1650, 2619, 657.64, 60, 0x0000000000000004
2026/09/30 08:23:16.592, 1710, 2619, 657.92, 60, 0x0000000000000004
2026/09/30 08:23:16.842, 1965, 2619, 575.77, 52, 0x0000000000000004
2026/09/30 08:23:17.092, 1710, 2619, 479.19, 52, 0x0000000000000004
2026/09/30 08:23:17.343, 1665, 2619, 483.70, 58, 0x0000000000000004
2026/09/30 08:23:17.593, 1665, 2619, 488.17, 61, 0x0000000000000004
2026/09/30 08:23:17.843, 1650, 2619, 567.96, 60, 0x0000000000000004
2026/09/30 08:23:18.093, 1665, 2619, 665.22, 61, 0x0000000000000004
2026/09/30 08:23:18.343, 1665, 2619, 663.32, 61, 0x0000000000000004
2026/09/30 08:23:18.593, 1665, 2619, 662.55, 61, 0x0000000000000004
2026/09/30 08:23:18.843, 1665, 2619, 663.24, 59, 0x0000000000000004
2026/09/30 08:23:19.093, 1680, 2619, 663.98, 60, 0x0000000000000004
2026/09/30 08:23:19.344, 1665, 2619, 664.21, 60, 0x0000000000000004
2026/09/30 08:23:19.594, 1665, 2619, 663.33, 60, 0x0000000000000004
2026/09/30 08:23:19.844, 1755, 2619, 662.48, 60, 0x0000000000000004
2026/09/30 08:23:20.094, 1815, 2619, 647.39, 60, 0x0000000000000004
2026/09/30 08:23:20.344, 1965, 2619, 542.51, 49, 0x0000000000000004
2026/09/30 08:23:20.594, 1980, 2619, 388.41, 46, 0x0000000000000000
2026/09/30 08:23:20.844, 1980, 2619, 292.81, 45, 0x0000000000000000
2026/09/30 08:23:21.094, 1980, 2619, 145.55, 44, 0x0000000000000000
2026/09/30 08:23:21.344, 1980, 2619, 145.78, 44, 0x0000000000000000
2026/09/30 08:23:21.595, 1980, 2619, 146.02, 44, 0x0000000000000000
2026/09/30 08:23:21.845, 1980, 2619, 145.97, 44, 0x0000000000000000
2026/09/30 08:23:22.095, 1980, 2619, 145.87, 43, 0x0000000000000000
2026/09/30 08:23:22.345, 1980, 2619, 145.90, 43, 0x0000000000000000
2026/09/30 08:23:22.595, 1980, 2619, 145.74, 43, 0x0000000000000000
2026/09/30 08:23:22.845, 1980, 2619, 145.59, 43, 0x0000000000000000
2026/09/30 08:23:23.095, 1980, 2619, 145.61, 43, 0x0000000000000000
2026/09/30 08:23:23.345, 1980, 2619, 145.37, 43, 0x0000000000000000
2026/09/30 08:23:23.595, 1980, 2619, 145.20, 43, 0x0000000000000000
2026/09/30 08:23:23.846, 1980, 2619, 145.03, 43, 0x0000000000000000
2026/09/30 08:23:24.096, 1980, 2619, 144.56, 43, 0x0000000000000000
2026/09/30 08:23:24.346, 1980, 2619, 144.50, 43, 0x0000000000000000
2026/09/30 08:23:24.596, 1980, 2619, 144.37, 42, 0x0000000000000000
2026/09/30 08:23:24.846, 1980, 2619, 144.40, 42, 0x0000000000000000
2026/09/30 08:23:25.096, 1980, 2619, 144.37, 42, 0x0000000000000000
2026/09/30 08:23:25.346, 1980, 2619, 144.22, 42, 0x0000000000000000
2026/09/30 08:23:25.596, 1980, 2619, 144.16, 42, 0x0000000000000000
2026/09/30 08:23:25.847, 1980, 2619, 144.14, 42, 0x0000000000000000
2026/09/30 08:23:26.097, 1980, 2619, 144.13, 42, 0x0000000000000000
2026/09/30 08:23:26.347, 1980, 2619, 144.35, 42, 0x0000000000000000
2026/09/30 08:23:26.597, 1980, 2619, 145.36, 42, 0x0000000000000000
2026/09/30 08:23:26.847, 1980, 2619, 145.93, 42, 0x0000000000000000
2026/09/30 08:23:27.097, 1980, 2619, 163.59, 43, 0x0000000000000000
2026/09/30 08:23:27.348, 1980, 2619, 175.20, 44, 0x0000000000000000
2026/09/30 08:23:27.598, 1980, 2619, 205.32, 45, 0x0000000000000000
2026/09/30 08:23:27.848, 1980, 2619, 226.70, 45, 0x0000000000000000
2026/09/30 08:23:28.098, 1980, 2619, 233.49, 45, 0x0000000000000000
2026/09/30 08:23:28.348, 1980, 2619, 236.98, 44, 0x0000000000000000
2026/09/30 08:23:28.598, 1980, 2619, 231.35, 45, 0x0000000000000000
2026/09/30 08:23:28.848, 1980, 2619, 227.11, 45, 0x0000000000000000
2026/09/30 08:23:29.098, 1980, 2619, 227.41, 45, 0x0000000000000000
2026/09/30 08:23:29.348, 1980, 2619, 227.10, 45, 0x0000000000000000
2026/09/30 08:23:29.599, 1980, 2619, 226.80, 45, 0x0000000000000000
2026/09/30 08:23:29.849, 1980, 2619, 226.80, 45, 0x0000000000000000
2026/09/30 08:23:30.099, 1980, 2619, 225.50, 45, 0x0000000000000000
2026/09/30 08:23:30.349, 1980, 2619, 222.22, 44, 0x0000000000000000
2026/09/30 08:23:30.599, 1980, 2619, 212.93, 44, 0x0000000000000000
2026/09/30 08:23:30.849, 1980, 2619, 206.10, 44, 0x0000000000000000
2026/09/30 08:23:31.099, 1980, 2619, 197.50, 44, 0x0000000000000000
2026/09/30 08:23:31.349, 1980, 2619, 196.76, 44, 0x0000000000000000
2026/09/30 08:23:31.600, 1875, 2619, 232.07, 43, 0x0000000000000000
2026/09/30 08:23:31.850, 1770, 2619, 317.56, 55, 0x0000000000000004
2026/09/30 08:23:32.100, 1785, 2619, 456.15, 58, 0x0000000000000004
2026/09/30 08:23:32.350, 1785, 2619, 545.81, 59, 0x0000000000000004
2026/09/30 08:23:32.600, 1740, 2619, 646.30, 60, 0x0000000000000004
2026/09/30 08:23:32.850, 1725, 2619, 650.38, 60, 0x0000000000000004
2026/09/30 08:23:33.100, 1725, 2619, 651.70, 61, 0x0000000000000004
2026/09/30 08:23:33.350, 1725, 2619, 652.30, 61, 0x0000000000000004
2026/09/30 08:23:33.600, 1725, 2619, 655.78, 61, 0x0000000000000004
2026/09/30 08:23:33.851, 1770, 2619, 654.37, 61, 0x0000000000000004
2026/09/30 08:23:34.101, 1665, 2619, 658.45, 61, 0x0000000000000004
2026/09/30 08:23:34.351, 1665, 2619, 661.40, 61, 0x0000000000000004
2026/09/30 08:23:34.601, 1665, 2619, 661.65, 61, 0x0000000000000004
2026/09/30 08:23:34.851, 1665, 2619, 664.26, 61, 0x0000000000000004
2026/09/30 08:23:35.101, 1680, 2619, 663.26, 61, 0x0000000000000004
2026/09/30 08:23:35.351, 1680, 2619, 663.01, 61, 0x0000000000000004
2026/09/30 08:23:35.601, 1665, 2619, 663.09, 61, 0x0000000000000004
2026/09/30 08:23:35.851, 1665, 2619, 662.54, 62, 0x0000000000000004
2026/09/30 08:23:36.102, 1665, 2619, 662.76, 62, 0x0000000000000004
2026/09/30 08:23:36.352, 1665, 2619, 661.61, 62, 0x0000000000000004
2026/09/30 08:23:36.602, 1695, 2619, 661.54, 61, 0x0000000000000004
2026/09/30 08:23:36.852, 1665, 2619, 662.93, 61, 0x0000000000000004
2026/09/30 08:23:37.102, 1755, 2619, 658.71, 62, 0x0000000000000004
2026/09/30 08:23:37.352, 1785, 2619, 657.83, 61, 0x0000000000000004
2026/09/30 08:23:37.602, 1785, 2619, 654.85, 61, 0x0000000000000004
2026/09/30 08:23:37.852, 1785, 2619, 653.10, 60, 0x0000000000000004
2026/09/30 08:23:38.103, 1725, 2619, 657.55, 62, 0x0000000000000004
2026/09/30 08:23:38.353, 1725, 2619, 658.12, 62, 0x0000000000000004
2026/09/30 08:23:38.603, 1725, 2619, 661.60, 61, 0x0000000000000004
2026/09/30 08:23:38.853, 1740, 2619, 661.78, 62, 0x0000000000000004
2026/09/30 08:23:39.103, 1725, 2619, 661.73, 62, 0x0000000000000004
2026/09/30 08:23:39.353, 1740, 2619, 662.26, 62, 0x0000000000000004
2026/09/30 08:23:39.603, 1680, 2619, 664.18, 62, 0x0000000000000004
2026/09/30 08:23:39.853, 1695, 2619, 665.04, 63, 0x0000000000000004
2026/09/30 08:23:40.104, 1710, 2619, 665.37, 62, 0x0000000000000004
2026/09/30 08:23:40.354, 1680, 2619, 667.24, 62, 0x0000000000000004
2026/09/30 08:23:40.604, 1665, 2619, 668.57, 62, 0x0000000000000004
2026/09/30 08:23:40.854, 1665, 2619, 669.44, 62, 0x0000000000000004
2026/09/30 08:23:41.104, 1680, 2619, 668.61, 63, 0x0000000000000004
2026/09/30 08:23:41.354, 1665, 2619, 667.63, 63, 0x0000000000000004
2026/09/30 08:23:41.604, 1680, 2619, 665.55, 63, 0x0000000000000004
2026/09/30 08:23:41.854, 1680, 2619, 664.66, 63, 0x0000000000000004
2026/09/30 08:23:42.104, 1695, 2619, 666.66, 63, 0x0000000000000004
2026/09/30 08:23:42.355, 1665, 2619, 666.18, 63, 0x0000000000000004
2026/09/30 08:23:42.605, 1665, 2619, 669.47, 62, 0x0000000000000004
2026/09/30 08:23:42.855, 1785, 2619, 666.68, 63, 0x0000000000000004
2026/09/30 08:23:43.105, 1785, 2619, 661.57, 62, 0x0000000000000004
2026/09/30 08:23:43.355, 1815, 2619, 658.17, 63, 0x0000000000000004
2026/09/30 08:23:43.605, 1725, 2619, 656.32, 63, 0x0000000000000004
2026/09/30 08:23:43.855, 1740, 2619, 658.94, 63, 0x0000000000000004
2026/09/30 08:23:44.106, 1725, 2619, 659.75, 63, 0x0000000000000004
2026/09/30 08:23:44.356, 1725, 2619, 662.32, 63, 0x0000000000000004
2026/09/30 08:23:44.606, 1710, 2619, 661.57, 63, 0x0000000000000004
2026/09/30 08:23:44.856, 1725, 2619, 660.56, 63, 0x0000000000000004
2026/09/30 08:23:45.106, 1680, 2619, 661.11, 64, 0x0000000000000004
2026/09/30 08:23:45.356, 1680, 2619, 662.46, 64, 0x0000000000000004
2026/09/30 08:23:45.607, 1680, 2619, 664.38, 64, 0x0000000000000004
2026/09/30 08:23:45.857, 1680, 2619, 666.13, 64, 0x0000000000000004
2026/09/30 08:23:46.107, 1695, 2619, 668.05, 65, 0x0000000000000004
2026/09/30 08:23:46.357, 1680, 2619, 669.18, 65, 0x0000000000000004
2026/09/30 08:23:46.607, 1710, 2619, 668.17, 64, 0x0000000000000004
2026/09/30 08:23:46.857, 1680, 2619, 669.44, 64, 0x0000000000000004
2026/09/30 08:23:47.107, 1680, 2619, 668.65, 64, 0x0000000000000004
2026/09/30 08:23:47.357, 1680, 2619, 667.39, 64, 0x0000000000000004
2026/09/30 08:23:47.608, 1680, 2619, 667.81, 64, 0x0000000000000004
2026/09/30 08:23:47.858, 1665, 2619, 667.59, 64, 0x0000000000000004
2026/09/30 08:23:48.108, 1680, 2619, 667.81, 65, 0x0000000000000004
2026/09/30 08:23:48.358, 1755, 2619, 661.86, 64, 0x0000000000000004
2026/09/30 08:23:48.608, 1755, 2619, 658.10, 64, 0x0000000000000004
2026/09/30 08:23:48.858, 1830, 2619, 651.58, 64, 0x0000000000000004
2026/09/30 08:23:49.108, 1740, 2619, 648.79, 65, 0x0000000000000004
2026/09/30 08:23:49.358, 1755, 2619, 651.83, 65, 0x0000000000000004
2026/09/30 08:23:49.608, 1740, 2619, 653.48, 65, 0x0000000000000004
2026/09/30 08:23:49.859, 1740, 2619, 657.37, 65, 0x0000000000000004
2026/09/30 08:23:50.109, 1740, 2619, 655.93, 65, 0x0000000000000004
2026/09/30 08:23:50.359, 1725, 2619, 655.45, 65, 0x0000000000000004
2026/09/30 08:23:50.609, 1650, 2619, 658.42, 65, 0x0000000000000004
2026/09/30 08:23:50.859, 1680, 2619, 659.74, 65, 0x0000000000000004
2026/09/30 08:23:51.109, 1665, 2619, 661.62, 65, 0x0000000000000004
2026/09/30 08:23:51.359, 1680, 2619, 663.15, 65, 0x0000000000000004
2026/09/30 08:23:51.609, 1680, 2619, 662.18, 66, 0x0000000000000004
2026/09/30 08:23:51.860, 1695, 2619, 662.00, 66, 0x0000000000000004
2026/09/30 08:23:52.110, 1680, 2619, 662.01, 65, 0x0000000000000004
2026/09/30 08:23:52.360, 1680, 2619, 663.37, 66, 0x0000000000000004
2026/09/30 08:23:52.610, 1680, 2619, 663.77, 66, 0x0000000000000004
2026/09/30 08:23:52.860, 1680, 2619, 662.86, 66, 0x0000000000000004
2026/09/30 08:23:53.110, 1665, 2619, 662.57, 66, 0x0000000000000004
2026/09/30 08:23:53.360, 1680, 2619, 660.70, 65, 0x0000000000000004
2026/09/30 08:23:53.610, 1680, 2619, 661.17, 66, 0x0000000000000004
2026/09/30 08:23:53.861, 1770, 2619, 657.80, 66, 0x0000000000000004
2026/09/30 08:23:54.111, 1740, 2619, 653.84, 65, 0x0000000000000004
2026/09/30 08:23:54.361, 1800, 2619, 652.70, 66, 0x0000000000000004
2026/09/30 08:23:54.611, 1740, 2619, 650.64, 66, 0x0000000000000004
2026/09/30 08:23:54.861, 1740, 2619, 653.15, 66, 0x0000000000000004
2026/09/30 08:23:55.111, 1740, 2619, 656.88, 66, 0x0000000000000004
2026/09/30 08:23:55.361, 1740, 2619, 657.10, 66, 0x0000000000000004
2026/09/30 08:23:55.611, 1740, 2619, 656.78, 66, 0x0000000000000004
2026/09/30 08:23:55.861, 1740, 2619, 657.81, 66, 0x0000000000000004
2026/09/30 08:23:56.111, 1665, 2619, 658.97, 66, 0x0000000000000004
2026/09/30 08:23:56.362, 1665, 2619, 661.61, 66, 0x0000000000000004
2026/09/30 08:23:56.612, 1680, 2619, 661.71, 67, 0x0000000000000004
2026/09/30 08:23:56.862, 1695, 2619, 663.41, 67, 0x0000000000000004
2026/09/30 08:23:57.112, 1665, 2619, 664.78, 67, 0x0000000000000004
2026/09/30 08:23:57.362, 1665, 2619, 664.31, 67, 0x0000000000000004
2026/09/30 08:23:57.612, 1680, 2619, 664.29, 67, 0x0000000000000004
2026/09/30 08:23:57.862, 1680, 2619, 664.59, 67, 0x0000000000000004
2026/09/30 08:23:58.112, 1665, 2619, 664.02, 67, 0x0000000000000004
2026/09/30 08:23:58.362, 1665, 2619, 663.44, 67, 0x0000000000000004
2026/09/30 08:23:58.613, 1680, 2619, 662.92, 67, 0x0000000000000004
2026/09/30 08:23:58.863, 1680, 2619, 661.51, 67, 0x0000000000000004
2026/09/30 08:23:59.113, 1680, 2619, 661.17, 67, 0x0000000000000004
2026/09/30 08:23:59.363, 1800, 2619, 657.87, 67, 0x0000000000000004
2026/09/30 08:23:59.613, 1800, 2619, 656.00, 66, 0x0000000000000004
2026/09/30 08:23:59.863, 1815, 2619, 656.21, 67, 0x0000000000000004
2026/09/30 08:24:00.113, 1725, 2619, 659.10, 67, 0x0000000000000004
2026/09/30 08:24:00.363, 1725, 2619, 662.73, 67, 0x0000000000000004
2026/09/30 08:24:00.613, 1725, 2619, 664.22, 67, 0x0000000000000004
2026/09/30 08:24:00.864, 1725, 2619, 666.81, 67, 0x0000000000000004
2026/09/30 08:24:01.114, 1725, 2619, 664.54, 67, 0x0000000000000004
2026/09/30 08:24:01.364, 1710, 2619, 663.68, 67, 0x0000000000000004
2026/09/30 08:24:01.614, 1665, 2619, 663.16, 67, 0x0000000000000004
2026/09/30 08:24:01.864, 1665, 2619, 664.91, 67, 0x0000000000000004
2026/09/30 08:24:02.114, 1680, 2619, 665.85, 68, 0x0000000000000004
2026/09/30 08:24:02.364, 1665, 2619, 666.92, 68, 0x0000000000000004
2026/09/30 08:24:02.614, 1665, 2619, 667.82, 68, 0x0000000000000004
2026/09/30 08:24:02.865, 1665, 2619, 667.42, 68, 0x0000000000000004
2026/09/30 08:24:03.115, 1695, 2619, 666.31, 67, 0x0000000000000004
2026/09/30 08:24:03.365, 1665, 2619, 667.12, 68, 0x0000000000000004
2026/09/30 08:24:03.615, 1680, 2619, 669.08, 68, 0x0000000000000004
2026/09/30 08:24:03.865, 1680, 2619, 667.89, 68, 0x0000000000000004
2026/09/30 08:24:04.115, 1665, 2619, 668.85, 68, 0x0000000000000004
2026/09/30 08:24:04.365, 1680, 2619, 669.13, 68, 0x0000000000000004
2026/09/30 08:24:04.615, 1665, 2619, 668.36, 68, 0x0000000000000004
2026/09/30 08:24:04.865, 1965, 2619, 588.70, 58, 0x0000000000000004
2026/09/30 08:24:05.116, 1980, 2619, 439.81, 54, 0x0000000000000000
2026/09/30 08:24:05.366, 1980, 2619, 338.58, 54, 0x0000000000000000
2026/09/30 08:24:05.616, 1980, 2619, 187.35, 53, 0x0000000000000000
2026/09/30 08:24:05.866, 1980, 2619, 155.17, 53, 0x0000000000000000
2026/09/30 08:24:06.116, 1980, 2619, 156.65, 53, 0x0000000000000000
2026/09/30 08:24:06.366, 1980, 2619, 156.99, 52, 0x0000000000000000
2026/09/30 08:24:06.616, 1980, 2619, 156.92, 52, 0x0000000000000000
2026/09/30 08:24:06.867, 1980, 2619, 163.51, 52, 0x0000000000000000
2026/09/30 08:24:07.117, 1980, 2619, 162.04, 52, 0x0000000000000000
2026/09/30 08:24:07.367, 1980, 2619, 161.19, 52, 0x0000000000000000
2026/09/30 08:24:07.617, 1980, 2619, 159.69, 51, 0x0000000000000000
2026/09/30 08:24:07.867, 1980, 2619, 152.24, 51, 0x0000000000000000
2026/09/30 08:24:08.117, 1980, 2619, 152.03, 51, 0x0000000000000000
2026/09/30 08:24:08.367, 1980, 2619, 151.90, 51, 0x0000000000000000
2026/09/30 08:24:08.617, 1935, 2619, 218.61, 59, 0x0000000000000000
2026/09/30 08:24:08.867, 1905, 2619, 301.01, 59, 0x0000000000000004
2026/09/30 08:24:09.117, 1395, 2619, 458.48, 67, 0x0000000000000004
2026/09/30 08:24:09.368, 1425, 2619, 546.76, 67, 0x0000000000000004
2026/09/30 08:24:09.618, 1410, 2619, 621.19, 67, 0x0000000000000004
2026/09/30 08:24:09.868, 1875, 2619, 610.41, 68, 0x0000000000000004
2026/09/30 08:24:10.118, 1425, 2619, 604.59, 67, 0x0000000000000004
2026/09/30 08:24:10.368, 1410, 2619, 610.00, 67, 0x0000000000000004
2026/09/30 08:24:10.618, 1965, 2619, 507.60, 56, 0x0000000000000004
2026/09/30 08:24:10.868, 1980, 2619, 443.54, 54, 0x0000000000000004
2026/09/30 08:24:11.118, 1980, 2619, 292.16, 52, 0x0000000000000000
2026/09/30 08:24:11.369, 1980, 2619, 193.50, 52, 0x0000000000000000
2026/09/30 08:24:11.619, 1980, 2619, 155.85, 52, 0x0000000000000000
2026/09/30 08:24:11.869, 1980, 2619, 156.62, 51, 0x0000000000000000
2026/09/30 08:24:12.119, 1980, 2619, 156.26, 51, 0x0000000000000000
2026/09/30 08:24:12.369, 1980, 2619, 155.98, 51, 0x0000000000000000
2026/09/30 08:24:12.619, 465, 2619, 144.32, 49, 0x0000000000000001
2026/09/30 08:24:12.869, 435, 2619, 132.12, 49, 0x0000000000000001
2026/09/30 08:24:13.119, 390, 2619, 114.15, 48, 0x0000000000000001
2026/09/30 08:24:13.370, 360, 2619, 103.06, 48, 0x0000000000000001
2026/09/30 08:24:13.620, 345, 2619, 95.23, 48, 0x0000000000000001
2026/09/30 08:24:13.870, 345, 2619, 94.97, 48, 0x0000000000000001
2026/09/30 08:24:14.120, 345, 2619, 94.70, 48, 0x0000000000000001
2026/09/30 08:24:14.370, 1980, 2619, 101.23, 49, 0x0000000000000000
2026/09/30 08:24:14.620, 1980, 2619, 117.69, 49, 0x0000000000000000
2026/09/30 08:24:14.870, 1980, 2619, 130.88, 49, 0x0000000000000000
2026/09/30 08:24:15.121, 1980, 2619, 149.15, 49, 0x0000000000000000
2026/09/30 08:24:15.371, 1980, 2619, 156.40, 49, 0x0000000000000000
2026/09/30 08:24:15.653, 1980, 2619, 158.84, 49, 0x0000000000000000
2026/09/30 08:24:15.904, 1980, 2619, 159.49, 49, 0x0000000000000000
2026/09/30 08:24:16.154, 1980, 2619, 159.12, 49, 0x0000000000000000
2026/09/30 08:24:16.405, 1980, 2619, 159.05, 49, 0x0000000000000000
2026/09/30 08:24:16.655, 1980, 2619, 158.99, 49, 0x0000000000000000
2026/09/30 08:24:16.905, 1980, 2619, 158.51, 49, 0x0000000000000000
2026/09/30 08:24:17.155, 1980, 2619, 158.84, 49, 0x0000000000000000
2026/09/30 08:24:17.406, 1980, 2619, 158.51, 49, 0x0000000000000000
2026/09/30 08:24:17.656, 1980, 2619, 158.34, 49, 0x0000000000000000
2026/09/30 08:24:17.906, 1980, 2619, 158.07, 49, 0x0000000000000000
2026/09/30 08:24:18.157, 1980, 2619, 158.01, 49, 0x0000000000000000
2026/09/30 08:24:18.407, 1980, 2619, 158.46, 48, 0x0000000000000000
2026/09/30 08:24:18.657, 1980, 2619, 158.56, 48, 0x0000000000000000
2026/09/30 08:24:18.908, 1980, 2619, 158.99, 48, 0x0000000000000000
2026/09/30 08:24:19.158, 1980, 2619, 159.17, 48, 0x0000000000000000
2026/09/30 08:24:19.408, 1980, 2619, 159.26, 48, 0x0000000000000000
2026/09/30 08:24:19.659, 1980, 2619, 158.82, 48, 0x0000000000000000
2026/09/30 08:24:19.909, 1980, 2619, 158.32, 48, 0x0000000000000000
2026/09/30 08:24:20.159, 1980, 2619, 158.10, 48, 0x0000000000000000
2026/09/30 08:24:20.409, 1980, 2619, 157.75, 48, 0x0000000000000000
2026/09/30 08:24:20.660, 1980, 2619, 158.04, 48, 0x0000000000000000
2026/09/30 08:24:20.910, 1980, 2619, 157.29, 48, 0x0000000000000000
2026/09/30 08:24:21.160, 1980, 2619, 156.29, 48, 0x0000000000000000
2026/09/30 08:24:21.410, 1980, 2619, 154.58, 48, 0x0000000000000000
2026/09/30 08:24:21.660, 1980, 2619, 153.45, 48, 0x0000000000000000
2026/09/30 08:24:21.910, 1980, 2619, 152.50, 48, 0x0000000000000000
2026/09/30 08:24:22.160, 1980, 2619, 152.68, 48, 0x0000000000000000
2026/09/30 08:24:22.410, 1980, 2619, 152.32, 48, 0x0000000000000000
2026/09/30 08:24:22.661, 1980, 2619, 152.38, 48, 0x0000000000000000
2026/09/30 08:24:22.911, 1980, 2619, 152.24, 48, 0x0000000000000000
2026/09/30 08:24:23.161, 1980, 2619, 151.93, 47, 0x0000000000000000
2026/09/30 08:24:23.411, 1980, 2619, 152.13, 47, 0x0000000000000000
2026/09/30 08:24:23.661, 1980, 2619, 152.16, 47, 0x0000000000000000
2026/09/30 08:24:23.911, 1980, 2619, 152.02, 47, 0x0000000000000000
2026/09/30 08:24:24.161, 1980, 2619, 152.02, 47, 0x0000000000000000
2026/09/30 08:24:24.412, 1980, 2619, 151.71, 47, 0x0000000000000000
2026/09/30 08:24:24.662, 1980, 2619, 151.59, 47, 0x0000000000000000
2026/09/30 08:24:24.912, 1980, 2619, 151.48, 47, 0x0000000000000000
2026/09/30 08:24:25.162, 1980, 2619, 151.37, 47, 0x0000000000000000
2026/09/30 08:24:25.412, 1980, 2619, 151.27, 47, 0x0000000000000000
2026/09/30 08:24:25.662, 1980, 2619, 151.19, 47, 0x0000000000000000
2026/09/30 08:24:25.912, 1980, 2619, 151.25, 47, 0x0000000000000000
2026/09/30 08:24:26.162, 1980, 2619, 151.22, 47, 0x0000000000000000
2026/09/30 08:24:26.412, 1980, 2619, 151.15, 47, 0x0000000000000000
2026/09/30 08:24:26.663, 1980, 2619, 151.14, 47, 0x0000000000000000
2026/09/30 08:24:26.913, 1980, 2619, 151.15, 47, 0x0000000000000000
2026/09/30 08:24:27.163, 1980, 2619, 151.24, 47, 0x0000000000000000
2026/09/30 08:24:27.413, 1980, 2619, 151.28, 47, 0x0000000000000000
2026/09/30 08:24:27.663, 1980, 2619, 151.40, 47, 0x0000000000000000
2026/09/30 08:24:27.913, 1980, 2619, 151.24, 47, 0x0000000000000000
2026/09/30 08:24:28.163, 1980, 2619, 151.10, 47, 0x0000000000000000
2026/09/30 08:24:28.413, 1980, 2619, 151.07, 47, 0x0000000000000000
2026/09/30 08:24:28.664, 1980, 2619, 150.93, 47, 0x0000000000000000
2026/09/30 08:24:28.914, 1980, 2619, 150.99, 46, 0x0000000000000000
2026/09/30 08:24:29.164, 1980, 2619, 151.09, 46, 0x0000000000000000
2026/09/30 08:24:29.414, 1980, 2619, 150.89, 46, 0x0000000000000000
2026/09/30 08:24:29.664, 1980, 2619, 150.73, 46, 0x0000000000000000
2026/09/30 08:24:29.914, 1980, 2619, 150.75, 46, 0x0000000000000000
2026/09/30 08:24:30.164, 1980, 2619, 150.34, 46, 0x0000000000000000
2026/09/30 08:24:30.414, 1980, 2619, 149.83, 46, 0x0000000000000000
2026/09/30 08:24:30.664, 1980, 2619, 149.36, 46, 0x0000000000000000
2026/09/30 08:24:30.915, 1980, 2619, 164.40, 47, 0x0000000000000000
2026/09/30 08:24:31.165, 1980, 2619, 178.93, 47, 0x0000000000000000
2026/09/30 08:24:31.415, 1980, 2619, 212.74, 48, 0x0000000000000000
2026/09/30 08:24:31.665, 1980, 2619, 227.50, 48, 0x0000000000000000
2026/09/30 08:24:31.915, 1980, 2619, 235.09, 48, 0x0000000000000000
2026/09/30 08:24:32.165, 1980, 2619, 236.80, 48, 0x0000000000000000
2026/09/30 08:24:32.415, 1980, 2619, 228.23, 48, 0x0000000000000000
2026/09/30 08:24:32.665, 1980, 2619, 228.51, 48, 0x0000000000000000
2026/09/30 08:24:32.915, 1980, 2619, 229.50, 48, 0x0000000000000000
2026/09/30 08:24:33.166, 1980, 2619, 229.98, 48, 0x0000000000000000
2026/09/30 08:24:33.416, 1980, 2619, 231.24, 48, 0x0000000000000000
2026/09/30 08:24:33.666, 1980, 2619, 229.35, 48, 0x0000000000000000
2026/09/30 08:24:33.916, 1980, 2619, 228.45, 48, 0x0000000000000000
2026/09/30 08:24:34.166, 1980, 2619, 228.54, 48, 0x0000000000000000
2026/09/30 08:24:34.416, 1590, 2619, 284.75, 58, 0x0000000000000004
2026/09/30 08:24:34.666, 1590, 2619, 371.21, 62, 0x0000000000000004
2026/09/30 08:24:34.916, 1620, 2619, 501.21, 63, 0x0000000000000004
2026/09/30 08:24:35.166, 1605, 2619, 587.84, 62, 0x0000000000000004
2026/09/30 08:24:35.417, 1605, 2619, 660.32, 62, 0x0000000000000004
2026/09/30 08:24:35.667, 1605, 2619, 662.27, 63, 0x0000000000000004
2026/09/30 08:24:35.917, 1620, 2619, 662.49, 63, 0x0000000000000004
2026/09/30 08:24:36.167, 1590, 2619, 662.13, 63, 0x0000000000000004
2026/09/30 08:24:36.417, 1605, 2619, 661.28, 63, 0x0000000000000004
2026/09/30 08:24:36.667, 1635, 2619, 660.84, 64, 0x0000000000000004
2026/09/30 08:24:36.917, 1635, 2619, 662.10, 64, 0x0000000000000004
2026/09/30 08:24:37.167, 1710, 2619, 653.83, 58, 0x0000000000000004
2026/09/30 08:24:37.417, 1590, 2619, 657.96, 64, 0x0000000000000004
2026/09/30 08:24:37.668, 1590, 2619, 657.63, 64, 0x0000000000000004
2026/09/30 08:24:37.918, 1590, 2619, 658.38, 64, 0x0000000000000004
2026/09/30 08:24:38.168, 1590, 2619, 667.71, 64, 0x0000000000000004
2026/09/30 08:24:38.418, 1575, 2619, 664.64, 64, 0x0000000000000004
2026/09/30 08:24:38.668, 1575, 2619, 663.68, 64, 0x0000000000000004
2026/09/30 08:24:38.918, 1575, 2619, 662.20, 64, 0x0000000000000004
2026/09/30 08:24:39.168, 1590, 2619, 661.98, 65, 0x0000000000000004
2026/09/30 08:24:39.418, 1605, 2619, 663.97, 65, 0x0000000000000004
2026/09/30 08:24:39.668, 1590, 2619, 664.32, 64, 0x0000000000000004
2026/09/30 08:24:39.919, 1590, 2619, 665.60, 64, 0x0000000000000004
2026/09/30 08:24:40.169, 1575, 2619, 665.02, 65, 0x0000000000000004
2026/09/30 08:24:40.419, 1590, 2619, 664.63, 64, 0x0000000000000004
2026/09/30 08:24:40.669, 1575, 2619, 664.15, 65, 0x0000000000000004
2026/09/30 08:24:40.919, 1575, 2619, 663.05, 64, 0x0000000000000004
2026/09/30 08:24:41.169, 1605, 2619, 662.88, 65, 0x0000000000000004
2026/09/30 08:24:41.419, 1575, 2619, 663.61, 64, 0x0000000000000004
2026/09/30 08:24:41.669, 1590, 2619, 666.49, 65, 0x0000000000000004
2026/09/30 08:24:41.920, 1575, 2619, 668.96, 65, 0x0000000000000004
2026/09/30 08:24:42.170, 1590, 2619, 669.56, 65, 0x0000000000000004
2026/09/30 08:24:42.420, 1575, 2619, 668.21, 65, 0x0000000000000004
2026/09/30 08:24:42.670, 1575, 2619, 667.42, 65, 0x0000000000000004
2026/09/30 08:24:42.920, 1515, 2619, 653.86, 65, 0x0000000000000004
2026/09/30 08:24:43.170, 1575, 2619, 654.27, 66, 0x0000000000000004
2026/09/30 08:24:43.420, 1530, 2619, 657.65, 66, 0x0000000000000004
2026/09/30 08:24:43.670, 1575, 2619, 657.35, 66, 0x0000000000000004
2026/09/30 08:24:43.920, 1530, 2619, 670.30, 66, 0x0000000000000004
2026/09/30 08:24:44.171, 1590, 2619, 671.64, 66, 0x0000000000000004
2026/09/30 08:24:44.421, 1560, 2619, 670.74, 67, 0x0000000000000004
2026/09/30 08:24:44.671, 1575, 2619, 670.92, 66, 0x0000000000000004
2026/09/30 08:24:44.921, 1590, 2619, 671.65, 67, 0x0000000000000004
2026/09/30 08:24:45.171, 1575, 2619, 671.34, 66, 0x0000000000000004
2026/09/30 08:24:45.421, 1575, 2619, 669.60, 66, 0x0000000000000004
2026/09/30 08:24:45.671, 1515, 2619, 668.81, 65, 0x0000000000000004
2026/09/30 08:24:45.921, 1545, 2619, 667.97, 65, 0x0000000000000004
2026/09/30 08:24:46.171, 1515, 2619, 667.52, 66, 0x0000000000000004
2026/09/30 08:24:46.422, 1515, 2619, 670.05, 65, 0x0000000000000004
2026/09/30 08:24:46.672, 1515, 2619, 670.57, 66, 0x0000000000000004
2026/09/30 08:24:46.922, 1515, 2619, 671.52, 66, 0x0000000000000004
2026/09/30 08:24:47.172, 1530, 2619, 671.92, 67, 0x0000000000000004
2026/09/30 08:24:47.422, 1515, 2619, 671.27, 66, 0x0000000000000004
2026/09/30 08:24:47.672, 1515, 2619, 671.54, 67, 0x0000000000000004
2026/09/30 08:24:47.922, 1515, 2619, 670.93, 66, 0x0000000000000004
2026/09/30 08:24:48.172, 1530, 2619, 670.42, 67, 0x0000000000000004
2026/09/30 08:24:48.422, 1515, 2619, 670.02, 67, 0x0000000000000004
2026/09/30 08:24:48.673, 1560, 2619, 668.84, 67, 0x0000000000000004
2026/09/30 08:24:48.923, 1560, 2619, 670.33, 67, 0x0000000000000004
2026/09/30 08:24:49.173, 1575, 2619, 669.67, 66, 0x0000000000000004
2026/09/30 08:24:49.423, 1590, 2619, 669.87, 68, 0x0000000000000004
2026/09/30 08:24:49.673, 1560, 2619, 671.27, 67, 0x0000000000000004
2026/09/30 08:24:49.923, 1590, 2619, 670.88, 68, 0x0000000000000004
2026/09/30 08:24:50.173, 1500, 2619, 670.22, 66, 0x0000000000000004
2026/09/30 08:24:50.423, 1545, 2619, 670.09, 66, 0x0000000000000004
2026/09/30 08:24:50.673, 1515, 2619, 668.62, 67, 0x0000000000000004
2026/09/30 08:24:50.924, 1515, 2619, 668.53, 66, 0x0000000000000004
2026/09/30 08:24:51.174, 1515, 2619, 668.86, 67, 0x0000000000000004
2026/09/30 08:24:51.424, 1515, 2619, 668.06, 67, 0x0000000000000004
2026/09/30 08:24:51.674, 1590, 2619, 668.63, 68, 0x0000000000000004
2026/09/30 08:24:51.924, 1530, 2619, 669.55, 68, 0x0000000000000004
2026/09/30 08:24:52.174, 1590, 2619, 670.30, 68, 0x0000000000000004
2026/09/30 08:24:52.424, 1590, 2619, 671.91, 68, 0x0000000000000004
2026/09/30 08:24:52.674, 1545, 2619, 672.66, 67, 0x0000000000000004
2026/09/30 08:24:52.924, 1590, 2619, 672.61, 68, 0x0000000000000004
2026/09/30 08:24:53.174, 1530, 2619, 672.84, 67, 0x0000000000000004
2026/09/30 08:24:53.425, 1575, 2619, 673.32, 67, 0x0000000000000004
2026/09/30 08:24:53.675, 1530, 2619, 670.86, 68, 0x0000000000000004
2026/09/30 08:24:53.925, 1515, 2619, 670.06, 67, 0x0000000000000004
2026/09/30 08:24:54.175, 1515, 2619, 670.27, 68, 0x0000000000000004
2026/09/30 08:24:54.425, 1515, 2619, 669.10, 68, 0x0000000000000004
2026/09/30 08:24:54.675, 1515, 2619, 671.29, 68, 0x0000000000000004
2026/09/30 08:24:54.925, 1965, 2619, 562.31, 57, 0x0000000000000004
2026/09/30 08:24:55.175, 1980, 2619, 459.83, 55, 0x0000000000000004
2026/09/30 08:24:55.425, 1980, 2619, 290.46, 54, 0x0000000000000000
2026/09/30 08:24:55.676, 1980, 2619, 196.30, 53, 0x0000000000000000
2026/09/30 08:24:55.926, 1980, 2619, 153.68, 53, 0x0000000000000000
2026/09/30 08:24:56.176, 1980, 2619, 154.24, 53, 0x0000000000000000
2026/09/30 08:24:56.426, 1980, 2619, 154.24, 52, 0x0000000000000000
2026/09/30 08:24:56.676, 1980, 2619, 153.99, 52, 0x0000000000000000
2026/09/30 08:24:56.926, 1980, 2619, 153.79, 52, 0x0000000000000000
2026/09/30 08:24:57.176, 1980, 2619, 153.66, 52, 0x0000000000000000
2026/09/30 08:24:57.426, 1980, 2619, 153.55, 52, 0x0000000000000000
2026/09/30 08:24:57.676, 1980, 2619, 153.40, 52, 0x0000000000000000
2026/09/30 08:24:57.926, 1980, 2619, 153.39, 51, 0x0000000000000000
2026/09/30 08:24:58.177, 1980, 2619, 153.43, 51, 0x0000000000000000
2026/09/30 08:24:58.427, 1980, 2619, 153.17, 51, 0x0000000000000000
2026/09/30 08:24:58.677, 1980, 2619, 153.15, 51, 0x0000000000000000
2026/09/30 08:24:58.927, 1980, 2619, 152.89, 51, 0x0000000000000000
2026/09/30 08:24:59.177, 1980, 2619, 152.58, 51, 0x0000000000000000
2026/09/30 08:24:59.427, 1980, 2619, 152.50, 51, 0x0000000000000000
2026/09/30 08:24:59.677, 1980, 2619, 152.35, 51, 0x0000000000000000
2026/09/30 08:24:59.927, 1980, 2619, 152.18, 51, 0x0000000000000000
2026/09/30 08:25:00.178, 1980, 2619, 152.13, 51, 0x0000000000000000
2026/09/30 08:25:00.428, 1980, 2619, 152.05, 50, 0x0000000000000000
2026/09/30 08:25:00.678, 1980, 2619, 152.00, 50, 0x0000000000000000
2026/09/30 08:25:00.928, 1980, 2619, 151.87, 50, 0x0000000000000000
2026/09/30 08:25:01.178, 1980, 2619, 151.93, 50, 0x0000000000000000
2026/09/30 08:25:01.428, 1980, 2619, 151.87, 50, 0x0000000000000000
2026/09/30 08:25:01.678, 1980, 2619, 151.76, 50, 0x0000000000000000
2026/09/30 08:25:01.928, 1980, 2619, 151.71, 50, 0x0000000000000000
2026/09/30 08:25:02.178, 1980, 2619, 151.47, 50, 0x0000000000000000
2026/09/30 08:25:02.429, 1980, 2619, 151.45, 50, 0x0000000000000000
2026/09/30 08:25:02.679, 1980, 2619, 151.35, 50, 0x0000000000000000
2026/09/30 08:25:02.929, 1980, 2619, 151.29, 50, 0x0000000000000000
2026/09/30 08:25:03.179, 1980, 2619, 151.32, 50, 0x0000000000000000
2026/09/30 08:25:03.429, 1980, 2619, 151.16, 49, 0x0000000000000000
2026/09/30 08:25:03.679, 1980, 2619, 151.12, 49, 0x0000000000000000
2026/09/30 08:25:03.929, 1980, 2619, 151.19, 49, 0x0000000000000000
2026/09/30 08:25:04.179, 1980, 2619, 151.21, 49, 0x0000000000000000
2026/09/30 08:25:04.430, 1980, 2619, 151.21, 49, 0x0000000000000000
2026/09/30 08:25:04.680, 1980, 2619, 151.20, 49, 0x0000000000000000
2026/09/30 08:25:04.930, 1980, 2619, 151.02, 49, 0x0000000000000000
2026/09/30 08:25:05.180, 1980, 2619, 150.98, 49, 0x0000000000000000
2026/09/30 08:25:05.430, 1980, 2619, 150.93, 49, 0x0000000000000000
2026/09/30 08:25:05.680, 1980, 2619, 150.88, 49, 0x0000000000000000
2026/09/30 08:25:05.930, 1980, 2619, 150.79, 49, 0x0000000000000000
2026/09/30 08:25:06.180, 1980, 2619, 150.74, 49, 0x0000000000000000
2026/09/30 08:25:06.431, 1980, 2619, 150.67, 49, 0x0000000000000000
2026/09/30 08:25:06.681, 1980, 2619, 150.57, 49, 0x0000000000000000
2026/09/30 08:25:06.931, 1980, 2619, 150.53, 49, 0x0000000000000000
2026/09/30 08:25:07.181, 1980, 2619, 150.50, 49, 0x0000000000000000
2026/09/30 08:25:07.431, 1980, 2619, 150.38, 49, 0x0000000000000000
2026/09/30 08:25:07.681, 1980, 2619, 150.33, 48, 0x0000000000000000
2026/09/30 08:25:07.931, 1980, 2619, 150.30, 48, 0x0000000000000000
2026/09/30 08:25:08.181, 1980, 2619, 150.14, 48, 0x0000000000000000
2026/09/30 08:25:08.432, 1980, 2619, 150.01, 48, 0x0000000000000000
2026/09/30 08:25:08.682, 1980, 2619, 149.93, 48, 0x0000000000000000
2026/09/30 08:25:08.932, 1980, 2619, 149.82, 48, 0x0000000000000000
2026/09/30 08:25:09.182, 1980, 2619, 149.81, 48, 0x0000000000000000
2026/09/30 08:25:09.432, 1980, 2619, 149.90, 48, 0x0000000000000000
2026/09/30 08:25:09.682, 1980, 2619, 149.93, 48, 0x0000000000000000
2026/09/30 08:25:09.932, 1980, 2619, 149.83, 48, 0x0000000000000000
2026/09/30 08:25:10.182, 1980, 2619, 149.80, 48, 0x0000000000000000
2026/09/30 08:25:10.433, 1980, 2619, 149.67, 48, 0x0000000000000000
2026/09/30 08:25:10.683, 1980, 2619, 149.63, 48, 0x0000000000000000
2026/09/30 08:25:10.933, 1980, 2619, 149.64, 48, 0x0000000000000000
2026/09/30 08:25:11.183, 1980, 2619, 149.67, 48, 0x0000000000000000
2026/09/30 08:25:11.433, 1980, 2619, 149.62, 48, 0x0000000000000000
2026/09/30 08:25:11.683, 1980, 2619, 149.57, 48, 0x0000000000000000
2026/09/30 08:25:11.933, 1980, 2619, 149.53, 48, 0x0000000000000000
2026/09/30 08:25:12.183, 1980, 2619, 149.46, 48, 0x0000000000000000
2026/09/30 08:25:12.433, 1980, 2619, 149.36, 48, 0x0000000000000000
2026/09/30 08:25:12.684, 1980, 2619, 149.36, 47, 0x0000000000000000
2026/09/30 08:25:12.934, 1980, 2619, 149.26, 47, 0x0000000000000000
2026/09/30 08:25:13.184, 1980, 2619, 149.23, 47, 0x0000000000000000
2026/09/30 08:25:13.434, 1980, 2619, 149.29, 47, 0x0000000000000000
2026/09/30 08:25:13.684, 1980, 2619, 149.31, 47, 0x0000000000000000
2026/09/30 08:25:13.934, 1980, 2619, 149.30, 47, 0x0000000000000000
2026/09/30 08:25:14.184, 1980, 2619, 149.31, 47, 0x0000000000000000
2026/09/30 08:25:14.434, 1980, 2619, 149.27, 47, 0x0000000000000000
2026/09/30 08:25:14.684, 1980, 2619, 149.22, 47, 0x0000000000000000
2026/09/30 08:25:14.935, 1980, 2619, 149.26, 47, 0x0000000000000000
2026/09/30 08:25:15.185, 1980, 2619, 149.27, 47, 0x0000000000000000
2026/09/30 08:25:15.435, 1980, 2619, 149.19, 47, 0x0000000000000000
2026/09/30 08:25:15.685, 1980, 2619, 149.24, 47, 0x0000000000000000
2026/09/30 08:25:15.935, 1980, 2619, 149.15, 47, 0x0000000000000000
2026/09/30 08:25:16.185, 1980, 2619, 149.05, 47, 0x0000000000000000
2026/09/30 08:25:16.435, 1980, 2619, 149.89, 47, 0x0000000000000000
2026/09/30 08:25:16.686, 1980, 2619, 150.67, 47, 0x0000000000000000
2026/09/30 08:25:16.936, 1980, 2619, 150.88, 47, 0x0000000000000000
2026/09/30 08:25:17.186, 1980, 2619, 150.94, 47, 0x0000000000000000
2026/09/30 08:25:17.436, 1980, 2619, 150.09, 47, 0x0000000000000000
2026/09/30 08:25:17.686, 1980, 2619, 149.35, 47, 0x0000000000000000
2026/09/30 08:25:17.936, 1980, 2619, 149.00, 47, 0x0000000000000000
2026/09/30 08:25:18.186, 1980, 2619, 148.98, 47, 0x0000000000000000
2026/09/30 08:25:18.437, 1980, 2619, 148.85, 47, 0x0000000000000000
2026/09/30 08:25:18.687, 1980, 2619, 148.72, 47, 0x0000000000000000
2026/09/30 08:25:18.937, 1980, 2619, 148.65, 46, 0x0000000000000000
2026/09/30 08:25:19.187, 1980, 2619, 148.51, 46, 0x0000000000000000
2026/09/30 08:25:19.437, 1980, 2619, 148.49, 46, 0x0000000000000000
2026/09/30 08:25:19.687, 1980, 2619, 148.50, 46, 0x0000000000000000
2026/09/30 08:25:19.937, 1980, 2619, 148.39, 46, 0x0000000000000000
2026/09/30 08:25:20.187, 1980, 2619, 148.44, 46, 0x0000000000000000
2026/09/30 08:25:20.437, 1980, 2619, 148.36, 46, 0x0000000000000000
2026/09/30 08:25:20.688, 1980, 2619, 148.31, 46, 0x0000000000000000
2026/09/30 08:25:20.938, 1980, 2619, 148.42, 46, 0x0000000000000000
2026/09/30 08:25:21.188, 1980, 2619, 148.39, 46, 0x0000000000000000
2026/09/30 08:25:21.438, 1980, 2619, 148.44, 46, 0x0000000000000000
2026/09/30 08:25:21.688, 1980, 2619, 148.39, 46, 0x0000000000000000
2026/09/30 08:25:21.938, 1980, 2619, 148.29, 46, 0x0000000000000000
2026/09/30 08:25:22.188, 1980, 2619, 148.32, 46, 0x0000000000000000
2026/09/30 08:25:22.438, 1980, 2619, 148.31, 46, 0x0000000000000000
2026/09/30 08:25:22.688, 1980, 2619, 148.30, 46, 0x0000000000000000
2026/09/30 08:25:22.939, 1980, 2619, 148.25, 46, 0x0000000000000000
2026/09/30 08:25:23.189, 1980, 2619, 148.15, 46, 0x0000000000000000
2026/09/30 08:25:23.439, 1980, 2619, 148.01, 46, 0x0000000000000000
2026/09/30 08:25:23.689, 1980, 2619, 147.88, 46, 0x0000000000000000
2026/09/30 08:25:23.939, 1980, 2619, 147.84, 46, 0x0000000000000000
2026/09/30 08:25:24.189, 1980, 2619, 147.75, 46, 0x0000000000000000
2026/09/30 08:25:24.439, 1980, 2619, 147.67, 46, 0x0000000000000000
2026/09/30 08:25:24.689, 1980, 2619, 147.62, 46, 0x0000000000000000
2026/09/30 08:25:24.939, 1980, 2619, 147.78, 46, 0x0000000000000000
2026/09/30 08:25:25.190, 1980, 2619, 147.82, 46, 0x0000000000000000
2026/09/30 08:25:25.440, 1980, 2619, 148.17, 46, 0x0000000000000000
2026/09/30 08:25:25.690, 1980, 2619, 148.45, 46, 0x0000000000000000
2026/09/30 08:25:25.940, 1980, 2619, 147.97, 46, 0x0000000000000000
2026/09/30 08:25:26.190, 1980, 2619, 147.66, 45, 0x0000000000000000
2026/09/30 08:25:26.440, 1980, 2619, 146.98, 45, 0x0000000000000000
2026/09/30 08:25:26.690, 1980, 2619, 146.50, 45, 0x0000000000000000
2026/09/30 08:25:26.940, 1980, 2619, 146.80, 45, 0x0000000000000000
2026/09/30 08:25:27.191, 1980, 2619, 146.84, 45, 0x0000000000000000
2026/09/30 08:25:27.441, 1980, 2619, 146.86, 45, 0x0000000000000000
2026/09/30 08:25:27.691, 1980, 2619, 146.79, 45, 0x0000000000000000
2026/09/30 08:25:27.941, 1980, 2619, 146.32, 45, 0x0000000000000000
2026/09/30 08:25:28.191, 1980, 2619, 146.24, 45, 0x0000000000000000
2026/09/30 08:25:28.441, 1980, 2619, 146.14, 45, 0x0000000000000000
2026/09/30 08:25:28.691, 1980, 2619, 146.15, 45, 0x0000000000000000
2026/09/30 08:25:28.941, 1980, 2619, 146.31, 45, 0x0000000000000000
2026/09/30 08:25:29.192, 1980, 2619, 146.38, 45, 0x0000000000000000
2026/09/30 08:25:29.442, 1980, 2619, 146.50, 45, 0x0000000000000000
2026/09/30 08:25:29.692, 1980, 2619, 146.51, 45, 0x0000000000000000
2026/09/30 08:25:29.942, 1980, 2619, 146.34, 45, 0x0000000000000000
2026/09/30 08:25:30.192, 1980, 2619, 147.14, 45, 0x0000000000000000
2026/09/30 08:25:30.442, 1980, 2619, 147.14, 45, 0x0000000000000000
2026/09/30 08:25:30.692, 1980, 2619, 147.17, 45, 0x0000000000000000
2026/09/30 08:25:30.942, 1980, 2619, 147.20, 45, 0x0000000000000000
2026/09/30 08:25:31.192, 1980, 2619, 146.14, 45, 0x0000000000000000
2026/09/30 08:25:31.443, 1980, 2619, 145.54, 45, 0x0000000000000000
2026/09/30 08:25:31.693, 1980, 2619, 145.57, 45, 0x0000000000000000
2026/09/30 08:25:31.943, 1980, 2619, 145.92, 45, 0x0000000000000000
2026/09/30 08:25:32.193, 1980, 2619, 145.82, 45, 0x0000000000000000
2026/09/30 08:25:32.443, 1980, 2619, 145.87, 45, 0x0000000000000000
2026/09/30 08:25:32.693, 1980, 2619, 145.52, 45, 0x0000000000000000
2026/09/30 08:25:32.943, 1980, 2619, 145.06, 45, 0x0000000000000000
2026/09/30 08:25:33.194, 1980, 2619, 145.43, 45, 0x0000000000000000
2026/09/30 08:25:33.444, 1980, 2619, 145.41, 45, 0x0000000000000000
2026/09/30 08:25:33.694, 1980, 2619, 146.29, 45, 0x0000000000000000
2026/09/30 08:25:33.944, 1980, 2619, 148.35, 45, 0x0000000000000000
2026/09/30 08:25:34.194, 1980, 2619, 148.29, 45, 0x0000000000000000
2026/09/30 08:25:34.444, 1980, 2619, 164.18, 46, 0x0000000000000000
2026/09/30 08:25:34.694, 1980, 2619, 181.71, 47, 0x0000000000000000
2026/09/30 08:25:34.944, 1980, 2619, 211.66, 47, 0x0000000000000000
2026/09/30 08:25:35.195, 1980, 2619, 215.34, 46, 0x0000000000000000
2026/09/30 08:25:35.445, 1980, 2619, 228.24, 47, 0x0000000000000000
2026/09/30 08:25:35.695, 1980, 2619, 224.41, 47, 0x0000000000000000
2026/09/30 08:25:35.945, 1980, 2619, 216.23, 48, 0x0000000000000000
2026/09/30 08:25:36.195, 1980, 2619, 228.73, 47, 0x0000000000000000
2026/09/30 08:25:36.445, 1980, 2619, 226.77, 47, 0x0000000000000000
2026/09/30 08:25:36.695, 1980, 2619, 225.72, 47, 0x0000000000000000
2026/09/30 08:25:36.946, 1980, 2619, 225.80, 47, 0x0000000000000000
2026/09/30 08:25:37.196, 1980, 2619, 229.36, 48, 0x0000000000000000
2026/09/30 08:25:37.446, 1980, 2619, 227.79, 48, 0x0000000000000000
2026/09/30 08:25:37.696, 1980, 2619, 228.80, 48, 0x0000000000000000
2026/09/30 08:25:37.946, 1980, 2619, 232.33, 48, 0x0000000000000000
2026/09/30 08:25:38.196, 1980, 2619, 228.36, 47, 0x0000000000000000
2026/09/30 08:25:38.446, 1980, 2619, 227.37, 48, 0x0000000000000000
2026/09/30 08:25:38.697, 1980, 2619, 229.45, 48, 0x0000000000000000
2026/09/30 08:25:38.947, 1980, 2619, 226.87, 47, 0x0000000000000000
2026/09/30 08:25:39.197, 1980, 2619, 231.88, 48, 0x0000000000000000
2026/09/30 08:25:39.447, 1980, 2619, 229.37, 47, 0x0000000000000000
2026/09/30 08:25:39.697, 1980, 2619, 229.01, 47, 0x0000000000000000
2026/09/30 08:25:39.947, 1980, 2619, 230.92, 48, 0x0000000000000000
2026/09/30 08:25:40.197, 1980, 2619, 226.97, 47, 0x0000000000000000
2026/09/30 08:25:40.448, 1980, 2619, 228.07, 47, 0x0000000000000000
2026/09/30 08:25:40.698, 1980, 2619, 229.05, 47, 0x0000000000000000
2026/09/30 08:25:40.948, 1980, 2619, 225.68, 47, 0x0000000000000000
2026/09/30 08:25:41.198, 1980, 2619, 228.00, 48, 0x0000000000000000
2026/09/30 08:25:41.448, 1980, 2619, 229.46, 47, 0x0000000000000000
2026/09/30 08:25:41.698, 1980, 2619, 227.13, 47, 0x0000000000000000
2026/09/30 08:25:41.948, 1980, 2619, 229.62, 48, 0x0000000000000000
2026/09/30 08:25:42.198, 1980, 2619, 227.18, 48, 0x0000000000000000
2026/09/30 08:25:42.448, 1980, 2619, 226.24, 47, 0x0000000000000000
2026/09/30 08:25:42.698, 1980, 2619, 229.13, 47, 0x0000000000000000
2026/09/30 08:25:42.948, 1980, 2619, 226.35, 47, 0x0000000000000000
2026/09/30 08:25:43.199, 1980, 2619, 228.25, 48, 0x0000000000000000
2026/09/30 08:25:43.449, 1980, 2619, 229.62, 47, 0x0000000000000000
2026/09/30 08:25:43.699, 1980, 2619, 226.39, 47, 0x0000000000000000
2026/09/30 08:25:43.949, 1980, 2619, 228.68, 48, 0x0000000000000000
2026/09/30 08:25:44.199, 1980, 2619, 227.20, 47, 0x0000000000000000
2026/09/30 08:25:44.449, 1980, 2619, 226.51, 47, 0x0000000000000000
2026/09/30 08:25:44.699, 1980, 2619, 228.53, 47, 0x0000000000000000
2026/09/30 08:25:44.949, 1980, 2619, 227.08, 47, 0x0000000000000000
2026/09/30 08:25:45.199, 1980, 2619, 227.72, 47, 0x0000000000000000
2026/09/30 08:25:45.449, 1980, 2619, 227.98, 47, 0x0000000000000000
2026/09/30 08:25:45.700, 1980, 2619, 225.61, 47, 0x0000000000000000
2026/09/30 08:25:45.950, 1980, 2619, 226.84, 47, 0x0000000000000000
2026/09/30 08:25:46.200, 1980, 2619, 226.73, 47, 0x0000000000000000
2026/09/30 08:25:46.450, 1980, 2619, 225.69, 47, 0x0000000000000000
2026/09/30 08:25:46.700, 1980, 2619, 228.97, 47, 0x0000000000000000
2026/09/30 08:25:46.950, 1980, 2619, 227.74, 47, 0x0000000000000000
2026/09/30 08:25:47.200, 1980, 2619, 228.48, 47, 0x0000000000000000
2026/09/30 08:25:47.450, 1980, 2619, 230.62, 48, 0x0000000000000000
2026/09/30 08:25:47.700, 1980, 2619, 224.96, 47, 0x0000000000000000
2026/09/30 08:25:47.950, 1980, 2619, 234.19, 47, 0x0000000000000000
2026/09/30 08:25:48.200, 1980, 2619, 242.27, 48, 0x0000000000000000
2026/09/30 08:25:48.450, 1980, 2619, 256.16, 48, 0x0000000000000000
2026/09/30 08:25:48.701, 1980, 2619, 267.89, 48, 0x0000000000000000
2026/09/30 08:25:48.951, 1980, 2619, 273.12, 48, 0x0000000000000000
2026/09/30 08:25:49.201, 1980, 2619, 273.31, 48, 0x0000000000000000
2026/09/30 08:25:49.451, 1980, 2619, 273.56, 48, 0x0000000000000000
2026/09/30 08:25:49.701, 1980, 2619, 274.00, 48, 0x0000000000000000
2026/09/30 08:25:49.951, 1980, 2619, 273.32, 48, 0x0000000000000000
2026/09/30 08:25:50.201, 1980, 2619, 278.32, 48, 0x0000000000000000
2026/09/30 08:25:50.451, 1815, 2619, 388.28, 60, 0x0000000000000004
2026/09/30 08:25:50.701, 1605, 2619, 473.79, 61, 0x0000000000000004
2026/09/30 08:25:50.951, 1590, 2619, 583.94, 62, 0x0000000000000004
2026/09/30 08:25:51.201, 1590, 2619, 664.57, 62, 0x0000000000000004
2026/09/30 08:25:51.451, 1590, 2619, 661.75, 62, 0x0000000000000004
2026/09/30 08:25:51.702, 1605, 2619, 658.47, 62, 0x0000000000000004
2026/09/30 08:25:51.952, 1590, 2619, 657.68, 62, 0x0000000000000004
2026/09/30 08:25:52.202, 1620, 2619, 659.16, 62, 0x0000000000000004
2026/09/30 08:25:52.452, 1620, 2619, 658.65, 63, 0x0000000000000004
2026/09/30 08:25:52.702, 1620, 2619, 657.95, 63, 0x0000000000000004
2026/09/30 08:25:52.952, 1620, 2619, 658.66, 63, 0x0000000000000004
2026/09/30 08:25:53.202, 1605, 2619, 659.37, 63, 0x0000000000000004
2026/09/30 08:25:53.452, 1635, 2619, 658.87, 63, 0x0000000000000004
2026/09/30 08:25:53.702, 1620, 2619, 661.14, 64, 0x0000000000000004
2026/09/30 08:25:53.952, 1635, 2619, 661.63, 64, 0x0000000000000004
2026/09/30 08:25:54.202, 1650, 2619, 661.56, 64, 0x0000000000000004
2026/09/30 08:25:54.452, 1635, 2619, 663.58, 65, 0x0000000000000004
2026/09/30 08:25:54.702, 1665, 2619, 663.97, 64, 0x0000000000000004
2026/09/30 08:25:54.953, 1635, 2619, 663.98, 64, 0x0000000000000004
2026/09/30 08:25:55.203, 1665, 2619, 664.10, 64, 0x0000000000000004
2026/09/30 08:25:55.453, 1635, 2619, 665.41, 64, 0x0000000000000004
2026/09/30 08:25:55.703, 1665, 2619, 663.88, 64, 0x0000000000000004
2026/09/30 08:25:55.953, 1650, 2619, 663.62, 65, 0x0000000000000004
2026/09/30 08:25:56.203, 1665, 2619, 662.61, 65, 0x0000000000000004
2026/09/30 08:25:56.453, 1635, 2619, 663.11, 65, 0x0000000000000004
2026/09/30 08:25:56.703, 1665, 2619, 663.33, 65, 0x0000000000000004
2026/09/30 08:25:56.953, 1665, 2619, 663.73, 65, 0x0000000000000004
2026/09/30 08:25:57.203, 1665, 2619, 663.43, 65, 0x0000000000000004
2026/09/30 08:25:57.453, 1665, 2619, 665.60, 66, 0x0000000000000004
2026/09/30 08:25:57.703, 1665, 2619, 665.42, 65, 0x0000000000000004
2026/09/30 08:25:57.953, 1695, 2619, 664.86, 65, 0x0000000000000004
2026/09/30 08:25:58.203, 1650, 2619, 665.36, 66, 0x0000000000000004
2026/09/30 08:25:58.454, 1665, 2619, 664.32, 64, 0x0000000000000004
2026/09/30 08:25:58.704, 1665, 2619, 662.26, 65, 0x0000000000000004
2026/09/30 08:25:58.954, 1665, 2619, 662.71, 64, 0x0000000000000004
2026/09/30 08:25:59.204, 1875, 2619, 648.04, 63, 0x0000000000000004
2026/09/30 08:25:59.454, 1530, 2619, 650.33, 64, 0x0000000000000004
2026/09/30 08:25:59.704, 1530, 2619, 653.39, 65, 0x0000000000000004
2026/09/30 08:25:59.954, 1560, 2619, 655.41, 65, 0x0000000000000004
2026/09/30 08:26:00.204, 1590, 2619, 665.47, 64, 0x0000000000000004
2026/09/30 08:26:00.454, 1545, 2619, 669.79, 64, 0x0000000000000004
2026/09/30 08:26:00.704, 1530, 2619, 669.94, 65, 0x0000000000000004
2026/09/30 08:26:00.954, 1530, 2619, 671.39, 65, 0x0000000000000004
2026/09/30 08:26:01.204, 1590, 2619, 670.82, 64, 0x0000000000000004
2026/09/30 08:26:01.455, 1575, 2619, 671.53, 64, 0x0000000000000004
2026/09/30 08:26:01.705, 1560, 2619, 670.77, 65, 0x0000000000000004
2026/09/30 08:26:01.955, 1530, 2619, 670.48, 65, 0x0000000000000004
2026/09/30 08:26:02.205, 1590, 2619, 670.55, 65, 0x0000000000000004
2026/09/30 08:26:02.455, 1545, 2619, 669.33, 64, 0x0000000000000004
2026/09/30 08:26:02.705, 1545, 2619, 669.91, 65, 0x0000000000000004
2026/09/30 08:26:02.955, 1515, 2619, 669.53, 66, 0x0000000000000004
2026/09/30 08:26:03.205, 1590, 2619, 670.27, 65, 0x0000000000000004
2026/09/30 08:26:03.455, 1560, 2619, 671.04, 65, 0x0000000000000004
2026/09/30 08:26:03.705, 1530, 2619, 671.27, 66, 0x0000000000000004
2026/09/30 08:26:03.955, 1515, 2619, 670.39, 66, 0x0000000000000004
2026/09/30 08:26:04.205, 1575, 2619, 669.45, 65, 0x0000000000000004
2026/09/30 08:26:04.456, 1560, 2619, 671.10, 65, 0x0000000000000004
2026/09/30 08:26:04.706, 1515, 2619, 670.74, 66, 0x0000000000000004
2026/09/30 08:26:04.956, 1530, 2619, 671.33, 66, 0x0000000000000004
2026/09/30 08:26:05.206, 1575, 2619, 671.39, 65, 0x0000000000000004
2026/09/30 08:26:05.456, 1515, 2619, 669.33, 66, 0x0000000000000004
2026/09/30 08:26:05.706, 1530, 2619, 668.97, 67, 0x0000000000000004
2026/09/30 08:26:05.956, 1590, 2619, 667.45, 66, 0x0000000000000004
2026/09/30 08:26:06.206, 1515, 2619, 667.93, 66, 0x0000000000000004
2026/09/30 08:26:06.456, 1545, 2619, 668.75, 66, 0x0000000000000004
2026/09/30 08:26:06.706, 1590, 2619, 670.37, 66, 0x0000000000000004
2026/09/30 08:26:06.956, 1560, 2619, 672.62, 65, 0x0000000000000004
2026/09/30 08:26:07.206, 1515, 2619, 671.22, 66, 0x0000000000000004
2026/09/30 08:26:07.456, 1530, 2619, 671.54, 67, 0x0000000000000004
2026/09/30 08:26:07.707, 1575, 2619, 669.85, 65, 0x0000000000000004
2026/09/30 08:26:07.957, 1515, 2619, 669.22, 67, 0x0000000000000004
2026/09/30 08:26:08.207, 1590, 2619, 669.80, 67, 0x0000000000000004
2026/09/30 08:26:08.457, 1575, 2619, 670.53, 66, 0x0000000000000004
2026/09/30 08:26:08.707, 1530, 2619, 670.82, 67, 0x0000000000000004
2026/09/30 08:26:08.957, 1530, 2619, 670.53, 68, 0x0000000000000004
2026/09/30 08:26:09.207, 1575, 2619, 670.88, 66, 0x0000000000000004
2026/09/30 08:26:09.457, 1515, 2619, 670.75, 66, 0x0000000000000004
2026/09/30 08:26:09.707, 1530, 2619, 670.30, 67, 0x0000000000000004
2026/09/30 08:26:09.957, 1530, 2619, 669.45, 68, 0x0000000000000004
2026/09/30 08:26:10.207, 1530, 2619, 668.34, 67, 0x0000000000000004
2026/09/30 08:26:10.458, 1515, 2619, 669.40, 67, 0x0000000000000004
2026/09/30 08:26:10.708, 1575, 2619, 670.49, 67, 0x0000000000000004
2026/09/30 08:26:10.958, 1590, 2619, 670.40, 67, 0x0000000000000004
2026/09/30 08:26:11.208, 1530, 2619, 671.63, 67, 0x0000000000000004
2026/09/30 08:26:11.458, 1680, 2619, 667.19, 67, 0x0000000000000004
2026/09/30 08:26:11.708, 1695, 2619, 665.39, 67, 0x0000000000000004
2026/09/30 08:26:11.958, 1710, 2619, 664.63, 67, 0x0000000000000004
2026/09/30 08:26:12.208, 1695, 2619, 665.26, 67, 0x0000000000000004
2026/09/30 08:26:12.458, 1680, 2619, 668.49, 67, 0x0000000000000004
2026/09/30 08:26:12.708, 1680, 2619, 671.14, 67, 0x0000000000000004
2026/09/30 08:26:12.959, 1725, 2619, 670.02, 67, 0x0000000000000004
2026/09/30 08:26:13.209, 1680, 2619, 669.67, 67, 0x0000000000000004
2026/09/30 08:26:13.459, 1680, 2619, 669.07, 67, 0x0000000000000004
2026/09/30 08:26:13.709, 1710, 2619, 667.80, 67, 0x0000000000000004
2026/09/30 08:26:13.959, 1770, 2619, 668.77, 67, 0x0000000000000004
2026/09/30 08:26:14.209, 1695, 2619, 669.51, 67, 0x0000000000000004
2026/09/30 08:26:14.459, 1680, 2619, 669.69, 67, 0x0000000000000004
2026/09/30 08:26:14.709, 1650, 2619, 670.46, 68, 0x0000000000000004
2026/09/30 08:26:14.959, 1605, 2619, 670.55, 68, 0x0000000000000004
2026/09/30 08:26:15.209, 1620, 2619, 667.29, 67, 0x0000000000000004
2026/09/30 08:26:15.460, 1650, 2619, 670.34, 68, 0x0000000000000004
2026/09/30 08:26:15.710, 1620, 2619, 669.08, 68, 0x0000000000000004
2026/09/30 08:26:15.960, 1635, 2619, 669.61, 68, 0x0000000000000004
2026/09/30 08:26:16.210, 1620, 2619, 670.49, 67, 0x0000000000000004
2026/09/30 08:26:16.460, 1635, 2619, 669.38, 68, 0x0000000000000004
2026/09/30 08:26:16.710, 1635, 2619, 669.81, 68, 0x0000000000000004
2026/09/30 08:26:16.960, 1665, 2619, 672.30, 69, 0x0000000000000004
2026/09/30 08:26:17.210, 1650, 2619, 673.65, 68, 0x0000000000000004
2026/09/30 08:26:17.460, 1650, 2619, 671.96, 68, 0x0000000000000004
2026/09/30 08:26:17.711, 1635, 2619, 674.34, 68, 0x0000000000000004
2026/09/30 08:26:17.961, 1635, 2619, 671.55, 68, 0x0000000000000004
2026/09/30 08:26:18.211, 1650, 2619, 673.70, 69, 0x0000000000000004
2026/09/30 08:26:18.461, 1650, 2619, 672.65, 69, 0x0000000000000004
2026/09/30 08:26:18.711, 1665, 2619, 672.30, 68, 0x0000000000000004
2026/09/30 08:26:18.961, 1635, 2619, 672.25, 69, 0x0000000000000004
2026/09/30 08:26:19.211, 1635, 2619, 669.51, 68, 0x0000000000000004
2026/09/30 08:26:19.461, 1665, 2619, 671.85, 68, 0x0000000000000004
2026/09/30 08:26:19.711, 1650, 2619, 668.53, 69, 0x0000000000000004
2026/09/30 08:26:19.961, 1605, 2619, 669.76, 69, 0x0000000000000004
2026/09/30 08:26:20.212, 1635, 2619, 668.68, 68, 0x0000000000000004
2026/09/30 08:26:20.462, 1620, 2619, 667.99, 68, 0x0000000000000004
2026/09/30 08:26:20.712, 1635, 2619, 669.66, 69, 0x0000000000000004
2026/09/30 08:26:20.962, 1620, 2619, 669.32, 68, 0x0000000000000004
2026/09/30 08:26:21.212, 1590, 2619, 672.09, 69, 0x0000000000000004
2026/09/30 08:26:21.462, 1590, 2619, 675.45, 69, 0x0000000000000004
2026/09/30 08:26:21.712, 1590, 2619, 679.29, 69, 0x0000000000000004
2026/09/30 08:26:21.962, 1605, 2619, 682.23, 69, 0x0000000000000004
2026/09/30 08:26:22.212, 1590, 2619, 685.96, 69, 0x0000000000000004
2026/09/30 08:26:22.462, 1590, 2619, 685.64, 70, 0x0000000000000004
2026/09/30 08:26:22.712, 1590, 2619, 688.62, 70, 0x0000000000000004
2026/09/30 08:26:22.963, 1590, 2619, 689.46, 69, 0x0000000000000004
2026/09/30 08:26:23.213, 1590, 2619, 690.70, 69, 0x0000000000000004
2026/09/30 08:26:23.463, 1590, 2619, 692.15, 70, 0x0000000000000004
2026/09/30 08:26:23.713, 1575, 2619, 683.70, 69, 0x0000000000000004
2026/09/30 08:26:23.963, 1590, 2619, 679.03, 70, 0x0000000000000004
2026/09/30 08:26:24.213, 1590, 2619, 671.87, 70, 0x0000000000000004
2026/09/30 08:26:24.463, 1590, 2619, 666.64, 70, 0x0000000000000004
2026/09/30 08:26:24.713, 1590, 2619, 666.57, 70, 0x0000000000000004
2026/09/30 08:26:24.963, 1590, 2619, 664.66, 70, 0x0000000000000004
2026/09/30 08:26:25.213, 1590, 2619, 661.40, 70, 0x0000000000000004
2026/09/30 08:26:25.463, 1590, 2619, 660.23, 70, 0x0000000000000004
2026/09/30 08:26:25.714, 1590, 2619, 657.33, 70, 0x0000000000000004
2026/09/30 08:26:25.964, 1590, 2619, 658.88, 70, 0x0000000000000004
2026/09/30 08:26:26.214, 1590, 2619, 660.10, 70, 0x0000000000000004
2026/09/30 08:26:26.464, 1590, 2619, 660.25, 70, 0x0000000000000004
2026/09/30 08:26:26.714, 1590, 2619, 659.97, 70, 0x0000000000000004
2026/09/30 08:26:26.964, 1590, 2619, 657.53, 70, 0x0000000000000004
2026/09/30 08:26:27.214, 1590, 2619, 655.35, 70, 0x0000000000000004
2026/09/30 08:26:27.464, 1605, 2619, 654.88, 71, 0x0000000000000004
2026/09/30 08:26:27.714, 1590, 2619, 654.43, 70, 0x0000000000000004
2026/09/30 08:26:27.964, 1590, 2619, 653.87, 70, 0x0000000000000004
2026/09/30 08:26:28.214, 1590, 2619, 654.16, 70, 0x0000000000000004
2026/09/30 08:26:28.464, 1590, 2619, 652.74, 71, 0x0000000000000004
2026/09/30 08:26:28.715, 1605, 2619, 653.28, 71, 0x0000000000000004
2026/09/30 08:26:28.965, 1590, 2619, 654.05, 70, 0x0000000000000004
2026/09/30 08:26:29.215, 1590, 2619, 654.31, 70, 0x0000000000000004
2026/09/30 08:26:29.465, 1590, 2619, 654.74, 70, 0x0000000000000004
2026/09/30 08:26:29.715, 1590, 2619, 654.50, 71, 0x0000000000000004
2026/09/30 08:26:29.965, 1650, 2619, 654.77, 71, 0x0000000000000004
2026/09/30 08:26:30.215, 1590, 2619, 658.36, 71, 0x0000000000000004
2026/09/30 08:26:30.465, 1590, 2619, 659.09, 71, 0x0000000000000004
2026/09/30 08:26:30.715, 1590, 2619, 659.33, 71, 0x0000000000000004
2026/09/30 08:26:30.965, 1590, 2619, 659.30, 71, 0x0000000000000004
2026/09/30 08:26:31.215, 1635, 2619, 656.90, 71, 0x0000000000000004
2026/09/30 08:26:31.466, 1590, 2619, 657.21, 71, 0x0000000000000004
2026/09/30 08:26:31.716, 1590, 2619, 656.53, 71, 0x0000000000000004
2026/09/30 08:26:31.966, 1590, 2619, 655.82, 71, 0x0000000000000004
2026/09/30 08:26:32.216, 1590, 2619, 655.03, 71, 0x0000000000000004
2026/09/30 08:26:32.466, 1680, 2619, 652.61, 71, 0x0000000000000004
2026/09/30 08:26:32.716, 1590, 2619, 655.67, 71, 0x0000000000000004
2026/09/30 08:26:32.966, 1590, 2619, 655.90, 71, 0x0000000000000004
2026/09/30 08:26:33.216, 1590, 2619, 656.07, 71, 0x0000000000000004
2026/09/30 08:26:33.466, 1590, 2619, 657.41, 71, 0x0000000000000004
2026/09/30 08:26:33.716, 1650, 2619, 653.23, 71, 0x0000000000000004
2026/09/30 08:26:33.967, 1680, 2619, 655.48, 70, 0x0000000000000004
2026/09/30 08:26:34.217, 1680, 2619, 658.94, 70, 0x0000000000000004
2026/09/30 08:26:34.467, 1680, 2619, 662.62, 70, 0x0000000000000004
2026/09/30 08:26:34.717, 1665, 2619, 666.92, 70, 0x0000000000000004
2026/09/30 08:26:34.967, 1665, 2619, 667.07, 70, 0x0000000000000004
2026/09/30 08:26:35.217, 1665, 2619, 667.35, 70, 0x0000000000000004
2026/09/30 08:26:35.467, 1680, 2619, 666.29, 70, 0x0000000000000004
2026/09/30 08:26:35.717, 1710, 2619, 665.44, 70, 0x0000000000000004
2026/09/30 08:26:35.967, 1665, 2619, 666.87, 70, 0x0000000000000004
2026/09/30 08:26:36.217, 1665, 2619, 665.64, 71, 0x0000000000000004
2026/09/30 08:26:36.467, 1680, 2619, 666.16, 70, 0x0000000000000004
2026/09/30 08:26:36.718, 1665, 2619, 665.41, 70, 0x0000000000000004
2026/09/30 08:26:36.968, 1665, 2619, 665.56, 71, 0x0000000000000004
2026/09/30 08:26:37.218, 1590, 2619, 668.78, 71, 0x0000000000000004
2026/09/30 08:26:37.468, 1590, 2619, 669.47, 71, 0x0000000000000004
2026/09/30 08:26:37.718, 1605, 2619, 668.39, 71, 0x0000000000000004
2026/09/30 08:26:37.968, 1605, 2619, 669.59, 71, 0x0000000000000004
2026/09/30 08:26:38.218, 1605, 2619, 668.52, 71, 0x0000000000000004
2026/09/30 08:26:38.468, 1605, 2619, 668.66, 71, 0x0000000000000004
2026/09/30 08:26:38.718, 1635, 2619, 671.27, 71, 0x0000000000000004
2026/09/30 08:26:38.968, 1635, 2619, 671.72, 71, 0x0000000000000004
2026/09/30 08:26:39.219, 1605, 2619, 668.57, 71, 0x0000000000000004
2026/09/30 08:26:39.469, 1620, 2619, 668.00, 71, 0x0000000000000004
2026/09/30 08:26:39.719, 1605, 2619, 667.23, 71, 0x0000000000000004
2026/09/30 08:26:39.969, 1605, 2619, 665.66, 71, 0x0000000000000004
2026/09/30 08:26:40.219, 1620, 2619, 668.87, 71, 0x0000000000000004
2026/09/30 08:26:40.469, 1605, 2619, 669.25, 71, 0x0000000000000004
2026/09/30 08:26:40.719, 1605, 2619, 668.87, 71, 0x0000000000000004
2026/09/30 08:26:40.969, 1650, 2619, 670.46, 71, 0x0000000000000004
2026/09/30 08:26:41.219, 1650, 2619, 674.49, 72, 0x0000000000000004
2026/09/30 08:26:41.469, 1605, 2619, 672.00, 72, 0x0000000000000004
2026/09/30 08:26:41.719, 1620, 2619, 670.29, 72, 0x0000000000000004
2026/09/30 08:26:41.969, 1605, 2619, 669.62, 71, 0x0000000000000004
2026/09/30 08:26:42.220, 1650, 2619, 663.89, 71, 0x0000000000000004
2026/09/30 08:26:42.470, 1605, 2619, 666.58, 72, 0x0000000000000004
2026/09/30 08:26:42.720, 1635, 2619, 669.03, 71, 0x0000000000000004
2026/09/30 08:26:42.970, 1650, 2619, 672.28, 72, 0x0000000000000004
2026/09/30 08:26:43.220, 1635, 2619, 673.68, 72, 0x0000000000000004
2026/09/30 08:26:43.470, 1620, 2619, 673.48, 71, 0x0000000000000004
2026/09/30 08:26:43.720, 1590, 2619, 670.64, 72, 0x0000000000000004
2026/09/30 08:26:43.970, 1590, 2619, 664.92, 72, 0x0000000000000004
2026/09/30 08:26:44.220, 1590, 2619, 663.65, 72, 0x0000000000000004
2026/09/30 08:26:44.470, 1590, 2619, 662.29, 72, 0x0000000000000004
2026/09/30 08:26:44.720, 1590, 2619, 666.36, 72, 0x0000000000000004
2026/09/30 08:26:44.970, 1590, 2619, 666.50, 72, 0x0000000000000004
2026/09/30 08:26:45.221, 1590, 2619, 666.38, 72, 0x0000000000000004
2026/09/30 08:26:45.471, 1575, 2619, 664.13, 71, 0x0000000000000004
2026/09/30 08:26:45.721, 1590, 2619, 658.07, 71, 0x0000000000000004
2026/09/30 08:26:45.971, 1590, 2619, 657.52, 71, 0x0000000000000004
2026/09/30 08:26:46.221, 1590, 2619, 656.03, 71, 0x0000000000000004
2026/09/30 08:26:46.471, 1590, 2619, 654.75, 71, 0x0000000000000004
2026/09/30 08:26:46.721, 1590, 2619, 657.49, 72, 0x0000000000000004
2026/09/30 08:26:46.971, 1590, 2619, 657.59, 72, 0x0000000000000004
2026/09/30 08:26:47.221, 1575, 2619, 657.80, 71, 0x0000000000000004
2026/09/30 08:26:47.471, 1590, 2619, 657.63, 72, 0x0000000000000004
2026/09/30 08:26:47.722, 1590, 2619, 656.57, 72, 0x0000000000000004
2026/09/30 08:26:47.972, 1590, 2619, 656.75, 72, 0x0000000000000004
2026/09/30 08:26:48.222, 1590, 2619, 654.45, 72, 0x0000000000000004
2026/09/30 08:26:48.472, 1590, 2619, 654.10, 72, 0x0000000000000004
2026/09/30 08:26:48.722, 1590, 2619, 655.60, 72, 0x0000000000000004
2026/09/30 08:26:48.972, 1590, 2619, 655.79, 72, 0x0000000000000004
2026/09/30 08:26:49.222, 1590, 2619, 656.52, 72, 0x0000000000000004
2026/09/30 08:26:49.472, 1590, 2619, 656.95, 72, 0x0000000000000004
2026/09/30 08:26:49.722, 1590, 2619, 656.04, 72, 0x0000000000000004
2026/09/30 08:26:49.972, 1635, 2619, 656.39, 72, 0x0000000000000004
2026/09/30 08:26:50.222, 1590, 2619, 657.67, 72, 0x0000000000000004
2026/09/30 08:26:50.473, 1590, 2619, 658.62, 72, 0x0000000000000004
2026/09/30 08:26:50.723, 1590, 2619, 658.99, 72, 0x0000000000000004
2026/09/30 08:26:50.973, 1590, 2619, 658.65, 72, 0x0000000000000004
2026/09/30 08:26:51.223, 1605, 2619, 658.21, 72, 0x0000000000000004
2026/09/30 08:26:51.473, 1590, 2619, 658.38, 72, 0x0000000000000004
2026/09/30 08:26:51.723, 1590, 2619, 658.72, 72, 0x0000000000000004
2026/09/30 08:26:51.973, 1590, 2619, 659.10, 72, 0x0000000000000004
2026/09/30 08:26:52.223, 1590, 2619, 657.14, 72, 0x0000000000000004
2026/09/30 08:26:52.473, 1650, 2619, 655.43, 72, 0x0000000000000004
2026/09/30 08:26:52.723, 1590, 2619, 658.06, 72, 0x0000000000000004
2026/09/30 08:26:52.973, 1605, 2619, 657.90, 72, 0x0000000000000004
2026/09/30 08:26:53.224, 1590, 2619, 658.76, 72, 0x0000000000000004
2026/09/30 08:26:53.474, 1590, 2619, 660.08, 72, 0x0000000000000004
2026/09/30 08:26:53.724, 1650, 2619, 655.32, 71, 0x0000000000000004
2026/09/30 08:26:53.974, 1590, 2619, 658.00, 72, 0x0000000000000004
2026/09/30 08:26:54.224, 1590, 2619, 658.79, 72, 0x0000000000000004
2026/09/30 08:26:54.474, 1590, 2619, 658.65, 72, 0x0000000000000004
2026/09/30 08:26:54.724, 1590, 2619, 660.25, 72, 0x0000000000000004
2026/09/30 08:26:54.974, 1590, 2619, 657.44, 72, 0x0000000000000004
2026/09/30 08:26:55.224, 1590, 2619, 658.02, 72, 0x0000000000000004
2026/09/30 08:26:55.474, 1590, 2619, 659.07, 72, 0x0000000000000004
2026/09/30 08:26:55.724, 1590, 2619, 658.94, 72, 0x0000000000000004
2026/09/30 08:26:55.974, 1590, 2619, 659.24, 73, 0x0000000000000004
2026/09/30 08:26:56.225, 1590, 2619, 656.69, 72, 0x0000000000000004
2026/09/30 08:26:56.475, 1590, 2619, 656.57, 72, 0x0000000000000004
2026/09/30 08:26:56.725, 1605, 2619, 658.07, 72, 0x0000000000000004
2026/09/30 08:26:56.975, 1605, 2619, 659.53, 72, 0x0000000000000004
2026/09/30 08:26:57.225, 1590, 2619, 660.38, 72, 0x0000000000000004
2026/09/30 08:26:57.475, 1590, 2619, 661.13, 72, 0x0000000000000004
2026/09/30 08:26:57.725, 1590, 2619, 661.24, 72, 0x0000000000000004
2026/09/30 08:26:57.975, 1605, 2619, 661.40, 72, 0x0000000000000004
2026/09/30 08:26:58.225, 1605, 2619, 662.50, 72, 0x0000000000000004
2026/09/30 08:26:58.476, 1605, 2619, 661.40, 71, 0x0000000000000004
2026/09/30 08:26:58.726, 1605, 2619, 660.20, 70, 0x0000000000000004
2026/09/30 08:26:58.976, 1590, 2619, 659.14, 72, 0x0000000000000004
2026/09/30 08:26:59.226, 1590, 2619, 657.44, 72, 0x0000000000000004
2026/09/30 08:26:59.476, 1620, 2619, 657.55, 72, 0x0000000000000004
2026/09/30 08:26:59.726, 1635, 2619, 660.84, 72, 0x0000000000000004
2026/09/30 08:26:59.976, 1620, 2619, 662.77, 73, 0x0000000000000004
2026/09/30 08:27:00.226, 1605, 2619, 665.46, 73, 0x0000000000000004
2026/09/30 08:27:00.476, 1635, 2619, 667.91, 73, 0x0000000000000004
2026/09/30 08:27:00.726, 1635, 2619, 667.11, 73, 0x0000000000000004
2026/09/30 08:27:00.976, 1605, 2619, 665.98, 73, 0x0000000000000004
2026/09/30 08:27:01.227, 1605, 2619, 666.53, 73, 0x0000000000000004
2026/09/30 08:27:01.477, 1605, 2619, 666.02, 73, 0x0000000000000004
2026/09/30 08:27:01.727, 1635, 2619, 667.84, 73, 0x0000000000000004
2026/09/30 08:27:01.977, 1605, 2619, 667.35, 73, 0x0000000000000004
2026/09/30 08:27:02.227, 1620, 2619, 667.02, 73, 0x0000000000000004
2026/09/30 08:27:02.477, 1605, 2619, 666.38, 73, 0x0000000000000004
2026/09/30 08:27:02.727, 1620, 2619, 666.42, 73, 0x0000000000000004
2026/09/30 08:27:02.977, 1665, 2619, 667.13, 73, 0x0000000000000004
2026/09/30 08:27:03.227, 1620, 2619, 667.68, 73, 0x0000000000000004
2026/09/30 08:27:03.477, 1620, 2619, 667.72, 73, 0x0000000000000004
2026/09/30 08:27:03.727, 1635, 2619, 665.50, 73, 0x0000000000000004
2026/09/30 08:27:03.978, 1605, 2619, 665.20, 73, 0x0000000000000004
2026/09/30 08:27:04.228, 1635, 2619, 663.71, 73, 0x0000000000000004
2026/09/30 08:27:04.478, 1620, 2619, 664.75, 73, 0x0000000000000004
2026/09/30 08:27:04.728, 1650, 2619, 664.11, 73, 0x0000000000000004
2026/09/30 08:27:04.978, 1635, 2619, 663.98, 73, 0x0000000000000004
2026/09/30 08:27:05.228, 1635, 2619, 665.73, 73, 0x0000000000000004
2026/09/30 08:27:05.478, 1500, 2619, 666.35, 73, 0x0000000000000004
2026/09/30 08:27:05.728, 1530, 2619, 669.90, 73, 0x0000000000000004
2026/09/30 08:27:05.978, 1515, 2619, 672.03, 72, 0x0000000000000004
2026/09/30 08:27:06.228, 1515, 2619, 673.27, 73, 0x0000000000000004
2026/09/30 08:27:06.478, 1530, 2619, 673.36, 73, 0x0000000000000004
2026/09/30 08:27:06.729, 1530, 2619, 672.83, 72, 0x0000000000000004
2026/09/30 08:27:06.979, 1500, 2619, 671.73, 73, 0x0000000000000004
2026/09/30 08:27:07.229, 1560, 2619, 671.47, 72, 0x0000000000000004
2026/09/30 08:27:07.479, 1500, 2619, 672.35, 73, 0x0000000000000004
2026/09/30 08:27:07.729, 1515, 2619, 672.58, 72, 0x0000000000000004
2026/09/30 08:27:07.979, 1515, 2619, 673.88, 72, 0x0000000000000004
2026/09/30 08:27:08.229, 1500, 2619, 674.57, 72, 0x0000000000000004
2026/09/30 08:27:08.479, 1530, 2619, 674.16, 73, 0x0000000000000004
2026/09/30 08:27:08.729, 1560, 2619, 673.70, 72, 0x0000000000000004
2026/09/30 08:27:08.979, 1515, 2619, 672.61, 73, 0x0000000000000004
2026/09/30 08:27:09.229, 1530, 2619, 672.44, 73, 0x0000000000000004
2026/09/30 08:27:09.479, 1500, 2619, 672.90, 73, 0x0000000000000004
2026/09/30 08:27:09.730, 1515, 2619, 671.73, 73, 0x0000000000000004
2026/09/30 08:27:09.980, 1560, 2619, 672.00, 72, 0x0000000000000004
2026/09/30 08:27:10.230, 1500, 2619, 671.98, 73, 0x0000000000000004
2026/09/30 08:27:10.480, 1515, 2619, 671.26, 73, 0x0000000000000004
2026/09/30 08:27:10.730, 1575, 2619, 673.29, 72, 0x0000000000000004
2026/09/30 08:27:10.980, 1515, 2619, 671.34, 72, 0x0000000000000004
2026/09/30 08:27:11.230, 1530, 2619, 671.56, 73, 0x0000000000000004
2026/09/30 08:27:11.480, 1530, 2619, 672.09, 71, 0x0000000000000004
2026/09/30 08:27:11.730, 1500, 2619, 671.94, 73, 0x0000000000000004
2026/09/30 08:27:11.980, 1515, 2619, 674.48, 72, 0x0000000000000004
2026/09/30 08:27:12.230, 1515, 2619, 673.47, 73, 0x0000000000000004
2026/09/30 08:27:12.480, 1530, 2619, 673.20, 73, 0x0000000000000004
2026/09/30 08:27:12.731, 1500, 2619, 670.73, 73, 0x0000000000000004
2026/09/30 08:27:12.981, 1530, 2619, 671.22, 73, 0x0000000000000004
2026/09/30 08:27:13.231, 1560, 2619, 672.54, 72, 0x0000000000000004
2026/09/30 08:27:13.481, 1500, 2619, 671.37, 73, 0x0000000000000004
2026/09/30 08:27:13.731, 1530, 2619, 672.23, 73, 0x0000000000000004
2026/09/30 08:27:13.981, 1515, 2619, 671.27, 73, 0x0000000000000004
2026/09/30 08:27:14.231, 1530, 2619, 670.03, 73, 0x0000000000000004
2026/09/30 08:27:14.481, 1500, 2619, 671.76, 73, 0x0000000000000004
2026/09/30 08:27:14.731, 1515, 2619, 671.41, 73, 0x0000000000000004
2026/09/30 08:27:14.981, 1560, 2619, 672.64, 73, 0x0000000000000004
2026/09/30 08:27:15.231, 1500, 2619, 669.15, 73, 0x0000000000000004
2026/09/30 08:27:15.482, 1560, 2619, 668.86, 73, 0x0000000000000004
2026/09/30 08:27:15.732, 1515, 2619, 669.98, 73, 0x0000000000000004
2026/09/30 08:27:15.982, 1500, 2619, 667.89, 73, 0x0000000000000004
2026/09/30 08:27:16.232, 1530, 2619, 672.16, 73, 0x0000000000000004
2026/09/30 08:27:16.482, 1515, 2619, 670.10, 73, 0x0000000000000004
2026/09/30 08:27:16.732, 1515, 2619, 668.35, 74, 0x0000000000000004
2026/09/30 08:27:16.982, 1500, 2619, 670.59, 73, 0x0000000000000004
2026/09/30 08:27:17.232, 1515, 2619, 670.35, 73, 0x0000000000000004
2026/09/30 08:27:17.482, 1560, 2619, 672.78, 73, 0x0000000000000004
2026/09/30 08:27:17.732, 1605, 2619, 669.67, 73, 0x0000000000000004
2026/09/30 08:27:17.982, 1605, 2619, 667.65, 73, 0x0000000000000004
2026/09/30 08:27:18.232, 1590, 2619, 666.13, 73, 0x0000000000000004
2026/09/30 08:27:18.483, 1590, 2619, 662.72, 73, 0x0000000000000004
2026/09/30 08:27:18.733, 1605, 2619, 663.85, 73, 0x0000000000000004
2026/09/30 08:27:18.983, 1590, 2619, 663.09, 73, 0x0000000000000004
2026/09/30 08:27:19.233, 1590, 2619, 660.98, 73, 0x0000000000000004
2026/09/30 08:27:19.483, 1590, 2619, 661.16, 73, 0x0000000000000004
2026/09/30 08:27:19.733, 1590, 2619, 659.97, 73, 0x0000000000000004
2026/09/30 08:27:19.983, 1590, 2619, 656.68, 73, 0x0000000000000004
2026/09/30 08:27:20.233, 1590, 2619, 657.96, 73, 0x0000000000000004
2026/09/30 08:27:20.483, 1590, 2619, 657.51, 73, 0x0000000000000004
2026/09/30 08:27:20.733, 1590, 2619, 659.26, 74, 0x0000000000000004
2026/09/30 08:27:20.983, 1620, 2619, 663.68, 73, 0x0000000000000004
2026/09/30 08:27:21.234, 1635, 2619, 666.42, 73, 0x0000000000000004
2026/09/30 08:27:21.484, 1620, 2619, 667.78, 73, 0x0000000000000004
2026/09/30 08:27:21.734, 1605, 2619, 669.05, 74, 0x0000000000000004
2026/09/30 08:27:21.984, 1605, 2619, 667.86, 74, 0x0000000000000004
2026/09/30 08:27:22.234, 1605, 2619, 667.00, 74, 0x0000000000000004
2026/09/30 08:27:22.484, 1620, 2619, 667.96, 74, 0x0000000000000004
2026/09/30 08:27:22.734, 1635, 2619, 667.36, 73, 0x0000000000000004
2026/09/30 08:27:22.984, 1605, 2619, 668.16, 74, 0x0000000000000004
2026/09/30 08:27:23.234, 1605, 2619, 668.30, 74, 0x0000000000000004
2026/09/30 08:27:23.484, 1620, 2619, 666.72, 74, 0x0000000000000004
2026/09/30 08:27:23.734, 1605, 2619, 666.14, 74, 0x0000000000000004
2026/09/30 08:27:23.985, 1635, 2619, 665.87, 73, 0x0000000000000004
2026/09/30 08:27:24.235, 1605, 2619, 663.89, 74, 0x0000000000000004
2026/09/30 08:27:24.485, 1635, 2619, 663.74, 74, 0x0000000000000004
2026/09/30 08:27:24.735, 1605, 2619, 664.82, 74, 0x0000000000000004
2026/09/30 08:27:24.985, 1620, 2619, 663.98, 74, 0x0000000000000004
2026/09/30 08:27:25.235, 1605, 2619, 665.74, 74, 0x0000000000000004
2026/09/30 08:27:25.485, 1605, 2619, 665.75, 74, 0x0000000000000004
2026/09/30 08:27:25.735, 1605, 2619, 665.58, 74, 0x0000000000000004
2026/09/30 08:27:25.985, 1620, 2619, 667.21, 74, 0x0000000000000004
2026/09/30 08:27:26.235, 1620, 2619, 666.13, 74, 0x0000000000000004
2026/09/30 08:27:26.485, 1635, 2619, 666.41, 74, 0x0000000000000004
2026/09/30 08:27:26.736, 1500, 2619, 669.05, 74, 0x0000000000000004
2026/09/30 08:27:26.986, 1515, 2619, 670.56, 73, 0x0000000000000004
2026/09/30 08:27:27.236, 1485, 2619, 672.83, 74, 0x0000000000000004
2026/09/30 08:27:27.486, 1575, 2619, 673.67, 73, 0x0000000000000004
2026/09/30 08:27:27.736, 1560, 2619, 673.29, 73, 0x0000000000000004
2026/09/30 08:27:27.986, 1500, 2619, 672.86, 74, 0x0000000000000004
2026/09/30 08:27:28.236, 1575, 2619, 672.39, 73, 0x0000000000000004
2026/09/30 08:27:28.486, 1500, 2619, 673.92, 74, 0x0000000000000004
2026/09/30 08:27:28.736, 1500, 2619, 672.07, 74, 0x0000000000000004
2026/09/30 08:27:28.986, 1545, 2619, 673.23, 73, 0x0000000000000004
2026/09/30 08:27:29.236, 1500, 2619, 672.19, 74, 0x0000000000000004
2026/09/30 08:27:29.487, 1560, 2619, 671.41, 73, 0x0000000000000004
2026/09/30 08:27:29.737, 1500, 2619, 672.30, 73, 0x0000000000000004
2026/09/30 08:27:29.987, 1530, 2619, 670.15, 74, 0x0000000000000004
2026/09/30 08:27:30.237, 1575, 2619, 673.15, 73, 0x0000000000000004
2026/09/30 08:27:30.487, 1500, 2619, 671.89, 74, 0x0000000000000004
2026/09/30 08:27:30.737, 1530, 2619, 672.24, 74, 0x0000000000000004
2026/09/30 08:27:30.987, 1500, 2619, 674.02, 74, 0x0000000000000004
2026/09/30 08:27:31.237, 1515, 2619, 673.38, 74, 0x0000000000000004
2026/09/30 08:27:31.487, 1575, 2619, 674.10, 73, 0x0000000000000004
2026/09/30 08:27:31.737, 1500, 2619, 674.47, 74, 0x0000000000000004
2026/09/30 08:27:31.987, 1500, 2619, 673.68, 74, 0x0000000000000004
2026/09/30 08:27:32.238, 1575, 2619, 673.12, 73, 0x0000000000000004
2026/09/30 08:27:32.488, 1500, 2619, 674.16, 74, 0x0000000000000004
2026/09/30 08:27:32.738, 1530, 2619, 673.31, 74, 0x0000000000000004
2026/09/30 08:27:32.988, 1485, 2619, 671.82, 74, 0x0000000000000004
2026/09/30 08:27:33.238, 1500, 2619, 671.94, 75, 0x0000000000000004
2026/09/30 08:27:33.488, 1545, 2619, 672.20, 73, 0x0000000000000004
2026/09/30 08:27:33.738, 1485, 2619, 671.82, 74, 0x0000000000000004
2026/09/30 08:27:33.988, 1575, 2619, 673.64, 72, 0x0000000000000004
2026/09/30 08:27:34.238, 1485, 2619, 672.80, 74, 0x0000000000000004
2026/09/30 08:27:34.488, 1545, 2619, 672.14, 74, 0x0000000000000004
2026/09/30 08:27:34.738, 1545, 2619, 672.69, 73, 0x0000000000000004
2026/09/30 08:27:34.989, 1500, 2619, 673.16, 74, 0x0000000000000004
2026/09/30 08:27:35.239, 1545, 2619, 674.16, 73, 0x0000000000000004
2026/09/30 08:27:35.489, 1500, 2619, 673.92, 74, 0x0000000000000004
2026/09/30 08:27:35.739, 1530, 2619, 672.81, 74, 0x0000000000000004
2026/09/30 08:27:35.989, 1485, 2619, 671.61, 74, 0x0000000000000004
2026/09/30 08:27:36.239, 1500, 2619, 670.89, 74, 0x0000000000000004
2026/09/30 08:27:36.489, 1500, 2619, 670.39, 74, 0x0000000000000004
2026/09/30 08:27:36.739, 1515, 2619, 671.09, 75, 0x0000000000000004
2026/09/30 08:27:36.989, 1515, 2619, 672.64, 74, 0x0000000000000004
2026/09/30 08:27:37.239, 1500, 2619, 671.82, 74, 0x0000000000000004
2026/09/30 08:27:37.490, 1560, 2619, 673.61, 74, 0x0000000000000004
2026/09/30 08:27:37.740, 1485, 2619, 671.41, 74, 0x0000000000000004
2026/09/30 08:27:37.990, 1560, 2619, 670.64, 73, 0x0000000000000004
2026/09/30 08:27:38.240, 1500, 2619, 670.35, 74, 0x0000000000000004
2026/09/30 08:27:38.490, 1515, 2619, 669.00, 75, 0x0000000000000004
2026/09/30 08:27:38.740, 1575, 2619, 671.35, 74, 0x0000000000000004
2026/09/30 08:27:38.990, 1665, 2619, 669.51, 74, 0x0000000000000004
2026/09/30 08:27:39.240, 1665, 2619, 669.11, 74, 0x0000000000000004
2026/09/30 08:27:39.490, 1665, 2619, 669.03, 74, 0x0000000000000004
2026/09/30 08:27:39.741, 1665, 2619, 667.91, 74, 0x0000000000000004
2026/09/30 08:27:39.991, 1665, 2619, 670.20, 74, 0x0000000000000004
2026/09/30 08:27:40.241, 1665, 2619, 669.74, 74, 0x0000000000000004
2026/09/30 08:27:40.491, 1650, 2619, 669.72, 74, 0x0000000000000004
2026/09/30 08:27:40.741, 1650, 2619, 670.92, 74, 0x0000000000000004
2026/09/30 08:27:40.991, 1665, 2619, 670.76, 74, 0x0000000000000004
2026/09/30 08:27:41.241, 1665, 2619, 669.14, 74, 0x0000000000000004
2026/09/30 08:27:41.491, 1665, 2619, 668.33, 74, 0x0000000000000004
2026/09/30 08:27:41.741, 1665, 2619, 667.74, 74, 0x0000000000000004
2026/09/30 08:27:41.991, 1650, 2619, 667.49, 74, 0x0000000000000004
2026/09/30 08:27:42.242, 1635, 2619, 672.23, 74, 0x0000000000000004
2026/09/30 08:27:42.492, 1620, 2619, 672.97, 74, 0x0000000000000004
2026/09/30 08:27:42.742, 1605, 2619, 671.95, 74, 0x0000000000000004
2026/09/30 08:27:42.992, 1605, 2619, 670.71, 74, 0x0000000000000004
2026/09/30 08:27:43.242, 1620, 2619, 668.24, 74, 0x0000000000000004
2026/09/30 08:27:43.492, 1605, 2619, 667.23, 74, 0x0000000000000004
2026/09/30 08:27:43.742, 1605, 2619, 669.04, 74, 0x0000000000000004
2026/09/30 08:27:43.992, 1605, 2619, 670.63, 74, 0x0000000000000004
2026/09/30 08:27:44.242, 1605, 2619, 672.50, 74, 0x0000000000000004
2026/09/30 08:27:44.492, 1605, 2619, 672.93, 74, 0x0000000000000004
2026/09/30 08:27:44.742, 1620, 2619, 674.33, 74, 0x0000000000000004
2026/09/30 08:27:44.993, 1635, 2619, 676.56, 75, 0x0000000000000004
2026/09/30 08:27:45.243, 1605, 2619, 673.09, 75, 0x0000000000000004
2026/09/30 08:27:45.493, 1605, 2619, 670.76, 74, 0x0000000000000004
2026/09/30 08:27:45.743, 1605, 2619, 666.26, 74, 0x0000000000000004
2026/09/30 08:27:45.993, 1605, 2619, 662.16, 74, 0x0000000000000004
2026/09/30 08:27:46.243, 1605, 2619, 661.12, 74, 0x0000000000000004
2026/09/30 08:27:46.493, 1620, 2619, 663.24, 74, 0x0000000000000004
2026/09/30 08:27:46.743, 1605, 2619, 664.19, 75, 0x0000000000000004
2026/09/30 08:27:46.993, 1620, 2619, 664.39, 74, 0x0000000000000004
2026/09/30 08:27:47.243, 1605, 2619, 666.18, 74, 0x0000000000000004
2026/09/30 08:27:47.494, 1605, 2619, 667.80, 74, 0x0000000000000004
2026/09/30 08:27:47.744, 1635, 2619, 670.68, 74, 0x0000000000000004
2026/09/30 08:27:47.994, 1665, 2619, 674.42, 75, 0x0000000000000004
2026/09/30 08:27:48.244, 1605, 2619, 675.80, 75, 0x0000000000000004
2026/09/30 08:27:48.494, 1605, 2619, 672.30, 74, 0x0000000000000004
2026/09/30 08:27:48.744, 1590, 2619, 677.62, 75, 0x0000000000000004
2026/09/30 08:27:48.994, 1590, 2619, 680.81, 75, 0x0000000000000004
2026/09/30 08:27:49.244, 1575, 2619, 687.46, 75, 0x0000000000000004
2026/09/30 08:27:49.494, 1575, 2619, 691.36, 75, 0x0000000000000004
2026/09/30 08:27:49.744, 1575, 2619, 681.29, 75, 0x0000000000000004
2026/09/30 08:27:49.995, 1590, 2619, 674.22, 75, 0x0000000000000004
2026/09/30 08:27:50.245, 1590, 2619, 665.13, 75, 0x0000000000000004
2026/09/30 08:27:50.495, 1575, 2619, 662.67, 75, 0x0000000000000004
2026/09/30 08:27:50.745, 1590, 2619, 664.53, 75, 0x0000000000000004
2026/09/30 08:27:50.995, 1575, 2619, 664.61, 75, 0x0000000000000004
2026/09/30 08:27:51.245, 1590, 2619, 665.40, 75, 0x0000000000000004
2026/09/30 08:27:51.495, 1590, 2619, 665.41, 75, 0x0000000000000004
2026/09/30 08:27:51.745, 1590, 2619, 666.74, 75, 0x0000000000000004
2026/09/30 08:27:51.995, 1590, 2619, 667.64, 75, 0x0000000000000004
2026/09/30 08:27:52.245, 1590, 2619, 665.45, 75, 0x0000000000000004
2026/09/30 08:27:52.496, 1590, 2619, 665.95, 75, 0x0000000000000004
2026/09/30 08:27:52.746, 1590, 2619, 666.03, 75, 0x0000000000000004
2026/09/30 08:27:52.996, 1590, 2619, 665.31, 75, 0x0000000000000004
2026/09/30 08:27:53.246, 1590, 2619, 666.86, 75, 0x0000000000000004
2026/09/30 08:27:53.496, 1590, 2619, 666.15, 75, 0x0000000000000004
2026/09/30 08:27:53.746, 1590, 2619, 665.80, 75, 0x0000000000000004
2026/09/30 08:27:53.996, 1590, 2619, 665.92, 75, 0x0000000000000004
2026/09/30 08:27:54.246, 1590, 2619, 666.58, 75, 0x0000000000000004
2026/09/30 08:27:54.496, 1590, 2619, 667.22, 75, 0x0000000000000004
2026/09/30 08:27:54.746, 1575, 2619, 666.12, 75, 0x0000000000000004
2026/09/30 08:27:54.997, 1680, 2619, 664.83, 75, 0x0000000000000004
2026/09/30 08:27:55.247, 1605, 2619, 666.20, 75, 0x0000000000000004
2026/09/30 08:27:55.497, 1590, 2619, 667.33, 76, 0x0000000000000004
2026/09/30 08:27:55.747, 1590, 2619, 666.79, 75, 0x0000000000000004
2026/09/30 08:27:55.997, 1590, 2619, 668.62, 75, 0x0000000000000004
2026/09/30 08:27:56.247, 1665, 2619, 665.95, 75, 0x0000000000000004
2026/09/30 08:27:56.497, 1590, 2619, 667.74, 76, 0x0000000000000004
2026/09/30 08:27:56.747, 1590, 2619, 669.31, 76, 0x0000000000000004
2026/09/30 08:27:56.997, 1575, 2619, 669.78, 75, 0x0000000000000004
2026/09/30 08:27:57.247, 1590, 2619, 670.10, 75, 0x0000000000000004
2026/09/30 08:27:57.497, 1590, 2619, 666.23, 75, 0x0000000000000004
2026/09/30 08:27:57.748, 1590, 2619, 667.18, 76, 0x0000000000000004
2026/09/30 08:27:57.998, 1590, 2619, 666.26, 75, 0x0000000000000004
2026/09/30 08:27:58.248, 1590, 2619, 667.88, 75, 0x0000000000000004
2026/09/30 08:27:58.498, 1590, 2619, 668.16, 75, 0x0000000000000004
2026/09/30 08:27:58.748, 1590, 2619, 666.16, 75, 0x0000000000000004
2026/09/30 08:27:58.998, 1605, 2619, 666.81, 76, 0x0000000000000004
2026/09/30 08:27:59.248, 1590, 2619, 667.41, 76, 0x0000000000000004
2026/09/30 08:27:59.498, 1575, 2619, 666.90, 76, 0x0000000000000004
2026/09/30 08:27:59.748, 1590, 2619, 667.13, 76, 0x0000000000000004
2026/09/30 08:27:59.998, 1575, 2619, 666.88, 75, 0x0000000000000004
2026/09/30 08:28:00.248, 1605, 2619, 666.35, 76, 0x0000000000000004
2026/09/30 08:28:00.498, 1590, 2619, 667.35, 75, 0x0000000000000004
2026/09/30 08:28:00.749, 1590, 2619, 667.67, 76, 0x0000000000000004
2026/09/30 08:28:00.999, 1575, 2619, 667.70, 76, 0x0000000000000004
2026/09/30 08:28:01.249, 1575, 2619, 665.97, 76, 0x0000000000000004
2026/09/30 08:28:01.499, 1950, 2619, 599.78, 68, 0x0000000000000004
2026/09/30 08:28:01.749, 1980, 2619, 454.30, 64, 0x0000000000000000
2026/09/30 08:28:01.999, 1980, 2619, 349.93, 64, 0x0000000000000000
2026/09/30 08:28:02.249, 1980, 2619, 210.30, 63, 0x0000000000000000
2026/09/30 08:28:02.499, 1980, 2619, 165.86, 63, 0x0000000000000000
2026/09/30 08:28:02.749, 1980, 2619, 167.30, 62, 0x0000000000000000
2026/09/30 08:28:02.999, 1980, 2619, 167.97, 62, 0x0000000000000000
2026/09/30 08:28:03.250, 1980, 2619, 168.17, 62, 0x0000000000000000
2026/09/30 08:28:03.500, 1980, 2619, 167.97, 62, 0x0000000000000000
2026/09/30 08:28:03.750, 1980, 2619, 168.97, 61, 0x0000000000000000
2026/09/30 08:28:04.000, 1980, 2619, 182.10, 62, 0x0000000000000000
2026/09/30 08:28:04.250, 1980, 2619, 181.19, 61, 0x0000000000000000
2026/09/30 08:28:04.500, 1980, 2619, 180.05, 61, 0x0000000000000000
2026/09/30 08:28:04.750, 1980, 2619, 177.24, 61, 0x0000000000000000
2026/09/30 08:28:05.000, 1980, 2619, 162.57, 61, 0x0000000000000000
2026/09/30 08:28:05.250, 1980, 2619, 161.40, 60, 0x0000000000000000
2026/09/30 08:28:05.500, 1980, 2619, 161.16, 60, 0x0000000000000000
2026/09/30 08:28:05.750, 1755, 2619, 179.45, 60, 0x0000000000000000
2026/09/30 08:28:06.000, 1395, 2619, 267.55, 71, 0x0000000000000004
2026/09/30 08:28:06.250, 1425, 2619, 412.59, 73, 0x0000000000000004
2026/09/30 08:28:06.500, 1815, 2619, 484.64, 73, 0x0000000000000004
2026/09/30 08:28:06.750, 1440, 2619, 603.42, 73, 0x0000000000000004
2026/09/30 08:28:07.000, 1830, 2619, 608.04, 74, 0x0000000000000004
2026/09/30 08:28:07.251, 1395, 2619, 615.70, 73, 0x0000000000000004
2026/09/30 08:28:07.501, 1395, 2619, 635.65, 74, 0x0000000000000004
2026/09/30 08:28:07.751, 1380, 2619, 653.21, 73, 0x0000000000000004
2026/09/30 08:28:08.001, 1965, 2619, 627.57, 69, 0x0000000000000004
2026/09/30 08:28:08.251, 1425, 2619, 641.78, 72, 0x0000000000000004
2026/09/30 08:28:08.501, 1380, 2619, 644.81, 73, 0x0000000000000004
2026/09/30 08:28:08.751, 1890, 2619, 611.18, 76, 0x0000000000000004
2026/09/30 08:28:09.001, 1365, 2619, 644.56, 75, 0x0000000000000004
2026/09/30 08:28:09.251, 1380, 2619, 625.81, 73, 0x0000000000000004
2026/09/30 08:28:09.501, 1425, 2619, 621.53, 74, 0x0000000000000004
2026/09/30 08:28:09.751, 1410, 2619, 646.68, 73, 0x0000000000000004
2026/09/30 08:28:10.001, 1395, 2619, 657.90, 73, 0x0000000000000004
2026/09/30 08:28:10.251, 1395, 2619, 653.60, 73, 0x0000000000000004
2026/09/30 08:28:10.501, 1950, 2619, 602.10, 69, 0x0000000000000004
2026/09/30 08:28:10.751, 1965, 2619, 483.57, 64, 0x0000000000000004
2026/09/30 08:28:11.002, 1980, 2619, 385.96, 62, 0x0000000000000000
