2026/09/29 21:26:00.691, 2040 MHz, 6251 MHz, 28.44 W, 51, 0 %, 0x0000000000000001
2026/09/29 21:26:00.795, 2040 MHz, 6251 MHz, 28.44 W, 51, 0 %, 0x0000000000000001
2026/09/29 21:26:00.895, 2040 MHz, 6251 MHz, 28.48 W, 51, 0 %, 0x0000000000000001
2026/09/29 21:26:00.995, 2040 MHz, 6251 MHz, 28.48 W, 51, 0 %, 0x0000000000000001
2026/09/29 21:26:01.095, 2040 MHz, 6251 MHz, 28.47 W, 51, 0 %, 0x0000000000000001
2026/09/29 21:26:01.195, 2040 MHz, 6251 MHz, 28.46 W, 51, 0 %, 0x0000000000000001
2026/09/29 21:26:01.295, 2040 MHz, 6251 MHz, 28.46 W, 51, 0 %, 0x0000000000000001
2026/09/29 21:26:01.396, 2040 MHz, 6251 MHz, 28.47 W, 51, 0 %, 0x0000000000000001
2026/09/29 21:26:01.496, 2040 MHz, 6251 MHz, 28.47 W, 51, 0 %, 0x0000000000000001
2026/09/29 21:26:01.596, 2040 MHz, 6251 MHz, 28.47 W, 51, 0 %, 0x0000000000000001
2026/09/29 21:26:01.696, 2040 MHz, 6251 MHz, 28.48 W, 51, 0 %, 0x0000000000000001
2026/09/29 21:26:01.796, 2040 MHz, 6251 MHz, 28.48 W, 51, 0 %, 0x0000000000000001
2026/09/29 21:26:01.896, 2040 MHz, 6251 MHz, 28.47 W, 51, 0 %, 0x0000000000000001
2026/09/29 21:26:01.996, 2040 MHz, 6251 MHz, 28.45 W, 51, 0 %, 0x0000000000000001
2026/09/29 21:26:02.096, 2040 MHz, 6251 MHz, 28.45 W, 51, 0 %, 0x0000000000000001
2026/09/29 21:26:02.196, 2040 MHz, 6251 MHz, 28.45 W, 51, 0 %, 0x0000000000000001
2026/09/29 21:26:02.297, 2040 MHz, 6251 MHz, 28.45 W, 51, 0 %, 0x0000000000000001
2026/09/29 21:26:02.397, 2040 MHz, 6251 MHz, 28.45 W, 51, 0 %, 0x0000000000000001
2026/09/29 21:26:02.497, 2040 MHz, 6251 MHz, 28.45 W, 51, 0 %, 0x0000000000000001
2026/09/29 21:26:02.597, 2040 MHz, 6251 MHz, 28.45 W, 51, 0 %, 0x0000000000000001
2026/09/29 21:26:02.697, 2040 MHz, 6251 MHz, 28.47 W, 51, 0 %, 0x0000000000000001
2026/09/29 21:26:02.797, 2040 MHz, 6251 MHz, 28.47 W, 51, 0 %, 0x0000000000000001
2026/09/29 21:26:02.897, 2040 MHz, 6251 MHz, 28.46 W, 51, 0 %, 0x0000000000000001
2026/09/29 21:26:02.997, 2040 MHz, 6251 MHz, 28.46 W, 51, 0 %, 0x0000000000000001
2026/09/29 21:26:03.097, 2040 MHz, 6251 MHz, 28.46 W, 51, 0 %, 0x0000000000000001
2026/09/29 21:26:03.198, 2040 MHz, 6251 MHz, 28.46 W, 51, 0 %, 0x0000000000000001
2026/09/29 21:26:03.298, 2040 MHz, 6251 MHz, 28.46 W, 51, 0 %, 0x0000000000000001
2026/09/29 21:26:03.398, 2040 MHz, 6251 MHz, 28.48 W, 51, 0 %, 0x0000000000000001
2026/09/29 21:26:03.498, 2040 MHz, 6251 MHz, 28.48 W, 51, 0 %, 0x0000000000000001
2026/09/29 21:26:03.598, 2040 MHz, 6251 MHz, 28.47 W, 51, 0 %, 0x0000000000000001
2026/09/29 21:26:03.698, 2040 MHz, 6251 MHz, 28.47 W, 51, 0 %, 0x0000000000000001
2026/09/29 21:26:03.798, 2040 MHz, 6251 MHz, 28.47 W, 51, 0 %, 0x0000000000000001
2026/09/29 21:26:03.898, 2040 MHz, 6251 MHz, 28.47 W, 51, 0 %, 0x0000000000000001
2026/09/29 21:26:03.998, 2040 MHz, 6251 MHz, 28.47 W, 51, 0 %, 0x0000000000000001
2026/09/29 21:26:04.099, 2040 MHz, 6251 MHz, 28.47 W, 51, 0 %, 0x0000000000000001
2026/09/29 21:26:04.199, 2040 MHz, 6251 MHz, 28.47 W, 51, 0 %, 0x0000000000000001
2026/09/29 21:26:04.299, 2040 MHz, 6251 MHz, 28.47 W, 51, 0 %, 0x0000000000000001
2026/09/29 21:26:04.399, 2040 MHz, 6251 MHz, 28.47 W, 51, 0 %, 0x0000000000000001
2026/09/29 21:26:04.499, 2040 MHz, 6251 MHz, 28.69 W, 51, 0 %, 0x0000000000000001
2026/09/29 21:26:04.599, 2040 MHz, 6251 MHz, 28.69 W, 51, 0 %, 0x0000000000000001
2026/09/29 21:26:04.699, 2040 MHz, 6251 MHz, 28.68 W, 51, 0 %, 0x0000000000000001
2026/09/29 21:26:04.799, 2040 MHz, 6251 MHz, 28.92 W, 51, 0 %, 0x0000000000000000
2026/09/29 21:26:04.900, 2040 MHz, 6251 MHz, 29.08 W, 51, 0 %, 0x0000000000000000
2026/09/29 21:26:05.000, 2040 MHz, 6251 MHz, 29.36 W, 51, 13 %, 0x0000000000000000
2026/09/29 21:26:05.100, 2040 MHz, 6251 MHz, 33.33 W, 51, 13 %, 0x0000000000000000
2026/09/29 21:26:05.200, 2025 MHz, 6251 MHz, 34.50 W, 53, 62 %, 0x0000000000000004
2026/09/29 21:26:05.300, 2025 MHz, 6251 MHz, 37.82 W, 52, 62 %, 0x0000000000000004
2026/09/29 21:26:05.400, 2025 MHz, 6251 MHz, 41.57 W, 53, 39 %, 0x0000000000000004
2026/09/29 21:26:05.500, 2040 MHz, 6251 MHz, 45.18 W, 53, 39 %, 0x0000000000000000
2026/09/29 21:26:05.600, 2040 MHz, 6251 MHz, 48.69 W, 53, 98 %, 0x0000000000000000
2026/09/29 21:26:05.700, 2040 MHz, 6251 MHz, 52.39 W, 53, 98 %, 0x0000000000000000
2026/09/29 21:26:05.801, 2040 MHz, 6251 MHz, 56.09 W, 53, 98 %, 0x0000000000000000
2026/09/29 21:26:05.901, 2040 MHz, 6251 MHz, 59.54 W, 54, 98 %, 0x0000000000000000
2026/09/29 21:26:06.001, 2040 MHz, 6251 MHz, 63.09 W, 54, 98 %, 0x0000000000000000
2026/09/29 21:26:06.101, 2040 MHz, 6251 MHz, 66.54 W, 54, 98 %, 0x0000000000000000
2026/09/29 21:26:06.201, 2040 MHz, 6251 MHz, 66.29 W, 54, 98 %, 0x0000000000000000
2026/09/29 21:26:06.301, 2040 MHz, 6251 MHz, 68.83 W, 54, 98 %, 0x0000000000000000
2026/09/29 21:26:06.401, 2040 MHz, 6251 MHz, 69.21 W, 54, 98 %, 0x0000000000000000
2026/09/29 21:26:06.501, 2040 MHz, 6251 MHz, 69.13 W, 54, 98 %, 0x0000000000000000
2026/09/29 21:26:06.601, 2040 MHz, 6251 MHz, 69.25 W, 54, 98 %, 0x0000000000000000
2026/09/29 21:26:06.702, 2040 MHz, 6251 MHz, 69.20 W, 54, 98 %, 0x0000000000000000
2026/09/29 21:26:06.802, 2040 MHz, 6251 MHz, 69.21 W, 54, 98 %, 0x0000000000000000
2026/09/29 21:26:06.902, 2040 MHz, 6251 MHz, 66.23 W, 54, 98 %, 0x0000000000000000
2026/09/29 21:26:07.002, 2040 MHz, 6251 MHz, 65.72 W, 53, 98 %, 0x0000000000000000
2026/09/29 21:26:07.102, 2040 MHz, 6251 MHz, 65.80 W, 54, 98 %, 0x0000000000000000
2026/09/29 21:26:07.202, 2040 MHz, 6251 MHz, 65.71 W, 54, 97 %, 0x0000000000000000
2026/09/29 21:26:07.302, 2040 MHz, 6251 MHz, 65.83 W, 54, 97 %, 0x0000000000000000
2026/09/29 21:26:07.402, 2040 MHz, 6251 MHz, 65.83 W, 54, 98 %, 0x0000000000000000
2026/09/29 21:26:07.503, 2040 MHz, 6251 MHz, 65.78 W, 54, 98 %, 0x0000000000000000
2026/09/29 21:26:07.603, 2040 MHz, 6251 MHz, 65.95 W, 54, 97 %, 0x0000000000000000
2026/09/29 21:26:07.703, 2040 MHz, 6251 MHz, 65.75 W, 55, 97 %, 0x0000000000000000
2026/09/29 21:26:07.803, 2040 MHz, 6251 MHz, 65.91 W, 55, 98 %, 0x0000000000000000
2026/09/29 21:26:07.903, 2040 MHz, 6251 MHz, 66.10 W, 55, 98 %, 0x0000000000000000
2026/09/29 21:26:08.003, 2040 MHz, 6251 MHz, 69.24 W, 55, 99 %, 0x0000000000000000
2026/09/29 21:26:08.103, 2040 MHz, 6251 MHz, 69.62 W, 55, 99 %, 0x0000000000000000
2026/09/29 21:26:08.203, 2040 MHz, 6251 MHz, 69.65 W, 55, 97 %, 0x0000000000000000
2026/09/29 21:26:08.303, 2040 MHz, 6251 MHz, 69.91 W, 55, 97 %, 0x0000000000000000
2026/09/29 21:26:08.404, 2040 MHz, 6251 MHz, 69.93 W, 55, 98 %, 0x0000000000000000
2026/09/29 21:26:08.504, 2040 MHz, 6251 MHz, 70.05 W, 55, 98 %, 0x0000000000000000
2026/09/29 21:26:08.604, 2040 MHz, 6251 MHz, 70.35 W, 55, 99 %, 0x0000000000000000
2026/09/29 21:26:08.704, 2040 MHz, 6251 MHz, 69.48 W, 55, 99 %, 0x0000000000000000
2026/09/29 21:26:08.804, 2040 MHz, 6251 MHz, 69.51 W, 55, 97 %, 0x0000000000000000
2026/09/29 21:26:08.904, 2040 MHz, 6251 MHz, 69.65 W, 55, 97 %, 0x0000000000000000
2026/09/29 21:26:09.004, 2040 MHz, 6251 MHz, 69.61 W, 55, 98 %, 0x0000000000000000
2026/09/29 21:26:09.104, 2040 MHz, 6251 MHz, 69.68 W, 55, 98 %, 0x0000000000000000
2026/09/29 21:26:09.204, 2040 MHz, 6251 MHz, 70.01 W, 55, 99 %, 0x0000000000000000
2026/09/29 21:26:09.304, 2040 MHz, 6251 MHz, 69.89 W, 55, 99 %, 0x0000000000000000
2026/09/29 21:26:09.405, 2040 MHz, 6251 MHz, 69.22 W, 55, 97 %, 0x0000000000000000
2026/09/29 21:26:09.505, 2040 MHz, 6251 MHz, 69.10 W, 55, 97 %, 0x0000000000000000
2026/09/29 21:26:09.605, 2040 MHz, 6251 MHz, 69.08 W, 55, 97 %, 0x0000000000000000
2026/09/29 21:26:09.705, 2040 MHz, 6251 MHz, 68.91 W, 55, 97 %, 0x0000000000000000
2026/09/29 21:26:09.805, 2040 MHz, 6251 MHz, 69.64 W, 56, 98 %, 0x0000000000000000
2026/09/29 21:26:09.905, 2040 MHz, 6251 MHz, 69.59 W, 55, 98 %, 0x0000000000000000
2026/09/29 21:26:10.005, 2040 MHz, 6251 MHz, 69.28 W, 56, 97 %, 0x0000000000000000
2026/09/29 21:26:10.105, 2040 MHz, 6251 MHz, 69.24 W, 56, 97 %, 0x0000000000000000
2026/09/29 21:26:10.206, 2040 MHz, 6251 MHz, 69.04 W, 56, 97 %, 0x0000000000000000
2026/09/29 21:26:10.306, 2040 MHz, 6251 MHz, 68.91 W, 56, 97 %, 0x0000000000000000
2026/09/29 21:26:10.406, 2040 MHz, 6251 MHz, 68.96 W, 56, 98 %, 0x0000000000000000
2026/09/29 21:26:10.506, 2040 MHz, 6251 MHz, 69.43 W, 56, 98 %, 0x0000000000000000
2026/09/29 21:26:10.606, 2040 MHz, 6251 MHz, 69.45 W, 56, 97 %, 0x0000000000000000
2026/09/29 21:26:10.706, 2040 MHz, 6251 MHz, 67.53 W, 56, 97 %, 0x0000000000000000
2026/09/29 21:26:10.806, 2040 MHz, 6251 MHz, 67.53 W, 56, 98 %, 0x0000000000000000
2026/09/29 21:26:10.906, 2040 MHz, 6251 MHz, 67.59 W, 56, 98 %, 0x0000000000000000
2026/09/29 21:26:11.006, 2040 MHz, 6251 MHz, 67.53 W, 56, 97 %, 0x0000000000000000
2026/09/29 21:26:11.107, 2040 MHz, 6251 MHz, 67.59 W, 56, 97 %, 0x0000000000000000
2026/09/29 21:26:11.207, 2040 MHz, 6251 MHz, 67.57 W, 56, 97 %, 0x0000000000000000
2026/09/29 21:26:11.307, 2040 MHz, 6251 MHz, 67.75 W, 56, 97 %, 0x0000000000000000
2026/09/29 21:26:11.407, 2040 MHz, 6251 MHz, 67.76 W, 56, 98 %, 0x0000000000000000
2026/09/29 21:26:11.507, 2040 MHz, 6251 MHz, 67.73 W, 56, 98 %, 0x0000000000000000
2026/09/29 21:26:11.607, 2040 MHz, 6251 MHz, 67.83 W, 56, 97 %, 0x0000000000000000
2026/09/29 21:26:11.707, 2040 MHz, 6251 MHz, 67.36 W, 56, 97 %, 0x0000000000000000
2026/09/29 21:26:11.807, 2040 MHz, 6251 MHz, 69.27 W, 56, 98 %, 0x0000000000000000
2026/09/29 21:26:11.908, 2040 MHz, 6251 MHz, 69.26 W, 56, 98 %, 0x0000000000000000
2026/09/29 21:26:12.008, 2040 MHz, 6251 MHz, 69.25 W, 56, 98 %, 0x0000000000000000
2026/09/29 21:26:12.108, 2040 MHz, 6251 MHz, 69.57 W, 56, 98 %, 0x0000000000000000
2026/09/29 21:26:12.208, 2040 MHz, 6251 MHz, 69.53 W, 56, 96 %, 0x0000000000000000
2026/09/29 21:26:12.308, 2040 MHz, 6251 MHz, 69.48 W, 56, 96 %, 0x0000000000000000
2026/09/29 21:26:12.408, 2040 MHz, 6251 MHz, 68.54 W, 57, 98 %, 0x0000000000000000
2026/09/29 21:26:12.508, 2040 MHz, 6251 MHz, 68.50 W, 57, 98 %, 0x0000000000000000
2026/09/29 21:26:12.608, 2040 MHz, 6251 MHz, 68.50 W, 57, 98 %, 0x0000000000000000
2026/09/29 21:26:12.708, 2040 MHz, 6251 MHz, 67.82 W, 57, 98 %, 0x0000000000000000
2026/09/29 21:26:12.809, 2040 MHz, 6251 MHz, 68.29 W, 57, 97 %, 0x0000000000000000
2026/09/29 21:26:12.909, 2040 MHz, 6251 MHz, 68.21 W, 57, 97 %, 0x0000000000000000
2026/09/29 21:26:13.009, 2040 MHz, 6251 MHz, 67.57 W, 57, 97 %, 0x0000000000000000
2026/09/29 21:26:13.109, 2040 MHz, 6251 MHz, 67.68 W, 57, 97 %, 0x0000000000000000
2026/09/29 21:26:13.209, 2040 MHz, 6251 MHz, 67.71 W, 57, 98 %, 0x0000000000000000
2026/09/29 21:26:13.309, 2040 MHz, 6251 MHz, 67.69 W, 57, 98 %, 0x0000000000000000
2026/09/29 21:26:13.409, 2040 MHz, 6251 MHz, 67.14 W, 57, 97 %, 0x0000000000000000
2026/09/29 21:26:13.509, 2040 MHz, 6251 MHz, 68.01 W, 57, 97 %, 0x0000000000000000
2026/09/29 21:26:13.609, 2040 MHz, 6251 MHz, 68.01 W, 57, 97 %, 0x0000000000000000
2026/09/29 21:26:13.710, 2040 MHz, 6251 MHz, 68.04 W, 57, 97 %, 0x0000000000000000
2026/09/29 21:26:13.810, 2040 MHz, 6251 MHz, 68.70 W, 57, 98 %, 0x0000000000000000
2026/09/29 21:26:13.910, 2040 MHz, 6251 MHz, 67.95 W, 57, 98 %, 0x0000000000000000
2026/09/29 21:26:14.010, 2040 MHz, 6251 MHz, 67.89 W, 57, 97 %, 0x0000000000000000
2026/09/29 21:26:14.110, 2040 MHz, 6251 MHz, 68.57 W, 57, 97 %, 0x0000000000000000
2026/09/29 21:26:14.210, 2040 MHz, 6251 MHz, 68.54 W, 57, 97 %, 0x0000000000000000
2026/09/29 21:26:14.310, 2040 MHz, 6251 MHz, 68.50 W, 57, 97 %, 0x0000000000000000
2026/09/29 21:26:14.410, 2040 MHz, 6251 MHz, 68.64 W, 57, 98 %, 0x0000000000000000
2026/09/29 21:26:14.510, 2040 MHz, 6251 MHz, 69.29 W, 57, 98 %, 0x0000000000000000
2026/09/29 21:26:14.611, 2040 MHz, 6251 MHz, 69.20 W, 57, 97 %, 0x0000000000000000
2026/09/29 21:26:14.711, 2040 MHz, 6251 MHz, 66.85 W, 57, 97 %, 0x0000000000000000
2026/09/29 21:26:14.811, 2040 MHz, 6251 MHz, 66.90 W, 58, 98 %, 0x0000000000000000
2026/09/29 21:26:14.911, 2040 MHz, 6251 MHz, 66.90 W, 57, 98 %, 0x0000000000000000
2026/09/29 21:26:15.011, 2040 MHz, 6251 MHz, 67.34 W, 57, 97 %, 0x0000000000000000
2026/09/29 21:26:15.111, 2040 MHz, 6251 MHz, 67.48 W, 57, 97 %, 0x0000000000000000
2026/09/29 21:26:15.211, 2040 MHz, 6251 MHz, 67.50 W, 58, 97 %, 0x0000000000000000
2026/09/29 21:26:15.311, 2040 MHz, 6251 MHz, 67.56 W, 58, 97 %, 0x0000000000000000
2026/09/29 21:26:15.412, 2040 MHz, 6251 MHz, 67.56 W, 58, 98 %, 0x0000000000000000
2026/09/29 21:26:15.512, 2040 MHz, 6251 MHz, 67.52 W, 58, 98 %, 0x0000000000000000
2026/09/29 21:26:15.612, 2040 MHz, 6251 MHz, 67.46 W, 58, 97 %, 0x0000000000000000
2026/09/29 21:26:15.712, 2040 MHz, 6251 MHz, 66.60 W, 58, 97 %, 0x0000000000000000
2026/09/29 21:26:15.812, 2040 MHz, 6251 MHz, 69.02 W, 58, 98 %, 0x0000000000000000
2026/09/29 21:26:15.912, 2040 MHz, 6251 MHz, 69.02 W, 57, 98 %, 0x0000000000000000
2026/09/29 21:26:16.012, 2040 MHz, 6251 MHz, 69.00 W, 58, 98 %, 0x0000000000000000
2026/09/29 21:26:16.112, 2040 MHz, 6251 MHz, 69.41 W, 58, 98 %, 0x0000000000000000
2026/09/29 21:26:16.212, 2040 MHz, 6251 MHz, 69.20 W, 58, 96 %, 0x0000000000000000
2026/09/29 21:26:16.313, 2040 MHz, 6251 MHz, 69.17 W, 58, 96 %, 0x0000000000000000
2026/09/29 21:26:16.413, 2040 MHz, 6251 MHz, 69.14 W, 58, 98 %, 0x0000000000000000
2026/09/29 21:26:16.513, 2040 MHz, 6251 MHz, 69.21 W, 58, 98 %, 0x0000000000000000
2026/09/29 21:26:16.613, 2040 MHz, 6251 MHz, 69.27 W, 58, 98 %, 0x0000000000000000
2026/09/29 21:26:16.713, 2040 MHz, 6251 MHz, 69.29 W, 58, 98 %, 0x0000000000000000
2026/09/29 21:26:16.813, 2040 MHz, 6251 MHz, 70.25 W, 58, 96 %, 0x0000000000000000
2026/09/29 21:26:16.913, 2040 MHz, 6251 MHz, 70.28 W, 58, 96 %, 0x0000000000000000
2026/09/29 21:26:17.013, 2040 MHz, 6251 MHz, 69.16 W, 58, 97 %, 0x0000000000000000
2026/09/29 21:26:17.113, 2040 MHz, 6251 MHz, 69.22 W, 58, 97 %, 0x0000000000000000
2026/09/29 21:26:17.214, 2040 MHz, 6251 MHz, 69.13 W, 58, 98 %, 0x0000000000000000
2026/09/29 21:26:17.314, 2040 MHz, 6251 MHz, 69.24 W, 58, 98 %, 0x0000000000000000
2026/09/29 21:26:17.414, 2040 MHz, 6251 MHz, 69.27 W, 58, 98 %, 0x0000000000000000
2026/09/29 21:26:17.514, 2040 MHz, 6251 MHz, 69.24 W, 58, 98 %, 0x0000000000000000
2026/09/29 21:26:17.614, 2040 MHz, 6251 MHz, 69.19 W, 58, 97 %, 0x0000000000000000
2026/09/29 21:26:17.714, 2040 MHz, 6251 MHz, 69.25 W, 58, 97 %, 0x0000000000000000
2026/09/29 21:26:17.814, 2040 MHz, 6251 MHz, 69.27 W, 58, 98 %, 0x0000000000000000
2026/09/29 21:26:17.914, 2040 MHz, 6251 MHz, 69.21 W, 58, 98 %, 0x0000000000000000
2026/09/29 21:26:18.014, 2040 MHz, 6251 MHz, 68.78 W, 58, 97 %, 0x0000000000000000
2026/09/29 21:26:18.115, 2040 MHz, 6251 MHz, 69.97 W, 59, 97 %, 0x0000000000000000
2026/09/29 21:26:18.215, 2040 MHz, 6251 MHz, 69.97 W, 58, 97 %, 0x0000000000000000
2026/09/29 21:26:18.315, 2040 MHz, 6251 MHz, 70.04 W, 59, 97 %, 0x0000000000000000
2026/09/29 21:26:18.415, 2040 MHz, 6251 MHz, 70.16 W, 59, 98 %, 0x0000000000000000
2026/09/29 21:26:18.515, 2040 MHz, 6251 MHz, 70.12 W, 59, 98 %, 0x0000000000000000
2026/09/29 21:26:18.615, 2040 MHz, 6251 MHz, 70.11 W, 59, 97 %, 0x0000000000000000
2026/09/29 21:26:18.715, 2040 MHz, 6251 MHz, 69.26 W, 59, 97 %, 0x0000000000000000
2026/09/29 21:26:18.815, 2040 MHz, 6251 MHz, 69.14 W, 59, 98 %, 0x0000000000000000
2026/09/29 21:26:18.915, 2040 MHz, 6251 MHz, 69.14 W, 59, 98 %, 0x0000000000000000
2026/09/29 21:26:19.016, 2040 MHz, 6251 MHz, 68.39 W, 59, 97 %, 0x0000000000000000
2026/09/29 21:26:19.116, 2040 MHz, 6251 MHz, 68.78 W, 59, 97 %, 0x0000000000000000
2026/09/29 21:26:19.216, 2040 MHz, 6251 MHz, 68.77 W, 59, 97 %, 0x0000000000000000
2026/09/29 21:26:19.316, 2040 MHz, 6251 MHz, 68.21 W, 59, 97 %, 0x0000000000000000
2026/09/29 21:26:19.416, 2040 MHz, 6251 MHz, 68.21 W, 59, 98 %, 0x0000000000000000
2026/09/29 21:26:19.516, 2040 MHz, 6251 MHz, 68.20 W, 59, 98 %, 0x0000000000000000
2026/09/29 21:26:19.616, 2040 MHz, 6251 MHz, 68.04 W, 59, 97 %, 0x0000000000000000
2026/09/29 21:26:19.716, 2040 MHz, 6251 MHz, 67.45 W, 59, 97 %, 0x0000000000000000
2026/09/29 21:26:19.816, 2040 MHz, 6251 MHz, 68.38 W, 59, 98 %, 0x0000000000000000
2026/09/29 21:26:19.917, 2040 MHz, 6251 MHz, 68.36 W, 59, 98 %, 0x0000000000000000
2026/09/29 21:26:20.017, 2040 MHz, 6251 MHz, 68.32 W, 59, 98 %, 0x0000000000000000
2026/09/29 21:26:20.117, 2040 MHz, 6251 MHz, 69.14 W, 59, 98 %, 0x0000000000000000
2026/09/29 21:26:20.217, 2040 MHz, 6251 MHz, 68.41 W, 59, 96 %, 0x0000000000000000
2026/09/29 21:26:20.317, 2040 MHz, 6251 MHz, 68.20 W, 59, 96 %, 0x0000000000000000
2026/09/29 21:26:20.417, 2040 MHz, 6251 MHz, 68.78 W, 59, 98 %, 0x0000000000000000
2026/09/29 21:26:20.517, 2040 MHz, 6251 MHz, 68.71 W, 59, 98 %, 0x0000000000000000
2026/09/29 21:26:20.617, 2040 MHz, 6251 MHz, 68.69 W, 59, 98 %, 0x0000000000000000
2026/09/29 21:26:20.718, 2040 MHz, 6251 MHz, 68.94 W, 59, 98 %, 0x0000000000000000
2026/09/29 21:26:20.818, 2040 MHz, 6251 MHz, 69.41 W, 59, 96 %, 0x0000000000000000
2026/09/29 21:26:20.918, 2040 MHz, 6251 MHz, 69.42 W, 59, 96 %, 0x0000000000000000
2026/09/29 21:26:21.018, 2040 MHz, 6251 MHz, 67.82 W, 59, 97 %, 0x0000000000000000
2026/09/29 21:26:21.118, 2040 MHz, 6251 MHz, 67.93 W, 60, 97 %, 0x0000000000000000
2026/09/29 21:26:21.218, 2040 MHz, 6251 MHz, 67.97 W, 59, 98 %, 0x0000000000000000
2026/09/29 21:26:21.318, 2040 MHz, 6251 MHz, 68.09 W, 60, 98 %, 0x0000000000000000
2026/09/29 21:26:21.418, 2040 MHz, 6251 MHz, 68.36 W, 60, 97 %, 0x0000000000000000
2026/09/29 21:26:21.518, 2040 MHz, 6251 MHz, 68.43 W, 60, 97 %, 0x0000000000000000
2026/09/29 21:26:21.619, 2040 MHz, 6251 MHz, 68.35 W, 60, 97 %, 0x0000000000000000
2026/09/29 21:26:21.719, 2040 MHz, 6251 MHz, 68.39 W, 60, 97 %, 0x0000000000000000
2026/09/29 21:26:21.819, 2040 MHz, 6251 MHz, 68.38 W, 60, 98 %, 0x0000000000000000
2026/09/29 21:26:21.919, 2040 MHz, 6251 MHz, 68.46 W, 60, 98 %, 0x0000000000000000
2026/09/29 21:26:22.019, 2040 MHz, 6251 MHz, 66.97 W, 60, 97 %, 0x0000000000000000
2026/09/29 21:26:22.119, 2040 MHz, 6251 MHz, 68.64 W, 60, 97 %, 0x0000000000000000
2026/09/29 21:26:22.219, 2040 MHz, 6251 MHz, 68.63 W, 60, 97 %, 0x0000000000000000
2026/09/29 21:26:22.319, 2040 MHz, 6251 MHz, 68.59 W, 60, 97 %, 0x0000000000000000
2026/09/29 21:26:22.419, 2040 MHz, 6251 MHz, 69.28 W, 60, 98 %, 0x0000000000000000
2026/09/29 21:26:22.520, 2040 MHz, 6251 MHz, 68.53 W, 60, 98 %, 0x0000000000000000
2026/09/29 21:26:22.620, 2040 MHz, 6251 MHz, 68.41 W, 60, 97 %, 0x0000000000000000
2026/09/29 21:26:22.720, 2040 MHz, 6251 MHz, 68.65 W, 60, 97 %, 0x0000000000000000
2026/09/29 21:26:22.820, 2040 MHz, 6251 MHz, 68.70 W, 60, 97 %, 0x0000000000000000
2026/09/29 21:26:22.920, 2040 MHz, 6251 MHz, 68.71 W, 60, 97 %, 0x0000000000000000
2026/09/29 21:26:23.020, 2040 MHz, 6251 MHz, 68.71 W, 60, 98 %, 0x0000000000000000
2026/09/29 21:26:23.120, 2040 MHz, 6251 MHz, 70.15 W, 60, 98 %, 0x0000000000000000
2026/09/29 21:26:23.220, 2040 MHz, 6251 MHz, 70.19 W, 60, 97 %, 0x0000000000000000
2026/09/29 21:26:23.321, 2040 MHz, 6251 MHz, 68.22 W, 60, 97 %, 0x0000000000000000
2026/09/29 21:26:23.421, 2040 MHz, 6251 MHz, 68.41 W, 60, 98 %, 0x0000000000000000
2026/09/29 21:26:23.521, 2040 MHz, 6251 MHz, 68.40 W, 60, 98 %, 0x0000000000000000
2026/09/29 21:26:23.621, 2040 MHz, 6251 MHz, 68.72 W, 60, 97 %, 0x0000000000000000
2026/09/29 21:26:23.721, 2040 MHz, 6251 MHz, 68.75 W, 60, 97 %, 0x0000000000000000
2026/09/29 21:26:23.821, 2040 MHz, 6251 MHz, 68.67 W, 60, 97 %, 0x0000000000000000
2026/09/29 21:26:23.921, 2040 MHz, 6251 MHz, 68.79 W, 60, 97 %, 0x0000000000000000
2026/09/29 21:26:24.021, 2040 MHz, 6251 MHz, 68.73 W, 60, 98 %, 0x0000000000000000
2026/09/29 21:26:24.121, 2040 MHz, 6251 MHz, 68.85 W, 61, 98 %, 0x0000000000000000
2026/09/29 21:26:24.222, 2040 MHz, 6251 MHz, 68.96 W, 60, 97 %, 0x0000000000000000
2026/09/29 21:26:24.322, 2040 MHz, 6251 MHz, 68.05 W, 61, 97 %, 0x0000000000000000
2026/09/29 21:26:24.422, 2040 MHz, 6251 MHz, 69.84 W, 61, 98 %, 0x0000000000000000
2026/09/29 21:26:24.522, 2040 MHz, 6251 MHz, 69.93 W, 60, 98 %, 0x0000000000000000
2026/09/29 21:26:24.622, 2040 MHz, 6251 MHz, 69.86 W, 61, 98 %, 0x0000000000000000
2026/09/29 21:26:24.722, 2040 MHz, 6251 MHz, 70.22 W, 61, 98 %, 0x0000000000000000
2026/09/29 21:26:24.822, 2040 MHz, 6251 MHz, 70.11 W, 61, 96 %, 0x0000000000000000
2026/09/29 21:26:24.922, 2040 MHz, 6251 MHz, 70.03 W, 61, 96 %, 0x0000000000000000
2026/09/29 21:26:25.022, 2040 MHz, 6251 MHz, 69.98 W, 61, 98 %, 0x0000000000000000
2026/09/29 21:26:25.123, 2040 MHz, 6251 MHz, 70.02 W, 61, 98 %, 0x0000000000000000
2026/09/29 21:26:25.223, 2040 MHz, 6251 MHz, 70.01 W, 61, 98 %, 0x0000000000000000
2026/09/29 21:26:25.323, 2040 MHz, 6251 MHz, 69.91 W, 61, 98 %, 0x0000000000000000
2026/09/29 21:26:25.423, 2040 MHz, 6251 MHz, 70.77 W, 61, 97 %, 0x0000000000000000
2026/09/29 21:26:25.523, 2040 MHz, 6251 MHz, 70.77 W, 60, 97 %, 0x0000000000000000
2026/09/29 21:26:25.623, 2040 MHz, 6251 MHz, 69.96 W, 61, 97 %, 0x0000000000000000
2026/09/29 21:26:25.723, 2040 MHz, 6251 MHz, 70.01 W, 61, 97 %, 0x0000000000000000
2026/09/29 21:26:25.823, 2040 MHz, 6251 MHz, 70.03 W, 61, 98 %, 0x0000000000000000
2026/09/29 21:26:25.923, 2040 MHz, 6251 MHz, 70.02 W, 61, 98 %, 0x0000000000000000
2026/09/29 21:26:26.024, 2040 MHz, 6251 MHz, 70.10 W, 61, 97 %, 0x0000000000000000
2026/09/29 21:26:26.124, 2040 MHz, 6251 MHz, 70.02 W, 61, 97 %, 0x0000000000000000
2026/09/29 21:26:26.224, 2040 MHz, 6251 MHz, 70.04 W, 61, 97 %, 0x0000000000000000
2026/09/29 21:26:26.324, 2040 MHz, 6251 MHz, 70.04 W, 61, 97 %, 0x0000000000000000
2026/09/29 21:26:26.424, 2040 MHz, 6251 MHz, 70.05 W, 61, 98 %, 0x0000000000000000
2026/09/29 21:26:26.524, 2040 MHz, 6251 MHz, 69.38 W, 61, 98 %, 0x0000000000000000
2026/09/29 21:26:26.624, 2040 MHz, 6251 MHz, 69.14 W, 61, 97 %, 0x0000000000000000
2026/09/29 21:26:26.724, 2040 MHz, 6251 MHz, 69.88 W, 61, 97 %, 0x0000000000000000
2026/09/29 21:26:26.824, 2040 MHz, 6251 MHz, 69.88 W, 61, 97 %, 0x0000000000000000
2026/09/29 21:26:26.925, 2040 MHz, 6251 MHz, 69.93 W, 61, 97 %, 0x0000000000000000
2026/09/29 21:26:27.025, 2040 MHz, 6251 MHz, 70.08 W, 61, 98 %, 0x0000000000000000
2026/09/29 21:26:27.125, 2040 MHz, 6251 MHz, 69.97 W, 61, 98 %, 0x0000000000000000
2026/09/29 21:26:27.225, 2040 MHz, 6251 MHz, 69.98 W, 61, 97 %, 0x0000000000000000
2026/09/29 21:26:27.325, 2040 MHz, 6251 MHz, 68.01 W, 61, 97 %, 0x0000000000000000
2026/09/29 21:26:27.425, 2040 MHz, 6251 MHz, 68.02 W, 62, 98 %, 0x0000000000000000
2026/09/29 21:26:27.525, 2040 MHz, 6251 MHz, 68.03 W, 61, 98 %, 0x0000000000000000
2026/09/29 21:26:27.625, 2040 MHz, 6251 MHz, 68.22 W, 62, 97 %, 0x0000000000000000
2026/09/29 21:26:27.725, 2040 MHz, 6251 MHz, 68.39 W, 61, 97 %, 0x0000000000000000
2026/09/29 21:26:27.826, 2040 MHz, 6251 MHz, 64.70 W, 61, 13 %, 0x0000000000000000
2026/09/29 21:26:27.926, 1950 MHz, 6251 MHz, 65.14 W, 61, 13 %, 0x0000000000000004
2026/09/29 21:26:28.026, 2025 MHz, 6251 MHz, 64.76 W, 62, 100 %, 0x0000000000000004
2026/09/29 21:26:28.126, 2025 MHz, 6251 MHz, 64.61 W, 62, 100 %, 0x0000000000000004
2026/09/29 21:26:28.226, 2025 MHz, 6251 MHz, 64.52 W, 62, 100 %, 0x0000000000000004
2026/09/29 21:26:28.326, 2040 MHz, 6251 MHz, 64.29 W, 62, 100 %, 0x0000000000000000
2026/09/29 21:26:28.426, 2040 MHz, 6251 MHz, 66.08 W, 62, 100 %, 0x0000000000000000
2026/09/29 21:26:28.526, 2040 MHz, 6251 MHz, 65.78 W, 62, 100 %, 0x0000000000000000
2026/09/29 21:26:28.626, 2040 MHz, 6251 MHz, 65.50 W, 62, 100 %, 0x0000000000000000
2026/09/29 21:26:28.727, 2040 MHz, 6251 MHz, 65.86 W, 62, 100 %, 0x0000000000000000
2026/09/29 21:26:28.827, 2040 MHz, 6251 MHz, 62.26 W, 62, 62 %, 0x0000000000000000
2026/09/29 21:26:28.927, 2040 MHz, 6251 MHz, 62.22 W, 60, 62 %, 0x0000000000000000
2026/09/29 21:26:29.027, 2040 MHz, 6251 MHz, 58.06 W, 60, 0 %, 0x0000000000000000
2026/09/29 21:26:29.127, 2040 MHz, 6251 MHz, 54.63 W, 60, 0 %, 0x0000000000000000
2026/09/29 21:26:29.227, 2040 MHz, 6251 MHz, 51.10 W, 60, 0 %, 0x0000000000000000
2026/09/29 21:26:29.327, 1395 MHz, 6251 MHz, 53.45 W, 60, 0 %, 0x0000000000000004
2026/09/29 21:26:29.427, 1365 MHz, 6251 MHz, 53.74 W, 63, 100 %, 0x0000000000000004
2026/09/29 21:26:29.527, 1365 MHz, 6251 MHz, 54.17 W, 63, 100 %, 0x0000000000000004
2026/09/29 21:26:29.628, 1365 MHz, 6251 MHz, 54.80 W, 64, 100 %, 0x0000000000000004
2026/09/29 21:26:29.728, 1395 MHz, 6251 MHz, 55.29 W, 64, 100 %, 0x0000000000000004
2026/09/29 21:26:29.828, 1380 MHz, 6251 MHz, 55.73 W, 64, 100 %, 0x0000000000000004
2026/09/29 21:26:29.928, 1365 MHz, 6251 MHz, 59.63 W, 64, 100 %, 0x0000000000000004
2026/09/29 21:26:30.028, 1365 MHz, 6251 MHz, 63.46 W, 64, 100 %, 0x0000000000000004
2026/09/29 21:26:30.128, 1320 MHz, 6251 MHz, 67.33 W, 64, 100 %, 0x0000000000000004
2026/09/29 21:26:30.228, 1305 MHz, 6251 MHz, 70.96 W, 64, 100 %, 0x0000000000000004
2026/09/29 21:26:30.328, 1305 MHz, 6251 MHz, 74.41 W, 64, 100 %, 0x0000000000000004
2026/09/29 21:26:30.428, 1335 MHz, 6251 MHz, 72.15 W, 64, 100 %, 0x0000000000000004
2026/09/29 21:26:30.528, 1395 MHz, 6251 MHz, 72.30 W, 64, 100 %, 0x0000000000000004
2026/09/29 21:26:30.629, 1350 MHz, 6251 MHz, 71.82 W, 64, 100 %, 0x0000000000000004
2026/09/29 21:26:30.729, 1380 MHz, 6251 MHz, 71.98 W, 64, 100 %, 0x0000000000000004
2026/09/29 21:26:30.829, 1380 MHz, 6251 MHz, 71.91 W, 65, 100 %, 0x0000000000000004
2026/09/29 21:26:30.929, 1395 MHz, 6251 MHz, 72.02 W, 64, 100 %, 0x0000000000000004
2026/09/29 21:26:31.029, 1365 MHz, 6251 MHz, 71.97 W, 65, 100 %, 0x0000000000000004
2026/09/29 21:26:31.129, 1305 MHz, 6251 MHz, 71.79 W, 65, 100 %, 0x0000000000000004
2026/09/29 21:26:31.229, 1305 MHz, 6251 MHz, 71.72 W, 64, 100 %, 0x0000000000000004
2026/09/29 21:26:31.329, 1365 MHz, 6251 MHz, 71.96 W, 64, 100 %, 0x0000000000000004
2026/09/29 21:26:31.429, 1320 MHz, 6251 MHz, 72.17 W, 64, 100 %, 0x0000000000000004
2026/09/29 21:26:31.529, 1350 MHz, 6251 MHz, 72.27 W, 64, 100 %, 0x0000000000000004
2026/09/29 21:26:31.630, 1380 MHz, 6251 MHz, 72.23 W, 65, 100 %, 0x0000000000000004
2026/09/29 21:26:31.730, 1410 MHz, 6251 MHz, 72.51 W, 65, 100 %, 0x0000000000000004
2026/09/29 21:26:31.830, 1350 MHz, 6251 MHz, 72.23 W, 65, 100 %, 0x0000000000000004
2026/09/29 21:26:31.930, 1380 MHz, 6251 MHz, 72.43 W, 65, 100 %, 0x0000000000000004
2026/09/29 21:26:32.030, 1350 MHz, 6251 MHz, 72.17 W, 65, 100 %, 0x0000000000000004
2026/09/29 21:26:32.130, 1965 MHz, 6251 MHz, 68.14 W, 64, 100 %, 0x0000000000000004
2026/09/29 21:26:32.230, 1455 MHz, 6251 MHz, 69.68 W, 62, 22 %, 0x0000000000000004
2026/09/29 21:26:32.330, 1140 MHz, 6251 MHz, 69.73 W, 64, 22 %, 0x0000000000000004
2026/09/29 21:26:32.430, 1155 MHz, 6251 MHz, 69.85 W, 64, 100 %, 0x0000000000000004
2026/09/29 21:26:32.531, 1155 MHz, 6251 MHz, 70.11 W, 64, 100 %, 0x0000000000000004
2026/09/29 21:26:32.631, 1170 MHz, 6251 MHz, 70.61 W, 64, 100 %, 0x0000000000000004
2026/09/29 21:26:32.731, 1170 MHz, 6251 MHz, 70.61 W, 64, 100 %, 0x0000000000000004
2026/09/29 21:26:32.831, 1155 MHz, 6251 MHz, 70.43 W, 64, 100 %, 0x0000000000000004
2026/09/29 21:26:32.931, 1185 MHz, 6251 MHz, 70.74 W, 64, 100 %, 0x0000000000000004
2026/09/29 21:26:33.031, 1050 MHz, 6251 MHz, 70.60 W, 64, 100 %, 0x0000000000000004
2026/09/29 21:26:33.131, 1050 MHz, 6251 MHz, 70.36 W, 64, 100 %, 0x0000000000000004
2026/09/29 21:26:33.231, 1035 MHz, 6251 MHz, 74.03 W, 64, 100 %, 0x0000000000000004
2026/09/29 21:26:33.331, 1080 MHz, 6251 MHz, 72.43 W, 64, 100 %, 0x0000000000000004
2026/09/29 21:26:33.431, 1110 MHz, 6251 MHz, 72.21 W, 64, 100 %, 0x0000000000000004
2026/09/29 21:26:33.532, 1155 MHz, 6251 MHz, 72.17 W, 64, 100 %, 0x0000000000000004
2026/09/29 21:26:33.632, 1185 MHz, 6251 MHz, 72.13 W, 64, 99 %, 0x0000000000000004
2026/09/29 21:26:33.732, 1140 MHz, 6251 MHz, 71.83 W, 64, 99 %, 0x0000000000000004
2026/09/29 21:26:33.832, 1155 MHz, 6251 MHz, 71.83 W, 64, 100 %, 0x0000000000000004
2026/09/29 21:26:33.932, 1155 MHz, 6251 MHz, 71.94 W, 64, 100 %, 0x0000000000000004
2026/09/29 21:26:34.032, 1080 MHz, 6251 MHz, 71.67 W, 64, 99 %, 0x0000000000000004
2026/09/29 21:26:34.132, 1080 MHz, 6251 MHz, 71.71 W, 64, 99 %, 0x0000000000000004
2026/09/29 21:26:34.232, 1065 MHz, 6251 MHz, 71.64 W, 64, 100 %, 0x0000000000000004
2026/09/29 21:26:34.332, 1065 MHz, 6251 MHz, 71.66 W, 64, 100 %, 0x0000000000000004
2026/09/29 21:26:34.433, 1125 MHz, 6251 MHz, 71.93 W, 64, 99 %, 0x0000000000000004
2026/09/29 21:26:34.533, 1155 MHz, 6251 MHz, 72.07 W, 64, 99 %, 0x0000000000000004
2026/09/29 21:26:34.633, 1125 MHz, 6251 MHz, 72.04 W, 64, 100 %, 0x0000000000000004
2026/09/29 21:26:34.733, 1545 MHz, 6251 MHz, 71.19 W, 65, 100 %, 0x0000000000000004
2026/09/29 21:26:34.833, 1335 MHz, 6251 MHz, 71.46 W, 65, 100 %, 0x0000000000000004
2026/09/29 21:26:34.933, 1350 MHz, 6251 MHz, 71.72 W, 65, 100 %, 0x0000000000000004
2026/09/29 21:26:35.033, 1335 MHz, 6251 MHz, 71.68 W, 65, 100 %, 0x0000000000000004
2026/09/29 21:26:35.133, 1320 MHz, 6251 MHz, 71.59 W, 66, 100 %, 0x0000000000000004
2026/09/29 21:26:35.233, 1290 MHz, 6251 MHz, 71.54 W, 65, 100 %, 0x0000000000000004
2026/09/29 21:26:35.334, 1320 MHz, 6251 MHz, 71.60 W, 66, 100 %, 0x0000000000000004
2026/09/29 21:26:35.434, 1320 MHz, 6251 MHz, 71.70 W, 66, 100 %, 0x0000000000000004
2026/09/29 21:26:35.534, 1305 MHz, 6251 MHz, 71.84 W, 66, 100 %, 0x0000000000000004
2026/09/29 21:26:35.634, 1335 MHz, 6251 MHz, 72.00 W, 66, 99 %, 0x0000000000000004
2026/09/29 21:26:35.734, 1350 MHz, 6251 MHz, 71.93 W, 66, 99 %, 0x0000000000000004
2026/09/29 21:26:35.834, 1350 MHz, 6251 MHz, 72.86 W, 66, 100 %, 0x0000000000000004
2026/09/29 21:26:35.934, 1335 MHz, 6251 MHz, 72.60 W, 66, 100 %, 0x0000000000000004
2026/09/29 21:26:36.034, 1365 MHz, 6251 MHz, 72.34 W, 66, 99 %, 0x0000000000000004
2026/09/29 21:26:36.134, 1320 MHz, 6251 MHz, 72.06 W, 66, 99 %, 0x0000000000000004
2026/09/29 21:26:36.234, 1320 MHz, 6251 MHz, 72.19 W, 66, 100 %, 0x0000000000000004
2026/09/29 21:26:36.335, 1305 MHz, 6251 MHz, 72.16 W, 66, 100 %, 0x0000000000000004
2026/09/29 21:26:36.435, 1380 MHz, 6251 MHz, 72.10 W, 66, 99 %, 0x0000000000000004
2026/09/29 21:26:36.535, 1305 MHz, 6251 MHz, 72.07 W, 66, 99 %, 0x0000000000000004
2026/09/29 21:26:36.635, 1320 MHz, 6251 MHz, 71.65 W, 66, 100 %, 0x0000000000000004
2026/09/29 21:26:36.735, 1320 MHz, 6251 MHz, 71.63 W, 66, 100 %, 0x0000000000000004
2026/09/29 21:26:36.835, 1350 MHz, 6251 MHz, 71.50 W, 66, 99 %, 0x0000000000000004
2026/09/29 21:26:36.935, 1350 MHz, 6251 MHz, 71.54 W, 66, 99 %, 0x0000000000000004
2026/09/29 21:26:37.035, 1350 MHz, 6251 MHz, 71.55 W, 66, 100 %, 0x0000000000000004
2026/09/29 21:26:37.135, 1305 MHz, 6251 MHz, 71.54 W, 66, 100 %, 0x0000000000000004
2026/09/29 21:26:37.235, 1305 MHz, 6251 MHz, 71.66 W, 66, 100 %, 0x0000000000000004
2026/09/29 21:26:37.336, 1350 MHz, 6251 MHz, 71.89 W, 66, 100 %, 0x0000000000000004
2026/09/29 21:26:37.436, 1320 MHz, 6251 MHz, 71.68 W, 66, 100 %, 0x0000000000000004
2026/09/29 21:26:37.536, 1290 MHz, 6251 MHz, 71.71 W, 66, 100 %, 0x0000000000000004
2026/09/29 21:26:37.636, 1305 MHz, 6251 MHz, 71.92 W, 66, 100 %, 0x0000000000000004
2026/09/29 21:26:37.736, 1215 MHz, 6251 MHz, 73.80 W, 65, 100 %, 0x0000000000000004
2026/09/29 21:26:37.836, 1125 MHz, 6251 MHz, 73.75 W, 66, 100 %, 0x0000000000000004
2026/09/29 21:26:37.936, 1155 MHz, 6251 MHz, 74.17 W, 65, 100 %, 0x0000000000000004
2026/09/29 21:26:38.036, 1140 MHz, 6251 MHz, 74.00 W, 66, 100 %, 0x0000000000000004
2026/09/29 21:26:38.136, 1110 MHz, 6251 MHz, 74.02 W, 65, 100 %, 0x0000000000000004
2026/09/29 21:26:38.236, 1110 MHz, 6251 MHz, 74.03 W, 65, 100 %, 0x0000000000000004
2026/09/29 21:26:38.337, 1110 MHz, 6251 MHz, 74.13 W, 65, 100 %, 0x0000000000000004
2026/09/29 21:26:38.437, 1095 MHz, 6251 MHz, 73.93 W, 65, 100 %, 0x0000000000000004
2026/09/29 21:26:38.537, 1005 MHz, 6251 MHz, 74.21 W, 65, 100 %, 0x0000000000000004
2026/09/29 21:26:38.637, 1050 MHz, 6251 MHz, 74.28 W, 65, 100 %, 0x0000000000000004
2026/09/29 21:26:38.737, 1110 MHz, 6251 MHz, 74.15 W, 65, 100 %, 0x0000000000000004
2026/09/29 21:26:38.837, 1155 MHz, 6251 MHz, 72.63 W, 65, 100 %, 0x0000000000000004
2026/09/29 21:26:38.937, 1140 MHz, 6251 MHz, 72.88 W, 65, 100 %, 0x0000000000000004
2026/09/29 21:26:39.037, 1125 MHz, 6251 MHz, 72.51 W, 65, 100 %, 0x0000000000000004
2026/09/29 21:26:39.137, 1110 MHz, 6251 MHz, 72.51 W, 65, 100 %, 0x0000000000000004
2026/09/29 21:26:39.237, 1110 MHz, 6251 MHz, 72.26 W, 65, 100 %, 0x0000000000000004
2026/09/29 21:26:39.338, 1095 MHz, 6251 MHz, 72.27 W, 65, 100 %, 0x0000000000000004
2026/09/29 21:26:39.438, 1080 MHz, 6251 MHz, 72.31 W, 65, 100 %, 0x0000000000000004
2026/09/29 21:26:39.538, 1050 MHz, 6251 MHz, 72.13 W, 65, 100 %, 0x0000000000000004
2026/09/29 21:26:39.638, 1080 MHz, 6251 MHz, 71.96 W, 65, 100 %, 0x0000000000000004
2026/09/29 21:26:39.738, 1140 MHz, 6251 MHz, 71.97 W, 65, 100 %, 0x0000000000000004
2026/09/29 21:26:39.838, 1140 MHz, 6251 MHz, 72.14 W, 65, 100 %, 0x0000000000000004
2026/09/29 21:26:39.938, 1125 MHz, 6251 MHz, 72.14 W, 65, 100 %, 0x0000000000000004
2026/09/29 21:26:40.038, 1095 MHz, 6251 MHz, 71.98 W, 65, 100 %, 0x0000000000000004
2026/09/29 21:26:40.138, 1140 MHz, 6251 MHz, 71.85 W, 65, 100 %, 0x0000000000000004
2026/09/29 21:26:40.238, 1140 MHz, 6251 MHz, 71.93 W, 65, 100 %, 0x0000000000000004
2026/09/29 21:26:40.339, 1110 MHz, 6251 MHz, 71.92 W, 65, 100 %, 0x0000000000000004
2026/09/29 21:26:40.439, 1065 MHz, 6251 MHz, 72.00 W, 65, 100 %, 0x0000000000000004
2026/09/29 21:26:40.539, 1575 MHz, 6251 MHz, 71.79 W, 65, 100 %, 0x0000000000000004
2026/09/29 21:26:40.639, 1350 MHz, 6251 MHz, 72.67 W, 65, 76 %, 0x0000000000000004
2026/09/29 21:26:40.739, 1335 MHz, 6251 MHz, 72.79 W, 66, 76 %, 0x0000000000000004
2026/09/29 21:26:40.839, 1335 MHz, 6251 MHz, 72.98 W, 66, 100 %, 0x0000000000000004
2026/09/29 21:26:40.939, 1335 MHz, 6251 MHz, 72.99 W, 66, 100 %, 0x0000000000000004
2026/09/29 21:26:41.039, 1335 MHz, 6251 MHz, 72.90 W, 66, 100 %, 0x0000000000000004
2026/09/29 21:26:41.139, 1380 MHz, 6251 MHz, 72.57 W, 66, 100 %, 0x0000000000000004
2026/09/29 21:26:41.240, 1335 MHz, 6251 MHz, 72.78 W, 67, 100 %, 0x0000000000000004
2026/09/29 21:26:41.340, 1320 MHz, 6251 MHz, 72.72 W, 66, 100 %, 0x0000000000000004
2026/09/29 21:26:41.440, 1320 MHz, 6251 MHz, 72.55 W, 66, 100 %, 0x0000000000000004
2026/09/29 21:26:41.540, 1410 MHz, 6251 MHz, 72.30 W, 66, 100 %, 0x0000000000000004
2026/09/29 21:26:41.640, 1320 MHz, 6251 MHz, 71.87 W, 66, 99 %, 0x0000000000000004
2026/09/29 21:26:41.740, 1335 MHz, 6251 MHz, 71.43 W, 66, 99 %, 0x0000000000000004
2026/09/29 21:26:41.840, 1335 MHz, 6251 MHz, 71.53 W, 66, 100 %, 0x0000000000000004
2026/09/29 21:26:41.940, 1335 MHz, 6251 MHz, 71.35 W, 66, 100 %, 0x0000000000000004
2026/09/29 21:26:42.040, 1365 MHz, 6251 MHz, 71.21 W, 67, 100 %, 0x0000000000000004
2026/09/29 21:26:42.140, 1320 MHz, 6251 MHz, 71.86 W, 66, 100 %, 0x0000000000000004
2026/09/29 21:26:42.241, 1305 MHz, 6251 MHz, 71.72 W, 67, 100 %, 0x0000000000000004
2026/09/29 21:26:42.341, 1320 MHz, 6251 MHz, 71.64 W, 67, 100 %, 0x0000000000000004
2026/09/29 21:26:42.441, 1320 MHz, 6251 MHz, 71.60 W, 67, 100 %, 0x0000000000000004
2026/09/29 21:26:42.541, 1365 MHz, 6251 MHz, 71.85 W, 66, 100 %, 0x0000000000000004
2026/09/29 21:26:42.641, 1335 MHz, 6251 MHz, 72.85 W, 67, 100 %, 0x0000000000000004
2026/09/29 21:26:42.741, 1335 MHz, 6251 MHz, 72.73 W, 67, 100 %, 0x0000000000000004
2026/09/29 21:26:42.841, 1320 MHz, 6251 MHz, 72.68 W, 67, 100 %, 0x0000000000000004
2026/09/29 21:26:42.941, 1305 MHz, 6251 MHz, 72.55 W, 67, 100 %, 0x0000000000000004
2026/09/29 21:26:43.041, 1335 MHz, 6251 MHz, 72.61 W, 67, 100 %, 0x0000000000000004
2026/09/29 21:26:43.141, 1380 MHz, 6251 MHz, 72.36 W, 67, 99 %, 0x0000000000000004
2026/09/29 21:26:43.242, 1305 MHz, 6251 MHz, 71.83 W, 67, 99 %, 0x0000000000000004
2026/09/29 21:26:43.342, 1305 MHz, 6251 MHz, 71.88 W, 67, 100 %, 0x0000000000000004
2026/09/29 21:26:43.442, 1305 MHz, 6251 MHz, 71.87 W, 67, 100 %, 0x0000000000000004
2026/09/29 21:26:43.542, 1335 MHz, 6251 MHz, 72.04 W, 67, 100 %, 0x0000000000000004
2026/09/29 21:26:43.642, 1410 MHz, 6251 MHz, 71.73 W, 67, 100 %, 0x0000000000000004
2026/09/29 21:26:43.742, 1335 MHz, 6251 MHz, 71.49 W, 67, 100 %, 0x0000000000000004
2026/09/29 21:26:43.842, 1335 MHz, 6251 MHz, 71.47 W, 67, 100 %, 0x0000000000000004
2026/09/29 21:26:43.942, 1335 MHz, 6251 MHz, 71.49 W, 67, 100 %, 0x0000000000000004
2026/09/29 21:26:44.042, 1320 MHz, 6251 MHz, 71.39 W, 67, 100 %, 0x0000000000000004
2026/09/29 21:26:44.142, 1770 MHz, 6251 MHz, 70.95 W, 67, 96 %, 0x0000000000000004
2026/09/29 21:26:44.243, 1080 MHz, 6251 MHz, 71.55 W, 67, 96 %, 0x0000000000000004
2026/09/29 21:26:44.343, 1125 MHz, 6251 MHz, 71.65 W, 66, 100 %, 0x0000000000000004
2026/09/29 21:26:44.443, 1110 MHz, 6251 MHz, 71.66 W, 66, 100 %, 0x0000000000000004
2026/09/29 21:26:44.543, 1095 MHz, 6251 MHz, 71.65 W, 66, 100 %, 0x0000000000000004
2026/09/29 21:26:44.643, 1140 MHz, 6251 MHz, 71.81 W, 66, 100 %, 0x0000000000000004
2026/09/29 21:26:44.743, 1140 MHz, 6251 MHz, 72.16 W, 66, 100 %, 0x0000000000000004
2026/09/29 21:26:44.843, 1140 MHz, 6251 MHz, 71.98 W, 66, 100 %, 0x0000000000000004
2026/09/29 21:26:44.943, 1110 MHz, 6251 MHz, 71.98 W, 66, 100 %, 0x0000000000000004
2026/09/29 21:26:45.043, 1035 MHz, 6251 MHz, 71.68 W, 66, 100 %, 0x0000000000000004
2026/09/29 21:26:45.144, 1095 MHz, 6251 MHz, 71.78 W, 66, 99 %, 0x0000000000000004
2026/09/29 21:26:45.244, 1095 MHz, 6251 MHz, 72.22 W, 66, 99 %, 0x0000000000000004
2026/09/29 21:26:45.344, 1095 MHz, 6251 MHz, 71.93 W, 66, 100 %, 0x0000000000000004
2026/09/29 21:26:45.444, 1110 MHz, 6251 MHz, 71.97 W, 66, 100 %, 0x0000000000000004
2026/09/29 21:26:45.544, 1110 MHz, 6251 MHz, 72.02 W, 66, 100 %, 0x0000000000000004
2026/09/29 21:26:45.644, 1155 MHz, 6251 MHz, 72.06 W, 66, 100 %, 0x0000000000000004
2026/09/29 21:26:45.744, 1140 MHz, 6251 MHz, 71.98 W, 66, 100 %, 0x0000000000000004
2026/09/29 21:26:45.844, 1140 MHz, 6251 MHz, 71.95 W, 66, 100 %, 0x0000000000000004
2026/09/29 21:26:45.944, 1110 MHz, 6251 MHz, 71.80 W, 66, 100 %, 0x0000000000000004
2026/09/29 21:26:46.044, 1095 MHz, 6251 MHz, 71.70 W, 66, 100 %, 0x0000000000000004
2026/09/29 21:26:46.145, 1095 MHz, 6251 MHz, 71.95 W, 66, 99 %, 0x0000000000000004
2026/09/29 21:26:46.245, 1095 MHz, 6251 MHz, 71.87 W, 66, 99 %, 0x0000000000000004
2026/09/29 21:26:46.345, 1110 MHz, 6251 MHz, 71.82 W, 66, 100 %, 0x0000000000000004
2026/09/29 21:26:46.445, 1095 MHz, 6251 MHz, 71.94 W, 66, 100 %, 0x0000000000000004
2026/09/29 21:26:46.545, 1140 MHz, 6251 MHz, 71.93 W, 66, 100 %, 0x0000000000000004
2026/09/29 21:26:46.645, 1140 MHz, 6251 MHz, 71.95 W, 66, 100 %, 0x0000000000000004
2026/09/29 21:26:46.745, 1140 MHz, 6251 MHz, 72.04 W, 66, 100 %, 0x0000000000000004
2026/09/29 21:26:46.845, 1095 MHz, 6251 MHz, 72.06 W, 66, 100 %, 0x0000000000000004
2026/09/29 21:26:46.945, 1080 MHz, 6251 MHz, 71.98 W, 66, 100 %, 0x0000000000000004
2026/09/29 21:26:47.046, 1125 MHz, 6251 MHz, 72.01 W, 66, 100 %, 0x0000000000000004
2026/09/29 21:26:47.146, 1080 MHz, 6251 MHz, 72.02 W, 66, 100 %, 0x0000000000000004
2026/09/29 21:26:47.246, 1095 MHz, 6251 MHz, 71.95 W, 66, 100 %, 0x0000000000000004
2026/09/29 21:26:47.346, 1095 MHz, 6251 MHz, 72.05 W, 66, 100 %, 0x0000000000000004
2026/09/29 21:26:47.446, 1080 MHz, 6251 MHz, 72.07 W, 66, 100 %, 0x0000000000000004
2026/09/29 21:26:47.546, 1575 MHz, 6251 MHz, 69.43 W, 67, 86 %, 0x0000000000000004
2026/09/29 21:26:47.646, 1305 MHz, 6251 MHz, 70.15 W, 67, 86 %, 0x0000000000000004
2026/09/29 21:26:47.746, 1320 MHz, 6251 MHz, 70.33 W, 67, 100 %, 0x0000000000000004
2026/09/29 21:26:47.846, 1305 MHz, 6251 MHz, 70.22 W, 67, 100 %, 0x0000000000000004
2026/09/29 21:26:47.946, 1320 MHz, 6251 MHz, 70.18 W, 67, 100 %, 0x0000000000000004
2026/09/29 21:26:48.047, 1305 MHz, 6251 MHz, 70.27 W, 67, 100 %, 0x0000000000000004
2026/09/29 21:26:48.147, 1305 MHz, 6251 MHz, 70.28 W, 67, 100 %, 0x0000000000000004
2026/09/29 21:26:48.247, 1380 MHz, 6251 MHz, 70.07 W, 68, 100 %, 0x0000000000000004
2026/09/29 21:26:48.347, 1320 MHz, 6251 MHz, 70.00 W, 67, 100 %, 0x0000000000000004
2026/09/29 21:26:48.447, 1260 MHz, 6251 MHz, 69.72 W, 67, 100 %, 0x0000000000000004
2026/09/29 21:26:48.547, 1320 MHz, 6251 MHz, 69.77 W, 67, 100 %, 0x0000000000000004
2026/09/29 21:26:48.647, 1305 MHz, 6251 MHz, 72.55 W, 67, 100 %, 0x0000000000000004
2026/09/29 21:26:48.747, 1320 MHz, 6251 MHz, 71.93 W, 68, 100 %, 0x0000000000000004
2026/09/29 21:26:48.847, 1395 MHz, 6251 MHz, 71.10 W, 67, 100 %, 0x0000000000000004
2026/09/29 21:26:48.947, 1335 MHz, 6251 MHz, 71.43 W, 68, 100 %, 0x0000000000000004
2026/09/29 21:26:49.048, 1305 MHz, 6251 MHz, 71.46 W, 67, 100 %, 0x0000000000000004
2026/09/29 21:26:49.148, 1290 MHz, 6251 MHz, 71.25 W, 67, 100 %, 0x0000000000000004
2026/09/29 21:26:49.248, 1305 MHz, 6251 MHz, 71.36 W, 67, 100 %, 0x0000000000000004
2026/09/29 21:26:49.348, 1305 MHz, 6251 MHz, 71.45 W, 68, 100 %, 0x0000000000000004
2026/09/29 21:26:49.448, 1335 MHz, 6251 MHz, 71.62 W, 67, 100 %, 0x0000000000000004
2026/09/29 21:26:49.548, 1335 MHz, 6251 MHz, 72.22 W, 68, 100 %, 0x0000000000000004
2026/09/29 21:26:49.648, 1320 MHz, 6251 MHz, 72.17 W, 68, 100 %, 0x0000000000000004
2026/09/29 21:26:49.748, 1290 MHz, 6251 MHz, 71.97 W, 67, 100 %, 0x0000000000000004
2026/09/29 21:26:49.848, 1320 MHz, 6251 MHz, 71.94 W, 68, 100 %, 0x0000000000000004
2026/09/29 21:26:49.949, 1305 MHz, 6251 MHz, 72.67 W, 68, 100 %, 0x0000000000000004
2026/09/29 21:26:50.049, 1305 MHz, 6251 MHz, 72.30 W, 67, 100 %, 0x0000000000000004
2026/09/29 21:26:50.149, 1380 MHz, 6251 MHz, 72.05 W, 68, 99 %, 0x0000000000000004
2026/09/29 21:26:50.249, 1305 MHz, 6251 MHz, 72.12 W, 68, 99 %, 0x0000000000000004
2026/09/29 21:26:50.349, 1290 MHz, 6251 MHz, 72.11 W, 68, 100 %, 0x0000000000000004
2026/09/29 21:26:50.449, 1320 MHz, 6251 MHz, 72.27 W, 68, 100 %, 0x0000000000000004
2026/09/29 21:26:50.549, 1305 MHz, 6251 MHz, 72.38 W, 68, 100 %, 0x0000000000000004
2026/09/29 21:26:50.649, 1305 MHz, 6251 MHz, 72.03 W, 68, 100 %, 0x0000000000000004
2026/09/29 21:26:50.749, 1395 MHz, 6251 MHz, 71.61 W, 68, 99 %, 0x0000000000000004
2026/09/29 21:26:50.849, 1320 MHz, 6251 MHz, 71.85 W, 68, 99 %, 0x0000000000000004
2026/09/29 21:26:50.950, 1305 MHz, 6251 MHz, 71.64 W, 68, 100 %, 0x0000000000000004
2026/09/29 21:26:51.050, 1305 MHz, 6251 MHz, 71.40 W, 68, 100 %, 0x0000000000000004
2026/09/29 21:26:51.150, 1305 MHz, 6251 MHz, 71.46 W, 68, 100 %, 0x0000000000000004
2026/09/29 21:26:51.250, 1305 MHz, 6251 MHz, 71.80 W, 68, 100 %, 0x0000000000000004
2026/09/29 21:26:51.350, 1320 MHz, 6251 MHz, 71.87 W, 68, 99 %, 0x0000000000000004
2026/09/29 21:26:51.450, 1335 MHz, 6251 MHz, 72.18 W, 68, 99 %, 0x0000000000000004
2026/09/29 21:26:51.550, 1305 MHz, 6251 MHz, 72.22 W, 68, 100 %, 0x0000000000000004
2026/09/29 21:26:51.650, 1290 MHz, 6251 MHz, 71.89 W, 68, 100 %, 0x0000000000000004
2026/09/29 21:26:51.750, 1335 MHz, 6251 MHz, 71.94 W, 68, 100 %, 0x0000000000000004
2026/09/29 21:26:51.850, 1305 MHz, 6251 MHz, 72.45 W, 68, 100 %, 0x0000000000000004
2026/09/29 21:26:51.951, 1290 MHz, 6251 MHz, 72.09 W, 67, 100 %, 0x0000000000000004
2026/09/29 21:26:52.051, 1020 MHz, 6251 MHz, 73.84 W, 68, 100 %, 0x0000000000000004
2026/09/29 21:26:52.151, 1125 MHz, 6251 MHz, 73.82 W, 67, 100 %, 0x0000000000000004
2026/09/29 21:26:52.251, 1080 MHz, 6251 MHz, 73.85 W, 67, 100 %, 0x0000000000000004
2026/09/29 21:26:52.351, 1125 MHz, 6251 MHz, 73.75 W, 67, 100 %, 0x0000000000000004
2026/09/29 21:26:52.451, 1095 MHz, 6251 MHz, 73.85 W, 67, 100 %, 0x0000000000000004
2026/09/29 21:26:52.551, 1050 MHz, 6251 MHz, 73.51 W, 67, 100 %, 0x0000000000000004
2026/09/29 21:26:52.651, 1125 MHz, 6251 MHz, 73.38 W, 67, 100 %, 0x0000000000000004
2026/09/29 21:26:52.751, 1110 MHz, 6251 MHz, 73.58 W, 67, 100 %, 0x0000000000000004
2026/09/29 21:26:52.852, 990 MHz, 6251 MHz, 73.57 W, 67, 100 %, 0x0000000000000004
2026/09/29 21:26:52.952, 1110 MHz, 6251 MHz, 73.51 W, 67, 100 %, 0x0000000000000004
2026/09/29 21:26:53.052, 1095 MHz, 6251 MHz, 73.60 W, 67, 100 %, 0x0000000000000004
2026/09/29 21:26:53.152, 1080 MHz, 6251 MHz, 71.99 W, 67, 99 %, 0x0000000000000004
2026/09/29 21:26:53.252, 1095 MHz, 6251 MHz, 72.20 W, 67, 99 %, 0x0000000000000004
2026/09/29 21:26:53.352, 1125 MHz, 6251 MHz, 72.19 W, 67, 100 %, 0x0000000000000004
2026/09/29 21:26:53.452, 1125 MHz, 6251 MHz, 72.18 W, 67, 100 %, 0x0000000000000004
2026/09/29 21:26:53.552, 1065 MHz, 6251 MHz, 72.12 W, 67, 100 %, 0x0000000000000004
2026/09/29 21:26:53.652, 1125 MHz, 6251 MHz, 72.15 W, 67, 100 %, 0x0000000000000004
2026/09/29 21:26:53.752, 1065 MHz, 6251 MHz, 72.34 W, 68, 99 %, 0x0000000000000004
2026/09/29 21:26:53.853, 1065 MHz, 6251 MHz, 72.29 W, 67, 99 %, 0x0000000000000004
2026/09/29 21:26:53.953, 1080 MHz, 6251 MHz, 72.30 W, 67, 100 %, 0x0000000000000004
2026/09/29 21:26:54.053, 1110 MHz, 6251 MHz, 72.27 W, 67, 100 %, 0x0000000000000004
2026/09/29 21:26:54.153, 1080 MHz, 6251 MHz, 72.40 W, 67, 100 %, 0x0000000000000004
2026/09/29 21:26:54.253, 1125 MHz, 6251 MHz, 72.13 W, 67, 100 %, 0x0000000000000004
2026/09/29 21:26:54.353, 1095 MHz, 6251 MHz, 72.07 W, 68, 100 %, 0x0000000000000004
2026/09/29 21:26:54.453, 1110 MHz, 6251 MHz, 72.12 W, 68, 100 %, 0x0000000000000004
2026/09/29 21:26:54.553, 1080 MHz, 6251 MHz, 72.05 W, 67, 100 %, 0x0000000000000004
2026/09/29 21:26:54.653, 1065 MHz, 6251 MHz, 72.13 W, 67, 100 %, 0x0000000000000004
2026/09/29 21:26:54.753, 1065 MHz, 6251 MHz, 71.93 W, 67, 100 %, 0x0000000000000004
2026/09/29 21:26:54.854, 1110 MHz, 6251 MHz, 71.88 W, 68, 100 %, 0x0000000000000004
2026/09/29 21:26:54.954, 1065 MHz, 6251 MHz, 71.94 W, 67, 100 %, 0x0000000000000004
2026/09/29 21:26:55.054, 1125 MHz, 6251 MHz, 71.74 W, 68, 100 %, 0x0000000000000004
2026/09/29 21:26:55.154, 1080 MHz, 6251 MHz, 71.77 W, 67, 100 %, 0x0000000000000004
2026/09/29 21:26:55.254, 1080 MHz, 6251 MHz, 71.77 W, 67, 100 %, 0x0000000000000004
2026/09/29 21:26:55.354, 1110 MHz, 6251 MHz, 72.01 W, 68, 100 %, 0x0000000000000004
2026/09/29 21:26:55.454, 1110 MHz, 6251 MHz, 72.13 W, 68, 100 %, 0x0000000000000004
2026/09/29 21:26:55.554, 1110 MHz, 6251 MHz, 72.08 W, 68, 100 %, 0x0000000000000004
2026/09/29 21:26:55.654, 1110 MHz, 6251 MHz, 72.06 W, 68, 100 %, 0x0000000000000004
2026/09/29 21:26:55.754, 1065 MHz, 6251 MHz, 72.01 W, 67, 100 %, 0x0000000000000004
2026/09/29 21:26:55.855, 1125 MHz, 6251 MHz, 72.14 W, 68, 100 %, 0x0000000000000004
2026/09/29 21:26:55.955, 1440 MHz, 6251 MHz, 68.62 W, 68, 78 %, 0x0000000000000004
2026/09/29 21:26:56.055, 1350 MHz, 6251 MHz, 69.26 W, 68, 78 %, 0x0000000000000004
2026/09/29 21:26:56.155, 1335 MHz, 6251 MHz, 69.55 W, 68, 100 %, 0x0000000000000004
2026/09/29 21:26:56.255, 1305 MHz, 6251 MHz, 69.61 W, 68, 100 %, 0x0000000000000004
2026/09/29 21:26:56.355, 1320 MHz, 6251 MHz, 69.67 W, 68, 100 %, 0x0000000000000004
2026/09/29 21:26:56.455, 1305 MHz, 6251 MHz, 69.85 W, 69, 100 %, 0x0000000000000004
2026/09/29 21:26:56.555, 1290 MHz, 6251 MHz, 69.69 W, 69, 100 %, 0x0000000000000004
2026/09/29 21:26:56.655, 1290 MHz, 6251 MHz, 69.50 W, 68, 100 %, 0x0000000000000004
2026/09/29 21:26:56.756, 1380 MHz, 6251 MHz, 69.31 W, 68, 100 %, 0x0000000000000004
2026/09/29 21:26:56.856, 1275 MHz, 6251 MHz, 69.10 W, 68, 100 %, 0x0000000000000004
2026/09/29 21:26:56.956, 1320 MHz, 6251 MHz, 68.99 W, 68, 100 %, 0x0000000000000004
2026/09/29 21:26:57.056, 1320 MHz, 6251 MHz, 72.60 W, 69, 100 %, 0x0000000000000004
2026/09/29 21:26:57.156, 1305 MHz, 6251 MHz, 72.13 W, 69, 100 %, 0x0000000000000004
2026/09/29 21:26:57.256, 1290 MHz, 6251 MHz, 71.95 W, 69, 100 %, 0x0000000000000004
2026/09/29 21:26:57.356, 1290 MHz, 6251 MHz, 71.73 W, 69, 100 %, 0x0000000000000004
2026/09/29 21:26:57.456, 1335 MHz, 6251 MHz, 71.64 W, 69, 100 %, 0x0000000000000004
2026/09/29 21:26:57.556, 1335 MHz, 6251 MHz, 71.20 W, 69, 99 %, 0x0000000000000004
2026/09/29 21:26:57.656, 1305 MHz, 6251 MHz, 71.29 W, 69, 99 %, 0x0000000000000004
2026/09/29 21:26:57.757, 1305 MHz, 6251 MHz, 71.45 W, 69, 100 %, 0x0000000000000004
2026/09/29 21:26:57.857, 1305 MHz, 6251 MHz, 71.65 W, 69, 100 %, 0x0000000000000004
2026/09/29 21:26:57.957, 1305 MHz, 6251 MHz, 71.87 W, 69, 100 %, 0x0000000000000004
2026/09/29 21:26:58.057, 1305 MHz, 6251 MHz, 71.82 W, 69, 100 %, 0x0000000000000004
2026/09/29 21:26:58.157, 1305 MHz, 6251 MHz, 71.57 W, 69, 100 %, 0x0000000000000004
2026/09/29 21:26:58.257, 1365 MHz, 6251 MHz, 71.54 W, 69, 100 %, 0x0000000000000004
2026/09/29 21:26:58.357, 1275 MHz, 6251 MHz, 71.92 W, 69, 100 %, 0x0000000000000004
2026/09/29 21:26:58.457, 1320 MHz, 6251 MHz, 72.04 W, 69, 100 %, 0x0000000000000004
2026/09/29 21:26:58.557, 1320 MHz, 6251 MHz, 72.11 W, 69, 100 %, 0x0000000000000004
2026/09/29 21:26:58.657, 1305 MHz, 6251 MHz, 72.46 W, 69, 100 %, 0x0000000000000004
2026/09/29 21:26:58.758, 1290 MHz, 6251 MHz, 72.46 W, 69, 100 %, 0x0000000000000004
2026/09/29 21:26:58.858, 1275 MHz, 6251 MHz, 72.34 W, 69, 100 %, 0x0000000000000004
2026/09/29 21:26:58.958, 1305 MHz, 6251 MHz, 72.23 W, 69, 100 %, 0x0000000000000004
2026/09/29 21:26:59.058, 1395 MHz, 6251 MHz, 71.68 W, 69, 100 %, 0x0000000000000004
2026/09/29 21:26:59.158, 1305 MHz, 6251 MHz, 71.92 W, 69, 100 %, 0x0000000000000004
2026/09/29 21:26:59.258, 1305 MHz, 6251 MHz, 72.11 W, 69, 100 %, 0x0000000000000004
2026/09/29 21:26:59.358, 1305 MHz, 6251 MHz, 71.92 W, 69, 100 %, 0x0000000000000004
2026/09/29 21:26:59.458, 1290 MHz, 6251 MHz, 71.78 W, 69, 100 %, 0x0000000000000004
2026/09/29 21:26:59.558, 1290 MHz, 6251 MHz, 71.72 W, 69, 100 %, 0x0000000000000004
2026/09/29 21:26:59.658, 1305 MHz, 6251 MHz, 71.32 W, 69, 100 %, 0x0000000000000004
2026/09/29 21:26:59.759, 1335 MHz, 6251 MHz, 71.29 W, 69, 99 %, 0x0000000000000004
2026/09/29 21:26:59.859, 1305 MHz, 6251 MHz, 71.47 W, 69, 99 %, 0x0000000000000004
2026/09/29 21:26:59.959, 1305 MHz, 6251 MHz, 71.50 W, 69, 100 %, 0x0000000000000004
2026/09/29 21:27:00.059, 1305 MHz, 6251 MHz, 71.81 W, 69, 100 %, 0x0000000000000004
2026/09/29 21:27:00.159, 1305 MHz, 6251 MHz, 72.42 W, 69, 100 %, 0x0000000000000004
2026/09/29 21:27:00.259, 1305 MHz, 6251 MHz, 72.27 W, 69, 100 %, 0x0000000000000004
2026/09/29 21:27:00.359, 1290 MHz, 6251 MHz, 72.17 W, 69, 100 %, 0x0000000000000004
2026/09/29 21:27:00.459, 1290 MHz, 6251 MHz, 72.04 W, 69, 100 %, 0x0000000000000004
2026/09/29 21:27:00.559, 1380 MHz, 6251 MHz, 71.54 W, 69, 99 %, 0x0000000000000004
2026/09/29 21:27:00.660, 1305 MHz, 6251 MHz, 71.86 W, 69, 99 %, 0x0000000000000004
2026/09/29 21:27:00.760, 1320 MHz, 6251 MHz, 72.18 W, 69, 100 %, 0x0000000000000004
2026/09/29 21:27:00.860, 1305 MHz, 6251 MHz, 72.06 W, 69, 100 %, 0x0000000000000004
2026/09/29 21:27:00.960, 1305 MHz, 6251 MHz, 72.04 W, 69, 100 %, 0x0000000000000004
2026/09/29 21:27:01.060, 1275 MHz, 6251 MHz, 72.08 W, 69, 100 %, 0x0000000000000004
2026/09/29 21:27:01.160, 1290 MHz, 6251 MHz, 71.70 W, 69, 100 %, 0x0000000000000004
2026/09/29 21:27:01.260, 1575 MHz, 6251 MHz, 71.85 W, 67, 100 %, 0x0000000000000004
2026/09/29 21:27:01.360, 1095 MHz, 6251 MHz, 72.92 W, 69, 75 %, 0x0000000000000004
2026/09/29 21:27:01.460, 1140 MHz, 6251 MHz, 72.84 W, 69, 75 %, 0x0000000000000004
2026/09/29 21:27:01.560, 1155 MHz, 6251 MHz, 72.92 W, 69, 100 %, 0x0000000000000004
2026/09/29 21:27:01.661, 1095 MHz, 6251 MHz, 73.22 W, 69, 100 %, 0x0000000000000004
2026/09/29 21:27:01.761, 1140 MHz, 6251 MHz, 73.18 W, 69, 100 %, 0x0000000000000004
2026/09/29 21:27:01.861, 1110 MHz, 6251 MHz, 73.08 W, 69, 100 %, 0x0000000000000004
2026/09/29 21:27:01.961, 1140 MHz, 6251 MHz, 73.31 W, 69, 100 %, 0x0000000000000004
2026/09/29 21:27:02.061, 1080 MHz, 6251 MHz, 73.16 W, 69, 100 %, 0x0000000000000004
2026/09/29 21:27:02.161, 1065 MHz, 6251 MHz, 73.14 W, 68, 100 %, 0x0000000000000004
2026/09/29 21:27:02.261, 1125 MHz, 6251 MHz, 73.50 W, 69, 100 %, 0x0000000000000004
2026/09/29 21:27:02.361, 1155 MHz, 6251 MHz, 73.30 W, 69, 100 %, 0x0000000000000004
2026/09/29 21:27:02.461, 1095 MHz, 6251 MHz, 72.15 W, 69, 100 %, 0x0000000000000004
2026/09/29 21:27:02.561, 1110 MHz, 6251 MHz, 72.37 W, 68, 100 %, 0x0000000000000004
2026/09/29 21:27:02.662, 1095 MHz, 6251 MHz, 72.42 W, 69, 100 %, 0x0000000000000004
2026/09/29 21:27:02.762, 1125 MHz, 6251 MHz, 72.43 W, 69, 100 %, 0x0000000000000004
2026/09/29 21:27:02.862, 1125 MHz, 6251 MHz, 72.07 W, 69, 100 %, 0x0000000000000004
2026/09/29 21:27:02.962, 1080 MHz, 6251 MHz, 72.17 W, 69, 100 %, 0x0000000000000004
2026/09/29 21:27:03.062, 1110 MHz, 6251 MHz, 72.01 W, 69, 100 %, 0x0000000000000004
2026/09/29 21:27:03.162, 1110 MHz, 6251 MHz, 71.73 W, 69, 100 %, 0x0000000000000004
2026/09/29 21:27:03.262, 1110 MHz, 6251 MHz, 71.67 W, 69, 100 %, 0x0000000000000004
2026/09/29 21:27:03.362, 1110 MHz, 6251 MHz, 71.66 W, 69, 100 %, 0x0000000000000004
2026/09/29 21:27:03.462, 1155 MHz, 6251 MHz, 71.66 W, 69, 100 %, 0x0000000000000004
2026/09/29 21:27:03.563, 1140 MHz, 6251 MHz, 71.72 W, 69, 100 %, 0x0000000000000004
2026/09/29 21:27:03.663, 1140 MHz, 6251 MHz, 71.81 W, 69, 100 %, 0x0000000000000004
2026/09/29 21:27:03.763, 1035 MHz, 6251 MHz, 71.74 W, 69, 100 %, 0x0000000000000004
2026/09/29 21:27:03.863, 1155 MHz, 6251 MHz, 71.59 W, 68, 100 %, 0x0000000000000004
2026/09/29 21:27:03.963, 1095 MHz, 6251 MHz, 71.86 W, 69, 99 %, 0x0000000000000004
2026/09/29 21:27:04.063, 1125 MHz, 6251 MHz, 71.59 W, 69, 99 %, 0x0000000000000004
2026/09/29 21:27:04.163, 1140 MHz, 6251 MHz, 71.61 W, 69, 100 %, 0x0000000000000004
2026/09/29 21:27:04.263, 1155 MHz, 6251 MHz, 71.79 W, 69, 100 %, 0x0000000000000004
2026/09/29 21:27:04.363, 1110 MHz, 6251 MHz, 72.13 W, 69, 100 %, 0x0000000000000004
2026/09/29 21:27:04.464, 1110 MHz, 6251 MHz, 71.93 W, 69, 100 %, 0x0000000000000004
2026/09/29 21:27:04.564, 1140 MHz, 6251 MHz, 71.77 W, 69, 99 %, 0x0000000000000004
2026/09/29 21:27:04.664, 1095 MHz, 6251 MHz, 72.01 W, 69, 99 %, 0x0000000000000004
2026/09/29 21:27:04.764, 1125 MHz, 6251 MHz, 71.71 W, 69, 100 %, 0x0000000000000004
2026/09/29 21:27:04.864, 1110 MHz, 6251 MHz, 71.73 W, 69, 100 %, 0x0000000000000004
2026/09/29 21:27:04.964, 1110 MHz, 6251 MHz, 71.72 W, 69, 100 %, 0x0000000000000004
2026/09/29 21:27:05.064, 1095 MHz, 6251 MHz, 71.55 W, 69, 100 %, 0x0000000000000004
2026/09/29 21:27:05.164, 1110 MHz, 6251 MHz, 71.68 W, 69, 100 %, 0x0000000000000004
2026/09/29 21:27:05.264, 1170 MHz, 6251 MHz, 71.87 W, 69, 100 %, 0x0000000000000004
2026/09/29 21:27:05.364, 1110 MHz, 6251 MHz, 71.83 W, 69, 100 %, 0x0000000000000004
2026/09/29 21:27:05.465, 1140 MHz, 6251 MHz, 71.52 W, 69, 100 %, 0x0000000000000004
2026/09/29 21:27:05.565, 1140 MHz, 6251 MHz, 71.66 W, 69, 100 %, 0x0000000000000004
2026/09/29 21:27:05.665, 1110 MHz, 6251 MHz, 71.82 W, 69, 100 %, 0x0000000000000004
2026/09/29 21:27:05.765, 1110 MHz, 6251 MHz, 71.72 W, 69, 100 %, 0x0000000000000004
2026/09/29 21:27:05.865, 1605 MHz, 6251 MHz, 69.61 W, 70, 100 %, 0x0000000000000004
2026/09/29 21:27:05.965, 1380 MHz, 6251 MHz, 69.89 W, 70, 87 %, 0x0000000000000004
2026/09/29 21:27:06.065, 1275 MHz, 6251 MHz, 70.00 W, 70, 87 %, 0x0000000000000004
2026/09/29 21:27:06.165, 1290 MHz, 6251 MHz, 69.74 W, 70, 100 %, 0x0000000000000004
2026/09/29 21:27:06.265, 1290 MHz, 6251 MHz, 69.89 W, 70, 100 %, 0x0000000000000004
2026/09/29 21:27:06.365, 1275 MHz, 6251 MHz, 69.69 W, 70, 100 %, 0x0000000000000004
2026/09/29 21:27:06.466, 1290 MHz, 6251 MHz, 70.05 W, 70, 100 %, 0x0000000000000004
2026/09/29 21:27:06.566, 1305 MHz, 6251 MHz, 70.29 W, 70, 100 %, 0x0000000000000004
2026/09/29 21:27:06.666, 1290 MHz, 6251 MHz, 70.26 W, 70, 100 %, 0x0000000000000004
2026/09/29 21:27:06.766, 1245 MHz, 6251 MHz, 70.14 W, 70, 100 %, 0x0000000000000004
2026/09/29 21:27:06.866, 1365 MHz, 6251 MHz, 69.84 W, 70, 100 %, 0x0000000000000004
2026/09/29 21:27:06.966, 1275 MHz, 6251 MHz, 72.45 W, 70, 100 %, 0x0000000000000004
2026/09/29 21:27:07.066, 1290 MHz, 6251 MHz, 72.32 W, 70, 100 %, 0x0000000000000004
2026/09/29 21:27:07.166, 1305 MHz, 6251 MHz, 72.50 W, 70, 100 %, 0x0000000000000004
2026/09/29 21:27:07.266, 1290 MHz, 6251 MHz, 72.63 W, 70, 100 %, 0x0000000000000004
2026/09/29 21:27:07.367, 1320 MHz, 6251 MHz, 72.44 W, 70, 100 %, 0x0000000000000004
2026/09/29 21:27:07.467, 1305 MHz, 6251 MHz, 72.28 W, 70, 100 %, 0x0000000000000004
2026/09/29 21:27:07.567, 1290 MHz, 6251 MHz, 71.99 W, 70, 100 %, 0x0000000000000004
2026/09/29 21:27:07.667, 1335 MHz, 6251 MHz, 71.67 W, 70, 100 %, 0x0000000000000004
2026/09/29 21:27:07.767, 1305 MHz, 6251 MHz, 71.82 W, 70, 100 %, 0x0000000000000004
2026/09/29 21:27:07.867, 1305 MHz, 6251 MHz, 71.71 W, 70, 100 %, 0x0000000000000004
2026/09/29 21:27:07.967, 1305 MHz, 6251 MHz, 71.94 W, 70, 100 %, 0x0000000000000004
2026/09/29 21:27:08.067, 1290 MHz, 6251 MHz, 71.39 W, 70, 100 %, 0x0000000000000004
2026/09/29 21:27:08.167, 1290 MHz, 6251 MHz, 71.23 W, 70, 100 %, 0x0000000000000004
2026/09/29 21:27:08.267, 1290 MHz, 6251 MHz, 71.37 W, 70, 100 %, 0x0000000000000004
2026/09/29 21:27:08.368, 1260 MHz, 6251 MHz, 71.76 W, 70, 100 %, 0x0000000000000004
2026/09/29 21:27:08.468, 1290 MHz, 6251 MHz, 71.97 W, 70, 100 %, 0x0000000000000004
2026/09/29 21:27:08.568, 1380 MHz, 6251 MHz, 72.09 W, 70, 99 %, 0x0000000000000004
2026/09/29 21:27:08.668, 1290 MHz, 6251 MHz, 72.38 W, 71, 99 %, 0x0000000000000004
2026/09/29 21:27:08.768, 1275 MHz, 6251 MHz, 72.84 W, 70, 100 %, 0x0000000000000004
2026/09/29 21:27:08.868, 1245 MHz, 6251 MHz, 72.67 W, 70, 100 %, 0x0000000000000004
2026/09/29 21:27:08.968, 1275 MHz, 6251 MHz, 72.79 W, 70, 100 %, 0x0000000000000004
2026/09/29 21:27:09.068, 1275 MHz, 6251 MHz, 72.76 W, 70, 100 %, 0x0000000000000004
2026/09/29 21:27:09.168, 1305 MHz, 6251 MHz, 72.70 W, 71, 100 %, 0x0000000000000004
2026/09/29 21:27:09.268, 1290 MHz, 6251 MHz, 72.72 W, 70, 100 %, 0x0000000000000004
2026/09/29 21:27:09.369, 1320 MHz, 6251 MHz, 72.24 W, 70, 100 %, 0x0000000000000004
2026/09/29 21:27:09.469, 1380 MHz, 6251 MHz, 71.64 W, 70, 100 %, 0x0000000000000004
2026/09/29 21:27:09.569, 1305 MHz, 6251 MHz, 72.13 W, 71, 100 %, 0x0000000000000004
2026/09/29 21:27:09.669, 1290 MHz, 6251 MHz, 72.04 W, 70, 100 %, 0x0000000000000004
2026/09/29 21:27:09.769, 1305 MHz, 6251 MHz, 71.64 W, 71, 100 %, 0x0000000000000004
2026/09/29 21:27:09.869, 1290 MHz, 6251 MHz, 71.31 W, 70, 100 %, 0x0000000000000004
2026/09/29 21:27:09.969, 1290 MHz, 6251 MHz, 71.11 W, 70, 100 %, 0x0000000000000004
2026/09/29 21:27:10.069, 1290 MHz, 6251 MHz, 71.12 W, 70, 100 %, 0x0000000000000004
2026/09/29 21:27:10.169, 1275 MHz, 6251 MHz, 71.62 W, 71, 100 %, 0x0000000000000004
2026/09/29 21:27:10.270, 1275 MHz, 6251 MHz, 71.99 W, 71, 100 %, 0x0000000000000004
2026/09/29 21:27:10.370, 1410 MHz, 6251 MHz, 71.53 W, 70, 99 %, 0x0000000000000004
2026/09/29 21:27:10.470, 1305 MHz, 6251 MHz, 71.92 W, 71, 99 %, 0x0000000000000004
2026/09/29 21:27:10.570, 1290 MHz, 6251 MHz, 72.36 W, 70, 100 %, 0x0000000000000004
2026/09/29 21:27:10.670, 1290 MHz, 6251 MHz, 71.96 W, 71, 100 %, 0x0000000000000004
2026/09/29 21:27:10.770, 1260 MHz, 6251 MHz, 72.35 W, 71, 100 %, 0x0000000000000004
2026/09/29 21:27:10.870, 1245 MHz, 6251 MHz, 72.60 W, 71, 100 %, 0x0000000000000004
2026/09/29 21:27:10.970, 1275 MHz, 6251 MHz, 72.57 W, 71, 100 %, 0x0000000000000004
2026/09/29 21:27:11.070, 1275 MHz, 6251 MHz, 72.75 W, 71, 100 %, 0x0000000000000004
2026/09/29 21:27:11.170, 1305 MHz, 6251 MHz, 72.60 W, 71, 100 %, 0x0000000000000004
2026/09/29 21:27:11.271, 1410 MHz, 6251 MHz, 71.92 W, 71, 100 %, 0x0000000000000004
2026/09/29 21:27:11.371, 1260 MHz, 6251 MHz, 72.21 W, 71, 100 %, 0x0000000000000004
2026/09/29 21:27:11.471, 1290 MHz, 6251 MHz, 72.83 W, 71, 100 %, 0x0000000000000004
2026/09/29 21:27:11.571, 1290 MHz, 6251 MHz, 72.65 W, 71, 100 %, 0x0000000000000004
2026/09/29 21:27:11.671, 1305 MHz, 6251 MHz, 72.37 W, 71, 100 %, 0x0000000000000004
2026/09/29 21:27:11.771, 1290 MHz, 6251 MHz, 72.11 W, 71, 100 %, 0x0000000000000004
2026/09/29 21:27:11.871, 1305 MHz, 6251 MHz, 71.57 W, 71, 100 %, 0x0000000000000004
2026/09/29 21:27:11.971, 1290 MHz, 6251 MHz, 71.41 W, 71, 100 %, 0x0000000000000004
2026/09/29 21:27:12.071, 1650 MHz, 6251 MHz, 71.52 W, 69, 100 %, 0x0000000000000004
2026/09/29 21:27:12.171, 1050 MHz, 6251 MHz, 72.72 W, 70, 76 %, 0x0000000000000004
2026/09/29 21:27:12.272, 1170 MHz, 6251 MHz, 72.69 W, 70, 76 %, 0x0000000000000004
2026/09/29 21:27:12.372, 1170 MHz, 6251 MHz, 73.17 W, 70, 100 %, 0x0000000000000004
2026/09/29 21:27:12.472, 1155 MHz, 6251 MHz, 72.79 W, 70, 100 %, 0x0000000000000004
2026/09/29 21:27:12.572, 1155 MHz, 6251 MHz, 72.88 W, 70, 100 %, 0x0000000000000004
2026/09/29 21:27:12.672, 1140 MHz, 6251 MHz, 73.04 W, 70, 100 %, 0x0000000000000004
2026/09/29 21:27:12.772, 1095 MHz, 6251 MHz, 73.28 W, 70, 100 %, 0x0000000000000004
2026/09/29 21:27:12.872, 1095 MHz, 6251 MHz, 73.13 W, 70, 100 %, 0x0000000000000004
2026/09/29 21:27:12.972, 1095 MHz, 6251 MHz, 73.27 W, 70, 100 %, 0x0000000000000004
2026/09/29 21:27:13.073, 1170 MHz, 6251 MHz, 73.47 W, 70, 100 %, 0x0000000000000004
2026/09/29 21:27:13.173, 1125 MHz, 6251 MHz, 73.61 W, 70, 100 %, 0x0000000000000004
2026/09/29 21:27:13.273, 1140 MHz, 6251 MHz, 72.50 W, 71, 100 %, 0x0000000000000004
2026/09/29 21:27:13.373, 1125 MHz, 6251 MHz, 72.67 W, 70, 100 %, 0x0000000000000004
2026/09/29 21:27:13.473, 1140 MHz, 6251 MHz, 72.30 W, 70, 100 %, 0x0000000000000004
2026/09/29 21:27:13.573, 1155 MHz, 6251 MHz, 72.19 W, 70, 100 %, 0x0000000000000004
2026/09/29 21:27:13.673, 1140 MHz, 6251 MHz, 72.27 W, 71, 100 %, 0x0000000000000004
2026/09/29 21:27:13.773, 1125 MHz, 6251 MHz, 72.14 W, 70, 100 %, 0x0000000000000004
2026/09/29 21:27:13.873, 1080 MHz, 6251 MHz, 72.22 W, 71, 100 %, 0x0000000000000004
2026/09/29 21:27:13.974, 1110 MHz, 6251 MHz, 72.25 W, 70, 100 %, 0x0000000000000004
2026/09/29 21:27:14.074, 1125 MHz, 6251 MHz, 72.42 W, 70, 100 %, 0x0000000000000004
2026/09/29 21:27:14.174, 1155 MHz, 6251 MHz, 72.29 W, 70, 100 %, 0x0000000000000004
2026/09/29 21:27:14.274, 1140 MHz, 6251 MHz, 72.21 W, 71, 100 %, 0x0000000000000004
2026/09/29 21:27:14.374, 1140 MHz, 6251 MHz, 72.08 W, 71, 99 %, 0x0000000000000004
2026/09/29 21:27:14.474, 1110 MHz, 6251 MHz, 72.10 W, 70, 99 %, 0x0000000000000004
2026/09/29 21:27:14.574, 1155 MHz, 6251 MHz, 72.18 W, 70, 100 %, 0x0000000000000004
2026/09/29 21:27:14.674, 1140 MHz, 6251 MHz, 72.23 W, 70, 100 %, 0x0000000000000004
2026/09/29 21:27:14.774, 1140 MHz, 6251 MHz, 72.15 W, 71, 100 %, 0x0000000000000004
2026/09/29 21:27:14.874, 1140 MHz, 6251 MHz, 72.02 W, 71, 100 %, 0x0000000000000004
2026/09/29 21:27:14.975, 1110 MHz, 6251 MHz, 72.04 W, 70, 100 %, 0x0000000000000004
2026/09/29 21:27:15.075, 1140 MHz, 6251 MHz, 72.24 W, 70, 100 %, 0x0000000000000004
2026/09/29 21:27:15.175, 1140 MHz, 6251 MHz, 72.15 W, 70, 99 %, 0x0000000000000004
2026/09/29 21:27:15.275, 1155 MHz, 6251 MHz, 72.10 W, 70, 99 %, 0x0000000000000004
2026/09/29 21:27:15.375, 1140 MHz, 6251 MHz, 72.22 W, 71, 100 %, 0x0000000000000004
2026/09/29 21:27:15.475, 1125 MHz, 6251 MHz, 72.58 W, 71, 100 %, 0x0000000000000004
2026/09/29 21:27:15.575, 1110 MHz, 6251 MHz, 72.54 W, 71, 100 %, 0x0000000000000004
2026/09/29 21:27:15.675, 1140 MHz, 6251 MHz, 72.63 W, 71, 100 %, 0x0000000000000004
2026/09/29 21:27:15.775, 1065 MHz, 6251 MHz, 72.49 W, 71, 100 %, 0x0000000000000004
2026/09/29 21:27:15.876, 1095 MHz, 6251 MHz, 72.29 W, 71, 100 %, 0x0000000000000004
2026/09/29 21:27:15.976, 1065 MHz, 6251 MHz, 72.45 W, 71, 100 %, 0x0000000000000004
2026/09/29 21:27:16.076, 1110 MHz, 6251 MHz, 72.21 W, 70, 100 %, 0x0000000000000004
2026/09/29 21:27:16.176, 1125 MHz, 6251 MHz, 72.13 W, 70, 100 %, 0x0000000000000004
2026/09/29 21:27:16.276, 1155 MHz, 6251 MHz, 72.31 W, 71, 100 %, 0x0000000000000004
2026/09/29 21:27:16.376, 1110 MHz, 6251 MHz, 72.33 W, 71, 100 %, 0x0000000000000004
2026/09/29 21:27:16.476, 1110 MHz, 6251 MHz, 72.24 W, 71, 100 %, 0x0000000000000004
2026/09/29 21:27:16.576, 1125 MHz, 6251 MHz, 71.99 W, 71, 100 %, 0x0000000000000004
2026/09/29 21:27:16.676, 1095 MHz, 6251 MHz, 72.01 W, 71, 100 %, 0x0000000000000004
2026/09/29 21:27:16.776, 1170 MHz, 6251 MHz, 71.98 W, 71, 100 %, 0x0000000000000004
2026/09/29 21:27:16.877, 1080 MHz, 6251 MHz, 72.26 W, 71, 100 %, 0x0000000000000004
2026/09/29 21:27:16.977, 1110 MHz, 6251 MHz, 72.19 W, 71, 100 %, 0x0000000000000004
2026/09/29 21:27:17.077, 1065 MHz, 6251 MHz, 72.07 W, 71, 100 %, 0x0000000000000004
2026/09/29 21:27:17.177, 1095 MHz, 6251 MHz, 72.03 W, 70, 100 %, 0x0000000000000004
2026/09/29 21:27:17.277, 1140 MHz, 6251 MHz, 72.02 W, 71, 100 %, 0x0000000000000004
2026/09/29 21:27:17.377, 1455 MHz, 6251 MHz, 68.60 W, 71, 79 %, 0x0000000000000004
2026/09/29 21:27:17.477, 1305 MHz, 6251 MHz, 69.12 W, 72, 79 %, 0x0000000000000004
2026/09/29 21:27:17.577, 1290 MHz, 6251 MHz, 69.38 W, 71, 100 %, 0x0000000000000004
2026/09/29 21:27:17.677, 1305 MHz, 6251 MHz, 69.04 W, 71, 100 %, 0x0000000000000004
2026/09/29 21:27:17.777, 1305 MHz, 6251 MHz, 69.24 W, 72, 100 %, 0x0000000000000004
2026/09/29 21:27:17.878, 1290 MHz, 6251 MHz, 69.10 W, 71, 100 %, 0x0000000000000004
2026/09/29 21:27:17.978, 1275 MHz, 6251 MHz, 68.83 W, 72, 100 %, 0x0000000000000004
2026/09/29 21:27:18.078, 1275 MHz, 6251 MHz, 69.24 W, 71, 100 %, 0x0000000000000004
2026/09/29 21:27:18.178, 1215 MHz, 6251 MHz, 69.06 W, 71, 100 %, 0x0000000000000004
2026/09/29 21:27:18.278, 1230 MHz, 6251 MHz, 69.14 W, 71, 100 %, 0x0000000000000004
2026/09/29 21:27:18.378, 1290 MHz, 6251 MHz, 69.07 W, 72, 100 %, 0x0000000000000004
2026/09/29 21:27:18.478, 1365 MHz, 6251 MHz, 71.92 W, 72, 100 %, 0x0000000000000004
2026/09/29 21:27:18.578, 1290 MHz, 6251 MHz, 71.54 W, 72, 100 %, 0x0000000000000004
2026/09/29 21:27:18.678, 1290 MHz, 6251 MHz, 71.36 W, 71, 100 %, 0x0000000000000004
2026/09/29 21:27:18.779, 1275 MHz, 6251 MHz, 71.39 W, 72, 100 %, 0x0000000000000004
2026/09/29 21:27:18.879, 1275 MHz, 6251 MHz, 71.52 W, 72, 100 %, 0x0000000000000004
2026/09/29 21:27:18.979, 1305 MHz, 6251 MHz, 71.52 W, 72, 100 %, 0x0000000000000004
2026/09/29 21:27:19.079, 1260 MHz, 6251 MHz, 71.56 W, 72, 100 %, 0x0000000000000004
2026/09/29 21:27:19.179, 1275 MHz, 6251 MHz, 71.25 W, 71, 100 %, 0x0000000000000004
2026/09/29 21:27:19.279, 1230 MHz, 6251 MHz, 71.20 W, 72, 100 %, 0x0000000000000004
2026/09/29 21:27:19.379, 1305 MHz, 6251 MHz, 71.49 W, 71, 100 %, 0x0000000000000004
2026/09/29 21:27:19.479, 1425 MHz, 6251 MHz, 71.65 W, 72, 100 %, 0x0000000000000004
2026/09/29 21:27:19.579, 1290 MHz, 6251 MHz, 72.33 W, 72, 100 %, 0x0000000000000004
2026/09/29 21:27:19.679, 1275 MHz, 6251 MHz, 72.21 W, 72, 100 %, 0x0000000000000004
2026/09/29 21:27:19.779, 1290 MHz, 6251 MHz, 72.09 W, 72, 100 %, 0x0000000000000004
2026/09/29 21:27:19.880, 1245 MHz, 6251 MHz, 72.17 W, 72, 100 %, 0x0000000000000004
2026/09/29 21:27:19.980, 1260 MHz, 6251 MHz, 72.03 W, 71, 100 %, 0x0000000000000004
2026/09/29 21:27:20.080, 1275 MHz, 6251 MHz, 71.97 W, 72, 100 %, 0x0000000000000004
2026/09/29 21:27:20.180, 1260 MHz, 6251 MHz, 71.97 W, 72, 100 %, 0x0000000000000004
2026/09/29 21:27:20.280, 1275 MHz, 6251 MHz, 71.80 W, 72, 100 %, 0x0000000000000004
2026/09/29 21:27:20.380, 1290 MHz, 6251 MHz, 72.06 W, 72, 100 %, 0x0000000000000004
2026/09/29 21:27:20.480, 1380 MHz, 6251 MHz, 71.35 W, 72, 100 %, 0x0000000000000004
2026/09/29 21:27:20.580, 1320 MHz, 6251 MHz, 72.05 W, 72, 100 %, 0x0000000000000004
2026/09/29 21:27:20.680, 1305 MHz, 6251 MHz, 71.75 W, 72, 100 %, 0x0000000000000004
2026/09/29 21:27:20.780, 1290 MHz, 6251 MHz, 71.60 W, 72, 100 %, 0x0000000000000004
2026/09/29 21:27:20.881, 1275 MHz, 6251 MHz, 71.36 W, 72, 100 %, 0x0000000000000004
2026/09/29 21:27:20.981, 1260 MHz, 6251 MHz, 71.54 W, 72, 100 %, 0x0000000000000004
2026/09/29 21:27:21.081, 1275 MHz, 6251 MHz, 71.54 W, 72, 100 %, 0x0000000000000004
2026/09/29 21:27:21.181, 1230 MHz, 6251 MHz, 71.53 W, 72, 100 %, 0x0000000000000004
2026/09/29 21:27:21.281, 1260 MHz, 6251 MHz, 71.79 W, 72, 100 %, 0x0000000000000004
2026/09/29 21:27:21.381, 1275 MHz, 6251 MHz, 71.67 W, 72, 100 %, 0x0000000000000004
2026/09/29 21:27:21.481, 1380 MHz, 6251 MHz, 71.99 W, 72, 100 %, 0x0000000000000004
2026/09/29 21:27:21.581, 1290 MHz, 6251 MHz, 72.79 W, 72, 100 %, 0x0000000000000004
2026/09/29 21:27:21.681, 1290 MHz, 6251 MHz, 72.01 W, 72, 100 %, 0x0000000000000004
2026/09/29 21:27:21.781, 1245 MHz, 6251 MHz, 72.01 W, 72, 100 %, 0x0000000000000004
2026/09/29 21:27:21.882, 1290 MHz, 6251 MHz, 72.34 W, 72, 100 %, 0x0000000000000004
2026/09/29 21:27:21.982, 1275 MHz, 6251 MHz, 72.38 W, 72, 100 %, 0x0000000000000004
2026/09/29 21:27:22.082, 1275 MHz, 6251 MHz, 72.45 W, 72, 100 %, 0x0000000000000004
2026/09/29 21:27:22.182, 1275 MHz, 6251 MHz, 72.18 W, 72, 100 %, 0x0000000000000004
2026/09/29 21:27:22.282, 1245 MHz, 6251 MHz, 72.29 W, 72, 100 %, 0x0000000000000004
2026/09/29 21:27:22.382, 1275 MHz, 6251 MHz, 71.98 W, 72, 100 %, 0x0000000000000004
2026/09/29 21:27:22.482, 1380 MHz, 6251 MHz, 72.13 W, 72, 100 %, 0x0000000000000004
2026/09/29 21:27:22.582, 1275 MHz, 6251 MHz, 71.72 W, 72, 100 %, 0x0000000000000004
2026/09/29 21:27:22.682, 1260 MHz, 6251 MHz, 71.83 W, 72, 100 %, 0x0000000000000004
2026/09/29 21:27:22.782, 1290 MHz, 6251 MHz, 71.80 W, 72, 100 %, 0x0000000000000004
2026/09/29 21:27:22.883, 1275 MHz, 6251 MHz, 71.79 W, 72, 100 %, 0x0000000000000004
2026/09/29 21:27:22.983, 1275 MHz, 6251 MHz, 71.34 W, 72, 100 %, 0x0000000000000004
2026/09/29 21:27:23.083, 1245 MHz, 6251 MHz, 71.42 W, 72, 100 %, 0x0000000000000004
2026/09/29 21:27:23.183, 1290 MHz, 6251 MHz, 71.45 W, 72, 100 %, 0x0000000000000004
2026/09/29 21:27:23.283, 1260 MHz, 6251 MHz, 71.36 W, 72, 100 %, 0x0000000000000004
2026/09/29 21:27:23.383, 1245 MHz, 6251 MHz, 71.62 W, 72, 100 %, 0x0000000000000004
2026/09/29 21:27:23.483, 1290 MHz, 6251 MHz, 71.47 W, 72, 100 %, 0x0000000000000004
2026/09/29 21:27:23.583, 1380 MHz, 6251 MHz, 71.10 W, 72, 99 %, 0x0000000000000004
2026/09/29 21:27:23.683, 1305 MHz, 6251 MHz, 71.46 W, 73, 99 %, 0x0000000000000004
2026/09/29 21:27:23.783, 1290 MHz, 6251 MHz, 71.35 W, 72, 100 %, 0x0000000000000004
2026/09/29 21:27:23.884, 1260 MHz, 6251 MHz, 71.28 W, 72, 100 %, 0x0000000000000004
2026/09/29 21:27:23.984, 1260 MHz, 6251 MHz, 71.53 W, 72, 100 %, 0x0000000000000004
2026/09/29 21:27:24.084, 1290 MHz, 6251 MHz, 71.59 W, 72, 100 %, 0x0000000000000004
2026/09/29 21:27:24.184, 1290 MHz, 6251 MHz, 71.56 W, 72, 100 %, 0x0000000000000004
2026/09/29 21:27:24.284, 1275 MHz, 6251 MHz, 71.32 W, 72, 100 %, 0x0000000000000004
2026/09/29 21:27:24.384, 1200 MHz, 6251 MHz, 71.41 W, 73, 100 %, 0x0000000000000004
2026/09/29 21:27:24.484, 1500 MHz, 6251 MHz, 71.08 W, 72, 100 %, 0x0000000000000004
2026/09/29 21:27:24.584, 1035 MHz, 6251 MHz, 72.93 W, 72, 76 %, 0x0000000000000004
2026/09/29 21:27:24.684, 1080 MHz, 6251 MHz, 73.50 W, 72, 76 %, 0x0000000000000004
2026/09/29 21:27:24.784, 1095 MHz, 6251 MHz, 73.42 W, 72, 100 %, 0x0000000000000004
2026/09/29 21:27:24.885, 1050 MHz, 6251 MHz, 73.13 W, 72, 100 %, 0x0000000000000004
2026/09/29 21:27:24.985, 1050 MHz, 6251 MHz, 73.51 W, 72, 100 %, 0x0000000000000004
2026/09/29 21:27:25.085, 1050 MHz, 6251 MHz, 73.43 W, 72, 100 %, 0x0000000000000004
2026/09/29 21:27:25.185, 1050 MHz, 6251 MHz, 73.46 W, 72, 100 %, 0x0000000000000004
2026/09/29 21:27:25.285, 1080 MHz, 6251 MHz, 73.36 W, 72, 100 %, 0x0000000000000004
2026/09/29 21:27:25.385, 975 MHz, 6251 MHz, 73.31 W, 72, 100 %, 0x0000000000000004
2026/09/29 21:27:25.485, 1095 MHz, 6251 MHz, 73.08 W, 72, 100 %, 0x0000000000000004
2026/09/29 21:27:25.585, 1125 MHz, 6251 MHz, 73.24 W, 72, 100 %, 0x0000000000000004
2026/09/29 21:27:25.685, 1110 MHz, 6251 MHz, 71.85 W, 72, 100 %, 0x0000000000000004
2026/09/29 21:27:25.785, 1065 MHz, 6251 MHz, 71.95 W, 72, 100 %, 0x0000000000000004
2026/09/29 21:27:25.886, 1110 MHz, 6251 MHz, 71.69 W, 72, 100 %, 0x0000000000000004
2026/09/29 21:27:25.986, 1080 MHz, 6251 MHz, 71.61 W, 72, 100 %, 0x0000000000000004
2026/09/29 21:27:26.086, 1065 MHz, 6251 MHz, 71.48 W, 72, 100 %, 0x0000000000000004
2026/09/29 21:27:26.186, 1005 MHz, 6251 MHz, 71.47 W, 72, 100 %, 0x0000000000000004
2026/09/29 21:27:26.286, 1050 MHz, 6251 MHz, 71.57 W, 72, 100 %, 0x0000000000000004
2026/09/29 21:27:26.386, 1020 MHz, 6251 MHz, 71.82 W, 72, 100 %, 0x0000000000000004
2026/09/29 21:27:26.486, 1035 MHz, 6251 MHz, 72.07 W, 72, 100 %, 0x0000000000000004
2026/09/29 21:27:26.586, 1125 MHz, 6251 MHz, 72.32 W, 72, 100 %, 0x0000000000000004
2026/09/29 21:27:26.686, 1095 MHz, 6251 MHz, 72.35 W, 72, 100 %, 0x0000000000000004
2026/09/29 21:27:26.786, 1080 MHz, 6251 MHz, 72.26 W, 72, 100 %, 0x0000000000000004
2026/09/29 21:27:26.887, 1035 MHz, 6251 MHz, 72.24 W, 72, 100 %, 0x0000000000000004
2026/09/29 21:27:26.987, 1020 MHz, 6251 MHz, 72.36 W, 72, 100 %, 0x0000000000000004
2026/09/29 21:27:27.087, 1095 MHz, 6251 MHz, 72.36 W, 72, 100 %, 0x0000000000000004
2026/09/29 21:27:27.187, 1020 MHz, 6251 MHz, 72.28 W, 72, 99 %, 0x0000000000000004
2026/09/29 21:27:27.287, 1065 MHz, 6251 MHz, 71.92 W, 72, 99 %, 0x0000000000000004
2026/09/29 21:27:27.387, 1080 MHz, 6251 MHz, 71.82 W, 72, 100 %, 0x0000000000000004
2026/09/29 21:27:27.487, 1065 MHz, 6251 MHz, 71.74 W, 72, 100 %, 0x0000000000000004
2026/09/29 21:27:27.587, 1050 MHz, 6251 MHz, 71.69 W, 72, 100 %, 0x0000000000000004
2026/09/29 21:27:27.687, 1095 MHz, 6251 MHz, 71.95 W, 72, 100 %, 0x0000000000000004
2026/09/29 21:27:27.787, 1095 MHz, 6251 MHz, 71.80 W, 72, 100 %, 0x0000000000000004
2026/09/29 21:27:27.888, 1065 MHz, 6251 MHz, 71.59 W, 72, 100 %, 0x0000000000000004
2026/09/29 21:27:27.988, 1065 MHz, 6251 MHz, 71.48 W, 72, 100 %, 0x0000000000000004
2026/09/29 21:27:28.088, 1065 MHz, 6251 MHz, 71.43 W, 72, 100 %, 0x0000000000000004
2026/09/29 21:27:28.188, 1035 MHz, 6251 MHz, 71.61 W, 72, 100 %, 0x0000000000000004
2026/09/29 21:27:28.288, 1050 MHz, 6251 MHz, 71.78 W, 72, 100 %, 0x0000000000000004
2026/09/29 21:27:28.388, 1050 MHz, 6251 MHz, 72.03 W, 72, 100 %, 0x0000000000000004
2026/09/29 21:27:28.488, 1095 MHz, 6251 MHz, 72.06 W, 72, 100 %, 0x0000000000000004
2026/09/29 21:27:28.588, 1080 MHz, 6251 MHz, 72.12 W, 72, 100 %, 0x0000000000000004
2026/09/29 21:27:28.688, 1065 MHz, 6251 MHz, 72.15 W, 72, 100 %, 0x0000000000000004
2026/09/29 21:27:28.788, 1020 MHz, 6251 MHz, 72.13 W, 72, 100 %, 0x0000000000000004
2026/09/29 21:27:28.889, 1020 MHz, 6251 MHz, 72.36 W, 72, 100 %, 0x0000000000000004
2026/09/29 21:27:28.989, 1020 MHz, 6251 MHz, 72.50 W, 72, 100 %, 0x0000000000000004
2026/09/29 21:27:29.089, 1065 MHz, 6251 MHz, 72.36 W, 72, 100 %, 0x0000000000000004
2026/09/29 21:27:29.189, 1080 MHz, 6251 MHz, 72.22 W, 72, 100 %, 0x0000000000000004
2026/09/29 21:27:29.289, 1095 MHz, 6251 MHz, 72.07 W, 72, 100 %, 0x0000000000000004
2026/09/29 21:27:29.389, 1080 MHz, 6251 MHz, 72.10 W, 72, 100 %, 0x0000000000000004
2026/09/29 21:27:29.489, 1065 MHz, 6251 MHz, 72.36 W, 72, 100 %, 0x0000000000000004
2026/09/29 21:27:29.589, 1035 MHz, 6251 MHz, 72.56 W, 72, 100 %, 0x0000000000000004
2026/09/29 21:27:29.689, 1110 MHz, 6251 MHz, 72.43 W, 72, 100 %, 0x0000000000000004
2026/09/29 21:27:29.789, 1080 MHz, 6251 MHz, 72.36 W, 72, 99 %, 0x0000000000000004
2026/09/29 21:27:29.890, 1050 MHz, 6251 MHz, 72.16 W, 72, 99 %, 0x0000000000000004
2026/09/29 21:27:29.990, 1065 MHz, 6251 MHz, 72.08 W, 72, 100 %, 0x0000000000000004
2026/09/29 21:27:30.090, 1035 MHz, 6251 MHz, 72.07 W, 72, 100 %, 0x0000000000000004
2026/09/29 21:27:30.190, 990 MHz, 6251 MHz, 72.26 W, 72, 100 %, 0x0000000000000004
2026/09/29 21:27:30.290, 1050 MHz, 6251 MHz, 72.30 W, 72, 100 %, 0x0000000000000004
2026/09/29 21:27:30.390, 1095 MHz, 6251 MHz, 72.24 W, 72, 100 %, 0x0000000000000004
2026/09/29 21:27:30.490, 1065 MHz, 6251 MHz, 72.06 W, 72, 100 %, 0x0000000000000004
2026/09/29 21:27:30.590, 1545 MHz, 6251 MHz, 71.82 W, 72, 100 %, 0x0000000000000004
2026/09/29 21:27:30.690, 1410 MHz, 6251 MHz, 72.18 W, 73, 100 %, 0x0000000000000004
2026/09/29 21:27:30.790, 1305 MHz, 6251 MHz, 72.77 W, 73, 100 %, 0x0000000000000004
2026/09/29 21:27:30.891, 1305 MHz, 6251 MHz, 72.79 W, 73, 100 %, 0x0000000000000004
2026/09/29 21:27:30.991, 1335 MHz, 6251 MHz, 72.71 W, 73, 100 %, 0x0000000000000004
2026/09/29 21:27:31.091, 1245 MHz, 6251 MHz, 72.77 W, 73, 100 %, 0x0000000000000004
2026/09/29 21:27:31.191, 1305 MHz, 6251 MHz, 72.51 W, 73, 100 %, 0x0000000000000004
2026/09/29 21:27:31.291, 1290 MHz, 6251 MHz, 72.27 W, 73, 100 %, 0x0000000000000004
2026/09/29 21:27:31.391, 1305 MHz, 6251 MHz, 72.68 W, 73, 100 %, 0x0000000000000004
2026/09/29 21:27:31.491, 1290 MHz, 6251 MHz, 72.71 W, 73, 100 %, 0x0000000000000004
2026/09/29 21:27:31.591, 1290 MHz, 6251 MHz, 72.68 W, 73, 100 %, 0x0000000000000004
2026/09/29 21:27:31.691, 1275 MHz, 6251 MHz, 72.72 W, 73, 100 %, 0x0000000000000004
2026/09/29 21:27:31.791, 1335 MHz, 6251 MHz, 72.16 W, 73, 100 %, 0x0000000000000004
2026/09/29 21:27:31.892, 1380 MHz, 6251 MHz, 71.85 W, 73, 100 %, 0x0000000000000004
2026/09/29 21:27:31.992, 1335 MHz, 6251 MHz, 72.18 W, 73, 100 %, 0x0000000000000004
2026/09/29 21:27:32.092, 1275 MHz, 6251 MHz, 72.43 W, 73, 100 %, 0x0000000000000004
2026/09/29 21:27:32.192, 1320 MHz, 6251 MHz, 72.32 W, 73, 100 %, 0x0000000000000004
2026/09/29 21:27:32.292, 1290 MHz, 6251 MHz, 72.37 W, 73, 100 %, 0x0000000000000004
2026/09/29 21:27:32.392, 1215 MHz, 6251 MHz, 72.40 W, 73, 100 %, 0x0000000000000004
2026/09/29 21:27:32.492, 1290 MHz, 6251 MHz, 71.90 W, 73, 100 %, 0x0000000000000004
2026/09/29 21:27:32.592, 1290 MHz, 6251 MHz, 71.90 W, 73, 100 %, 0x0000000000000004
2026/09/29 21:27:32.692, 1245 MHz, 6251 MHz, 72.28 W, 73, 100 %, 0x0000000000000004
2026/09/29 21:27:32.792, 1305 MHz, 6251 MHz, 72.36 W, 73, 100 %, 0x0000000000000004
2026/09/29 21:27:32.893, 1320 MHz, 6251 MHz, 72.52 W, 73, 100 %, 0x0000000000000004
2026/09/29 21:27:32.993, 1380 MHz, 6251 MHz, 72.58 W, 73, 99 %, 0x0000000000000004
2026/09/29 21:27:33.093, 1320 MHz, 6251 MHz, 72.19 W, 74, 99 %, 0x0000000000000004
2026/09/29 21:27:33.193, 1320 MHz, 6251 MHz, 72.46 W, 73, 100 %, 0x0000000000000004
2026/09/29 21:27:33.293, 1275 MHz, 6251 MHz, 72.60 W, 73, 100 %, 0x0000000000000004
2026/09/29 21:27:33.393, 1275 MHz, 6251 MHz, 72.57 W, 73, 100 %, 0x0000000000000004
2026/09/29 21:27:33.493, 1305 MHz, 6251 MHz, 72.89 W, 73, 100 %, 0x0000000000000004
2026/09/29 21:27:33.593, 1305 MHz, 6251 MHz, 72.75 W, 73, 100 %, 0x0000000000000004
2026/09/29 21:27:33.693, 1215 MHz, 6251 MHz, 72.76 W, 74, 100 %, 0x0000000000000004
2026/09/29 21:27:33.793, 1305 MHz, 6251 MHz, 72.18 W, 73, 100 %, 0x0000000000000004
2026/09/29 21:27:33.894, 1290 MHz, 6251 MHz, 72.11 W, 73, 100 %, 0x0000000000000004
2026/09/29 21:27:33.994, 1320 MHz, 6251 MHz, 72.38 W, 73, 100 %, 0x0000000000000004
2026/09/29 21:27:34.094, 1320 MHz, 6251 MHz, 72.34 W, 73, 100 %, 0x0000000000000004
2026/09/29 21:27:34.194, 1410 MHz, 6251 MHz, 71.80 W, 73, 99 %, 0x0000000000000004
2026/09/29 21:27:34.294, 1245 MHz, 6251 MHz, 71.95 W, 74, 99 %, 0x0000000000000004
2026/09/29 21:27:34.394, 1275 MHz, 6251 MHz, 71.70 W, 74, 100 %, 0x0000000000000004
2026/09/29 21:27:34.494, 1290 MHz, 6251 MHz, 72.07 W, 73, 100 %, 0x0000000000000004
2026/09/29 21:27:34.594, 1275 MHz, 6251 MHz, 72.05 W, 73, 100 %, 0x0000000000000004
2026/09/29 21:27:34.694, 1290 MHz, 6251 MHz, 72.45 W, 73, 100 %, 0x0000000000000004
2026/09/29 21:27:34.794, 1275 MHz, 6251 MHz, 72.46 W, 73, 100 %, 0x0000000000000004
2026/09/29 21:27:34.895, 1335 MHz, 6251 MHz, 72.71 W, 74, 100 %, 0x0000000000000004
2026/09/29 21:27:34.995, 1275 MHz, 6251 MHz, 72.63 W, 74, 100 %, 0x0000000000000004
2026/09/29 21:27:35.095, 1305 MHz, 6251 MHz, 72.03 W, 74, 100 %, 0x0000000000000004
2026/09/29 21:27:35.195, 1320 MHz, 6251 MHz, 71.82 W, 74, 100 %, 0x0000000000000004
2026/09/29 21:27:35.295, 1365 MHz, 6251 MHz, 72.72 W, 74, 100 %, 0x0000000000000004
2026/09/29 21:27:35.395, 1380 MHz, 6251 MHz, 71.72 W, 74, 99 %, 0x0000000000000004
2026/09/29 21:27:35.495, 1290 MHz, 6251 MHz, 71.97 W, 74, 99 %, 0x0000000000000004
2026/09/29 21:27:35.595, 1305 MHz, 6251 MHz, 71.55 W, 74, 100 %, 0x0000000000000004
2026/09/29 21:27:35.695, 1290 MHz, 6251 MHz, 71.45 W, 74, 100 %, 0x0000000000000004
2026/09/29 21:27:35.795, 1245 MHz, 6251 MHz, 71.61 W, 74, 100 %, 0x0000000000000004
2026/09/29 21:27:35.896, 1305 MHz, 6251 MHz, 71.71 W, 73, 100 %, 0x0000000000000004
2026/09/29 21:27:35.996, 1290 MHz, 6251 MHz, 71.70 W, 73, 100 %, 0x0000000000000004
2026/09/29 21:27:36.096, 1320 MHz, 6251 MHz, 71.90 W, 74, 100 %, 0x0000000000000004
2026/09/29 21:27:36.196, 1290 MHz, 6251 MHz, 72.00 W, 74, 100 %, 0x0000000000000004
2026/09/29 21:27:36.296, 1275 MHz, 6251 MHz, 71.94 W, 74, 100 %, 0x0000000000000004
2026/09/29 21:27:36.396, 1290 MHz, 6251 MHz, 71.48 W, 74, 100 %, 0x0000000000000004
2026/09/29 21:27:36.496, 1395 MHz, 6251 MHz, 71.75 W, 74, 100 %, 0x0000000000000004
2026/09/29 21:27:36.596, 1320 MHz, 6251 MHz, 71.76 W, 74, 100 %, 0x0000000000000004
2026/09/29 21:27:36.696, 1305 MHz, 6251 MHz, 71.77 W, 74, 100 %, 0x0000000000000004
2026/09/29 21:27:36.796, 1290 MHz, 6251 MHz, 71.60 W, 74, 100 %, 0x0000000000000004
2026/09/29 21:27:36.897, 1290 MHz, 6251 MHz, 71.25 W, 74, 100 %, 0x0000000000000004
2026/09/29 21:27:36.997, 1335 MHz, 6251 MHz, 71.01 W, 74, 100 %, 0x0000000000000004
2026/09/29 21:27:37.097, 1245 MHz, 6251 MHz, 71.42 W, 74, 100 %, 0x0000000000000004
2026/09/29 21:27:37.197, 1305 MHz, 6251 MHz, 71.49 W, 73, 100 %, 0x0000000000000004
2026/09/29 21:27:37.297, 1260 MHz, 6251 MHz, 71.95 W, 74, 100 %, 0x0000000000000004
2026/09/29 21:27:37.397, 1275 MHz, 6251 MHz, 72.04 W, 74, 100 %, 0x0000000000000004
2026/09/29 21:27:37.497, 1320 MHz, 6251 MHz, 72.05 W, 74, 100 %, 0x0000000000000004
2026/09/29 21:27:37.597, 1290 MHz, 6251 MHz, 72.26 W, 74, 100 %, 0x0000000000000004
2026/09/29 21:27:37.697, 1425 MHz, 6251 MHz, 71.79 W, 73, 100 %, 0x0000000000000004
2026/09/29 21:27:37.797, 1290 MHz, 6251 MHz, 72.48 W, 74, 100 %, 0x0000000000000004
2026/09/29 21:27:37.898, 1275 MHz, 6251 MHz, 72.54 W, 74, 100 %, 0x0000000000000004
2026/09/29 21:27:37.998, 1320 MHz, 6251 MHz, 72.52 W, 74, 100 %, 0x0000000000000004
2026/09/29 21:27:38.098, 1275 MHz, 6251 MHz, 72.60 W, 74, 100 %, 0x0000000000000004
2026/09/29 21:27:38.198, 1305 MHz, 6251 MHz, 71.98 W, 74, 100 %, 0x0000000000000004
2026/09/29 21:27:38.298, 1290 MHz, 6251 MHz, 71.71 W, 74, 100 %, 0x0000000000000004
2026/09/29 21:27:38.398, 1290 MHz, 6251 MHz, 71.41 W, 74, 100 %, 0x0000000000000004
2026/09/29 21:27:38.498, 1245 MHz, 6251 MHz, 71.72 W, 74, 100 %, 0x0000000000000004
2026/09/29 21:27:38.598, 1275 MHz, 6251 MHz, 71.85 W, 74, 100 %, 0x0000000000000004
2026/09/29 21:27:38.698, 1275 MHz, 6251 MHz, 71.88 W, 74, 100 %, 0x0000000000000004
2026/09/29 21:27:38.798, 1605 MHz, 6251 MHz, 72.27 W, 73, 100 %, 0x0000000000000004
2026/09/29 21:27:38.899, 1110 MHz, 6251 MHz, 73.25 W, 74, 100 %, 0x0000000000000004
2026/09/29 21:27:38.999, 1140 MHz, 6251 MHz, 73.21 W, 74, 100 %, 0x0000000000000004
2026/09/29 21:27:39.099, 1140 MHz, 6251 MHz, 73.53 W, 74, 100 %, 0x0000000000000004
2026/09/29 21:27:39.199, 1125 MHz, 6251 MHz, 73.42 W, 74, 100 %, 0x0000000000000004
2026/09/29 21:27:39.299, 1095 MHz, 6251 MHz, 73.54 W, 74, 100 %, 0x0000000000000004
2026/09/29 21:27:39.399, 1140 MHz, 6251 MHz, 73.66 W, 73, 100 %, 0x0000000000000004
2026/09/29 21:27:39.499, 1125 MHz, 6251 MHz, 73.79 W, 73, 100 %, 0x0000000000000004
2026/09/29 21:27:39.599, 1095 MHz, 6251 MHz, 73.41 W, 74, 100 %, 0x0000000000000004
2026/09/29 21:27:39.699, 1080 MHz, 6251 MHz, 73.26 W, 74, 100 %, 0x0000000000000004
2026/09/29 21:27:39.800, 1170 MHz, 6251 MHz, 73.19 W, 73, 100 %, 0x0000000000000004
2026/09/29 21:27:39.900, 1125 MHz, 6251 MHz, 73.25 W, 74, 100 %, 0x0000000000000004
2026/09/29 21:27:40.000, 1140 MHz, 6251 MHz, 71.69 W, 74, 100 %, 0x0000000000000004
2026/09/29 21:27:40.100, 1125 MHz, 6251 MHz, 71.84 W, 74, 100 %, 0x0000000000000004
2026/09/29 21:27:40.200, 1125 MHz, 6251 MHz, 71.74 W, 73, 100 %, 0x0000000000000004
2026/09/29 21:27:40.300, 1080 MHz, 6251 MHz, 72.12 W, 74, 100 %, 0x0000000000000004
2026/09/29 21:27:40.400, 1125 MHz, 6251 MHz, 72.06 W, 74, 100 %, 0x0000000000000004
2026/09/29 21:27:40.500, 1095 MHz, 6251 MHz, 71.96 W, 74, 100 %, 0x0000000000000004
2026/09/29 21:27:40.600, 1095 MHz, 6251 MHz, 71.77 W, 73, 100 %, 0x0000000000000004
2026/09/29 21:27:40.700, 1125 MHz, 6251 MHz, 71.79 W, 73, 100 %, 0x0000000000000004
2026/09/29 21:27:40.801, 1140 MHz, 6251 MHz, 71.92 W, 74, 99 %, 0x0000000000000004
2026/09/29 21:27:40.901, 1140 MHz, 6251 MHz, 72.21 W, 73, 99 %, 0x0000000000000004
2026/09/29 21:27:41.001, 1140 MHz, 6251 MHz, 72.38 W, 73, 100 %, 0x0000000000000004
2026/09/29 21:27:41.101, 1110 MHz, 6251 MHz, 72.34 W, 74, 100 %, 0x0000000000000004
2026/09/29 21:27:41.201, 1125 MHz, 6251 MHz, 72.12 W, 74, 100 %, 0x0000000000000004
2026/09/29 21:27:41.301, 1110 MHz, 6251 MHz, 72.10 W, 74, 100 %, 0x0000000000000004
2026/09/29 21:27:41.401, 1095 MHz, 6251 MHz, 71.98 W, 73, 100 %, 0x0000000000000004
2026/09/29 21:27:41.501, 1110 MHz, 6251 MHz, 72.05 W, 74, 100 %, 0x0000000000000004
2026/09/29 21:27:41.601, 1095 MHz, 6251 MHz, 72.10 W, 73, 100 %, 0x0000000000000004
2026/09/29 21:27:41.701, 1140 MHz, 6251 MHz, 72.14 W, 73, 100 %, 0x0000000000000004
2026/09/29 21:27:41.802, 1140 MHz, 6251 MHz, 72.25 W, 73, 99 %, 0x0000000000000004
2026/09/29 21:27:41.902, 1095 MHz, 6251 MHz, 72.11 W, 74, 99 %, 0x0000000000000004
2026/09/29 21:27:42.002, 1095 MHz, 6251 MHz, 71.69 W, 74, 100 %, 0x0000000000000004
2026/09/29 21:27:42.102, 1110 MHz, 6251 MHz, 71.59 W, 74, 100 %, 0x0000000000000004
2026/09/29 21:27:42.202, 1155 MHz, 6251 MHz, 71.69 W, 74, 100 %, 0x0000000000000004
2026/09/29 21:27:42.302, 1095 MHz, 6251 MHz, 71.97 W, 73, 100 %, 0x0000000000000004
2026/09/29 21:27:42.402, 1125 MHz, 6251 MHz, 71.78 W, 73, 100 %, 0x0000000000000004
2026/09/29 21:27:42.502, 1095 MHz, 6251 MHz, 71.71 W, 74, 100 %, 0x0000000000000004
2026/09/29 21:27:42.602, 1095 MHz, 6251 MHz, 71.71 W, 74, 100 %, 0x0000000000000004
2026/09/29 21:27:42.702, 1125 MHz, 6251 MHz, 71.42 W, 74, 100 %, 0x0000000000000004
2026/09/29 21:27:42.803, 1140 MHz, 6251 MHz, 71.54 W, 74, 100 %, 0x0000000000000004
2026/09/29 21:27:42.903, 1140 MHz, 6251 MHz, 71.66 W, 74, 100 %, 0x0000000000000004
2026/09/29 21:27:43.003, 1125 MHz, 6251 MHz, 72.04 W, 74, 100 %, 0x0000000000000004
2026/09/29 21:27:43.103, 1140 MHz, 6251 MHz, 72.07 W, 74, 100 %, 0x0000000000000004
2026/09/29 21:27:43.203, 1095 MHz, 6251 MHz, 71.82 W, 74, 100 %, 0x0000000000000004
2026/09/29 21:27:43.303, 1125 MHz, 6251 MHz, 71.94 W, 74, 100 %, 0x0000000000000004
2026/09/29 21:27:43.403, 1110 MHz, 6251 MHz, 72.06 W, 74, 100 %, 0x0000000000000004
2026/09/29 21:27:43.503, 1125 MHz, 6251 MHz, 72.03 W, 74, 100 %, 0x0000000000000004
2026/09/29 21:27:43.603, 1125 MHz, 6251 MHz, 71.98 W, 74, 100 %, 0x0000000000000004
2026/09/29 21:27:43.703, 1125 MHz, 6251 MHz, 72.18 W, 74, 100 %, 0x0000000000000004
2026/09/29 21:27:43.804, 1095 MHz, 6251 MHz, 72.35 W, 74, 100 %, 0x0000000000000004
2026/09/29 21:27:43.904, 1140 MHz, 6251 MHz, 72.14 W, 74, 100 %, 0x0000000000000004
2026/09/29 21:27:44.004, 1110 MHz, 6251 MHz, 72.12 W, 74, 100 %, 0x0000000000000004
2026/09/29 21:27:44.104, 1140 MHz, 6251 MHz, 71.77 W, 74, 100 %, 0x0000000000000004
2026/09/29 21:27:44.204, 1065 MHz, 6251 MHz, 72.13 W, 74, 100 %, 0x0000000000000004
2026/09/29 21:27:44.304, 1125 MHz, 6251 MHz, 71.97 W, 74, 100 %, 0x0000000000000004
2026/09/29 21:27:44.404, 1095 MHz, 6251 MHz, 71.91 W, 74, 100 %, 0x0000000000000004
2026/09/29 21:27:44.504, 1095 MHz, 6251 MHz, 71.58 W, 74, 100 %, 0x0000000000000004
2026/09/29 21:27:44.604, 1125 MHz, 6251 MHz, 71.71 W, 74, 100 %, 0x0000000000000004
2026/09/29 21:27:44.704, 1140 MHz, 6251 MHz, 71.87 W, 74, 100 %, 0x0000000000000004
2026/09/29 21:27:44.805, 1140 MHz, 6251 MHz, 71.82 W, 74, 100 %, 0x0000000000000004
2026/09/29 21:27:44.905, 1155 MHz, 6251 MHz, 72.02 W, 74, 100 %, 0x0000000000000004
2026/09/29 21:27:45.005, 1125 MHz, 6251 MHz, 72.08 W, 74, 100 %, 0x0000000000000004
2026/09/29 21:27:45.105, 1110 MHz, 6251 MHz, 71.79 W, 74, 100 %, 0x0000000000000004
2026/09/29 21:27:45.205, 1095 MHz, 6251 MHz, 71.98 W, 74, 100 %, 0x0000000000000004
2026/09/29 21:27:45.305, 1125 MHz, 6251 MHz, 71.68 W, 74, 100 %, 0x0000000000000004
2026/09/29 21:27:45.405, 1095 MHz, 6251 MHz, 71.89 W, 74, 100 %, 0x0000000000000004
2026/09/29 21:27:45.505, 1110 MHz, 6251 MHz, 71.85 W, 74, 100 %, 0x0000000000000004
2026/09/29 21:27:45.605, 1365 MHz, 6251 MHz, 68.36 W, 75, 76 %, 0x0000000000000004
2026/09/29 21:27:45.705, 1335 MHz, 6251 MHz, 68.11 W, 74, 76 %, 0x0000000000000004
2026/09/29 21:27:45.806, 1275 MHz, 6251 MHz, 68.62 W, 74, 100 %, 0x0000000000000004
2026/09/29 21:27:45.906, 1245 MHz, 6251 MHz, 68.35 W, 74, 100 %, 0x0000000000000004
2026/09/29 21:27:46.006, 1305 MHz, 6251 MHz, 68.46 W, 75, 100 %, 0x0000000000000004
2026/09/29 21:27:46.106, 1305 MHz, 6251 MHz, 68.42 W, 74, 100 %, 0x0000000000000004
2026/09/29 21:27:46.206, 1290 MHz, 6251 MHz, 69.03 W, 74, 100 %, 0x0000000000000004
2026/09/29 21:27:46.306, 1290 MHz, 6251 MHz, 68.70 W, 75, 100 %, 0x0000000000000004
2026/09/29 21:27:46.406, 1215 MHz, 6251 MHz, 68.86 W, 75, 100 %, 0x0000000000000004
2026/09/29 21:27:46.506, 1245 MHz, 6251 MHz, 68.50 W, 75, 100 %, 0x0000000000000004
2026/09/29 21:27:46.606, 1275 MHz, 6251 MHz, 68.44 W, 74, 100 %, 0x0000000000000004
2026/09/29 21:27:46.707, 1275 MHz, 6251 MHz, 71.89 W, 75, 100 %, 0x0000000000000004
2026/09/29 21:27:46.807, 1200 MHz, 6251 MHz, 72.27 W, 74, 100 %, 0x0000000000000004
2026/09/29 21:27:46.907, 1260 MHz, 6251 MHz, 71.31 W, 75, 100 %, 0x0000000000000004
2026/09/29 21:27:47.007, 1290 MHz, 6251 MHz, 71.57 W, 74, 100 %, 0x0000000000000004
2026/09/29 21:27:47.107, 1350 MHz, 6251 MHz, 70.61 W, 74, 100 %, 0x0000000000000004
2026/09/29 21:27:47.207, 1260 MHz, 6251 MHz, 70.55 W, 75, 100 %, 0x0000000000000004
2026/09/29 21:27:47.307, 1215 MHz, 6251 MHz, 69.90 W, 74, 100 %, 0x0000000000000004
2026/09/29 21:27:47.407, 1260 MHz, 6251 MHz, 69.80 W, 75, 100 %, 0x0000000000000004
2026/09/29 21:27:47.507, 1245 MHz, 6251 MHz, 69.66 W, 74, 100 %, 0x0000000000000004
2026/09/29 21:27:47.608, 1260 MHz, 6251 MHz, 69.82 W, 75, 100 %, 0x0000000000000004
2026/09/29 21:27:47.708, 1230 MHz, 6251 MHz, 69.87 W, 74, 100 %, 0x0000000000000004
2026/09/29 21:27:47.808, 1260 MHz, 6251 MHz, 69.73 W, 75, 100 %, 0x0000000000000004
2026/09/29 21:27:47.908, 1200 MHz, 6251 MHz, 69.69 W, 74, 100 %, 0x0000000000000004
2026/09/29 21:27:48.008, 1275 MHz, 6251 MHz, 69.68 W, 75, 100 %, 0x0000000000000004
2026/09/29 21:27:48.108, 1215 MHz, 6251 MHz, 69.67 W, 74, 100 %, 0x0000000000000004
2026/09/29 21:27:48.208, 1260 MHz, 6251 MHz, 70.08 W, 75, 100 %, 0x0000000000000004
2026/09/29 21:27:48.308, 1215 MHz, 6251 MHz, 70.24 W, 75, 100 %, 0x0000000000000004
2026/09/29 21:27:48.408, 1275 MHz, 6251 MHz, 70.10 W, 75, 100 %, 0x0000000000000004
2026/09/29 21:27:48.508, 1380 MHz, 6251 MHz, 70.17 W, 75, 100 %, 0x0000000000000004
2026/09/29 21:27:48.609, 1335 MHz, 6251 MHz, 70.07 W, 75, 100 %, 0x0000000000000004
2026/09/29 21:27:48.709, 1245 MHz, 6251 MHz, 70.53 W, 75, 100 %, 0x0000000000000004
2026/09/29 21:27:48.809, 1215 MHz, 6251 MHz, 70.41 W, 75, 100 %, 0x0000000000000004
2026/09/29 21:27:48.909, 1275 MHz, 6251 MHz, 70.27 W, 75, 100 %, 0x0000000000000004
2026/09/29 21:27:49.009, 1245 MHz, 6251 MHz, 70.13 W, 75, 100 %, 0x0000000000000004
2026/09/29 21:27:49.109, 1275 MHz, 6251 MHz, 70.18 W, 75, 100 %, 0x0000000000000004
2026/09/29 21:27:49.209, 1230 MHz, 6251 MHz, 70.13 W, 75, 100 %, 0x0000000000000004
2026/09/29 21:27:49.309, 1275 MHz, 6251 MHz, 70.19 W, 75, 100 %, 0x0000000000000004
2026/09/29 21:27:49.409, 1185 MHz, 6251 MHz, 70.06 W, 75, 100 %, 0x0000000000000004
2026/09/29 21:27:49.509, 1275 MHz, 6251 MHz, 70.09 W, 75, 100 %, 0x0000000000000004
2026/09/29 21:27:49.610, 1245 MHz, 6251 MHz, 70.22 W, 75, 100 %, 0x0000000000000004
2026/09/29 21:27:49.710, 1275 MHz, 6251 MHz, 70.19 W, 75, 100 %, 0x0000000000000004
2026/09/29 21:27:49.810, 1200 MHz, 6251 MHz, 69.82 W, 75, 100 %, 0x0000000000000004
2026/09/29 21:27:49.910, 1260 MHz, 6251 MHz, 69.71 W, 75, 100 %, 0x0000000000000004
2026/09/29 21:27:50.010, 1425 MHz, 6251 MHz, 70.18 W, 75, 99 %, 0x0000000000000004
2026/09/29 21:27:50.110, 1185 MHz, 6251 MHz, 70.59 W, 75, 99 %, 0x0000000000000004
2026/09/29 21:27:50.210, 1260 MHz, 6251 MHz, 70.72 W, 75, 100 %, 0x0000000000000004
2026/09/29 21:27:50.310, 1200 MHz, 6251 MHz, 70.60 W, 75, 100 %, 0x0000000000000004
2026/09/29 21:27:50.410, 1260 MHz, 6251 MHz, 70.45 W, 75, 100 %, 0x0000000000000004
2026/09/29 21:27:50.510, 1215 MHz, 6251 MHz, 70.43 W, 75, 100 %, 0x0000000000000004
2026/09/29 21:27:50.611, 1260 MHz, 6251 MHz, 70.41 W, 75, 100 %, 0x0000000000000004
2026/09/29 21:27:50.711, 1230 MHz, 6251 MHz, 70.56 W, 75, 100 %, 0x0000000000000004
2026/09/29 21:27:50.811, 1245 MHz, 6251 MHz, 70.50 W, 75, 100 %, 0x0000000000000004
2026/09/29 21:27:50.911, 1245 MHz, 6251 MHz, 70.48 W, 74, 100 %, 0x0000000000000004
2026/09/29 21:27:51.011, 1290 MHz, 6251 MHz, 70.51 W, 75, 100 %, 0x0000000000000004
2026/09/29 21:27:51.111, 1200 MHz, 6251 MHz, 70.45 W, 75, 100 %, 0x0000000000000004
2026/09/29 21:27:51.211, 1260 MHz, 6251 MHz, 69.79 W, 75, 100 %, 0x0000000000000004
2026/09/29 21:27:51.311, 1200 MHz, 6251 MHz, 69.90 W, 75, 100 %, 0x0000000000000004
2026/09/29 21:27:51.411, 1275 MHz, 6251 MHz, 69.73 W, 75, 100 %, 0x0000000000000004
2026/09/29 21:27:51.511, 1380 MHz, 6251 MHz, 70.35 W, 75, 100 %, 0x0000000000000004
2026/09/29 21:27:51.612, 1185 MHz, 6251 MHz, 70.89 W, 75, 100 %, 0x0000000000000004
2026/09/29 21:27:51.712, 1260 MHz, 6251 MHz, 70.78 W, 75, 100 %, 0x0000000000000004
2026/09/29 21:27:51.812, 1185 MHz, 6251 MHz, 70.63 W, 75, 100 %, 0x0000000000000004
2026/09/29 21:27:51.912, 1275 MHz, 6251 MHz, 70.43 W, 75, 100 %, 0x0000000000000004
2026/09/29 21:27:52.012, 1215 MHz, 6251 MHz, 70.69 W, 75, 100 %, 0x0000000000000004
2026/09/29 21:27:52.112, 1260 MHz, 6251 MHz, 70.58 W, 75, 100 %, 0x0000000000000004
2026/09/29 21:27:52.212, 1230 MHz, 6251 MHz, 70.46 W, 75, 100 %, 0x0000000000000004
2026/09/29 21:27:52.312, 1245 MHz, 6251 MHz, 70.58 W, 75, 100 %, 0x0000000000000004
2026/09/29 21:27:52.412, 1230 MHz, 6251 MHz, 70.47 W, 75, 100 %, 0x0000000000000004
2026/09/29 21:27:52.512, 1275 MHz, 6251 MHz, 70.57 W, 75, 100 %, 0x0000000000000004
2026/09/29 21:27:52.613, 1215 MHz, 6251 MHz, 70.34 W, 75, 100 %, 0x0000000000000004
2026/09/29 21:27:52.713, 1275 MHz, 6251 MHz, 69.64 W, 75, 100 %, 0x0000000000000004
2026/09/29 21:27:52.813, 1215 MHz, 6251 MHz, 70.06 W, 75, 100 %, 0x0000000000000004
2026/09/29 21:27:52.913, 1350 MHz, 6251 MHz, 69.85 W, 75, 100 %, 0x0000000000000004
2026/09/29 21:27:53.013, 1335 MHz, 6251 MHz, 70.30 W, 75, 100 %, 0x0000000000000004
2026/09/29 21:27:53.113, 1230 MHz, 6251 MHz, 70.26 W, 75, 100 %, 0x0000000000000004
2026/09/29 21:27:53.213, 1260 MHz, 6251 MHz, 70.28 W, 75, 100 %, 0x0000000000000004
2026/09/29 21:27:53.313, 1230 MHz, 6251 MHz, 70.34 W, 75, 100 %, 0x0000000000000004
2026/09/29 21:27:53.413, 1275 MHz, 6251 MHz, 70.24 W, 75, 100 %, 0x0000000000000004
2026/09/29 21:27:53.513, 1215 MHz, 6251 MHz, 70.32 W, 75, 100 %, 0x0000000000000004
2026/09/29 21:27:53.614, 1275 MHz, 6251 MHz, 70.17 W, 75, 100 %, 0x0000000000000004
2026/09/29 21:27:53.714, 1185 MHz, 6251 MHz, 70.06 W, 75, 100 %, 0x0000000000000004
2026/09/29 21:27:53.814, 1245 MHz, 6251 MHz, 69.92 W, 75, 100 %, 0x0000000000000004
2026/09/29 21:27:53.914, 1230 MHz, 6251 MHz, 69.80 W, 75, 100 %, 0x0000000000000004
2026/09/29 21:27:54.014, 1290 MHz, 6251 MHz, 69.88 W, 75, 100 %, 0x0000000000000004
2026/09/29 21:27:54.114, 1200 MHz, 6251 MHz, 69.85 W, 75, 100 %, 0x0000000000000004
2026/09/29 21:27:54.214, 1260 MHz, 6251 MHz, 69.52 W, 75, 100 %, 0x0000000000000004
2026/09/29 21:27:54.314, 1290 MHz, 6251 MHz, 69.83 W, 75, 100 %, 0x0000000000000004
2026/09/29 21:27:54.414, 1365 MHz, 6251 MHz, 69.10 W, 75, 99 %, 0x0000000000000004
2026/09/29 21:27:54.514, 1335 MHz, 6251 MHz, 69.30 W, 76, 99 %, 0x0000000000000004
2026/09/29 21:27:54.615, 1200 MHz, 6251 MHz, 69.39 W, 75, 100 %, 0x0000000000000004
2026/09/29 21:27:54.715, 1245 MHz, 6251 MHz, 69.32 W, 75, 100 %, 0x0000000000000004
2026/09/29 21:27:54.815, 1215 MHz, 6251 MHz, 69.32 W, 75, 100 %, 0x0000000000000004
2026/09/29 21:27:54.915, 1260 MHz, 6251 MHz, 69.49 W, 75, 100 %, 0x0000000000000004
2026/09/29 21:27:55.015, 1245 MHz, 6251 MHz, 69.59 W, 75, 100 %, 0x0000000000000004
2026/09/29 21:27:55.115, 1260 MHz, 6251 MHz, 69.67 W, 75, 100 %, 0x0000000000000004
2026/09/29 21:27:55.215, 1185 MHz, 6251 MHz, 69.63 W, 75, 100 %, 0x0000000000000004
2026/09/29 21:27:55.315, 1275 MHz, 6251 MHz, 69.45 W, 75, 100 %, 0x0000000000000004
2026/09/29 21:27:55.415, 1230 MHz, 6251 MHz, 69.39 W, 75, 100 %, 0x0000000000000004
2026/09/29 21:27:55.515, 1290 MHz, 6251 MHz, 69.86 W, 75, 100 %, 0x0000000000000004
2026/09/29 21:27:55.616, 1215 MHz, 6251 MHz, 69.90 W, 75, 100 %, 0x0000000000000004
2026/09/29 21:27:55.716, 1260 MHz, 6251 MHz, 69.67 W, 75, 100 %, 0x0000000000000004
2026/09/29 21:27:55.816, 1185 MHz, 6251 MHz, 68.36 W, 76, 91 %, 0x0000000000000004
2026/09/29 21:27:55.916, 1110 MHz, 6251 MHz, 68.98 W, 75, 91 %, 0x0000000000000004
2026/09/29 21:27:56.016, 1110 MHz, 6251 MHz, 69.43 W, 75, 100 %, 0x0000000000000004
2026/09/29 21:27:56.116, 1080 MHz, 6251 MHz, 69.32 W, 75, 100 %, 0x0000000000000004
2026/09/29 21:27:56.216, 1155 MHz, 6251 MHz, 69.33 W, 75, 100 %, 0x0000000000000004
2026/09/29 21:27:56.316, 1080 MHz, 6251 MHz, 69.16 W, 75, 100 %, 0x0000000000000004
2026/09/29 21:27:56.416, 1095 MHz, 6251 MHz, 69.66 W, 75, 100 %, 0x0000000000000004
2026/09/29 21:27:56.516, 1110 MHz, 6251 MHz, 69.78 W, 75, 100 %, 0x0000000000000004
2026/09/29 21:27:56.617, 1020 MHz, 6251 MHz, 70.07 W, 75, 100 %, 0x0000000000000004
2026/09/29 21:27:56.717, 1125 MHz, 6251 MHz, 69.95 W, 75, 100 %, 0x0000000000000004
2026/09/29 21:27:56.817, 1155 MHz, 6251 MHz, 70.48 W, 75, 100 %, 0x0000000000000004
2026/09/29 21:27:56.917, 1140 MHz, 6251 MHz, 72.31 W, 75, 100 %, 0x0000000000000004
2026/09/29 21:27:57.017, 1200 MHz, 6251 MHz, 71.71 W, 75, 100 %, 0x0000000000000004
2026/09/29 21:27:57.117, 1065 MHz, 6251 MHz, 71.89 W, 75, 100 %, 0x0000000000000004
2026/09/29 21:27:57.217, 1110 MHz, 6251 MHz, 71.82 W, 75, 100 %, 0x0000000000000004
2026/09/29 21:27:57.317, 1155 MHz, 6251 MHz, 71.99 W, 75, 100 %, 0x0000000000000004
2026/09/29 21:27:57.417, 1110 MHz, 6251 MHz, 72.58 W, 75, 100 %, 0x0000000000000004
2026/09/29 21:27:57.518, 1095 MHz, 6251 MHz, 72.58 W, 75, 100 %, 0x0000000000000004
2026/09/29 21:27:57.618, 1125 MHz, 6251 MHz, 72.39 W, 75, 100 %, 0x0000000000000004
2026/09/29 21:27:57.718, 1155 MHz, 6251 MHz, 72.34 W, 75, 100 %, 0x0000000000000004
2026/09/29 21:27:57.818, 1125 MHz, 6251 MHz, 72.69 W, 75, 100 %, 0x0000000000000004
2026/09/29 21:27:57.918, 1155 MHz, 6251 MHz, 72.83 W, 75, 100 %, 0x0000000000000004
2026/09/29 21:27:58.018, 1155 MHz, 6251 MHz, 72.79 W, 75, 100 %, 0x0000000000000004
2026/09/29 21:27:58.118, 1035 MHz, 6251 MHz, 72.95 W, 75, 100 %, 0x0000000000000004
2026/09/29 21:27:58.218, 1095 MHz, 6251 MHz, 72.49 W, 75, 100 %, 0x0000000000000004
2026/09/29 21:27:58.318, 1140 MHz, 6251 MHz, 72.55 W, 75, 100 %, 0x0000000000000004
2026/09/29 21:27:58.418, 1155 MHz, 6251 MHz, 72.37 W, 75, 100 %, 0x0000000000000004
2026/09/29 21:27:58.519, 1050 MHz, 6251 MHz, 71.88 W, 76, 100 %, 0x0000000000000004
2026/09/29 21:27:58.619, 1110 MHz, 6251 MHz, 71.70 W, 75, 100 %, 0x0000000000000004
2026/09/29 21:27:58.719, 1110 MHz, 6251 MHz, 71.72 W, 75, 100 %, 0x0000000000000004
2026/09/29 21:27:58.819, 1155 MHz, 6251 MHz, 71.81 W, 75, 100 %, 0x0000000000000004
2026/09/29 21:27:58.919, 1110 MHz, 6251 MHz, 71.75 W, 75, 100 %, 0x0000000000000004
2026/09/29 21:27:59.019, 1155 MHz, 6251 MHz, 71.28 W, 75, 100 %, 0x0000000000000004
2026/09/29 21:27:59.119, 1095 MHz, 6251 MHz, 71.15 W, 76, 100 %, 0x0000000000000004
2026/09/29 21:27:59.219, 1095 MHz, 6251 MHz, 71.06 W, 75, 100 %, 0x0000000000000004
2026/09/29 21:27:59.319, 1095 MHz, 6251 MHz, 71.08 W, 75, 100 %, 0x0000000000000004
2026/09/29 21:27:59.419, 1095 MHz, 6251 MHz, 71.13 W, 75, 100 %, 0x0000000000000004
2026/09/29 21:27:59.520, 1050 MHz, 6251 MHz, 71.61 W, 75, 100 %, 0x0000000000000004
2026/09/29 21:27:59.620, 1155 MHz, 6251 MHz, 71.57 W, 75, 100 %, 0x0000000000000004
2026/09/29 21:27:59.720, 1155 MHz, 6251 MHz, 71.66 W, 75, 100 %, 0x0000000000000004
2026/09/29 21:27:59.820, 1140 MHz, 6251 MHz, 71.67 W, 76, 100 %, 0x0000000000000004
2026/09/29 21:27:59.920, 1020 MHz, 6251 MHz, 71.94 W, 75, 100 %, 0x0000000000000004
2026/09/29 21:28:00.020, 1140 MHz, 6251 MHz, 71.63 W, 75, 100 %, 0x0000000000000004
2026/09/29 21:28:00.120, 1065 MHz, 6251 MHz, 72.08 W, 75, 100 %, 0x0000000000000004
2026/09/29 21:28:00.220, 1065 MHz, 6251 MHz, 72.27 W, 75, 100 %, 0x0000000000000004
2026/09/29 21:28:00.320, 1080 MHz, 6251 MHz, 72.18 W, 75, 100 %, 0x0000000000000004
2026/09/29 21:28:00.420, 1125 MHz, 6251 MHz, 71.96 W, 75, 99 %, 0x0000000000000004
2026/09/29 21:28:00.521, 1050 MHz, 6251 MHz, 72.03 W, 75, 99 %, 0x0000000000000004
2026/09/29 21:28:00.621, 1155 MHz, 6251 MHz, 71.50 W, 75, 100 %, 0x0000000000000004
2026/09/29 21:28:00.721, 1200 MHz, 6251 MHz, 71.59 W, 76, 100 %, 0x0000000000000004
2026/09/29 21:28:00.821, 1065 MHz, 6251 MHz, 71.82 W, 76, 100 %, 0x0000000000000004
2026/09/29 21:28:00.921, 1095 MHz, 6251 MHz, 71.77 W, 76, 100 %, 0x0000000000000004
2026/09/29 21:28:01.021, 1140 MHz, 6251 MHz, 71.54 W, 75, 100 %, 0x0000000000000004
2026/09/29 21:28:01.121, 1125 MHz, 6251 MHz, 71.88 W, 75, 100 %, 0x0000000000000004
2026/09/29 21:28:01.221, 1065 MHz, 6251 MHz, 71.59 W, 75, 100 %, 0x0000000000000004
2026/09/29 21:28:01.321, 1155 MHz, 6251 MHz, 71.27 W, 75, 100 %, 0x0000000000000004
2026/09/29 21:28:01.422, 1110 MHz, 6251 MHz, 71.39 W, 76, 100 %, 0x0000000000000004
2026/09/29 21:28:01.522, 1125 MHz, 6251 MHz, 71.73 W, 75, 100 %, 0x0000000000000004
2026/09/29 21:28:01.622, 1140 MHz, 6251 MHz, 71.78 W, 76, 99 %, 0x0000000000000004
2026/09/29 21:28:01.722, 1140 MHz, 6251 MHz, 72.15 W, 76, 99 %, 0x0000000000000004
2026/09/29 21:28:01.822, 1080 MHz, 6251 MHz, 72.44 W, 76, 100 %, 0x0000000000000004
2026/09/29 21:28:01.922, 1050 MHz, 6251 MHz, 72.30 W, 75, 100 %, 0x0000000000000004
2026/09/29 21:28:02.022, 1155 MHz, 6251 MHz, 72.38 W, 75, 100 %, 0x0000000000000004
2026/09/29 21:28:02.122, 1140 MHz, 6251 MHz, 72.33 W, 76, 100 %, 0x0000000000000004
2026/09/29 21:28:02.222, 1140 MHz, 6251 MHz, 72.28 W, 76, 100 %, 0x0000000000000004
2026/09/29 21:28:02.323, 1140 MHz, 6251 MHz, 72.16 W, 76, 100 %, 0x0000000000000004
2026/09/29 21:28:02.423, 1095 MHz, 6251 MHz, 72.34 W, 75, 100 %, 0x0000000000000004
2026/09/29 21:28:02.523, 1080 MHz, 6251 MHz, 72.36 W, 76, 100 %, 0x0000000000000004
2026/09/29 21:28:02.623, 1110 MHz, 6251 MHz, 72.41 W, 75, 100 %, 0x0000000000000004
2026/09/29 21:28:02.723, 1125 MHz, 6251 MHz, 72.41 W, 75, 100 %, 0x0000000000000004
2026/09/29 21:28:02.823, 1110 MHz, 6251 MHz, 72.42 W, 75, 100 %, 0x0000000000000004
2026/09/29 21:28:02.923, 1065 MHz, 6251 MHz, 72.16 W, 76, 100 %, 0x0000000000000004
2026/09/29 21:28:03.023, 1110 MHz, 6251 MHz, 71.74 W, 76, 100 %, 0x0000000000000004
2026/09/29 21:28:03.123, 1080 MHz, 6251 MHz, 71.78 W, 75, 100 %, 0x0000000000000004
2026/09/29 21:28:03.223, 1185 MHz, 6251 MHz, 71.68 W, 76, 100 %, 0x0000000000000004
2026/09/29 21:28:03.324, 1050 MHz, 6251 MHz, 72.12 W, 76, 100 %, 0x0000000000000004
2026/09/29 21:28:03.424, 1110 MHz, 6251 MHz, 72.11 W, 75, 100 %, 0x0000000000000004
2026/09/29 21:28:03.524, 1095 MHz, 6251 MHz, 72.02 W, 75, 100 %, 0x0000000000000004
2026/09/29 21:28:03.624, 1065 MHz, 6251 MHz, 71.80 W, 76, 100 %, 0x0000000000000004
2026/09/29 21:28:03.724, 1155 MHz, 6251 MHz, 71.48 W, 76, 100 %, 0x0000000000000004
2026/09/29 21:28:03.824, 1800 MHz, 6251 MHz, 71.58 W, 76, 100 %, 0x0000000000000004
2026/09/29 21:28:03.924, 2025 MHz, 6251 MHz, 67.64 W, 73, 100 %, 0x0000000000000004
2026/09/29 21:28:04.024, 2025 MHz, 6251 MHz, 64.16 W, 73, 0 %, 0x0000000000000004
2026/09/29 21:28:04.124, 2025 MHz, 6251 MHz, 61.00 W, 73, 0 %, 0x0000000000000004
2026/09/29 21:28:04.225, 2040 MHz, 6251 MHz, 57.53 W, 73, 0 %, 0x0000000000000000
2026/09/29 21:28:04.325, 2040 MHz, 6251 MHz, 54.10 W, 72, 0 %, 0x0000000000000000
2026/09/29 21:28:04.425, 2040 MHz, 6251 MHz, 50.10 W, 72, 0 %, 0x0000000000000000
2026/09/29 21:28:04.525, 2040 MHz, 6251 MHz, 46.81 W, 72, 0 %, 0x0000000000000000
