timestamp, temperature.gpu, clocks.current.sm [MHz], power.draw [W], utilization.gpu [%]
2026/09/30 01:12:30.075, 62, 2040 MHz, 30.91 W, 0 %
2026/09/30 01:12:31.080, 62, 2040 MHz, 31.00 W, 0 %
2026/09/30 01:12:32.080, 62, 2040 MHz, 30.85 W, 0 %
2026/09/30 01:12:33.080, 62, 2040 MHz, 30.83 W, 0 %
2026/09/30 01:12:34.080, 62, 2040 MHz, 30.78 W, 0 %
2026/09/30 01:12:35.081, 62, 2040 MHz, 30.78 W, 0 %
2026/09/30 01:12:36.081, 61, 2040 MHz, 30.70 W, 0 %
2026/09/30 01:12:37.081, 61, 2040 MHz, 30.64 W, 0 %
2026/09/30 01:12:38.081, 61, 2040 MHz, 30.68 W, 0 %
2026/09/30 01:12:39.081, 61, 2040 MHz, 30.62 W, 0 %
2026/09/30 01:12:40.081, 61, 2040 MHz, 30.61 W, 0 %
2026/09/30 01:12:41.082, 61, 2040 MHz, 30.61 W, 0 %
2026/09/30 01:12:42.082, 61, 2040 MHz, 30.58 W, 0 %
2026/09/30 01:12:43.082, 61, 2040 MHz, 30.54 W, 0 %
2026/09/30 01:12:44.082, 60, 2040 MHz, 30.59 W, 0 %
2026/09/30 01:12:45.082, 60, 2040 MHz, 30.57 W, 0 %
2026/09/30 01:12:46.082, 60, 2040 MHz, 30.55 W, 0 %
2026/09/30 01:12:47.083, 60, 2040 MHz, 30.51 W, 0 %
2026/09/30 01:12:48.083, 60, 2040 MHz, 30.48 W, 0 %
2026/09/30 01:12:49.083, 60, 2040 MHz, 30.45 W, 0 %
2026/09/30 01:12:50.083, 60, 2040 MHz, 30.31 W, 0 %
2026/09/30 01:12:51.083, 60, 2040 MHz, 30.39 W, 0 %
2026/09/30 01:12:52.084, 60, 2040 MHz, 30.41 W, 0 %
2026/09/30 01:12:53.084, 59, 2040 MHz, 30.28 W, 0 %
2026/09/30 01:12:54.084, 59, 2040 MHz, 30.29 W, 0 %
2026/09/30 01:12:55.084, 59, 2040 MHz, 30.33 W, 0 %
2026/09/30 01:12:56.084, 59, 2040 MHz, 30.24 W, 0 %
2026/09/30 01:12:57.084, 59, 2040 MHz, 30.17 W, 0 %
2026/09/30 01:12:58.085, 59, 2040 MHz, 30.20 W, 0 %
2026/09/30 01:12:59.085, 59, 2040 MHz, 30.18 W, 0 %
2026/09/30 01:13:00.085, 59, 2040 MHz, 30.16 W, 0 %
2026/09/30 01:13:01.085, 59, 2040 MHz, 30.13 W, 0 %
2026/09/30 01:13:02.085, 59, 2040 MHz, 30.13 W, 0 %
2026/09/30 01:13:03.085, 59, 2040 MHz, 30.12 W, 0 %
2026/09/30 01:13:04.086, 59, 2040 MHz, 30.07 W, 0 %
2026/09/30 01:13:05.086, 58, 2040 MHz, 30.06 W, 0 %
2026/09/30 01:13:06.087, 58, 2040 MHz, 30.09 W, 0 %
2026/09/30 01:13:07.087, 58, 2040 MHz, 30.04 W, 0 %
2026/09/30 01:13:08.087, 58, 2040 MHz, 30.02 W, 0 %
2026/09/30 01:13:09.088, 58, 2040 MHz, 30.07 W, 0 %
2026/09/30 01:13:10.088, 58, 2040 MHz, 30.07 W, 0 %
2026/09/30 01:13:11.088, 58, 2040 MHz, 30.05 W, 0 %
2026/09/30 01:13:12.088, 58, 2040 MHz, 30.06 W, 0 %
2026/09/30 01:13:13.088, 58, 2040 MHz, 30.03 W, 0 %
2026/09/30 01:13:14.088, 58, 2040 MHz, 30.04 W, 0 %
2026/09/30 01:13:15.089, 58, 2040 MHz, 30.03 W, 0 %
2026/09/30 01:13:16.089, 58, 2040 MHz, 30.01 W, 0 %
2026/09/30 01:13:17.089, 58, 2040 MHz, 29.99 W, 0 %
2026/09/30 01:13:18.089, 58, 2040 MHz, 29.97 W, 0 %
2026/09/30 01:13:19.089, 57, 2040 MHz, 29.96 W, 0 %
2026/09/30 01:13:20.089, 57, 2040 MHz, 29.96 W, 0 %
2026/09/30 01:13:21.089, 57, 2040 MHz, 29.92 W, 0 %
2026/09/30 01:13:22.090, 57, 2040 MHz, 29.93 W, 0 %
2026/09/30 01:13:23.090, 57, 2040 MHz, 29.93 W, 0 %
2026/09/30 01:13:24.090, 57, 2040 MHz, 29.96 W, 0 %
2026/09/30 01:13:25.090, 57, 2040 MHz, 29.91 W, 0 %
2026/09/30 01:13:26.090, 57, 2040 MHz, 29.92 W, 0 %
2026/09/30 01:13:27.090, 57, 2040 MHz, 29.85 W, 0 %
2026/09/30 01:13:28.091, 57, 2040 MHz, 29.90 W, 0 %
2026/09/30 01:13:29.091, 57, 2040 MHz, 29.89 W, 0 %
2026/09/30 01:13:30.091, 57, 2040 MHz, 29.89 W, 0 %
2026/09/30 01:13:31.091, 57, 2040 MHz, 29.87 W, 0 %
2026/09/30 01:13:32.091, 57, 2040 MHz, 29.84 W, 0 %
2026/09/30 01:13:33.091, 57, 2040 MHz, 29.86 W, 0 %
2026/09/30 01:13:34.092, 57, 2040 MHz, 29.83 W, 0 %
2026/09/30 01:13:35.092, 57, 2040 MHz, 29.83 W, 0 %
2026/09/30 01:13:36.092, 57, 2040 MHz, 29.82 W, 0 %
2026/09/30 01:13:37.092, 56, 2040 MHz, 29.82 W, 0 %
2026/09/30 01:13:38.092, 56, 2040 MHz, 29.81 W, 0 %
2026/09/30 01:13:39.092, 56, 2040 MHz, 29.81 W, 0 %
2026/09/30 01:13:40.093, 56, 2040 MHz, 29.80 W, 0 %
2026/09/30 01:13:41.093, 56, 2040 MHz, 29.80 W, 0 %
2026/09/30 01:13:42.093, 56, 2040 MHz, 29.78 W, 0 %
2026/09/30 01:13:43.093, 56, 2040 MHz, 29.76 W, 0 %
2026/09/30 01:13:44.093, 56, 2040 MHz, 29.74 W, 0 %
2026/09/30 01:13:45.093, 56, 2040 MHz, 29.76 W, 0 %
2026/09/30 01:13:46.094, 56, 2040 MHz, 29.74 W, 0 %
2026/09/30 01:13:47.094, 56, 2040 MHz, 29.74 W, 0 %
2026/09/30 01:13:48.094, 56, 2040 MHz, 29.73 W, 0 %
2026/09/30 01:13:49.094, 56, 2040 MHz, 29.74 W, 0 %
2026/09/30 01:13:50.094, 56, 2040 MHz, 29.73 W, 0 %
2026/09/30 01:13:51.094, 56, 2040 MHz, 29.73 W, 0 %
2026/09/30 01:13:52.095, 56, 2040 MHz, 29.70 W, 0 %
2026/09/30 01:13:53.095, 56, 2040 MHz, 29.70 W, 0 %
2026/09/30 01:13:54.095, 56, 2040 MHz, 29.65 W, 0 %
2026/09/30 01:13:55.095, 56, 2040 MHz, 29.68 W, 0 %
2026/09/30 01:13:56.095, 56, 2040 MHz, 29.66 W, 0 %
2026/09/30 01:13:57.095, 55, 2040 MHz, 29.69 W, 0 %
2026/09/30 01:13:58.095, 55, 2040 MHz, 29.67 W, 0 %
2026/09/30 01:13:59.096, 55, 2040 MHz, 29.64 W, 0 %
2026/09/30 01:14:00.096, 55, 2040 MHz, 29.65 W, 0 %
2026/09/30 01:14:01.096, 55, 2040 MHz, 29.70 W, 0 %
2026/09/30 01:14:02.096, 55, 2040 MHz, 29.65 W, 0 %
2026/09/30 01:14:03.096, 55, 2040 MHz, 29.63 W, 0 %
2026/09/30 01:14:04.096, 55, 2040 MHz, 29.66 W, 0 %
2026/09/30 01:14:05.097, 55, 2040 MHz, 29.64 W, 0 %
2026/09/30 01:14:06.097, 55, 2040 MHz, 29.61 W, 0 %
2026/09/30 01:14:07.097, 55, 2040 MHz, 29.65 W, 0 %
2026/09/30 01:14:08.097, 55, 2040 MHz, 29.64 W, 0 %
2026/09/30 01:14:09.097, 55, 2040 MHz, 29.61 W, 0 %
2026/09/30 01:14:10.097, 55, 2040 MHz, 29.62 W, 0 %
2026/09/30 01:14:11.100, 55, 2040 MHz, 29.60 W, 0 %
2026/09/30 01:14:12.100, 55, 2040 MHz, 29.60 W, 0 %
2026/09/30 01:14:13.101, 55, 2040 MHz, 29.58 W, 0 %
2026/09/30 01:14:14.101, 55, 2040 MHz, 29.59 W, 0 %
2026/09/30 01:14:15.101, 55, 2040 MHz, 29.58 W, 0 %
2026/09/30 01:14:16.101, 55, 2040 MHz, 29.60 W, 0 %
2026/09/30 01:14:17.101, 55, 2040 MHz, 29.55 W, 0 %
2026/09/30 01:14:18.101, 55, 2040 MHz, 29.59 W, 0 %
2026/09/30 01:14:19.102, 55, 2040 MHz, 29.58 W, 0 %
2026/09/30 01:14:20.102, 54, 2040 MHz, 29.54 W, 0 %
2026/09/30 01:14:21.102, 54, 2040 MHz, 29.53 W, 0 %
2026/09/30 01:14:22.102, 54, 2040 MHz, 29.53 W, 0 %
2026/09/30 01:14:23.102, 54, 2040 MHz, 29.51 W, 0 %
2026/09/30 01:14:24.102, 54, 2040 MHz, 29.50 W, 0 %
2026/09/30 01:14:25.103, 54, 2040 MHz, 29.55 W, 0 %
2026/09/30 01:14:26.103, 54, 2040 MHz, 29.54 W, 0 %
2026/09/30 01:14:27.103, 54, 2040 MHz, 29.51 W, 0 %
2026/09/30 01:14:28.103, 54, 2040 MHz, 29.50 W, 0 %
2026/09/30 01:14:29.103, 54, 2040 MHz, 29.51 W, 0 %
2026/09/30 01:14:30.103, 54, 2040 MHz, 29.49 W, 0 %
2026/09/30 01:14:31.104, 54, 2040 MHz, 29.51 W, 0 %
2026/09/30 01:14:32.104, 54, 2040 MHz, 29.47 W, 0 %
2026/09/30 01:14:33.104, 54, 2040 MHz, 29.47 W, 0 %
2026/09/30 01:14:34.104, 54, 2040 MHz, 29.47 W, 0 %
2026/09/30 01:14:35.104, 54, 2040 MHz, 29.46 W, 0 %
2026/09/30 01:14:36.104, 54, 2040 MHz, 29.47 W, 0 %
2026/09/30 01:14:37.105, 54, 2040 MHz, 29.46 W, 0 %
2026/09/30 01:14:38.105, 54, 2040 MHz, 29.44 W, 0 %
2026/09/30 01:14:39.105, 54, 2040 MHz, 29.46 W, 0 %
2026/09/30 01:14:40.105, 54, 2040 MHz, 29.44 W, 0 %
2026/09/30 01:14:41.105, 54, 2040 MHz, 29.47 W, 0 %
2026/09/30 01:14:42.106, 54, 2040 MHz, 29.44 W, 0 %
2026/09/30 01:14:43.106, 54, 2040 MHz, 29.47 W, 0 %
2026/09/30 01:14:44.106, 54, 2040 MHz, 29.46 W, 0 %
2026/09/30 01:14:45.106, 54, 2040 MHz, 29.41 W, 0 %
2026/09/30 01:14:46.106, 54, 2040 MHz, 29.39 W, 0 %
2026/09/30 01:14:47.106, 54, 2040 MHz, 29.46 W, 0 %
2026/09/30 01:14:48.107, 54, 2040 MHz, 29.41 W, 0 %
2026/09/30 01:14:49.107, 53, 2040 MHz, 29.39 W, 0 %
2026/09/30 01:14:50.107, 53, 2040 MHz, 29.38 W, 0 %
2026/09/30 01:14:51.107, 53, 2040 MHz, 29.41 W, 0 %
2026/09/30 01:14:52.107, 53, 2040 MHz, 29.43 W, 0 %
2026/09/30 01:14:53.107, 53, 2040 MHz, 29.39 W, 0 %
2026/09/30 01:14:54.108, 53, 2040 MHz, 29.38 W, 0 %
2026/09/30 01:14:55.108, 53, 2040 MHz, 29.36 W, 0 %
2026/09/30 01:14:56.108, 53, 2040 MHz, 29.41 W, 0 %
2026/09/30 01:14:57.108, 53, 2040 MHz, 29.40 W, 0 %
2026/09/30 01:14:58.108, 53, 2040 MHz, 29.38 W, 0 %
2026/09/30 01:14:59.108, 53, 2040 MHz, 29.35 W, 0 %
2026/09/30 01:15:00.109, 53, 2040 MHz, 29.36 W, 0 %
2026/09/30 01:15:01.109, 53, 2040 MHz, 29.39 W, 0 %
2026/09/30 01:15:02.109, 53, 2040 MHz, 29.35 W, 0 %
2026/09/30 01:15:03.109, 53, 2040 MHz, 29.35 W, 0 %
2026/09/30 01:15:04.109, 53, 2040 MHz, 29.34 W, 0 %
2026/09/30 01:15:05.110, 53, 2040 MHz, 29.34 W, 0 %
2026/09/30 01:15:06.110, 53, 2040 MHz, 29.37 W, 0 %
2026/09/30 01:15:07.110, 53, 2040 MHz, 29.35 W, 0 %
2026/09/30 01:15:08.110, 53, 2040 MHz, 29.36 W, 0 %
2026/09/30 01:15:09.110, 53, 2040 MHz, 29.35 W, 0 %
2026/09/30 01:15:10.110, 53, 2040 MHz, 29.35 W, 0 %
2026/09/30 01:15:11.111, 53, 2040 MHz, 29.35 W, 0 %
2026/09/30 01:15:12.111, 53, 2040 MHz, 29.34 W, 0 %
2026/09/30 01:15:13.111, 53, 2040 MHz, 29.33 W, 0 %
2026/09/30 01:15:14.111, 53, 2040 MHz, 29.34 W, 0 %
2026/09/30 01:15:15.111, 53, 2040 MHz, 29.32 W, 0 %
2026/09/30 01:15:16.112, 53, 2040 MHz, 29.32 W, 0 %
2026/09/30 01:15:17.112, 53, 2040 MHz, 29.34 W, 0 %
2026/09/30 01:15:18.112, 53, 2040 MHz, 29.32 W, 0 %
2026/09/30 01:15:19.112, 53, 2040 MHz, 29.31 W, 0 %
2026/09/30 01:15:20.112, 53, 2040 MHz, 29.29 W, 0 %
2026/09/30 01:15:21.113, 53, 2040 MHz, 29.32 W, 0 %
2026/09/30 01:15:22.113, 53, 2040 MHz, 29.31 W, 0 %
2026/09/30 01:15:23.113, 53, 2040 MHz, 29.28 W, 0 %
2026/09/30 01:15:24.113, 53, 2040 MHz, 29.26 W, 0 %
2026/09/30 01:15:25.113, 52, 2040 MHz, 29.29 W, 0 %
2026/09/30 01:15:26.113, 52, 2040 MHz, 29.28 W, 0 %
2026/09/30 01:15:27.114, 52, 2040 MHz, 29.27 W, 0 %
2026/09/30 01:15:28.114, 52, 2040 MHz, 29.30 W, 0 %
2026/09/30 01:15:29.114, 52, 2040 MHz, 29.27 W, 0 %
2026/09/30 01:15:30.114, 52, 2040 MHz, 29.28 W, 0 %
2026/09/30 01:15:31.114, 52, 2040 MHz, 29.25 W, 0 %
2026/09/30 01:15:32.115, 52, 2040 MHz, 29.28 W, 0 %
2026/09/30 01:15:33.115, 52, 2040 MHz, 29.24 W, 0 %
2026/09/30 01:15:34.115, 52, 2040 MHz, 29.25 W, 0 %
2026/09/30 01:15:35.115, 52, 2040 MHz, 29.23 W, 0 %
2026/09/30 01:15:36.115, 52, 2040 MHz, 29.26 W, 0 %
2026/09/30 01:15:37.115, 52, 2040 MHz, 29.24 W, 0 %
2026/09/30 01:15:38.116, 52, 2040 MHz, 29.23 W, 0 %
2026/09/30 01:15:39.116, 52, 2040 MHz, 29.26 W, 0 %
2026/09/30 01:15:40.116, 52, 2040 MHz, 29.23 W, 0 %
2026/09/30 01:15:41.116, 52, 2040 MHz, 29.24 W, 0 %
2026/09/30 01:15:42.116, 52, 2040 MHz, 29.25 W, 0 %
2026/09/30 01:15:43.116, 52, 2040 MHz, 29.22 W, 0 %
2026/09/30 01:15:44.117, 52, 2040 MHz, 29.20 W, 0 %
2026/09/30 01:15:45.117, 52, 2040 MHz, 29.22 W, 0 %
2026/09/30 01:15:46.117, 52, 2040 MHz, 29.27 W, 0 %
2026/09/30 01:15:47.117, 52, 2040 MHz, 29.23 W, 0 %
2026/09/30 01:15:48.117, 52, 2040 MHz, 29.21 W, 0 %
2026/09/30 01:15:49.117, 52, 2040 MHz, 29.22 W, 0 %
2026/09/30 01:15:50.119, 52, 2040 MHz, 29.20 W, 0 %
2026/09/30 01:15:51.119, 52, 2040 MHz, 29.23 W, 0 %
2026/09/30 01:15:52.120, 52, 2040 MHz, 29.24 W, 0 %
2026/09/30 01:15:53.120, 52, 2040 MHz, 29.19 W, 0 %
2026/09/30 01:15:54.120, 52, 2040 MHz, 29.21 W, 0 %
2026/09/30 01:15:55.120, 52, 2040 MHz, 29.18 W, 0 %
2026/09/30 01:15:56.120, 52, 2040 MHz, 29.23 W, 0 %
2026/09/30 01:15:57.121, 52, 2040 MHz, 29.18 W, 0 %
2026/09/30 01:15:58.121, 52, 2040 MHz, 29.21 W, 0 %
2026/09/30 01:15:59.121, 52, 2040 MHz, 29.21 W, 0 %
2026/09/30 01:16:00.121, 52, 2040 MHz, 29.17 W, 0 %
2026/09/30 01:16:01.121, 52, 2040 MHz, 29.22 W, 0 %
2026/09/30 01:16:02.121, 52, 2040 MHz, 29.18 W, 0 %
2026/09/30 01:16:03.122, 52, 2040 MHz, 29.16 W, 0 %
2026/09/30 01:16:04.122, 52, 2040 MHz, 29.16 W, 0 %
2026/09/30 01:16:05.122, 52, 2040 MHz, 29.15 W, 0 %
2026/09/30 01:16:06.122, 52, 2040 MHz, 29.16 W, 0 %
2026/09/30 01:16:07.122, 52, 2040 MHz, 29.17 W, 0 %
2026/09/30 01:16:08.123, 52, 2040 MHz, 29.18 W, 0 %
2026/09/30 01:16:09.123, 52, 2040 MHz, 29.16 W, 0 %
2026/09/30 01:16:10.123, 52, 2040 MHz, 29.16 W, 0 %
2026/09/30 01:16:11.123, 52, 2040 MHz, 29.15 W, 0 %
2026/09/30 01:16:12.123, 52, 2040 MHz, 29.18 W, 0 %
2026/09/30 01:16:13.123, 51, 2040 MHz, 29.15 W, 0 %
2026/09/30 01:16:14.124, 51, 2040 MHz, 29.14 W, 0 %
2026/09/30 01:16:15.124, 51, 2040 MHz, 29.16 W, 0 %
2026/09/30 01:16:16.124, 51, 2040 MHz, 29.14 W, 0 %
2026/09/30 01:16:17.124, 51, 2040 MHz, 29.13 W, 0 %
2026/09/30 01:16:18.124, 51, 2040 MHz, 29.18 W, 0 %
2026/09/30 01:16:19.125, 51, 2040 MHz, 29.12 W, 0 %
2026/09/30 01:16:20.125, 51, 2040 MHz, 29.15 W, 0 %
2026/09/30 01:16:21.125, 51, 2040 MHz, 29.16 W, 0 %
2026/09/30 01:16:22.125, 51, 2040 MHz, 29.13 W, 0 %
2026/09/30 01:16:23.126, 51, 2040 MHz, 29.13 W, 0 %
2026/09/30 01:16:24.126, 51, 2040 MHz, 29.16 W, 0 %
2026/09/30 01:16:25.126, 51, 2040 MHz, 29.14 W, 0 %
2026/09/30 01:16:26.126, 51, 2040 MHz, 29.13 W, 0 %
2026/09/30 01:16:27.126, 51, 2040 MHz, 29.14 W, 0 %
2026/09/30 01:16:28.127, 51, 2040 MHz, 29.11 W, 0 %
2026/09/30 01:16:29.127, 51, 2040 MHz, 29.09 W, 0 %
2026/09/30 01:16:30.127, 51, 2040 MHz, 29.11 W, 0 %
2026/09/30 01:16:31.127, 51, 2040 MHz, 29.08 W, 0 %
2026/09/30 01:16:32.127, 51, 2040 MHz, 29.15 W, 0 %
2026/09/30 01:16:33.128, 51, 2040 MHz, 29.13 W, 0 %
2026/09/30 01:16:34.128, 51, 2040 MHz, 29.11 W, 0 %
2026/09/30 01:16:35.128, 51, 2040 MHz, 29.12 W, 0 %
2026/09/30 01:16:36.128, 51, 2040 MHz, 29.10 W, 0 %
2026/09/30 01:16:37.128, 51, 2040 MHz, 29.09 W, 0 %
2026/09/30 01:16:38.128, 51, 2040 MHz, 29.11 W, 0 %
2026/09/30 01:16:39.129, 51, 2040 MHz, 29.09 W, 0 %
2026/09/30 01:16:40.129, 51, 2040 MHz, 29.11 W, 0 %
2026/09/30 01:16:41.129, 51, 2040 MHz, 29.09 W, 0 %
2026/09/30 01:16:42.129, 51, 2040 MHz, 29.08 W, 0 %
2026/09/30 01:16:43.129, 51, 2040 MHz, 29.11 W, 0 %
2026/09/30 01:16:44.130, 51, 2040 MHz, 29.06 W, 0 %
2026/09/30 01:16:45.130, 51, 2040 MHz, 29.08 W, 0 %
2026/09/30 01:16:46.130, 51, 2040 MHz, 29.06 W, 0 %
2026/09/30 01:16:47.130, 51, 2040 MHz, 29.06 W, 0 %
2026/09/30 01:16:48.130, 51, 2040 MHz, 29.10 W, 0 %
2026/09/30 01:16:49.130, 51, 2040 MHz, 29.09 W, 0 %
2026/09/30 01:16:50.131, 51, 2040 MHz, 29.06 W, 0 %
2026/09/30 01:16:51.131, 51, 2040 MHz, 29.06 W, 0 %
2026/09/30 01:16:52.131, 51, 2040 MHz, 29.06 W, 0 %
2026/09/30 01:16:53.131, 51, 2040 MHz, 29.06 W, 0 %
2026/09/30 01:16:54.131, 51, 2040 MHz, 29.06 W, 0 %
2026/09/30 01:16:55.132, 51, 2040 MHz, 29.07 W, 0 %
2026/09/30 01:16:56.132, 51, 2040 MHz, 29.06 W, 0 %
2026/09/30 01:16:57.132, 51, 2040 MHz, 29.06 W, 0 %
2026/09/30 01:16:58.132, 51, 2040 MHz, 29.05 W, 0 %
2026/09/30 01:16:59.132, 51, 2040 MHz, 29.06 W, 0 %
2026/09/30 01:17:00.133, 51, 2040 MHz, 29.07 W, 0 %
2026/09/30 01:17:01.133, 51, 2040 MHz, 29.06 W, 0 %
2026/09/30 01:17:02.133, 51, 2040 MHz, 29.03 W, 0 %
2026/09/30 01:17:03.133, 51, 2040 MHz, 29.07 W, 0 %
2026/09/30 01:17:04.133, 51, 2040 MHz, 29.05 W, 0 %
2026/09/30 01:17:05.134, 51, 2040 MHz, 29.04 W, 0 %
2026/09/30 01:17:06.134, 51, 2040 MHz, 29.06 W, 0 %
2026/09/30 01:17:07.134, 51, 2040 MHz, 29.05 W, 0 %
2026/09/30 01:17:08.134, 51, 2040 MHz, 29.02 W, 0 %
2026/09/30 01:17:09.134, 51, 2040 MHz, 29.02 W, 0 %
2026/09/30 01:17:10.134, 51, 2040 MHz, 29.04 W, 0 %
2026/09/30 01:17:11.135, 51, 2040 MHz, 29.02 W, 0 %
2026/09/30 01:17:12.135, 51, 2040 MHz, 29.03 W, 0 %
2026/09/30 01:17:13.135, 51, 2040 MHz, 29.03 W, 0 %
2026/09/30 01:17:14.135, 50, 2040 MHz, 29.02 W, 0 %
2026/09/30 01:17:15.136, 50, 2040 MHz, 29.03 W, 0 %
2026/09/30 01:17:16.136, 50, 2040 MHz, 29.07 W, 0 %
2026/09/30 01:17:17.136, 50, 2040 MHz, 29.02 W, 0 %
2026/09/30 01:17:18.136, 50, 2040 MHz, 29.03 W, 0 %
2026/09/30 01:17:19.136, 50, 2040 MHz, 29.00 W, 0 %
2026/09/30 01:17:20.137, 50, 2040 MHz, 29.06 W, 0 %
2026/09/30 01:17:21.137, 50, 2040 MHz, 28.98 W, 0 %
2026/09/30 01:17:22.137, 50, 2040 MHz, 28.99 W, 0 %
2026/09/30 01:17:23.137, 50, 2040 MHz, 29.01 W, 0 %
2026/09/30 01:17:24.137, 50, 2040 MHz, 29.03 W, 0 %
2026/09/30 01:17:25.138, 50, 2040 MHz, 29.04 W, 0 %
2026/09/30 01:17:26.138, 50, 2040 MHz, 29.04 W, 0 %
2026/09/30 01:17:27.138, 50, 2040 MHz, 29.04 W, 0 %
2026/09/30 01:17:28.138, 50, 2040 MHz, 29.01 W, 0 %
2026/09/30 01:17:29.138, 50, 2040 MHz, 28.97 W, 0 %
2026/09/30 01:17:30.138, 50, 2040 MHz, 28.99 W, 0 %
2026/09/30 01:17:31.139, 50, 2040 MHz, 29.01 W, 0 %
2026/09/30 01:17:32.139, 50, 2040 MHz, 28.98 W, 0 %
2026/09/30 01:17:33.139, 50, 2040 MHz, 28.96 W, 0 %
2026/09/30 01:17:34.139, 50, 2040 MHz, 28.97 W, 0 %
2026/09/30 01:17:35.139, 50, 2040 MHz, 29.00 W, 0 %
2026/09/30 01:17:36.140, 50, 2040 MHz, 29.00 W, 0 %
2026/09/30 01:17:37.140, 50, 2040 MHz, 28.97 W, 0 %
2026/09/30 01:17:38.140, 50, 2040 MHz, 28.97 W, 0 %
2026/09/30 01:17:39.140, 50, 2040 MHz, 28.98 W, 0 %
2026/09/30 01:17:40.140, 50, 2040 MHz, 29.02 W, 0 %
2026/09/30 01:17:41.140, 50, 2040 MHz, 28.99 W, 0 %
2026/09/30 01:17:42.141, 50, 2040 MHz, 28.98 W, 0 %
2026/09/30 01:17:43.141, 50, 2040 MHz, 28.97 W, 0 %
2026/09/30 01:17:44.141, 50, 2040 MHz, 28.99 W, 0 %
2026/09/30 01:17:45.141, 50, 2040 MHz, 29.00 W, 0 %
2026/09/30 01:17:46.141, 50, 2040 MHz, 28.95 W, 0 %
2026/09/30 01:17:47.142, 50, 2040 MHz, 28.97 W, 0 %
2026/09/30 01:17:48.142, 50, 2040 MHz, 28.99 W, 0 %
2026/09/30 01:17:49.142, 50, 2040 MHz, 28.95 W, 0 %
2026/09/30 01:17:50.142, 50, 2040 MHz, 28.93 W, 0 %
2026/09/30 01:17:51.142, 50, 2040 MHz, 28.94 W, 0 %
2026/09/30 01:17:52.143, 50, 2040 MHz, 28.98 W, 0 %
2026/09/30 01:17:53.143, 50, 2040 MHz, 28.96 W, 0 %
2026/09/30 01:17:54.143, 50, 2040 MHz, 28.94 W, 0 %
2026/09/30 01:17:55.143, 50, 2040 MHz, 28.95 W, 0 %
2026/09/30 01:17:56.143, 50, 2040 MHz, 28.96 W, 0 %
2026/09/30 01:17:57.143, 50, 2040 MHz, 28.95 W, 0 %
2026/09/30 01:17:58.144, 50, 2040 MHz, 28.93 W, 0 %
2026/09/30 01:17:59.144, 50, 2040 MHz, 28.95 W, 0 %
2026/09/30 01:18:00.144, 50, 2040 MHz, 28.94 W, 0 %
2026/09/30 01:18:01.144, 50, 2040 MHz, 28.92 W, 0 %
2026/09/30 01:18:02.144, 50, 2040 MHz, 28.93 W, 0 %
2026/09/30 01:18:03.144, 50, 2040 MHz, 28.93 W, 0 %
2026/09/30 01:18:04.145, 50, 2040 MHz, 28.93 W, 0 %
2026/09/30 01:18:05.145, 50, 2040 MHz, 28.94 W, 0 %
2026/09/30 01:18:06.145, 50, 2040 MHz, 29.00 W, 0 %
2026/09/30 01:18:07.145, 50, 2040 MHz, 28.95 W, 0 %
2026/09/30 01:18:08.145, 50, 2040 MHz, 28.92 W, 0 %
2026/09/30 01:18:09.145, 50, 2040 MHz, 28.95 W, 0 %
2026/09/30 01:18:10.146, 50, 2040 MHz, 28.93 W, 0 %
2026/09/30 01:18:11.146, 50, 2040 MHz, 28.90 W, 0 %
2026/09/30 01:18:12.146, 50, 2040 MHz, 28.93 W, 0 %
2026/09/30 01:18:13.146, 50, 2040 MHz, 28.92 W, 0 %
2026/09/30 01:18:14.146, 50, 2040 MHz, 28.89 W, 0 %
2026/09/30 01:18:15.147, 50, 2040 MHz, 28.94 W, 0 %
2026/09/30 01:18:16.147, 50, 2040 MHz, 28.93 W, 0 %
2026/09/30 01:18:17.147, 49, 2040 MHz, 28.92 W, 0 %
2026/09/30 01:18:18.147, 49, 2040 MHz, 28.91 W, 0 %
2026/09/30 01:18:19.147, 49, 2040 MHz, 28.93 W, 0 %
2026/09/30 01:18:20.148, 49, 2040 MHz, 28.92 W, 0 %
2026/09/30 01:18:21.148, 49, 2040 MHz, 28.92 W, 0 %
2026/09/30 01:18:22.148, 49, 2040 MHz, 28.91 W, 0 %
2026/09/30 01:18:23.148, 49, 2040 MHz, 28.90 W, 0 %
2026/09/30 01:18:24.148, 49, 2040 MHz, 28.94 W, 0 %
2026/09/30 01:18:25.148, 49, 2040 MHz, 28.92 W, 0 %
2026/09/30 01:18:26.149, 49, 2040 MHz, 28.91 W, 0 %
2026/09/30 01:18:27.149, 49, 2040 MHz, 28.91 W, 0 %
2026/09/30 01:18:28.149, 49, 2040 MHz, 28.91 W, 0 %
2026/09/30 01:18:29.149, 49, 2040 MHz, 28.91 W, 0 %
2026/09/30 01:18:30.149, 49, 2040 MHz, 28.89 W, 0 %
2026/09/30 01:18:31.149, 49, 2040 MHz, 28.91 W, 0 %
2026/09/30 01:18:32.150, 49, 2040 MHz, 28.88 W, 0 %
2026/09/30 01:18:33.150, 49, 2040 MHz, 28.90 W, 0 %
2026/09/30 01:18:34.150, 49, 2040 MHz, 28.87 W, 0 %
2026/09/30 01:18:35.150, 49, 2040 MHz, 28.89 W, 0 %
2026/09/30 01:18:36.150, 49, 2040 MHz, 28.92 W, 0 %
2026/09/30 01:18:37.151, 49, 2040 MHz, 28.90 W, 0 %
2026/09/30 01:18:38.151, 49, 2040 MHz, 28.87 W, 0 %
2026/09/30 01:18:39.151, 49, 2040 MHz, 28.91 W, 0 %
2026/09/30 01:18:40.151, 49, 2040 MHz, 28.87 W, 0 %
2026/09/30 01:18:41.151, 49, 2040 MHz, 28.90 W, 0 %
2026/09/30 01:18:42.151, 49, 2040 MHz, 28.90 W, 0 %
2026/09/30 01:18:43.152, 49, 2040 MHz, 28.91 W, 0 %
2026/09/30 01:18:44.152, 49, 2040 MHz, 28.90 W, 0 %
2026/09/30 01:18:45.152, 49, 2040 MHz, 28.88 W, 0 %
2026/09/30 01:18:46.152, 49, 2040 MHz, 28.91 W, 0 %
2026/09/30 01:18:47.152, 49, 2040 MHz, 28.89 W, 0 %
2026/09/30 01:18:48.153, 49, 2040 MHz, 28.87 W, 0 %
2026/09/30 01:18:49.153, 49, 2040 MHz, 28.85 W, 0 %
2026/09/30 01:18:50.153, 49, 2040 MHz, 28.88 W, 0 %
2026/09/30 01:18:51.153, 49, 2040 MHz, 28.89 W, 0 %
2026/09/30 01:18:52.153, 49, 2040 MHz, 28.86 W, 0 %
2026/09/30 01:18:53.153, 49, 2040 MHz, 28.83 W, 0 %
2026/09/30 01:18:54.154, 49, 2040 MHz, 28.88 W, 0 %
2026/09/30 01:18:55.154, 49, 2040 MHz, 28.86 W, 0 %
2026/09/30 01:18:56.154, 49, 2040 MHz, 28.89 W, 0 %
2026/09/30 01:18:57.154, 49, 2040 MHz, 28.88 W, 0 %
2026/09/30 01:18:58.154, 49, 2040 MHz, 28.87 W, 0 %
2026/09/30 01:18:59.155, 49, 2040 MHz, 28.86 W, 0 %
2026/09/30 01:19:00.155, 49, 2040 MHz, 28.91 W, 0 %
2026/09/30 01:19:01.155, 49, 2040 MHz, 28.89 W, 0 %
2026/09/30 01:19:02.155, 49, 2040 MHz, 28.86 W, 0 %
2026/09/30 01:19:03.155, 49, 2040 MHz, 28.88 W, 0 %
2026/09/30 01:19:04.155, 49, 2040 MHz, 28.86 W, 0 %
2026/09/30 01:19:05.156, 49, 2040 MHz, 28.85 W, 0 %
2026/09/30 01:19:06.156, 49, 2040 MHz, 28.87 W, 0 %
2026/09/30 01:19:07.156, 49, 2040 MHz, 28.86 W, 0 %
2026/09/30 01:19:08.156, 49, 2040 MHz, 28.85 W, 0 %
2026/09/30 01:19:09.156, 49, 2040 MHz, 28.84 W, 0 %
2026/09/30 01:19:10.156, 49, 2040 MHz, 28.86 W, 0 %
2026/09/30 01:19:11.157, 49, 2040 MHz, 28.84 W, 0 %
2026/09/30 01:19:12.157, 49, 2040 MHz, 28.84 W, 0 %
2026/09/30 01:19:13.157, 49, 2040 MHz, 28.83 W, 0 %
2026/09/30 01:19:14.157, 49, 2040 MHz, 28.81 W, 0 %
2026/09/30 01:19:15.157, 49, 2040 MHz, 28.83 W, 0 %
2026/09/30 01:19:16.157, 49, 2040 MHz, 28.82 W, 0 %
2026/09/30 01:19:17.157, 49, 2040 MHz, 28.82 W, 0 %
2026/09/30 01:19:18.158, 49, 2040 MHz, 28.84 W, 0 %
2026/09/30 01:19:19.158, 49, 2040 MHz, 28.83 W, 0 %
2026/09/30 01:19:20.158, 49, 2040 MHz, 28.87 W, 0 %
2026/09/30 01:19:21.158, 49, 2040 MHz, 28.81 W, 0 %
2026/09/30 01:19:22.158, 49, 2040 MHz, 28.83 W, 0 %
2026/09/30 01:19:23.158, 49, 2040 MHz, 28.85 W, 0 %
2026/09/30 01:19:24.159, 49, 2040 MHz, 28.82 W, 0 %
2026/09/30 01:19:25.159, 49, 2040 MHz, 28.83 W, 0 %
2026/09/30 01:19:26.159, 49, 2040 MHz, 28.82 W, 0 %
2026/09/30 01:19:27.159, 49, 2040 MHz, 28.84 W, 0 %
2026/09/30 01:19:28.159, 49, 2040 MHz, 28.82 W, 0 %
2026/09/30 01:19:29.159, 49, 2040 MHz, 28.83 W, 0 %
2026/09/30 01:19:30.160, 49, 2040 MHz, 28.82 W, 0 %
2026/09/30 01:19:31.160, 49, 2040 MHz, 28.86 W, 0 %
2026/09/30 01:19:32.160, 49, 2040 MHz, 28.86 W, 0 %
2026/09/30 01:19:33.160, 49, 2040 MHz, 28.81 W, 0 %
2026/09/30 01:19:34.160, 49, 2040 MHz, 28.85 W, 0 %
2026/09/30 01:19:35.160, 49, 2040 MHz, 28.85 W, 0 %
2026/09/30 01:19:36.161, 49, 2040 MHz, 28.86 W, 0 %
2026/09/30 01:19:37.161, 49, 2040 MHz, 28.84 W, 0 %
2026/09/30 01:19:38.161, 49, 2040 MHz, 28.84 W, 0 %
2026/09/30 01:19:39.161, 49, 2040 MHz, 28.87 W, 0 %
2026/09/30 01:19:40.161, 49, 2040 MHz, 28.84 W, 0 %
2026/09/30 01:19:41.162, 49, 2040 MHz, 28.81 W, 0 %
2026/09/30 01:19:42.162, 49, 2040 MHz, 28.83 W, 0 %
2026/09/30 01:19:43.162, 49, 2040 MHz, 28.85 W, 0 %
2026/09/30 01:19:44.162, 49, 2040 MHz, 28.83 W, 0 %
2026/09/30 01:19:45.162, 49, 2040 MHz, 28.84 W, 0 %
2026/09/30 01:19:46.162, 49, 2040 MHz, 28.83 W, 0 %
2026/09/30 01:19:47.163, 49, 2040 MHz, 28.83 W, 0 %
2026/09/30 01:19:48.163, 49, 2040 MHz, 28.83 W, 0 %
2026/09/30 01:19:49.163, 49, 2040 MHz, 28.83 W, 0 %
2026/09/30 01:19:50.163, 49, 2040 MHz, 28.85 W, 0 %
2026/09/30 01:19:51.163, 49, 2040 MHz, 28.84 W, 0 %
2026/09/30 01:19:52.163, 49, 2040 MHz, 28.83 W, 0 %
2026/09/30 01:19:53.164, 49, 2040 MHz, 28.83 W, 0 %
2026/09/30 01:19:54.164, 49, 2040 MHz, 28.83 W, 0 %
2026/09/30 01:19:55.164, 49, 2040 MHz, 28.84 W, 0 %
2026/09/30 01:19:56.164, 49, 2040 MHz, 28.84 W, 0 %
2026/09/30 01:19:57.164, 49, 2040 MHz, 28.81 W, 0 %
2026/09/30 01:19:58.164, 49, 2040 MHz, 28.80 W, 0 %
2026/09/30 01:19:59.165, 49, 2040 MHz, 28.82 W, 0 %
2026/09/30 01:20:00.165, 49, 2040 MHz, 28.79 W, 0 %
2026/09/30 01:20:01.165, 49, 2040 MHz, 28.80 W, 0 %
2026/09/30 01:20:02.165, 49, 2040 MHz, 28.81 W, 0 %
2026/09/30 01:20:03.165, 49, 2040 MHz, 28.78 W, 0 %
2026/09/30 01:20:04.165, 49, 2040 MHz, 28.83 W, 0 %
2026/09/30 01:20:05.166, 49, 2040 MHz, 28.82 W, 0 %
2026/09/30 01:20:06.166, 49, 2040 MHz, 28.78 W, 0 %
2026/09/30 01:20:07.166, 49, 2040 MHz, 28.79 W, 0 %
2026/09/30 01:20:08.166, 49, 2040 MHz, 28.82 W, 0 %
2026/09/30 01:20:09.166, 49, 2040 MHz, 28.81 W, 0 %
2026/09/30 01:20:10.167, 49, 2040 MHz, 28.78 W, 0 %
2026/09/30 01:20:11.167, 49, 2040 MHz, 28.79 W, 0 %
2026/09/30 01:20:12.167, 49, 2040 MHz, 28.82 W, 0 %
2026/09/30 01:20:13.167, 49, 2040 MHz, 28.83 W, 0 %
2026/09/30 01:20:14.167, 49, 2040 MHz, 28.85 W, 0 %
2026/09/30 01:20:15.167, 49, 2040 MHz, 28.82 W, 0 %
2026/09/30 01:20:16.168, 49, 2040 MHz, 28.81 W, 0 %
2026/09/30 01:20:17.168, 49, 2040 MHz, 28.83 W, 0 %
2026/09/30 01:20:18.168, 49, 2040 MHz, 28.80 W, 0 %
2026/09/30 01:20:19.168, 49, 2040 MHz, 28.83 W, 0 %
2026/09/30 01:20:20.168, 49, 2040 MHz, 28.80 W, 0 %
2026/09/30 01:20:21.168, 49, 2040 MHz, 28.77 W, 0 %
2026/09/30 01:20:22.169, 49, 2040 MHz, 28.81 W, 0 %
2026/09/30 01:20:23.169, 49, 2040 MHz, 28.83 W, 0 %
2026/09/30 01:20:24.169, 49, 2040 MHz, 28.78 W, 0 %
2026/09/30 01:20:25.169, 49, 2040 MHz, 28.83 W, 0 %
2026/09/30 01:20:26.169, 49, 2040 MHz, 28.82 W, 0 %
2026/09/30 01:20:27.169, 49, 2040 MHz, 28.81 W, 0 %
2026/09/30 01:20:28.170, 49, 2040 MHz, 28.83 W, 0 %
2026/09/30 01:20:29.170, 49, 2040 MHz, 28.82 W, 0 %
2026/09/30 01:20:30.170, 49, 2040 MHz, 28.80 W, 0 %
2026/09/30 01:20:31.170, 49, 2040 MHz, 28.82 W, 0 %
2026/09/30 01:20:32.170, 49, 2040 MHz, 28.85 W, 0 %
2026/09/30 01:20:33.171, 49, 2040 MHz, 28.82 W, 0 %
2026/09/30 01:20:34.171, 49, 2040 MHz, 28.81 W, 0 %
2026/09/30 01:20:35.171, 49, 2040 MHz, 28.84 W, 0 %
2026/09/30 01:20:36.171, 49, 2040 MHz, 28.83 W, 0 %
2026/09/30 01:20:37.171, 49, 2040 MHz, 28.83 W, 0 %
2026/09/30 01:20:38.171, 49, 2040 MHz, 28.78 W, 0 %
2026/09/30 01:20:39.172, 49, 2040 MHz, 28.80 W, 0 %
2026/09/30 01:20:40.172, 49, 2040 MHz, 28.79 W, 0 %
2026/09/30 01:20:41.172, 49, 2040 MHz, 28.78 W, 0 %
2026/09/30 01:20:42.172, 49, 2040 MHz, 28.79 W, 0 %
2026/09/30 01:20:43.172, 49, 2040 MHz, 28.82 W, 0 %
2026/09/30 01:20:44.172, 49, 2040 MHz, 28.82 W, 0 %
2026/09/30 01:20:45.173, 49, 2040 MHz, 28.84 W, 0 %
2026/09/30 01:20:46.173, 49, 2040 MHz, 28.80 W, 0 %
2026/09/30 01:20:47.173, 49, 2040 MHz, 28.83 W, 0 %
2026/09/30 01:20:48.173, 49, 2040 MHz, 28.82 W, 0 %
2026/09/30 01:20:49.173, 49, 2040 MHz, 28.79 W, 0 %
2026/09/30 01:20:50.173, 49, 2040 MHz, 28.82 W, 0 %
2026/09/30 01:20:51.174, 49, 2040 MHz, 28.79 W, 0 %
2026/09/30 01:20:52.174, 49, 2040 MHz, 28.79 W, 0 %
2026/09/30 01:20:53.174, 49, 2040 MHz, 28.82 W, 0 %
2026/09/30 01:20:54.174, 49, 2040 MHz, 28.82 W, 0 %
2026/09/30 01:20:55.174, 49, 2040 MHz, 28.80 W, 0 %
2026/09/30 01:20:56.174, 49, 2040 MHz, 28.83 W, 0 %
2026/09/30 01:20:57.175, 49, 2040 MHz, 28.81 W, 0 %
2026/09/30 01:20:58.175, 49, 2040 MHz, 28.80 W, 0 %
2026/09/30 01:20:59.175, 49, 2040 MHz, 28.79 W, 0 %
2026/09/30 01:21:00.175, 49, 2040 MHz, 28.81 W, 0 %
2026/09/30 01:21:01.175, 49, 2040 MHz, 28.80 W, 0 %
2026/09/30 01:21:02.176, 49, 2040 MHz, 28.83 W, 0 %
2026/09/30 01:21:03.176, 49, 2040 MHz, 28.80 W, 0 %
2026/09/30 01:21:04.176, 49, 2040 MHz, 28.84 W, 0 %
2026/09/30 01:21:05.176, 49, 2040 MHz, 28.83 W, 0 %
2026/09/30 01:21:06.176, 49, 2040 MHz, 28.80 W, 0 %
2026/09/30 01:21:07.176, 49, 2040 MHz, 28.81 W, 0 %
2026/09/30 01:21:08.177, 49, 2040 MHz, 28.82 W, 0 %
2026/09/30 01:21:09.177, 49, 2040 MHz, 28.84 W, 0 %
2026/09/30 01:21:10.177, 49, 2040 MHz, 28.84 W, 0 %
2026/09/30 01:21:11.177, 49, 2040 MHz, 28.85 W, 0 %
2026/09/30 01:21:12.177, 49, 2040 MHz, 28.80 W, 0 %
2026/09/30 01:21:13.177, 49, 2040 MHz, 28.83 W, 0 %
2026/09/30 01:21:14.178, 49, 2040 MHz, 28.83 W, 0 %
2026/09/30 01:21:15.178, 49, 2040 MHz, 28.80 W, 0 %
2026/09/30 01:21:16.178, 49, 2040 MHz, 28.81 W, 0 %
2026/09/30 01:21:17.178, 49, 2040 MHz, 28.84 W, 0 %
2026/09/30 01:21:18.178, 49, 2040 MHz, 28.80 W, 0 %
2026/09/30 01:21:19.178, 49, 2040 MHz, 28.80 W, 0 %
2026/09/30 01:21:20.179, 49, 2040 MHz, 28.83 W, 0 %
2026/09/30 01:21:21.179, 49, 2040 MHz, 28.83 W, 0 %
2026/09/30 01:21:22.179, 49, 2040 MHz, 28.83 W, 0 %
2026/09/30 01:21:23.179, 49, 2040 MHz, 28.81 W, 0 %
2026/09/30 01:21:24.179, 49, 2040 MHz, 28.81 W, 0 %
2026/09/30 01:21:25.179, 49, 2040 MHz, 28.82 W, 0 %
2026/09/30 01:21:26.180, 49, 2040 MHz, 28.83 W, 0 %
2026/09/30 01:21:27.181, 49, 2040 MHz, 28.84 W, 0 %
2026/09/30 01:21:28.182, 49, 2040 MHz, 28.80 W, 0 %
2026/09/30 01:21:29.182, 49, 2040 MHz, 28.81 W, 0 %
2026/09/30 01:21:30.182, 49, 2040 MHz, 28.84 W, 0 %
2026/09/30 01:21:31.182, 49, 2040 MHz, 28.81 W, 0 %
2026/09/30 01:21:32.182, 49, 2040 MHz, 28.80 W, 0 %
2026/09/30 01:21:33.183, 49, 2040 MHz, 28.82 W, 0 %
2026/09/30 01:21:34.183, 49, 2040 MHz, 28.82 W, 0 %
2026/09/30 01:21:35.183, 49, 2040 MHz, 28.80 W, 0 %
2026/09/30 01:21:36.183, 49, 2040 MHz, 28.81 W, 0 %
2026/09/30 01:21:37.183, 49, 2040 MHz, 28.81 W, 0 %
2026/09/30 01:21:38.183, 49, 2040 MHz, 28.80 W, 0 %
2026/09/30 01:21:39.184, 49, 2040 MHz, 28.83 W, 0 %
2026/09/30 01:21:40.184, 49, 2040 MHz, 28.82 W, 0 %
2026/09/30 01:21:41.184, 49, 2040 MHz, 28.81 W, 0 %
2026/09/30 01:21:42.184, 49, 2040 MHz, 28.81 W, 0 %
2026/09/30 01:21:43.184, 49, 2040 MHz, 28.82 W, 0 %
2026/09/30 01:21:44.184, 49, 2040 MHz, 28.82 W, 0 %
2026/09/30 01:21:45.185, 49, 2040 MHz, 28.81 W, 0 %
2026/09/30 01:21:46.185, 49, 2040 MHz, 28.84 W, 0 %
2026/09/30 01:21:47.185, 49, 2040 MHz, 28.82 W, 0 %
2026/09/30 01:21:48.185, 49, 2040 MHz, 28.82 W, 0 %
2026/09/30 01:21:49.185, 49, 2040 MHz, 28.84 W, 0 %
2026/09/30 01:21:50.185, 49, 2040 MHz, 28.80 W, 0 %
2026/09/30 01:21:51.186, 49, 2040 MHz, 28.81 W, 0 %
2026/09/30 01:21:52.186, 49, 2040 MHz, 28.83 W, 0 %
2026/09/30 01:21:53.186, 49, 2040 MHz, 28.81 W, 0 %
2026/09/30 01:21:54.186, 49, 2040 MHz, 28.83 W, 0 %
2026/09/30 01:21:55.186, 49, 2040 MHz, 28.81 W, 0 %
2026/09/30 01:21:56.186, 49, 2040 MHz, 28.83 W, 0 %
2026/09/30 01:21:57.186, 49, 2040 MHz, 28.81 W, 0 %
2026/09/30 01:21:58.187, 49, 2040 MHz, 28.79 W, 0 %
2026/09/30 01:21:59.187, 49, 2040 MHz, 28.80 W, 0 %
2026/09/30 01:22:00.187, 49, 2040 MHz, 28.83 W, 0 %
2026/09/30 01:22:01.187, 49, 2040 MHz, 28.84 W, 0 %
2026/09/30 01:22:02.187, 49, 2040 MHz, 28.82 W, 0 %
2026/09/30 01:22:03.187, 49, 2040 MHz, 28.83 W, 0 %
2026/09/30 01:22:04.188, 49, 2040 MHz, 28.82 W, 0 %
2026/09/30 01:22:05.188, 49, 2040 MHz, 28.83 W, 0 %
2026/09/30 01:22:06.188, 49, 2040 MHz, 28.84 W, 0 %
2026/09/30 01:22:07.188, 49, 2040 MHz, 28.78 W, 0 %
2026/09/30 01:22:08.188, 49, 2040 MHz, 28.78 W, 0 %
2026/09/30 01:22:09.188, 49, 2040 MHz, 28.83 W, 0 %
2026/09/30 01:22:10.189, 49, 2040 MHz, 28.82 W, 0 %
2026/09/30 01:22:11.189, 49, 2040 MHz, 28.78 W, 0 %
2026/09/30 01:22:12.189, 49, 2040 MHz, 28.80 W, 0 %
2026/09/30 01:22:13.189, 49, 2040 MHz, 28.80 W, 0 %
2026/09/30 01:22:14.189, 49, 2040 MHz, 28.85 W, 0 %
2026/09/30 01:22:15.190, 49, 2040 MHz, 28.83 W, 0 %
2026/09/30 01:22:16.190, 49, 2040 MHz, 28.83 W, 0 %
2026/09/30 01:22:17.190, 49, 2040 MHz, 28.79 W, 0 %
2026/09/30 01:22:18.190, 49, 2040 MHz, 28.82 W, 0 %
2026/09/30 01:22:19.190, 49, 2040 MHz, 28.81 W, 0 %
2026/09/30 01:22:20.190, 49, 2040 MHz, 28.84 W, 0 %
2026/09/30 01:22:21.191, 49, 2040 MHz, 28.83 W, 0 %
2026/09/30 01:22:22.191, 49, 2040 MHz, 28.81 W, 0 %
2026/09/30 01:22:23.191, 49, 2040 MHz, 28.85 W, 0 %
2026/09/30 01:22:24.191, 49, 2040 MHz, 28.82 W, 0 %
2026/09/30 01:22:25.191, 49, 2040 MHz, 28.85 W, 0 %
2026/09/30 01:22:26.191, 49, 2040 MHz, 28.81 W, 0 %
2026/09/30 01:22:27.192, 49, 2040 MHz, 28.78 W, 0 %
2026/09/30 01:22:28.192, 49, 2040 MHz, 28.82 W, 0 %
2026/09/30 01:22:29.192, 49, 2040 MHz, 28.80 W, 0 %
2026/09/30 01:22:30.192, 49, 2040 MHz, 28.80 W, 0 %
2026/09/30 01:22:31.192, 49, 2040 MHz, 28.84 W, 0 %
2026/09/30 01:22:32.193, 49, 2040 MHz, 28.79 W, 0 %
2026/09/30 01:22:33.193, 49, 2040 MHz, 28.78 W, 0 %
2026/09/30 01:22:34.193, 49, 2040 MHz, 28.82 W, 0 %
2026/09/30 01:22:35.193, 49, 2040 MHz, 28.80 W, 0 %
2026/09/30 01:22:36.193, 49, 2040 MHz, 28.83 W, 0 %
2026/09/30 01:22:37.193, 49, 2040 MHz, 28.84 W, 0 %
2026/09/30 01:22:38.194, 49, 2040 MHz, 28.83 W, 0 %
2026/09/30 01:22:39.194, 49, 2040 MHz, 28.80 W, 0 %
2026/09/30 01:22:40.194, 49, 2040 MHz, 28.83 W, 0 %
2026/09/30 01:22:41.194, 49, 2040 MHz, 28.79 W, 0 %
2026/09/30 01:22:42.194, 49, 2040 MHz, 28.81 W, 0 %
2026/09/30 01:22:43.194, 49, 2040 MHz, 28.81 W, 0 %
2026/09/30 01:22:44.195, 49, 2040 MHz, 28.84 W, 0 %
2026/09/30 01:22:45.195, 49, 2040 MHz, 28.79 W, 0 %
2026/09/30 01:22:46.195, 49, 2040 MHz, 28.80 W, 0 %
2026/09/30 01:22:47.195, 49, 2040 MHz, 28.81 W, 0 %
2026/09/30 01:22:48.195, 49, 2040 MHz, 28.81 W, 0 %
2026/09/30 01:22:49.195, 49, 2040 MHz, 28.81 W, 0 %
2026/09/30 01:22:50.196, 49, 2040 MHz, 28.85 W, 0 %
2026/09/30 01:22:51.196, 49, 2040 MHz, 28.82 W, 0 %
2026/09/30 01:22:52.196, 49, 2040 MHz, 28.82 W, 0 %
2026/09/30 01:22:53.196, 49, 2040 MHz, 28.84 W, 0 %
2026/09/30 01:22:54.196, 49, 2040 MHz, 28.82 W, 0 %
2026/09/30 01:22:55.197, 49, 2040 MHz, 28.79 W, 0 %
2026/09/30 01:22:56.197, 49, 2040 MHz, 28.80 W, 0 %
2026/09/30 01:22:57.197, 49, 2040 MHz, 28.81 W, 0 %
2026/09/30 01:22:58.197, 49, 2040 MHz, 28.80 W, 0 %
2026/09/30 01:22:59.197, 49, 2040 MHz, 28.78 W, 0 %
2026/09/30 01:23:00.197, 49, 2040 MHz, 28.79 W, 0 %
2026/09/30 01:23:01.198, 49, 2040 MHz, 28.81 W, 0 %
2026/09/30 01:23:02.198, 49, 2040 MHz, 28.81 W, 0 %
2026/09/30 01:23:03.198, 49, 2040 MHz, 28.80 W, 0 %
2026/09/30 01:23:04.198, 49, 2040 MHz, 28.83 W, 0 %
2026/09/30 01:23:05.198, 49, 2040 MHz, 28.82 W, 0 %
2026/09/30 01:23:06.199, 49, 2040 MHz, 28.80 W, 0 %
2026/09/30 01:23:07.199, 49, 2040 MHz, 28.82 W, 0 %
2026/09/30 01:23:08.199, 49, 2040 MHz, 28.81 W, 0 %
2026/09/30 01:23:09.199, 49, 2040 MHz, 28.79 W, 0 %
2026/09/30 01:23:10.199, 49, 2040 MHz, 28.79 W, 0 %
2026/09/30 01:23:11.199, 49, 2040 MHz, 28.78 W, 0 %
2026/09/30 01:23:12.200, 49, 2040 MHz, 28.80 W, 0 %
2026/09/30 01:23:13.200, 49, 2040 MHz, 28.81 W, 0 %
2026/09/30 01:23:14.200, 49, 2040 MHz, 28.83 W, 0 %
2026/09/30 01:23:15.200, 49, 2040 MHz, 28.82 W, 0 %
2026/09/30 01:23:16.200, 49, 2040 MHz, 28.83 W, 0 %
2026/09/30 01:23:17.200, 49, 2040 MHz, 28.81 W, 0 %
2026/09/30 01:23:18.201, 49, 2040 MHz, 28.82 W, 0 %
2026/09/30 01:23:19.201, 49, 2040 MHz, 28.80 W, 0 %
2026/09/30 01:23:20.201, 49, 2040 MHz, 28.79 W, 0 %
2026/09/30 01:23:21.201, 49, 2040 MHz, 28.82 W, 0 %
2026/09/30 01:23:22.201, 49, 2040 MHz, 28.82 W, 0 %
2026/09/30 01:23:23.201, 49, 2040 MHz, 28.81 W, 0 %
2026/09/30 01:23:24.202, 49, 2040 MHz, 28.79 W, 0 %
2026/09/30 01:23:25.202, 49, 2040 MHz, 28.81 W, 0 %
2026/09/30 01:23:26.202, 49, 2040 MHz, 28.78 W, 0 %
2026/09/30 01:23:27.202, 49, 2040 MHz, 28.81 W, 0 %
2026/09/30 01:23:28.203, 49, 2040 MHz, 28.80 W, 0 %
2026/09/30 01:23:29.204, 49, 2040 MHz, 28.80 W, 0 %
2026/09/30 01:23:30.204, 49, 2040 MHz, 28.83 W, 0 %
2026/09/30 01:23:31.204, 49, 2040 MHz, 28.79 W, 0 %
2026/09/30 01:23:32.204, 49, 2040 MHz, 28.79 W, 0 %
2026/09/30 01:23:33.204, 49, 2040 MHz, 28.85 W, 0 %
2026/09/30 01:23:34.204, 49, 2040 MHz, 28.81 W, 0 %
2026/09/30 01:23:35.205, 49, 2040 MHz, 28.79 W, 0 %
2026/09/30 01:23:36.205, 49, 2040 MHz, 28.79 W, 0 %
2026/09/30 01:23:37.205, 49, 2040 MHz, 28.79 W, 0 %
2026/09/30 01:23:38.205, 49, 2040 MHz, 28.79 W, 0 %
2026/09/30 01:23:39.205, 49, 2040 MHz, 28.80 W, 0 %
2026/09/30 01:23:40.205, 49, 2040 MHz, 28.81 W, 0 %
2026/09/30 01:23:41.206, 49, 2040 MHz, 28.81 W, 0 %
2026/09/30 01:23:42.206, 49, 2040 MHz, 28.81 W, 0 %
2026/09/30 01:23:43.206, 49, 2040 MHz, 28.79 W, 0 %
2026/09/30 01:23:44.206, 49, 2040 MHz, 28.80 W, 0 %
2026/09/30 01:23:45.206, 49, 2040 MHz, 28.78 W, 0 %
2026/09/30 01:23:46.206, 49, 2040 MHz, 28.85 W, 0 %
2026/09/30 01:23:47.207, 49, 2040 MHz, 28.84 W, 0 %
2026/09/30 01:23:48.207, 49, 2040 MHz, 28.78 W, 0 %
2026/09/30 01:23:49.207, 49, 2040 MHz, 28.80 W, 0 %
2026/09/30 01:23:50.207, 49, 2040 MHz, 28.80 W, 0 %
2026/09/30 01:23:51.207, 49, 2040 MHz, 28.81 W, 0 %
2026/09/30 01:23:52.207, 49, 2040 MHz, 28.79 W, 0 %
2026/09/30 01:23:53.208, 49, 2040 MHz, 28.80 W, 0 %
2026/09/30 01:23:54.208, 49, 2040 MHz, 28.78 W, 0 %
2026/09/30 01:23:55.208, 49, 2040 MHz, 28.79 W, 0 %
2026/09/30 01:23:56.208, 49, 2040 MHz, 28.82 W, 0 %
2026/09/30 01:23:57.208, 49, 2040 MHz, 28.81 W, 0 %
2026/09/30 01:23:58.209, 49, 2040 MHz, 28.77 W, 0 %
2026/09/30 01:23:59.209, 49, 2040 MHz, 28.78 W, 0 %
2026/09/30 01:24:00.209, 48, 2040 MHz, 28.74 W, 0 %
2026/09/30 01:24:01.209, 48, 2040 MHz, 28.77 W, 0 %
2026/09/30 01:24:02.209, 48, 2040 MHz, 28.74 W, 0 %
2026/09/30 01:24:03.209, 48, 2040 MHz, 28.80 W, 0 %
2026/09/30 01:24:04.210, 48, 2040 MHz, 28.76 W, 0 %
2026/09/30 01:24:05.210, 48, 2040 MHz, 28.82 W, 0 %
2026/09/30 01:24:06.210, 48, 2040 MHz, 28.78 W, 0 %
2026/09/30 01:24:07.210, 48, 2040 MHz, 28.78 W, 0 %
2026/09/30 01:24:08.210, 48, 2040 MHz, 28.82 W, 0 %
2026/09/30 01:24:09.211, 48, 2040 MHz, 28.76 W, 0 %
2026/09/30 01:24:10.211, 48, 2040 MHz, 28.80 W, 0 %
2026/09/30 01:24:11.211, 48, 2040 MHz, 28.75 W, 0 %
2026/09/30 01:24:12.211, 48, 2040 MHz, 28.76 W, 0 %
2026/09/30 01:24:13.211, 48, 2040 MHz, 28.75 W, 0 %
2026/09/30 01:24:14.211, 48, 2040 MHz, 28.75 W, 0 %
2026/09/30 01:24:15.212, 48, 2040 MHz, 28.79 W, 0 %
2026/09/30 01:24:16.212, 48, 2040 MHz, 28.77 W, 0 %
2026/09/30 01:24:17.212, 48, 2040 MHz, 28.76 W, 0 %
2026/09/30 01:24:18.212, 48, 2040 MHz, 28.76 W, 0 %
2026/09/30 01:24:19.212, 48, 2040 MHz, 28.75 W, 0 %
2026/09/30 01:24:20.212, 48, 2040 MHz, 28.80 W, 0 %
2026/09/30 01:24:21.213, 48, 2040 MHz, 28.76 W, 0 %
2026/09/30 01:24:22.213, 48, 2040 MHz, 28.76 W, 0 %
2026/09/30 01:24:23.213, 48, 2040 MHz, 28.78 W, 0 %
2026/09/30 01:24:24.213, 48, 2040 MHz, 28.77 W, 0 %
2026/09/30 01:24:25.213, 48, 2040 MHz, 28.80 W, 0 %
2026/09/30 01:24:26.213, 48, 2040 MHz, 28.83 W, 0 %
2026/09/30 01:24:27.214, 48, 2040 MHz, 28.76 W, 0 %
2026/09/30 01:24:28.214, 48, 2040 MHz, 28.81 W, 0 %
2026/09/30 01:24:29.214, 48, 2040 MHz, 28.75 W, 0 %
2026/09/30 01:24:30.214, 48, 2040 MHz, 28.77 W, 0 %
2026/09/30 01:24:31.214, 48, 2040 MHz, 28.72 W, 0 %
2026/09/30 01:24:32.214, 48, 2040 MHz, 28.78 W, 0 %
2026/09/30 01:24:33.215, 48, 2040 MHz, 28.75 W, 0 %
2026/09/30 01:24:34.215, 48, 2040 MHz, 28.76 W, 0 %
2026/09/30 01:24:35.215, 48, 2040 MHz, 28.74 W, 0 %
2026/09/30 01:24:36.215, 48, 2040 MHz, 28.74 W, 0 %
2026/09/30 01:24:37.215, 48, 2040 MHz, 28.77 W, 0 %
2026/09/30 01:24:38.215, 48, 2040 MHz, 28.73 W, 0 %
2026/09/30 01:24:39.216, 48, 2040 MHz, 28.76 W, 0 %
2026/09/30 01:24:40.216, 48, 2040 MHz, 28.73 W, 0 %
2026/09/30 01:24:41.216, 48, 2040 MHz, 28.74 W, 0 %
2026/09/30 01:24:42.216, 48, 2040 MHz, 28.76 W, 0 %
2026/09/30 01:24:43.216, 48, 2040 MHz, 28.71 W, 0 %
2026/09/30 01:24:44.216, 48, 2040 MHz, 28.74 W, 0 %
2026/09/30 01:24:45.217, 48, 2040 MHz, 28.70 W, 0 %
2026/09/30 01:24:46.217, 48, 2040 MHz, 28.68 W, 0 %
2026/09/30 01:24:47.217, 48, 2040 MHz, 28.75 W, 0 %
2026/09/30 01:24:48.217, 48, 2040 MHz, 28.72 W, 0 %
2026/09/30 01:24:49.217, 48, 2040 MHz, 28.70 W, 0 %
2026/09/30 01:24:50.218, 48, 2040 MHz, 28.72 W, 0 %
2026/09/30 01:24:51.218, 48, 2040 MHz, 28.68 W, 0 %
2026/09/30 01:24:52.218, 48, 2040 MHz, 28.67 W, 0 %
2026/09/30 01:24:53.218, 48, 2040 MHz, 28.70 W, 0 %
2026/09/30 01:24:54.218, 48, 2040 MHz, 28.72 W, 0 %
2026/09/30 01:24:55.218, 48, 2040 MHz, 28.69 W, 0 %
2026/09/30 01:24:56.219, 48, 2040 MHz, 28.72 W, 0 %
2026/09/30 01:24:57.219, 48, 2040 MHz, 28.67 W, 0 %
2026/09/30 01:24:58.219, 48, 2040 MHz, 28.64 W, 0 %
2026/09/30 01:24:59.219, 48, 2040 MHz, 28.65 W, 0 %
2026/09/30 01:25:00.219, 48, 2040 MHz, 28.72 W, 0 %
2026/09/30 01:25:01.219, 48, 2040 MHz, 28.68 W, 0 %
2026/09/30 01:25:02.220, 48, 2040 MHz, 28.68 W, 0 %
2026/09/30 01:25:03.220, 48, 2040 MHz, 28.69 W, 0 %
2026/09/30 01:25:04.220, 48, 2040 MHz, 28.66 W, 0 %
2026/09/30 01:25:05.220, 48, 2040 MHz, 28.67 W, 0 %
2026/09/30 01:25:06.220, 48, 2040 MHz, 28.72 W, 0 %
2026/09/30 01:25:07.221, 48, 2040 MHz, 28.73 W, 0 %
2026/09/30 01:25:08.221, 48, 2040 MHz, 28.69 W, 0 %
2026/09/30 01:25:09.221, 48, 2040 MHz, 28.69 W, 0 %
2026/09/30 01:25:10.221, 48, 2040 MHz, 28.67 W, 0 %
2026/09/30 01:25:11.221, 48, 2040 MHz, 28.67 W, 0 %
2026/09/30 01:25:12.221, 48, 2040 MHz, 28.75 W, 0 %
2026/09/30 01:25:13.222, 48, 2040 MHz, 28.73 W, 0 %
2026/09/30 01:25:14.222, 48, 2040 MHz, 28.67 W, 0 %
2026/09/30 01:25:15.222, 48, 2040 MHz, 28.74 W, 0 %
2026/09/30 01:25:16.222, 48, 2040 MHz, 28.66 W, 0 %
2026/09/30 01:25:17.222, 48, 2040 MHz, 28.68 W, 0 %
2026/09/30 01:25:18.222, 48, 2040 MHz, 28.74 W, 0 %
2026/09/30 01:25:19.223, 48, 2040 MHz, 28.71 W, 0 %
2026/09/30 01:25:20.223, 48, 2040 MHz, 28.69 W, 0 %
2026/09/30 01:25:21.223, 48, 2040 MHz, 28.71 W, 0 %
2026/09/30 01:25:22.223, 48, 2040 MHz, 28.70 W, 0 %
2026/09/30 01:25:23.223, 48, 2040 MHz, 28.70 W, 0 %
2026/09/30 01:25:24.223, 48, 2040 MHz, 28.74 W, 0 %
2026/09/30 01:25:25.224, 48, 2040 MHz, 28.72 W, 0 %
2026/09/30 01:25:26.224, 48, 2040 MHz, 28.75 W, 0 %
2026/09/30 01:25:27.224, 48, 2040 MHz, 28.69 W, 0 %
2026/09/30 01:25:28.224, 48, 2040 MHz, 28.68 W, 0 %
2026/09/30 01:25:29.224, 48, 2040 MHz, 28.68 W, 0 %
2026/09/30 01:25:30.224, 48, 2040 MHz, 28.70 W, 0 %
2026/09/30 01:25:31.225, 48, 2040 MHz, 28.74 W, 0 %
2026/09/30 01:25:32.225, 48, 2040 MHz, 28.71 W, 0 %
2026/09/30 01:25:33.225, 48, 2040 MHz, 28.68 W, 0 %
2026/09/30 01:25:34.225, 48, 2040 MHz, 28.78 W, 0 %
2026/09/30 01:25:35.225, 48, 2040 MHz, 28.72 W, 0 %
2026/09/30 01:25:36.226, 48, 2040 MHz, 28.72 W, 0 %
2026/09/30 01:25:37.226, 48, 2040 MHz, 28.74 W, 0 %
2026/09/30 01:25:38.226, 48, 2040 MHz, 28.70 W, 0 %
2026/09/30 01:25:39.226, 48, 2040 MHz, 28.72 W, 0 %
2026/09/30 01:25:40.226, 48, 2040 MHz, 28.70 W, 0 %
2026/09/30 01:25:41.226, 48, 2040 MHz, 28.68 W, 0 %
2026/09/30 01:25:42.227, 48, 2040 MHz, 28.69 W, 0 %
2026/09/30 01:25:43.227, 48, 2040 MHz, 28.73 W, 0 %
2026/09/30 01:25:44.227, 48, 2040 MHz, 28.72 W, 0 %
2026/09/30 01:25:45.227, 48, 2040 MHz, 28.75 W, 0 %
2026/09/30 01:25:46.227, 48, 2040 MHz, 28.71 W, 0 %
2026/09/30 01:25:47.227, 48, 2040 MHz, 28.73 W, 0 %
2026/09/30 01:25:48.227, 48, 2040 MHz, 28.69 W, 0 %
2026/09/30 01:25:49.228, 48, 2040 MHz, 28.71 W, 0 %
2026/09/30 01:25:50.228, 48, 2040 MHz, 28.71 W, 0 %
2026/09/30 01:25:51.228, 48, 2040 MHz, 28.72 W, 0 %
2026/09/30 01:25:52.228, 48, 2040 MHz, 28.72 W, 0 %
2026/09/30 01:25:53.228, 48, 2040 MHz, 28.74 W, 0 %
2026/09/30 01:25:54.228, 48, 2040 MHz, 28.77 W, 0 %
2026/09/30 01:25:55.229, 48, 2040 MHz, 28.72 W, 0 %
2026/09/30 01:25:56.229, 48, 2040 MHz, 28.71 W, 0 %
2026/09/30 01:25:57.229, 48, 2040 MHz, 28.73 W, 0 %
2026/09/30 01:25:58.229, 48, 2040 MHz, 28.75 W, 0 %
2026/09/30 01:25:59.229, 48, 2040 MHz, 28.72 W, 0 %
2026/09/30 01:26:00.229, 48, 2040 MHz, 28.76 W, 0 %
2026/09/30 01:26:01.230, 48, 2040 MHz, 28.72 W, 0 %
2026/09/30 01:26:02.230, 48, 2040 MHz, 28.74 W, 0 %
2026/09/30 01:26:03.230, 48, 2040 MHz, 28.73 W, 0 %
2026/09/30 01:26:04.230, 48, 2040 MHz, 28.74 W, 0 %
2026/09/30 01:26:05.230, 48, 2040 MHz, 28.70 W, 0 %
2026/09/30 01:26:06.230, 48, 2040 MHz, 28.73 W, 0 %
2026/09/30 01:26:07.230, 48, 2040 MHz, 28.69 W, 0 %
2026/09/30 01:26:08.231, 48, 2040 MHz, 28.71 W, 0 %
2026/09/30 01:26:09.231, 48, 2040 MHz, 28.71 W, 0 %
2026/09/30 01:26:10.231, 48, 2040 MHz, 28.74 W, 0 %
2026/09/30 01:26:11.231, 48, 2040 MHz, 28.74 W, 0 %
2026/09/30 01:26:12.231, 48, 2040 MHz, 28.74 W, 0 %
2026/09/30 01:26:13.232, 48, 2040 MHz, 28.69 W, 0 %
2026/09/30 01:26:14.232, 48, 2040 MHz, 28.75 W, 0 %
2026/09/30 01:26:15.232, 48, 2040 MHz, 28.70 W, 0 %
2026/09/30 01:26:16.232, 48, 2040 MHz, 28.76 W, 0 %
2026/09/30 01:26:17.232, 48, 2040 MHz, 28.71 W, 0 %
2026/09/30 01:26:18.232, 48, 2040 MHz, 28.73 W, 0 %
2026/09/30 01:26:19.233, 48, 2040 MHz, 28.74 W, 0 %
2026/09/30 01:26:20.233, 48, 2040 MHz, 28.76 W, 0 %
2026/09/30 01:26:21.233, 48, 2040 MHz, 28.70 W, 0 %
2026/09/30 01:26:22.233, 48, 2040 MHz, 28.75 W, 0 %
2026/09/30 01:26:23.233, 48, 2040 MHz, 28.69 W, 0 %
2026/09/30 01:26:24.233, 48, 2040 MHz, 28.74 W, 0 %
2026/09/30 01:26:25.234, 48, 2040 MHz, 28.69 W, 0 %
2026/09/30 01:26:26.234, 48, 2040 MHz, 28.73 W, 0 %
2026/09/30 01:26:27.234, 48, 2040 MHz, 28.73 W, 0 %
2026/09/30 01:26:28.234, 48, 2040 MHz, 28.74 W, 0 %
2026/09/30 01:26:29.234, 48, 2040 MHz, 28.74 W, 0 %
2026/09/30 01:26:30.235, 48, 2040 MHz, 28.75 W, 0 %
2026/09/30 01:26:31.235, 48, 2040 MHz, 28.72 W, 0 %
2026/09/30 01:26:32.235, 48, 2040 MHz, 28.74 W, 0 %
2026/09/30 01:26:33.235, 48, 2040 MHz, 28.70 W, 0 %
2026/09/30 01:26:34.235, 48, 2040 MHz, 28.74 W, 0 %
2026/09/30 01:26:35.235, 48, 2040 MHz, 28.72 W, 0 %
2026/09/30 01:26:36.236, 48, 2040 MHz, 28.71 W, 0 %
2026/09/30 01:26:37.236, 48, 2040 MHz, 28.69 W, 0 %
2026/09/30 01:26:38.236, 48, 2040 MHz, 28.71 W, 0 %
2026/09/30 01:26:39.236, 48, 2040 MHz, 28.71 W, 0 %
2026/09/30 01:26:40.236, 48, 2040 MHz, 28.75 W, 0 %
2026/09/30 01:26:41.237, 48, 2040 MHz, 28.67 W, 0 %
2026/09/30 01:26:42.237, 48, 2040 MHz, 28.74 W, 0 %
2026/09/30 01:26:43.237, 48, 2040 MHz, 28.71 W, 0 %
2026/09/30 01:26:44.237, 48, 2040 MHz, 28.74 W, 0 %
2026/09/30 01:26:45.237, 48, 2040 MHz, 28.73 W, 0 %
2026/09/30 01:26:45.248, 48, 2040 MHz, 28.73 W, 0 %
2026/09/30 01:26:46.248, 48, 2040 MHz, 28.68 W, 0 %
2026/09/30 01:26:47.248, 48, 2040 MHz, 28.74 W, 0 %
2026/09/30 01:26:48.249, 48, 2040 MHz, 28.71 W, 0 %
2026/09/30 01:26:49.249, 48, 2040 MHz, 28.71 W, 0 %
2026/09/30 01:26:50.249, 48, 2040 MHz, 28.72 W, 0 %
2026/09/30 01:26:51.249, 48, 2040 MHz, 28.71 W, 0 %
2026/09/30 01:26:52.249, 48, 2040 MHz, 28.74 W, 0 %
2026/09/30 01:26:53.250, 48, 2040 MHz, 28.72 W, 0 %
2026/09/30 01:26:54.250, 48, 2040 MHz, 28.79 W, 0 %
2026/09/30 01:26:55.250, 48, 2040 MHz, 28.71 W, 0 %
2026/09/30 01:26:56.250, 48, 2040 MHz, 28.73 W, 0 %
2026/09/30 01:26:57.250, 48, 2040 MHz, 28.71 W, 0 %
2026/09/30 01:26:58.251, 48, 2040 MHz, 28.72 W, 0 %
2026/09/30 01:26:59.251, 48, 2040 MHz, 28.76 W, 0 %
2026/09/30 01:27:00.251, 48, 2040 MHz, 28.68 W, 0 %
2026/09/30 01:27:01.251, 48, 2040 MHz, 28.70 W, 0 %
2026/09/30 01:27:02.251, 48, 2040 MHz, 28.72 W, 0 %
2026/09/30 01:27:03.251, 48, 2040 MHz, 28.75 W, 0 %
2026/09/30 01:27:04.252, 48, 2040 MHz, 28.70 W, 0 %
2026/09/30 01:27:05.252, 48, 2040 MHz, 28.72 W, 0 %
2026/09/30 01:27:06.252, 48, 2040 MHz, 28.71 W, 0 %
2026/09/30 01:27:07.252, 48, 2040 MHz, 28.71 W, 0 %
2026/09/30 01:27:08.252, 48, 2040 MHz, 28.73 W, 0 %
2026/09/30 01:27:09.253, 48, 2040 MHz, 28.71 W, 0 %
2026/09/30 01:27:10.253, 48, 2040 MHz, 28.74 W, 0 %
2026/09/30 01:27:11.253, 48, 2040 MHz, 28.73 W, 0 %
2026/09/30 01:27:12.253, 48, 2040 MHz, 28.73 W, 0 %
2026/09/30 01:27:13.253, 48, 2040 MHz, 28.70 W, 0 %
2026/09/30 01:27:14.254, 48, 2040 MHz, 28.73 W, 0 %
2026/09/30 01:27:15.254, 48, 2040 MHz, 28.71 W, 0 %
2026/09/30 01:27:16.254, 48, 2040 MHz, 28.74 W, 0 %
2026/09/30 01:27:17.254, 48, 2040 MHz, 28.73 W, 0 %
2026/09/30 01:27:18.254, 48, 2040 MHz, 28.73 W, 0 %
2026/09/30 01:27:19.254, 48, 2040 MHz, 28.74 W, 0 %
2026/09/30 01:27:20.255, 48, 2040 MHz, 28.68 W, 0 %
2026/09/30 01:27:21.255, 48, 2040 MHz, 28.73 W, 0 %
2026/09/30 01:27:22.255, 48, 2040 MHz, 28.69 W, 0 %
2026/09/30 01:27:23.255, 48, 2040 MHz, 28.72 W, 0 %
2026/09/30 01:27:24.255, 48, 2040 MHz, 28.73 W, 0 %
2026/09/30 01:27:25.256, 48, 2040 MHz, 28.70 W, 0 %
2026/09/30 01:27:26.256, 48, 2040 MHz, 28.75 W, 0 %
2026/09/30 01:27:27.256, 48, 2040 MHz, 28.68 W, 0 %
2026/09/30 01:27:28.256, 48, 2040 MHz, 28.74 W, 0 %
2026/09/30 01:27:29.256, 48, 2040 MHz, 28.69 W, 0 %
2026/09/30 01:27:30.257, 48, 2040 MHz, 28.70 W, 0 %
2026/09/30 01:27:31.257, 48, 2040 MHz, 28.70 W, 0 %
2026/09/30 01:27:32.257, 48, 2040 MHz, 28.67 W, 0 %
2026/09/30 01:27:33.257, 48, 2040 MHz, 28.65 W, 0 %
2026/09/30 01:27:34.257, 48, 2040 MHz, 28.70 W, 0 %
2026/09/30 01:27:35.258, 48, 2040 MHz, 28.67 W, 0 %
2026/09/30 01:27:36.258, 48, 2040 MHz, 28.67 W, 0 %
2026/09/30 01:27:37.258, 48, 2040 MHz, 28.69 W, 0 %
2026/09/30 01:27:38.258, 48, 2040 MHz, 28.74 W, 0 %
2026/09/30 01:27:39.258, 48, 2040 MHz, 28.68 W, 0 %
2026/09/30 01:27:40.259, 48, 2040 MHz, 28.68 W, 0 %
2026/09/30 01:27:41.259, 48, 2040 MHz, 28.65 W, 0 %
2026/09/30 01:27:42.259, 48, 2040 MHz, 28.70 W, 0 %
2026/09/30 01:27:43.259, 48, 2040 MHz, 28.70 W, 0 %
2026/09/30 01:27:44.259, 48, 2040 MHz, 28.66 W, 0 %
2026/09/30 01:27:45.259, 48, 2040 MHz, 28.71 W, 0 %
2026/09/30 01:27:46.260, 48, 2040 MHz, 28.66 W, 0 %
2026/09/30 01:27:47.260, 48, 2040 MHz, 28.65 W, 0 %
2026/09/30 01:27:48.260, 48, 2040 MHz, 28.70 W, 0 %
2026/09/30 01:27:49.260, 48, 2040 MHz, 28.67 W, 0 %
2026/09/30 01:27:50.260, 48, 2040 MHz, 28.69 W, 0 %
2026/09/30 01:27:51.261, 48, 2040 MHz, 28.70 W, 0 %
2026/09/30 01:27:52.261, 48, 2040 MHz, 28.68 W, 0 %
2026/09/30 01:27:53.261, 48, 2040 MHz, 28.64 W, 0 %
2026/09/30 01:27:54.261, 48, 2040 MHz, 28.75 W, 0 %
2026/09/30 01:27:55.261, 48, 2040 MHz, 28.69 W, 0 %
2026/09/30 01:27:56.262, 48, 2040 MHz, 28.67 W, 0 %
2026/09/30 01:27:57.262, 48, 2040 MHz, 28.72 W, 0 %
2026/09/30 01:27:58.262, 48, 2040 MHz, 28.70 W, 0 %
2026/09/30 01:27:59.262, 48, 2040 MHz, 28.70 W, 0 %
2026/09/30 01:28:00.262, 48, 2040 MHz, 28.68 W, 0 %
2026/09/30 01:28:01.263, 48, 2040 MHz, 28.65 W, 0 %
2026/09/30 01:28:02.263, 48, 2040 MHz, 28.68 W, 0 %
2026/09/30 01:28:03.263, 48, 2040 MHz, 28.72 W, 0 %
2026/09/30 01:28:04.263, 48, 2040 MHz, 28.67 W, 0 %
timestamp, temperature.gpu, clocks.current.sm [MHz], power.draw [W], utilization.gpu [%]
2026/09/30 01:28:15.307, 48, 2040 MHz, 28.68 W, 0 %
2026/09/30 01:28:16.311, 48, 2040 MHz, 28.72 W, 0 %
2026/09/30 01:28:17.311, 52, 1965 MHz, 33.24 W, 11 %
2026/09/30 01:28:18.311, 49, 2040 MHz, 49.32 W, 0 %
2026/09/30 01:28:19.312, 48, 2040 MHz, 29.02 W, 0 %
2026/09/30 01:28:20.312, 52, 1845 MHz, 31.87 W, 27 %
2026/09/30 01:28:21.312, 53, 1710 MHz, 62.88 W, 97 %
2026/09/30 01:28:22.312, 50, 1995 MHz, 65.54 W, 48 %
2026/09/30 01:28:23.313, 49, 2040 MHz, 39.59 W, 7 %
2026/09/30 01:28:24.313, 49, 2040 MHz, 28.86 W, 0 %
2026/09/30 01:28:25.313, 49, 2040 MHz, 28.86 W, 0 %
2026/09/30 01:28:26.313, 49, 2040 MHz, 28.82 W, 0 %
2026/09/30 01:28:27.313, 49, 2040 MHz, 28.83 W, 0 %
2026/09/30 01:28:28.314, 49, 2040 MHz, 28.84 W, 0 %
2026/09/30 01:28:29.314, 49, 2040 MHz, 28.82 W, 0 %
2026/09/30 01:28:30.314, 49, 2040 MHz, 28.82 W, 0 %
2026/09/30 01:28:31.314, 49, 2040 MHz, 28.80 W, 0 %
2026/09/30 01:28:32.314, 49, 2040 MHz, 28.81 W, 0 %
2026/09/30 01:28:33.314, 49, 2040 MHz, 28.84 W, 0 %
2026/09/30 01:28:34.314, 49, 2040 MHz, 28.84 W, 0 %
2026/09/30 01:28:35.315, 49, 2040 MHz, 28.79 W, 0 %
2026/09/30 01:28:36.315, 49, 2040 MHz, 28.80 W, 0 %
2026/09/30 01:28:37.315, 48, 2040 MHz, 28.79 W, 0 %
2026/09/30 01:28:38.315, 48, 2040 MHz, 28.81 W, 0 %
2026/09/30 01:28:39.315, 48, 2040 MHz, 28.76 W, 0 %
2026/09/30 01:28:40.315, 48, 2040 MHz, 28.75 W, 0 %
2026/09/30 01:28:41.315, 48, 2040 MHz, 28.76 W, 0 %
2026/09/30 01:28:42.316, 48, 2040 MHz, 28.75 W, 0 %
2026/09/30 01:28:43.316, 48, 2040 MHz, 28.75 W, 0 %
2026/09/30 01:28:44.316, 48, 2040 MHz, 28.72 W, 0 %
2026/09/30 01:28:45.316, 48, 2040 MHz, 28.73 W, 0 %
2026/09/30 01:28:46.316, 48, 2040 MHz, 28.77 W, 0 %
2026/09/30 01:28:47.316, 48, 2040 MHz, 28.70 W, 0 %
2026/09/30 01:28:48.316, 48, 2040 MHz, 28.69 W, 0 %
2026/09/30 01:28:49.317, 48, 2040 MHz, 28.75 W, 0 %
2026/09/30 01:28:50.317, 48, 2040 MHz, 28.67 W, 0 %
2026/09/30 01:28:51.317, 48, 2040 MHz, 28.69 W, 0 %
2026/09/30 01:28:52.317, 48, 2040 MHz, 28.66 W, 0 %
2026/09/30 01:28:53.317, 48, 2040 MHz, 28.74 W, 0 %
2026/09/30 01:28:54.317, 48, 2040 MHz, 28.68 W, 0 %
2026/09/30 01:28:55.317, 47, 2040 MHz, 28.69 W, 0 %
2026/09/30 01:28:56.318, 47, 2040 MHz, 28.65 W, 0 %
2026/09/30 01:28:57.318, 47, 2040 MHz, 28.68 W, 0 %
2026/09/30 01:28:58.318, 47, 2040 MHz, 28.72 W, 0 %
2026/09/30 01:28:59.318, 47, 2040 MHz, 28.68 W, 0 %
2026/09/30 01:29:00.318, 47, 2040 MHz, 28.65 W, 0 %
2026/09/30 01:29:01.318, 47, 2040 MHz, 28.66 W, 0 %
2026/09/30 01:29:02.318, 47, 2040 MHz, 28.65 W, 0 %
2026/09/30 01:29:03.319, 47, 2040 MHz, 28.65 W, 0 %
2026/09/30 01:29:04.319, 47, 2040 MHz, 28.68 W, 0 %
2026/09/30 01:29:05.319, 47, 2040 MHz, 28.71 W, 0 %
2026/09/30 01:29:06.319, 47, 2040 MHz, 28.68 W, 0 %
2026/09/30 01:29:07.321, 47, 2040 MHz, 28.64 W, 0 %
2026/09/30 01:29:08.321, 47, 2040 MHz, 28.69 W, 0 %
2026/09/30 01:29:09.321, 47, 2040 MHz, 28.62 W, 0 %
2026/09/30 01:29:10.321, 47, 2040 MHz, 28.66 W, 0 %
2026/09/30 01:29:11.322, 47, 2040 MHz, 28.65 W, 0 %
2026/09/30 01:29:12.322, 47, 2040 MHz, 28.65 W, 0 %
2026/09/30 01:29:13.322, 47, 2040 MHz, 28.63 W, 0 %
2026/09/30 01:29:14.322, 47, 2040 MHz, 28.66 W, 0 %
2026/09/30 01:29:15.322, 47, 2040 MHz, 28.65 W, 0 %
2026/09/30 01:29:16.322, 47, 2040 MHz, 28.64 W, 0 %
2026/09/30 01:29:17.322, 47, 2040 MHz, 28.59 W, 0 %
2026/09/30 01:29:18.323, 47, 2040 MHz, 28.61 W, 0 %
2026/09/30 01:29:19.323, 47, 2040 MHz, 28.63 W, 0 %
2026/09/30 01:29:20.323, 47, 2040 MHz, 28.65 W, 0 %
2026/09/30 01:29:21.323, 47, 2040 MHz, 28.70 W, 0 %
2026/09/30 01:29:22.323, 47, 2040 MHz, 28.66 W, 0 %
2026/09/30 01:29:23.323, 47, 2040 MHz, 28.68 W, 0 %
2026/09/30 01:29:24.324, 47, 2040 MHz, 28.64 W, 0 %
2026/09/30 01:29:25.324, 47, 2040 MHz, 28.65 W, 0 %
2026/09/30 01:29:26.324, 47, 2040 MHz, 28.64 W, 0 %
2026/09/30 01:29:27.324, 47, 2040 MHz, 28.65 W, 0 %
2026/09/30 01:29:28.324, 47, 2040 MHz, 28.61 W, 0 %
2026/09/30 01:29:29.324, 47, 2040 MHz, 28.62 W, 0 %
2026/09/30 01:29:30.324, 47, 2040 MHz, 28.63 W, 0 %
2026/09/30 01:29:31.325, 47, 2040 MHz, 28.64 W, 0 %
2026/09/30 01:29:32.325, 47, 2040 MHz, 28.63 W, 0 %
2026/09/30 01:29:33.325, 47, 2040 MHz, 28.65 W, 0 %
2026/09/30 01:29:34.325, 47, 2040 MHz, 28.67 W, 0 %
2026/09/30 01:29:35.325, 47, 2040 MHz, 28.58 W, 0 %
2026/09/30 01:29:36.325, 47, 2040 MHz, 28.59 W, 0 %
2026/09/30 01:29:37.327, 47, 2040 MHz, 28.60 W, 0 %
2026/09/30 01:29:38.328, 47, 2040 MHz, 28.63 W, 0 %
2026/09/30 01:29:39.328, 47, 2040 MHz, 28.58 W, 0 %
2026/09/30 01:29:40.328, 47, 2040 MHz, 28.62 W, 0 %
2026/09/30 01:29:41.328, 47, 2040 MHz, 28.62 W, 0 %
2026/09/30 01:29:42.328, 47, 2040 MHz, 28.65 W, 0 %
2026/09/30 01:29:43.328, 47, 2040 MHz, 28.59 W, 0 %
2026/09/30 01:29:44.328, 47, 2040 MHz, 28.60 W, 0 %
2026/09/30 01:29:45.328, 47, 2040 MHz, 28.61 W, 0 %
2026/09/30 01:29:46.329, 47, 2040 MHz, 28.59 W, 0 %
2026/09/30 01:29:47.329, 47, 2040 MHz, 28.64 W, 0 %
2026/09/30 01:29:48.329, 47, 2040 MHz, 28.64 W, 0 %
2026/09/30 01:29:49.329, 47, 2040 MHz, 28.57 W, 0 %
2026/09/30 01:29:50.329, 47, 2040 MHz, 28.58 W, 0 %
2026/09/30 01:29:51.329, 47, 2040 MHz, 28.58 W, 0 %
2026/09/30 01:29:52.329, 47, 2040 MHz, 28.57 W, 0 %
2026/09/30 01:29:53.330, 47, 2040 MHz, 28.54 W, 0 %
2026/09/30 01:29:54.330, 46, 2040 MHz, 28.54 W, 0 %
2026/09/30 01:29:55.330, 46, 2040 MHz, 28.52 W, 0 %
2026/09/30 01:29:56.330, 46, 2040 MHz, 28.53 W, 0 %
2026/09/30 01:29:57.330, 46, 2040 MHz, 28.54 W, 0 %
2026/09/30 01:29:58.330, 46, 2040 MHz, 28.53 W, 0 %
2026/09/30 01:29:59.330, 49, 2025 MHz, 35.10 W, 67 %
2026/09/30 01:30:00.331, 47, 2025 MHz, 48.00 W, 40 %
2026/09/30 01:30:01.331, 47, 2040 MHz, 45.76 W, 0 %
2026/09/30 01:30:02.331, 47, 2040 MHz, 28.69 W, 0 %
2026/09/30 01:30:03.331, 47, 2040 MHz, 28.59 W, 0 %
2026/09/30 01:30:04.331, 47, 2040 MHz, 28.56 W, 0 %
2026/09/30 01:30:05.331, 47, 2040 MHz, 28.62 W, 0 %
2026/09/30 01:30:06.331, 47, 2040 MHz, 28.56 W, 0 %
2026/09/30 01:30:07.331, 47, 2040 MHz, 28.55 W, 0 %
2026/09/30 01:30:08.331, 47, 2040 MHz, 28.53 W, 0 %
2026/09/30 01:30:09.332, 47, 2040 MHz, 28.57 W, 0 %
2026/09/30 01:30:10.332, 47, 2040 MHz, 28.58 W, 0 %
2026/09/30 01:30:11.332, 47, 2040 MHz, 28.56 W, 0 %
2026/09/30 01:30:12.332, 47, 2040 MHz, 28.57 W, 0 %
2026/09/30 01:30:13.332, 47, 2040 MHz, 28.57 W, 0 %
2026/09/30 01:30:14.332, 46, 2040 MHz, 28.54 W, 0 %
2026/09/30 01:30:15.332, 47, 2040 MHz, 28.53 W, 0 %
2026/09/30 01:30:16.332, 46, 2040 MHz, 28.53 W, 0 %
2026/09/30 01:30:17.333, 46, 2040 MHz, 28.55 W, 0 %
2026/09/30 01:30:18.333, 46, 2040 MHz, 28.57 W, 0 %
2026/09/30 01:30:19.333, 46, 2040 MHz, 28.53 W, 0 %
2026/09/30 01:30:20.333, 46, 2040 MHz, 28.53 W, 0 %
2026/09/30 01:30:21.333, 46, 2040 MHz, 28.53 W, 0 %
2026/09/30 01:30:22.333, 46, 2040 MHz, 28.52 W, 0 %
2026/09/30 01:30:23.333, 46, 2040 MHz, 28.52 W, 0 %
2026/09/30 01:30:24.333, 46, 2040 MHz, 28.51 W, 0 %
2026/09/30 01:30:25.333, 46, 2040 MHz, 28.49 W, 0 %
2026/09/30 01:30:26.334, 47, 2040 MHz, 28.53 W, 0 %
2026/09/30 01:30:27.334, 47, 2040 MHz, 28.55 W, 0 %
2026/09/30 01:30:28.334, 47, 2040 MHz, 31.03 W, 0 %
2026/09/30 01:30:29.334, 47, 2040 MHz, 28.58 W, 0 %
2026/09/30 01:30:30.334, 47, 2040 MHz, 34.71 W, 93 %
2026/09/30 01:30:31.334, 47, 2040 MHz, 28.86 W, 0 %
2026/09/30 01:30:32.334, 47, 2040 MHz, 28.57 W, 0 %
2026/09/30 01:30:33.334, 47, 2040 MHz, 28.60 W, 0 %
2026/09/30 01:30:34.335, 47, 2040 MHz, 28.63 W, 0 %
2026/09/30 01:30:35.335, 47, 2040 MHz, 29.13 W, 1 %
2026/09/30 01:30:36.335, 47, 2040 MHz, 28.86 W, 10 %
2026/09/30 01:30:37.335, 47, 2040 MHz, 30.16 W, 15 %
2026/09/30 01:30:38.335, 47, 2040 MHz, 29.90 W, 11 %
2026/09/30 01:30:39.335, 47, 2040 MHz, 30.77 W, 11 %
2026/09/30 01:30:40.336, 47, 2040 MHz, 31.63 W, 12 %
2026/09/30 01:30:41.336, 47, 2040 MHz, 29.76 W, 9 %
2026/09/30 01:30:42.336, 49, 2040 MHz, 39.13 W, 66 %
2026/09/30 01:30:43.336, 47, 2040 MHz, 29.50 W, 9 %
2026/09/30 01:30:44.336, 48, 2040 MHz, 42.32 W, 48 %
2026/09/30 01:30:45.336, 48, 2040 MHz, 36.65 W, 27 %
2026/09/30 01:30:46.336, 47, 2040 MHz, 41.50 W, 0 %
2026/09/30 01:30:47.337, 47, 2040 MHz, 30.75 W, 9 %
2026/09/30 01:30:48.337, 47, 2040 MHz, 30.69 W, 5 %
2026/09/30 01:30:49.337, 49, 2040 MHz, 39.26 W, 100 %
2026/09/30 01:30:50.337, 48, 2040 MHz, 38.96 W, 99 %
2026/09/30 01:30:51.337, 47, 2040 MHz, 37.04 W, 0 %
2026/09/30 01:30:52.337, 49, 2040 MHz, 53.75 W, 100 %
2026/09/30 01:30:53.338, 48, 2040 MHz, 30.96 W, 12 %
2026/09/30 01:30:54.338, 48, 2040 MHz, 30.93 W, 5 %
2026/09/30 01:30:55.338, 47, 2040 MHz, 30.13 W, 4 %
2026/09/30 01:30:56.338, 47, 2040 MHz, 30.11 W, 4 %
2026/09/30 01:30:57.338, 47, 2040 MHz, 30.47 W, 9 %
2026/09/30 01:30:58.338, 48, 2040 MHz, 30.59 W, 11 %
2026/09/30 01:30:59.339, 47, 2040 MHz, 30.66 W, 10 %
2026/09/30 01:31:00.339, 47, 2040 MHz, 31.22 W, 10 %
2026/09/30 01:31:01.339, 47, 2040 MHz, 30.87 W, 9 %
2026/09/30 01:31:02.339, 47, 2040 MHz, 30.73 W, 8 %
2026/09/30 01:31:03.339, 47, 2040 MHz, 31.30 W, 11 %
2026/09/30 01:31:04.339, 47, 2040 MHz, 30.63 W, 5 %
2026/09/30 01:31:05.339, 48, 1920 MHz, 39.53 W, 93 %
2026/09/30 01:31:06.339, 50, 1800 MHz, 64.98 W, 95 %
2026/09/30 01:31:07.340, 48, 2040 MHz, 40.81 W, 11 %
2026/09/30 01:31:08.340, 48, 2040 MHz, 30.76 W, 5 %
2026/09/30 01:31:09.340, 48, 2040 MHz, 30.11 W, 12 %
2026/09/30 01:31:10.340, 48, 2040 MHz, 30.73 W, 9 %
2026/09/30 01:31:11.340, 48, 2040 MHz, 30.23 W, 13 %
2026/09/30 01:31:12.340, 48, 2040 MHz, 29.85 W, 2 %
2026/09/30 01:31:13.341, 48, 2040 MHz, 30.03 W, 4 %
2026/09/30 01:31:14.341, 48, 2040 MHz, 30.56 W, 14 %
2026/09/30 01:31:15.341, 48, 2040 MHz, 31.32 W, 11 %
2026/09/30 01:31:16.341, 48, 2040 MHz, 29.49 W, 1 %
2026/09/30 01:31:17.341, 47, 2040 MHz, 29.32 W, 0 %
2026/09/30 01:31:18.341, 47, 2040 MHz, 30.31 W, 12 %
2026/09/30 01:31:19.341, 47, 2040 MHz, 31.18 W, 9 %
2026/09/30 01:31:20.341, 47, 2040 MHz, 30.42 W, 10 %
2026/09/30 01:31:21.342, 47, 2040 MHz, 30.30 W, 13 %
2026/09/30 01:31:22.342, 47, 2040 MHz, 30.23 W, 17 %
2026/09/30 01:31:23.342, 47, 2040 MHz, 30.44 W, 0 %
2026/09/30 01:31:24.342, 47, 2040 MHz, 28.86 W, 0 %
2026/09/30 01:31:25.343, 47, 2040 MHz, 28.65 W, 0 %
2026/09/30 01:31:26.343, 47, 2040 MHz, 28.88 W, 0 %
2026/09/30 01:31:27.343, 47, 2040 MHz, 41.40 W, 53 %
2026/09/30 01:31:28.343, 47, 2040 MHz, 28.58 W, 0 %
2026/09/30 01:31:29.344, 47, 2040 MHz, 28.58 W, 0 %
2026/09/30 01:31:30.344, 47, 2040 MHz, 28.61 W, 0 %
2026/09/30 01:31:31.344, 47, 2040 MHz, 29.67 W, 19 %
2026/09/30 01:31:32.344, 47, 2040 MHz, 28.66 W, 1 %
2026/09/30 01:31:33.344, 47, 2040 MHz, 30.04 W, 0 %
2026/09/30 01:31:34.344, 47, 2040 MHz, 30.62 W, 5 %
2026/09/30 01:31:35.344, 47, 2040 MHz, 28.88 W, 0 %
2026/09/30 01:31:36.345, 47, 2040 MHz, 28.76 W, 0 %
2026/09/30 01:31:37.345, 47, 2040 MHz, 28.72 W, 0 %
2026/09/30 01:31:38.345, 47, 2040 MHz, 28.57 W, 0 %
2026/09/30 01:31:39.345, 47, 2040 MHz, 28.55 W, 0 %
2026/09/30 01:31:40.345, 47, 2040 MHz, 28.56 W, 0 %
2026/09/30 01:31:41.345, 47, 2040 MHz, 28.55 W, 0 %
2026/09/30 01:31:42.345, 47, 2040 MHz, 28.58 W, 0 %
2026/09/30 01:31:43.346, 47, 2040 MHz, 29.13 W, 2 %
2026/09/30 01:31:44.346, 47, 2040 MHz, 28.64 W, 0 %
2026/09/30 01:31:45.346, 47, 2040 MHz, 28.50 W, 0 %
2026/09/30 01:31:46.346, 47, 2040 MHz, 28.55 W, 0 %
2026/09/30 01:31:47.346, 47, 2040 MHz, 28.57 W, 0 %
2026/09/30 01:31:48.346, 47, 2040 MHz, 28.88 W, 0 %
2026/09/30 01:31:49.346, 47, 2040 MHz, 28.57 W, 0 %
2026/09/30 01:31:50.347, 47, 2040 MHz, 28.55 W, 0 %
2026/09/30 01:31:51.347, 47, 2040 MHz, 28.55 W, 0 %
2026/09/30 01:31:52.347, 47, 2040 MHz, 28.67 W, 0 %
2026/09/30 01:31:53.347, 47, 2040 MHz, 28.59 W, 0 %
2026/09/30 01:31:54.347, 47, 2040 MHz, 28.52 W, 0 %
2026/09/30 01:31:55.347, 47, 2040 MHz, 28.57 W, 0 %
2026/09/30 01:31:56.348, 47, 2040 MHz, 29.21 W, 2 %
2026/09/30 01:31:57.348, 47, 2040 MHz, 29.59 W, 0 %
2026/09/30 01:31:58.348, 47, 2040 MHz, 28.76 W, 0 %
2026/09/30 01:31:59.348, 47, 2040 MHz, 28.75 W, 0 %
2026/09/30 01:32:00.348, 47, 2040 MHz, 28.75 W, 0 %
2026/09/30 01:32:01.348, 47, 2040 MHz, 29.16 W, 0 %
2026/09/30 01:32:02.349, 47, 2040 MHz, 28.74 W, 0 %
2026/09/30 01:32:03.349, 47, 2040 MHz, 28.65 W, 0 %
2026/09/30 01:32:04.349, 47, 2040 MHz, 28.55 W, 0 %
2026/09/30 01:32:05.349, 47, 2040 MHz, 28.82 W, 3 %
2026/09/30 01:32:06.350, 47, 2040 MHz, 28.94 W, 0 %
2026/09/30 01:32:07.350, 46, 2040 MHz, 28.57 W, 0 %
2026/09/30 01:32:08.350, 46, 2040 MHz, 28.56 W, 0 %
2026/09/30 01:32:09.350, 46, 2040 MHz, 28.53 W, 0 %
2026/09/30 01:32:10.351, 46, 2040 MHz, 28.63 W, 0 %
2026/09/30 01:32:11.351, 46, 2040 MHz, 28.54 W, 0 %
2026/09/30 01:32:12.351, 46, 2040 MHz, 28.51 W, 0 %
2026/09/30 01:32:13.351, 46, 2040 MHz, 28.50 W, 0 %
2026/09/30 01:32:14.351, 46, 2040 MHz, 28.50 W, 0 %
2026/09/30 01:32:15.351, 46, 2040 MHz, 28.53 W, 0 %
2026/09/30 01:32:16.352, 46, 2040 MHz, 28.49 W, 0 %
2026/09/30 01:32:17.352, 46, 2040 MHz, 28.49 W, 0 %
2026/09/30 01:32:18.352, 46, 2040 MHz, 28.51 W, 0 %
2026/09/30 01:32:19.352, 46, 2040 MHz, 28.48 W, 0 %
2026/09/30 01:32:20.352, 46, 2040 MHz, 28.45 W, 0 %
2026/09/30 01:32:21.352, 46, 2040 MHz, 28.46 W, 0 %
2026/09/30 01:32:22.353, 46, 2040 MHz, 28.57 W, 0 %
2026/09/30 01:32:23.353, 46, 2040 MHz, 28.51 W, 0 %
2026/09/30 01:32:24.353, 46, 2040 MHz, 29.24 W, 0 %
2026/09/30 01:32:25.353, 46, 2040 MHz, 29.13 W, 0 %
2026/09/30 01:32:26.353, 46, 2040 MHz, 28.46 W, 0 %
2026/09/30 01:32:27.354, 46, 2040 MHz, 28.48 W, 0 %
2026/09/30 01:32:28.354, 46, 2040 MHz, 28.47 W, 0 %
2026/09/30 01:32:29.354, 46, 2040 MHz, 29.57 W, 6 %
2026/09/30 01:32:30.354, 46, 2040 MHz, 29.27 W, 0 %
2026/09/30 01:32:31.355, 46, 2040 MHz, 29.24 W, 6 %
2026/09/30 01:32:32.355, 49, 1455 MHz, 56.93 W, 92 %
2026/09/30 01:32:33.355, 49, 2025 MHz, 53.17 W, 98 %
2026/09/30 01:32:34.355, 46, 2040 MHz, 34.54 W, 0 %
2026/09/30 01:32:35.355, 46, 2040 MHz, 28.70 W, 0 %
2026/09/30 01:32:36.355, 46, 2040 MHz, 28.53 W, 0 %
2026/09/30 01:32:37.355, 46, 2040 MHz, 28.52 W, 0 %
2026/09/30 01:32:38.356, 46, 2040 MHz, 28.51 W, 0 %
2026/09/30 01:32:39.356, 46, 2040 MHz, 28.52 W, 0 %
2026/09/30 01:32:40.356, 46, 2040 MHz, 28.53 W, 0 %
2026/09/30 01:32:41.356, 46, 2040 MHz, 28.56 W, 0 %
2026/09/30 01:32:42.356, 46, 2040 MHz, 28.52 W, 0 %
2026/09/30 01:32:43.356, 46, 2040 MHz, 28.53 W, 0 %
2026/09/30 01:32:44.356, 46, 2040 MHz, 28.51 W, 0 %
2026/09/30 01:32:45.356, 46, 2040 MHz, 28.53 W, 0 %
2026/09/30 01:32:46.357, 46, 2040 MHz, 28.53 W, 0 %
2026/09/30 01:32:47.357, 46, 2040 MHz, 28.54 W, 0 %
2026/09/30 01:32:48.357, 46, 2040 MHz, 28.54 W, 0 %
2026/09/30 01:32:49.357, 46, 2040 MHz, 28.53 W, 0 %
2026/09/30 01:32:50.357, 46, 2040 MHz, 28.54 W, 0 %
2026/09/30 01:32:51.357, 46, 2040 MHz, 28.52 W, 0 %
2026/09/30 01:32:52.357, 46, 2040 MHz, 28.53 W, 0 %
2026/09/30 01:32:53.357, 46, 2040 MHz, 28.55 W, 0 %
2026/09/30 01:32:54.357, 46, 2040 MHz, 28.52 W, 0 %
2026/09/30 01:32:55.358, 46, 2040 MHz, 28.54 W, 0 %
2026/09/30 01:32:56.358, 46, 2040 MHz, 28.58 W, 0 %
2026/09/30 01:32:57.358, 46, 2040 MHz, 28.58 W, 0 %
2026/09/30 01:32:58.358, 46, 2040 MHz, 28.58 W, 0 %
2026/09/30 01:32:59.358, 47, 2040 MHz, 32.81 W, 0 %
2026/09/30 01:33:00.358, 47, 2040 MHz, 28.57 W, 0 %
2026/09/30 01:33:01.358, 47, 2040 MHz, 35.58 W, 100 %
2026/09/30 01:33:02.360, 47, 2040 MHz, 29.35 W, 44 %
2026/09/30 01:33:03.360, 47, 2040 MHz, 28.61 W, 0 %
2026/09/30 01:33:04.360, 48, 2025 MHz, 43.53 W, 80 %
2026/09/30 01:33:05.360, 48, 2040 MHz, 51.36 W, 29 %
2026/09/30 01:33:06.360, 48, 2040 MHz, 45.33 W, 0 %
2026/09/30 01:33:07.361, 48, 2040 MHz, 28.70 W, 0 %
2026/09/30 01:33:08.361, 48, 2040 MHz, 28.74 W, 0 %
2026/09/30 01:33:09.361, 48, 2040 MHz, 28.71 W, 0 %
2026/09/30 01:33:10.361, 48, 2040 MHz, 28.70 W, 0 %
2026/09/30 01:33:11.361, 48, 2040 MHz, 28.72 W, 0 %
2026/09/30 01:33:12.361, 48, 2040 MHz, 28.69 W, 0 %
2026/09/30 01:33:13.361, 48, 2040 MHz, 28.69 W, 0 %
2026/09/30 01:33:14.362, 48, 2040 MHz, 28.71 W, 0 %
2026/09/30 01:33:15.362, 48, 2040 MHz, 28.69 W, 0 %
2026/09/30 01:33:16.362, 48, 2040 MHz, 28.68 W, 0 %
2026/09/30 01:33:17.362, 48, 2040 MHz, 28.72 W, 0 %
2026/09/30 01:33:18.362, 48, 2040 MHz, 28.72 W, 0 %
2026/09/30 01:33:19.362, 48, 2040 MHz, 28.71 W, 0 %
2026/09/30 01:33:20.362, 48, 2040 MHz, 28.73 W, 0 %
2026/09/30 01:33:21.362, 48, 2040 MHz, 28.72 W, 0 %
2026/09/30 01:33:22.363, 48, 2040 MHz, 28.77 W, 0 %
2026/09/30 01:33:23.363, 48, 2040 MHz, 28.70 W, 0 %
2026/09/30 01:33:24.363, 48, 2040 MHz, 28.71 W, 0 %
2026/09/30 01:33:25.363, 48, 2040 MHz, 28.73 W, 0 %
2026/09/30 01:33:26.363, 48, 2040 MHz, 28.77 W, 0 %
2026/09/30 01:33:27.363, 48, 2040 MHz, 28.74 W, 0 %
2026/09/30 01:33:28.363, 48, 2040 MHz, 28.73 W, 0 %
2026/09/30 01:33:29.363, 50, 2040 MHz, 32.32 W, 38 %
2026/09/30 01:33:30.364, 48, 2040 MHz, 29.52 W, 0 %
2026/09/30 01:33:31.364, 48, 2040 MHz, 30.44 W, 1 %
2026/09/30 01:33:32.364, 48, 2040 MHz, 33.28 W, 0 %
2026/09/30 01:33:33.364, 48, 2040 MHz, 29.55 W, 0 %
2026/09/30 01:33:34.364, 49, 1980 MHz, 34.51 W, 8 %
2026/09/30 01:33:35.364, 51, 2040 MHz, 68.83 W, 99 %
2026/09/30 01:33:36.364, 52, 2040 MHz, 70.47 W, 99 %
2026/09/30 01:33:37.365, 50, 2040 MHz, 52.78 W, 0 %
2026/09/30 01:33:38.365, 50, 2040 MHz, 28.95 W, 0 %
2026/09/30 01:33:39.365, 52, 2040 MHz, 47.96 W, 99 %
2026/09/30 01:33:40.365, 52, 2040 MHz, 68.04 W, 99 %
2026/09/30 01:33:41.365, 51, 2040 MHz, 51.19 W, 3 %
2026/09/30 01:33:42.365, 50, 2040 MHz, 29.08 W, 0 %
2026/09/30 01:33:43.365, 50, 2040 MHz, 29.04 W, 0 %
2026/09/30 01:33:44.365, 50, 2040 MHz, 28.99 W, 0 %
2026/09/30 01:33:45.366, 50, 2040 MHz, 29.38 W, 2 %
2026/09/30 01:33:46.366, 53, 2025 MHz, 58.89 W, 92 %
2026/09/30 01:33:47.366, 54, 2025 MHz, 67.83 W, 94 %
2026/09/30 01:33:48.366, 54, 2025 MHz, 66.83 W, 94 %
2026/09/30 01:33:49.366, 54, 2025 MHz, 67.33 W, 93 %
2026/09/30 01:33:50.367, 55, 2040 MHz, 67.36 W, 95 %
2026/09/30 01:33:51.367, 56, 2025 MHz, 68.61 W, 94 %
2026/09/30 01:33:52.367, 56, 2025 MHz, 67.80 W, 95 %
2026/09/30 01:33:53.367, 56, 2025 MHz, 69.72 W, 100 %
2026/09/30 01:33:54.367, 53, 2040 MHz, 51.22 W, 0 %
2026/09/30 01:33:55.367, 56, 1680 MHz, 61.86 W, 99 %
2026/09/30 01:33:56.368, 56, 1560 MHz, 72.25 W, 100 %
2026/09/30 01:33:57.368, 56, 1575 MHz, 71.82 W, 99 %
2026/09/30 01:33:58.368, 57, 1575 MHz, 72.28 W, 100 %
2026/09/30 01:33:59.368, 57, 1605 MHz, 72.00 W, 99 %
2026/09/30 01:34:00.368, 58, 1185 MHz, 71.62 W, 100 %
2026/09/30 01:34:01.368, 59, 1125 MHz, 72.45 W, 100 %
2026/09/30 01:34:02.368, 60, 1140 MHz, 72.25 W, 100 %
2026/09/30 01:34:03.369, 59, 1125 MHz, 72.66 W, 100 %
2026/09/30 01:34:04.369, 58, 1530 MHz, 71.34 W, 99 %
2026/09/30 01:34:05.369, 59, 1545 MHz, 71.95 W, 99 %
2026/09/30 01:34:06.369, 59, 1545 MHz, 71.80 W, 99 %
2026/09/30 01:34:07.369, 59, 1575 MHz, 72.21 W, 99 %
2026/09/30 01:34:08.369, 59, 1560 MHz, 71.83 W, 100 %
2026/09/30 01:34:09.369, 61, 1170 MHz, 73.06 W, 100 %
2026/09/30 01:34:10.369, 62, 1110 MHz, 71.89 W, 100 %
2026/09/30 01:34:11.370, 62, 1155 MHz, 72.37 W, 100 %
2026/09/30 01:34:12.370, 60, 1545 MHz, 70.59 W, 100 %
2026/09/30 01:34:13.370, 61, 1515 MHz, 71.50 W, 100 %
2026/09/30 01:34:14.370, 61, 1560 MHz, 71.93 W, 99 %
2026/09/30 01:34:15.370, 61, 1545 MHz, 71.90 W, 100 %
2026/09/30 01:34:16.370, 61, 1545 MHz, 72.23 W, 99 %
2026/09/30 01:34:17.370, 62, 1020 MHz, 73.65 W, 99 %
2026/09/30 01:34:18.371, 63, 1095 MHz, 72.26 W, 99 %
2026/09/30 01:34:19.371, 63, 1140 MHz, 71.85 W, 100 %
2026/09/30 01:34:20.371, 64, 1110 MHz, 72.59 W, 100 %
2026/09/30 01:34:21.371, 63, 1665 MHz, 70.89 W, 96 %
2026/09/30 01:34:22.371, 63, 1590 MHz, 72.22 W, 99 %
2026/09/30 01:34:23.371, 63, 1575 MHz, 71.88 W, 100 %
2026/09/30 01:34:24.371, 63, 1590 MHz, 72.25 W, 99 %
2026/09/30 01:34:25.371, 63, 1575 MHz, 72.52 W, 100 %
2026/09/30 01:34:26.373, 64, 1095 MHz, 72.65 W, 99 %
2026/09/30 01:34:27.373, 65, 1170 MHz, 71.43 W, 100 %
2026/09/30 01:34:28.373, 64, 1110 MHz, 72.31 W, 100 %
2026/09/30 01:34:29.374, 65, 1095 MHz, 72.31 W, 100 %
2026/09/30 01:34:30.374, 64, 1620 MHz, 71.19 W, 100 %
2026/09/30 01:34:31.374, 64, 1650 MHz, 72.39 W, 99 %
2026/09/30 01:34:32.374, 65, 1605 MHz, 71.91 W, 99 %
2026/09/30 01:34:33.374, 65, 1650 MHz, 72.01 W, 99 %
2026/09/30 01:34:34.374, 65, 1575 MHz, 72.35 W, 99 %
2026/09/30 01:34:35.374, 66, 1110 MHz, 71.88 W, 100 %
2026/09/30 01:34:36.374, 66, 1140 MHz, 72.22 W, 100 %
2026/09/30 01:34:37.374, 65, 1605 MHz, 72.76 W, 99 %
2026/09/30 01:34:38.375, 65, 1575 MHz, 72.46 W, 99 %
2026/09/30 01:34:39.375, 66, 1620 MHz, 72.18 W, 100 %
2026/09/30 01:34:40.375, 66, 1560 MHz, 71.93 W, 99 %
2026/09/30 01:34:41.375, 66, 1560 MHz, 72.19 W, 100 %
2026/09/30 01:34:42.375, 67, 1110 MHz, 71.47 W, 100 %
2026/09/30 01:34:43.375, 68, 1110 MHz, 72.56 W, 100 %
2026/09/30 01:34:44.375, 66, 1605 MHz, 70.85 W, 100 %
2026/09/30 01:34:45.375, 66, 1575 MHz, 71.84 W, 99 %
2026/09/30 01:34:46.376, 66, 1605 MHz, 71.96 W, 100 %
2026/09/30 01:34:47.376, 67, 1560 MHz, 72.49 W, 99 %
2026/09/30 01:34:48.376, 67, 1620 MHz, 72.14 W, 99 %
2026/09/30 01:34:49.376, 68, 1095 MHz, 72.55 W, 100 %
2026/09/30 01:34:50.376, 68, 1110 MHz, 72.47 W, 100 %
2026/09/30 01:34:51.376, 67, 1590 MHz, 70.85 W, 99 %
2026/09/30 01:34:52.376, 67, 1590 MHz, 72.29 W, 99 %
2026/09/30 01:34:53.376, 67, 1575 MHz, 71.90 W, 100 %
2026/09/30 01:34:54.376, 67, 1545 MHz, 72.26 W, 99 %
2026/09/30 01:34:55.377, 67, 1560 MHz, 72.26 W, 100 %
2026/09/30 01:34:56.377, 69, 1200 MHz, 72.01 W, 100 %
2026/09/30 01:34:57.377, 69, 1140 MHz, 71.22 W, 100 %
2026/09/30 01:34:58.377, 68, 1560 MHz, 71.72 W, 99 %
2026/09/30 01:34:59.377, 68, 1560 MHz, 72.31 W, 99 %
2026/09/30 01:35:00.377, 68, 1515 MHz, 71.95 W, 99 %
2026/09/30 01:35:01.377, 68, 1590 MHz, 72.21 W, 99 %
2026/09/30 01:35:02.377, 68, 1545 MHz, 72.25 W, 100 %
2026/09/30 01:35:03.377, 69, 1215 MHz, 71.78 W, 100 %
2026/09/30 01:35:04.378, 70, 1125 MHz, 72.77 W, 100 %
2026/09/30 01:35:05.378, 69, 1590 MHz, 72.70 W, 99 %
2026/09/30 01:35:06.378, 69, 1590 MHz, 72.37 W, 100 %
2026/09/30 01:35:07.378, 69, 1545 MHz, 72.56 W, 99 %
2026/09/30 01:35:08.378, 69, 1590 MHz, 72.27 W, 99 %
2026/09/30 01:35:09.378, 69, 1530 MHz, 71.87 W, 100 %
2026/09/30 01:35:10.378, 70, 1110 MHz, 71.88 W, 100 %
2026/09/30 01:35:11.378, 70, 1095 MHz, 71.45 W, 100 %
2026/09/30 01:35:12.378, 69, 1635 MHz, 72.19 W, 99 %
2026/09/30 01:35:13.379, 69, 1560 MHz, 72.16 W, 100 %
2026/09/30 01:35:14.379, 70, 1545 MHz, 71.75 W, 99 %
2026/09/30 01:35:15.379, 70, 1530 MHz, 72.09 W, 100 %
2026/09/30 01:35:16.379, 70, 1530 MHz, 71.76 W, 99 %
2026/09/30 01:35:17.379, 71, 1140 MHz, 71.74 W, 100 %
2026/09/30 01:35:18.379, 71, 1125 MHz, 71.50 W, 100 %
2026/09/30 01:35:19.379, 70, 1500 MHz, 71.54 W, 99 %
2026/09/30 01:35:20.380, 70, 1500 MHz, 72.15 W, 99 %
2026/09/30 01:35:21.380, 70, 1545 MHz, 72.09 W, 99 %
2026/09/30 01:35:22.380, 70, 1530 MHz, 72.35 W, 99 %
2026/09/30 01:35:23.380, 70, 1545 MHz, 71.97 W, 99 %
2026/09/30 01:35:24.380, 72, 1095 MHz, 71.86 W, 100 %
2026/09/30 01:35:25.380, 72, 1140 MHz, 73.04 W, 100 %
2026/09/30 01:35:26.380, 71, 1560 MHz, 72.90 W, 100 %
2026/09/30 01:35:27.380, 71, 1560 MHz, 71.93 W, 99 %
2026/09/30 01:35:28.380, 71, 1530 MHz, 72.09 W, 100 %
2026/09/30 01:35:29.381, 71, 1530 MHz, 72.05 W, 99 %
2026/09/30 01:35:30.381, 71, 1500 MHz, 71.87 W, 99 %
2026/09/30 01:35:31.381, 72, 1140 MHz, 71.92 W, 100 %
2026/09/30 01:35:32.381, 73, 1125 MHz, 71.48 W, 100 %
2026/09/30 01:35:33.381, 71, 1545 MHz, 72.03 W, 100 %
2026/09/30 01:35:34.381, 71, 1530 MHz, 72.30 W, 99 %
2026/09/30 01:35:35.381, 71, 1545 MHz, 71.88 W, 100 %
2026/09/30 01:35:36.381, 72, 1515 MHz, 72.12 W, 99 %
2026/09/30 01:35:37.381, 72, 1500 MHz, 71.77 W, 100 %
2026/09/30 01:35:38.382, 73, 1095 MHz, 71.64 W, 100 %
2026/09/30 01:35:39.382, 73, 1095 MHz, 72.65 W, 100 %
2026/09/30 01:35:40.382, 72, 1515 MHz, 72.19 W, 99 %
2026/09/30 01:35:41.382, 72, 1500 MHz, 71.96 W, 99 %
2026/09/30 01:35:42.382, 72, 1530 MHz, 72.04 W, 100 %
2026/09/30 01:35:43.382, 72, 1500 MHz, 72.16 W, 98 %
2026/09/30 01:35:44.382, 72, 1530 MHz, 71.69 W, 100 %
2026/09/30 01:35:45.382, 73, 1125 MHz, 73.01 W, 100 %
2026/09/30 01:35:46.383, 74, 1110 MHz, 72.21 W, 100 %
2026/09/30 01:35:47.383, 73, 1500 MHz, 71.44 W, 99 %
2026/09/30 01:35:48.383, 73, 1500 MHz, 71.99 W, 99 %
2026/09/30 01:35:49.383, 73, 1500 MHz, 71.97 W, 99 %
2026/09/30 01:35:50.383, 73, 1485 MHz, 72.09 W, 99 %
2026/09/30 01:35:51.384, 73, 1530 MHz, 72.16 W, 100 %
2026/09/30 01:35:52.384, 74, 1110 MHz, 71.84 W, 100 %
2026/09/30 01:35:53.384, 74, 1095 MHz, 72.66 W, 100 %
2026/09/30 01:35:54.384, 71, 2040 MHz, 55.21 W, 14 %
2026/09/30 01:35:55.385, 71, 2040 MHz, 32.91 W, 0 %
2026/09/30 01:35:56.385, 70, 2040 MHz, 32.60 W, 0 %
2026/09/30 01:35:57.385, 70, 2040 MHz, 32.52 W, 0 %
2026/09/30 01:35:58.385, 70, 2040 MHz, 32.46 W, 0 %
2026/09/30 01:35:59.385, 69, 2040 MHz, 32.36 W, 0 %
2026/09/30 01:36:00.385, 69, 2040 MHz, 32.30 W, 0 %
2026/09/30 01:36:01.386, 69, 2040 MHz, 32.22 W, 0 %
2026/09/30 01:36:02.386, 69, 2040 MHz, 32.18 W, 0 %
2026/09/30 01:36:03.386, 68, 2040 MHz, 32.13 W, 0 %
2026/09/30 01:36:04.386, 68, 2040 MHz, 32.08 W, 0 %
2026/09/30 01:36:05.386, 68, 2040 MHz, 32.03 W, 0 %
2026/09/30 01:36:06.386, 68, 2040 MHz, 31.98 W, 0 %
2026/09/30 01:36:07.387, 68, 2040 MHz, 31.94 W, 0 %
2026/09/30 01:36:08.387, 67, 2040 MHz, 31.90 W, 0 %
2026/09/30 01:36:09.387, 67, 2040 MHz, 31.84 W, 0 %
2026/09/30 01:36:10.387, 67, 2040 MHz, 31.83 W, 0 %
2026/09/30 01:36:11.387, 67, 2040 MHz, 31.82 W, 0 %
2026/09/30 01:36:12.388, 67, 2040 MHz, 31.75 W, 0 %
2026/09/30 01:36:13.388, 67, 2040 MHz, 31.72 W, 0 %
2026/09/30 01:36:14.388, 66, 2040 MHz, 31.67 W, 0 %
2026/09/30 01:36:15.388, 66, 2040 MHz, 31.62 W, 0 %
2026/09/30 01:36:16.388, 66, 2040 MHz, 31.61 W, 0 %
2026/09/30 01:36:17.388, 66, 2040 MHz, 31.57 W, 0 %
2026/09/30 01:36:18.389, 66, 2040 MHz, 31.55 W, 0 %
2026/09/30 01:36:19.389, 66, 2040 MHz, 31.51 W, 0 %
2026/09/30 01:36:20.389, 65, 2040 MHz, 31.51 W, 0 %
2026/09/30 01:36:21.389, 65, 2040 MHz, 31.46 W, 0 %
2026/09/30 01:36:22.389, 65, 2040 MHz, 31.43 W, 0 %
2026/09/30 01:36:23.389, 65, 2040 MHz, 31.40 W, 0 %
2026/09/30 01:36:24.390, 65, 2040 MHz, 31.37 W, 0 %
2026/09/30 01:36:25.390, 65, 2040 MHz, 31.34 W, 0 %
2026/09/30 01:36:26.390, 65, 2040 MHz, 31.32 W, 0 %
2026/09/30 01:36:27.390, 64, 2040 MHz, 31.27 W, 0 %
2026/09/30 01:36:28.390, 64, 2040 MHz, 31.24 W, 0 %
2026/09/30 01:36:29.390, 64, 2040 MHz, 31.24 W, 0 %
2026/09/30 01:36:30.391, 64, 2040 MHz, 31.18 W, 0 %
2026/09/30 01:36:31.391, 64, 2040 MHz, 31.20 W, 0 %
2026/09/30 01:36:32.391, 64, 2040 MHz, 31.18 W, 0 %
2026/09/30 01:36:33.391, 64, 2040 MHz, 31.14 W, 0 %
2026/09/30 01:36:34.391, 64, 2040 MHz, 31.10 W, 0 %
2026/09/30 01:36:35.391, 64, 2040 MHz, 31.11 W, 0 %
2026/09/30 01:36:36.392, 63, 2040 MHz, 31.05 W, 0 %
2026/09/30 01:36:37.392, 63, 2040 MHz, 31.09 W, 0 %
2026/09/30 01:36:38.392, 63, 2040 MHz, 31.05 W, 0 %
2026/09/30 01:36:39.392, 63, 2040 MHz, 31.03 W, 0 %
2026/09/30 01:36:40.392, 63, 2040 MHz, 31.00 W, 0 %
2026/09/30 01:36:41.393, 63, 2040 MHz, 30.96 W, 0 %
2026/09/30 01:36:42.393, 63, 2040 MHz, 30.96 W, 0 %
2026/09/30 01:36:43.393, 63, 2040 MHz, 30.94 W, 0 %
2026/09/30 01:36:44.393, 62, 2040 MHz, 30.89 W, 0 %
2026/09/30 01:36:45.393, 62, 2040 MHz, 30.92 W, 0 %
2026/09/30 01:36:46.394, 62, 2040 MHz, 30.87 W, 0 %
2026/09/30 01:36:47.394, 62, 2040 MHz, 30.85 W, 0 %
2026/09/30 01:36:48.394, 62, 2040 MHz, 30.84 W, 0 %
2026/09/30 01:36:49.394, 62, 2040 MHz, 30.84 W, 0 %
2026/09/30 01:36:50.394, 62, 2040 MHz, 30.83 W, 0 %
2026/09/30 01:36:51.394, 62, 2040 MHz, 30.79 W, 0 %
2026/09/30 01:36:52.395, 62, 2040 MHz, 30.76 W, 0 %
2026/09/30 01:36:53.395, 62, 2040 MHz, 30.72 W, 0 %
2026/09/30 01:36:54.395, 61, 2040 MHz, 30.66 W, 0 %
2026/09/30 01:36:55.395, 61, 2040 MHz, 30.70 W, 0 %
2026/09/30 01:36:56.395, 61, 2040 MHz, 30.68 W, 0 %
2026/09/30 01:36:57.395, 61, 2040 MHz, 30.65 W, 0 %
2026/09/30 01:36:58.396, 61, 2040 MHz, 30.62 W, 0 %
2026/09/30 01:36:59.396, 61, 2040 MHz, 30.68 W, 0 %
2026/09/30 01:37:00.396, 61, 2040 MHz, 30.68 W, 0 %
2026/09/30 01:37:01.396, 61, 2040 MHz, 30.59 W, 0 %
2026/09/30 01:37:02.396, 61, 2040 MHz, 30.64 W, 0 %
2026/09/30 01:37:03.397, 61, 2040 MHz, 30.59 W, 0 %
2026/09/30 01:37:04.397, 61, 2040 MHz, 30.61 W, 0 %
2026/09/30 01:37:05.397, 60, 2040 MHz, 30.38 W, 0 %
2026/09/30 01:37:06.397, 60, 2040 MHz, 30.36 W, 0 %
2026/09/30 01:37:07.397, 60, 2040 MHz, 30.35 W, 0 %
2026/09/30 01:37:08.398, 60, 2040 MHz, 30.42 W, 0 %
2026/09/30 01:37:09.398, 60, 2040 MHz, 30.32 W, 0 %
2026/09/30 01:37:10.398, 60, 2040 MHz, 30.33 W, 0 %
2026/09/30 01:37:11.398, 60, 2040 MHz, 30.36 W, 0 %
2026/09/30 01:37:12.398, 60, 2040 MHz, 30.33 W, 0 %
2026/09/30 01:37:13.398, 60, 2040 MHz, 30.27 W, 0 %
2026/09/30 01:37:14.399, 60, 2040 MHz, 30.26 W, 0 %
2026/09/30 01:37:15.399, 60, 2040 MHz, 30.25 W, 0 %
2026/09/30 01:37:16.399, 60, 2040 MHz, 30.25 W, 0 %
2026/09/30 01:37:17.399, 59, 2040 MHz, 30.26 W, 0 %
2026/09/30 01:37:18.399, 59, 2040 MHz, 30.24 W, 0 %
2026/09/30 01:37:19.400, 59, 2040 MHz, 30.19 W, 0 %
2026/09/30 01:37:20.400, 59, 2040 MHz, 30.26 W, 0 %
2026/09/30 01:37:21.400, 59, 2040 MHz, 30.21 W, 0 %
2026/09/30 01:37:22.400, 59, 2040 MHz, 30.20 W, 0 %
2026/09/30 01:37:23.400, 59, 2040 MHz, 30.17 W, 0 %
2026/09/30 01:37:24.401, 59, 2040 MHz, 30.17 W, 0 %
2026/09/30 01:37:25.401, 59, 2040 MHz, 30.16 W, 0 %
2026/09/30 01:37:26.401, 59, 2040 MHz, 30.14 W, 0 %
2026/09/30 01:37:27.401, 59, 2040 MHz, 30.15 W, 0 %
2026/09/30 01:37:28.401, 59, 2040 MHz, 30.15 W, 0 %
2026/09/30 01:37:29.401, 59, 2040 MHz, 30.11 W, 0 %
2026/09/30 01:37:30.402, 58, 2040 MHz, 30.10 W, 0 %
2026/09/30 01:37:31.402, 58, 2040 MHz, 30.08 W, 0 %
2026/09/30 01:37:32.402, 58, 2040 MHz, 30.09 W, 0 %
2026/09/30 01:37:33.402, 58, 2040 MHz, 30.10 W, 0 %
2026/09/30 01:37:34.402, 58, 2040 MHz, 30.07 W, 0 %
2026/09/30 01:37:35.402, 58, 2040 MHz, 30.05 W, 0 %
2026/09/30 01:37:36.402, 58, 2040 MHz, 30.05 W, 0 %
2026/09/30 01:37:37.403, 58, 2040 MHz, 30.07 W, 0 %
2026/09/30 01:37:38.403, 58, 2040 MHz, 30.01 W, 0 %
2026/09/30 01:37:39.403, 58, 2040 MHz, 30.03 W, 0 %
2026/09/30 01:37:40.403, 58, 2040 MHz, 30.02 W, 0 %
2026/09/30 01:37:41.403, 58, 2040 MHz, 30.02 W, 0 %
2026/09/30 01:37:42.403, 58, 2040 MHz, 30.00 W, 0 %
2026/09/30 01:37:43.404, 58, 2040 MHz, 29.94 W, 0 %
2026/09/30 01:37:44.404, 58, 2040 MHz, 29.98 W, 0 %
2026/09/30 01:37:45.404, 57, 2040 MHz, 29.95 W, 0 %
2026/09/30 01:37:46.404, 57, 2040 MHz, 29.95 W, 0 %
2026/09/30 01:37:47.404, 57, 2040 MHz, 29.93 W, 0 %
2026/09/30 01:37:48.404, 57, 2040 MHz, 29.94 W, 0 %
2026/09/30 01:37:49.404, 57, 2040 MHz, 29.86 W, 0 %
2026/09/30 01:37:50.405, 57, 2040 MHz, 29.92 W, 0 %
2026/09/30 01:37:51.405, 57, 2040 MHz, 29.88 W, 0 %
2026/09/30 01:37:52.405, 57, 2040 MHz, 29.87 W, 0 %
2026/09/30 01:37:53.405, 57, 2040 MHz, 29.87 W, 0 %
2026/09/30 01:37:54.406, 57, 2040 MHz, 29.86 W, 0 %
2026/09/30 01:37:55.406, 57, 2040 MHz, 29.90 W, 0 %
2026/09/30 01:37:56.406, 57, 2040 MHz, 29.87 W, 0 %
2026/09/30 01:37:57.406, 57, 2040 MHz, 29.85 W, 0 %
2026/09/30 01:37:58.406, 57, 2040 MHz, 29.86 W, 0 %
2026/09/30 01:37:59.406, 57, 2040 MHz, 30.33 W, 0 %
2026/09/30 01:38:00.407, 58, 2025 MHz, 52.35 W, 96 %
2026/09/30 01:38:01.407, 60, 2010 MHz, 68.38 W, 94 %
2026/09/30 01:38:02.407, 60, 2010 MHz, 68.74 W, 94 %
2026/09/30 01:38:03.407, 61, 2025 MHz, 68.56 W, 93 %
2026/09/30 01:38:04.407, 61, 2025 MHz, 67.28 W, 92 %
2026/09/30 01:38:05.407, 61, 1995 MHz, 67.15 W, 93 %
2026/09/30 01:38:06.407, 62, 2025 MHz, 64.61 W, 50 %
2026/09/30 01:38:07.408, 62, 2040 MHz, 63.81 W, 83 %
2026/09/30 01:38:08.408, 62, 1620 MHz, 48.55 W, 99 %
2026/09/30 01:38:09.408, 62, 1575 MHz, 72.14 W, 99 %
2026/09/30 01:38:10.408, 62, 1590 MHz, 72.40 W, 99 %
2026/09/30 01:38:11.408, 62, 1575 MHz, 72.00 W, 99 %
2026/09/30 01:38:12.408, 63, 1605 MHz, 72.16 W, 99 %
2026/09/30 01:38:13.408, 63, 1140 MHz, 71.42 W, 100 %
2026/09/30 01:38:14.408, 65, 1140 MHz, 72.08 W, 100 %
2026/09/30 01:38:15.409, 65, 1185 MHz, 71.29 W, 100 %
2026/09/30 01:38:16.409, 65, 1080 MHz, 70.72 W, 100 %
2026/09/30 01:38:17.409, 64, 1530 MHz, 72.20 W, 100 %
2026/09/30 01:38:18.409, 64, 1545 MHz, 72.00 W, 99 %
2026/09/30 01:38:19.409, 64, 1545 MHz, 72.21 W, 100 %
2026/09/30 01:38:20.409, 64, 1545 MHz, 72.10 W, 99 %
2026/09/30 01:38:21.409, 64, 1545 MHz, 72.19 W, 100 %
2026/09/30 01:38:22.409, 66, 1125 MHz, 71.50 W, 100 %
2026/09/30 01:38:23.410, 66, 1110 MHz, 71.85 W, 100 %
2026/09/30 01:38:24.410, 65, 1545 MHz, 72.00 W, 99 %
2026/09/30 01:38:25.410, 65, 1590 MHz, 72.33 W, 100 %
2026/09/30 01:38:26.410, 65, 1560 MHz, 71.75 W, 99 %
2026/09/30 01:38:27.410, 66, 1545 MHz, 72.17 W, 100 %
2026/09/30 01:38:28.410, 66, 1560 MHz, 71.95 W, 99 %
2026/09/30 01:38:29.410, 67, 1110 MHz, 71.69 W, 100 %
2026/09/30 01:38:30.410, 68, 1125 MHz, 71.57 W, 100 %
2026/09/30 01:38:31.411, 66, 1530 MHz, 72.34 W, 100 %
2026/09/30 01:38:32.411, 66, 1515 MHz, 72.03 W, 99 %
2026/09/30 01:38:33.411, 67, 1515 MHz, 71.79 W, 100 %
2026/09/30 01:38:34.411, 67, 1515 MHz, 72.29 W, 99 %
2026/09/30 01:38:35.411, 67, 1515 MHz, 71.60 W, 99 %
2026/09/30 01:38:36.411, 68, 1125 MHz, 72.97 W, 100 %
2026/09/30 01:38:37.411, 68, 1035 MHz, 71.69 W, 100 %
2026/09/30 01:38:38.412, 65, 2040 MHz, 47.96 W, 0 %
2026/09/30 01:38:39.412, 65, 2040 MHz, 32.29 W, 0 %
2026/09/30 01:38:40.412, 64, 2040 MHz, 31.31 W, 0 %
2026/09/30 01:38:41.412, 64, 2040 MHz, 31.24 W, 0 %
2026/09/30 01:38:42.412, 64, 2040 MHz, 31.19 W, 0 %
2026/09/30 01:38:43.412, 64, 2040 MHz, 31.19 W, 0 %
2026/09/30 01:38:44.413, 64, 2040 MHz, 31.09 W, 0 %
2026/09/30 01:38:45.413, 63, 2040 MHz, 31.05 W, 0 %
2026/09/30 01:38:46.413, 63, 2040 MHz, 31.02 W, 0 %
2026/09/30 01:38:47.413, 63, 2040 MHz, 31.02 W, 0 %
2026/09/30 01:38:48.413, 63, 2040 MHz, 30.98 W, 0 %
2026/09/30 01:38:49.414, 63, 2040 MHz, 30.96 W, 0 %
2026/09/30 01:38:50.414, 62, 2040 MHz, 30.91 W, 0 %
2026/09/30 01:38:51.414, 62, 2040 MHz, 30.88 W, 0 %
2026/09/30 01:38:52.414, 62, 2040 MHz, 30.85 W, 0 %
2026/09/30 01:38:53.414, 62, 2040 MHz, 30.80 W, 0 %
2026/09/30 01:38:54.414, 62, 2040 MHz, 30.83 W, 0 %
2026/09/30 01:38:55.415, 62, 2040 MHz, 30.81 W, 0 %
2026/09/30 01:38:56.415, 62, 2040 MHz, 30.78 W, 0 %
2026/09/30 01:38:57.415, 61, 2040 MHz, 30.74 W, 0 %
2026/09/30 01:38:58.415, 61, 2040 MHz, 30.75 W, 0 %
2026/09/30 01:38:59.415, 61, 2040 MHz, 30.61 W, 0 %
2026/09/30 01:39:00.415, 61, 2040 MHz, 30.53 W, 0 %
2026/09/30 01:39:01.416, 61, 2040 MHz, 30.66 W, 0 %
2026/09/30 01:39:02.416, 61, 2040 MHz, 30.67 W, 0 %
2026/09/30 01:39:03.416, 61, 2040 MHz, 30.52 W, 0 %
2026/09/30 01:39:04.416, 61, 2040 MHz, 30.45 W, 0 %
2026/09/30 01:39:05.416, 60, 2040 MHz, 30.45 W, 0 %
2026/09/30 01:39:06.416, 60, 2040 MHz, 30.41 W, 0 %
2026/09/30 01:39:07.417, 60, 2040 MHz, 30.42 W, 0 %
2026/09/30 01:39:08.417, 60, 2040 MHz, 30.37 W, 0 %
2026/09/30 01:39:09.417, 60, 2040 MHz, 30.34 W, 0 %
2026/09/30 01:39:10.417, 60, 2040 MHz, 30.35 W, 0 %
2026/09/30 01:39:11.417, 60, 2040 MHz, 30.31 W, 0 %
2026/09/30 01:39:12.418, 60, 2040 MHz, 30.32 W, 0 %
2026/09/30 01:39:13.420, 60, 2040 MHz, 30.29 W, 0 %
2026/09/30 01:39:14.420, 60, 2040 MHz, 30.28 W, 0 %
2026/09/30 01:39:15.420, 59, 2040 MHz, 30.26 W, 0 %
2026/09/30 01:39:16.420, 59, 2040 MHz, 30.24 W, 0 %
2026/09/30 01:39:17.421, 59, 2040 MHz, 30.25 W, 0 %
2026/09/30 01:39:18.421, 59, 2040 MHz, 30.23 W, 0 %
2026/09/30 01:39:19.421, 59, 2040 MHz, 30.23 W, 0 %
2026/09/30 01:39:20.421, 59, 2040 MHz, 30.21 W, 0 %
2026/09/30 01:39:21.421, 59, 2040 MHz, 30.20 W, 0 %
2026/09/30 01:39:22.422, 59, 2040 MHz, 30.15 W, 0 %
2026/09/30 01:39:23.422, 59, 2040 MHz, 30.14 W, 0 %
2026/09/30 01:39:24.422, 59, 2040 MHz, 30.11 W, 0 %
2026/09/30 01:39:25.422, 59, 2040 MHz, 30.11 W, 0 %
2026/09/30 01:39:26.422, 58, 2040 MHz, 30.15 W, 0 %
2026/09/30 01:39:27.422, 58, 2040 MHz, 30.10 W, 0 %
2026/09/30 01:39:28.423, 58, 2040 MHz, 30.08 W, 0 %
2026/09/30 01:39:29.423, 58, 2040 MHz, 30.08 W, 0 %
2026/09/30 01:39:30.423, 58, 2040 MHz, 30.07 W, 0 %
2026/09/30 01:39:31.423, 58, 2040 MHz, 30.05 W, 0 %
2026/09/30 01:39:32.423, 58, 2040 MHz, 30.05 W, 0 %
2026/09/30 01:39:33.423, 58, 2040 MHz, 30.03 W, 0 %
2026/09/30 01:39:34.424, 58, 2040 MHz, 30.01 W, 0 %
2026/09/30 01:39:35.424, 58, 2040 MHz, 30.02 W, 0 %
2026/09/30 01:39:36.424, 58, 2040 MHz, 30.01 W, 0 %
2026/09/30 01:39:37.424, 58, 2040 MHz, 30.02 W, 0 %
2026/09/30 01:39:38.424, 58, 2040 MHz, 29.98 W, 0 %
2026/09/30 01:39:39.424, 58, 2040 MHz, 29.98 W, 0 %
2026/09/30 01:39:40.425, 57, 2040 MHz, 29.97 W, 0 %
2026/09/30 01:39:41.425, 57, 2040 MHz, 29.94 W, 0 %
2026/09/30 01:39:42.425, 57, 2040 MHz, 29.96 W, 0 %
2026/09/30 01:39:43.427, 57, 2040 MHz, 29.94 W, 0 %
2026/09/30 01:39:44.427, 57, 2040 MHz, 29.94 W, 0 %
2026/09/30 01:39:45.427, 57, 2040 MHz, 29.93 W, 0 %
2026/09/30 01:39:46.427, 57, 2040 MHz, 29.91 W, 0 %
2026/09/30 01:39:47.427, 57, 2040 MHz, 29.89 W, 0 %
2026/09/30 01:39:48.428, 57, 2040 MHz, 29.86 W, 0 %
2026/09/30 01:39:49.428, 57, 2040 MHz, 29.87 W, 0 %
2026/09/30 01:39:50.428, 57, 2040 MHz, 29.85 W, 0 %
2026/09/30 01:39:51.428, 57, 2040 MHz, 29.82 W, 0 %
2026/09/30 01:39:52.428, 57, 2040 MHz, 29.82 W, 0 %
2026/09/30 01:39:53.428, 57, 2040 MHz, 29.82 W, 0 %
2026/09/30 01:39:54.429, 57, 2040 MHz, 29.88 W, 0 %
2026/09/30 01:39:55.429, 56, 2040 MHz, 29.85 W, 0 %
2026/09/30 01:39:56.429, 56, 2040 MHz, 29.82 W, 0 %
2026/09/30 01:39:57.429, 56, 2040 MHz, 29.82 W, 0 %
2026/09/30 01:39:58.429, 56, 2040 MHz, 29.78 W, 0 %
2026/09/30 01:39:59.430, 56, 2040 MHz, 29.77 W, 0 %
2026/09/30 01:40:00.430, 56, 2040 MHz, 29.75 W, 0 %
2026/09/30 01:40:01.430, 56, 2040 MHz, 29.77 W, 0 %
2026/09/30 01:40:02.430, 56, 2040 MHz, 29.74 W, 0 %
2026/09/30 01:40:03.430, 56, 2040 MHz, 29.76 W, 0 %
2026/09/30 01:40:04.430, 56, 2040 MHz, 29.76 W, 0 %
2026/09/30 01:40:05.431, 56, 2040 MHz, 29.75 W, 0 %
2026/09/30 01:40:06.431, 56, 2040 MHz, 29.72 W, 0 %
2026/09/30 01:40:07.431, 56, 2040 MHz, 29.72 W, 0 %
2026/09/30 01:40:08.431, 56, 2040 MHz, 29.73 W, 0 %
2026/09/30 01:40:09.431, 56, 2040 MHz, 29.76 W, 0 %
2026/09/30 01:40:10.431, 56, 2040 MHz, 29.70 W, 0 %
2026/09/30 01:40:11.432, 56, 2040 MHz, 29.68 W, 0 %
2026/09/30 01:40:12.432, 55, 2040 MHz, 29.69 W, 0 %
2026/09/30 01:40:13.432, 55, 2040 MHz, 29.66 W, 0 %
2026/09/30 01:40:14.432, 55, 2040 MHz, 29.66 W, 0 %
2026/09/30 01:40:15.432, 55, 2040 MHz, 29.65 W, 0 %
2026/09/30 01:40:16.432, 55, 2040 MHz, 29.69 W, 0 %
2026/09/30 01:40:17.432, 55, 2040 MHz, 29.66 W, 0 %
2026/09/30 01:40:18.433, 55, 2040 MHz, 29.64 W, 0 %
2026/09/30 01:40:19.433, 55, 2040 MHz, 29.63 W, 0 %
2026/09/30 01:40:20.433, 55, 2040 MHz, 29.62 W, 0 %
2026/09/30 01:40:21.433, 55, 2040 MHz, 29.61 W, 0 %
2026/09/30 01:40:22.433, 55, 2040 MHz, 29.62 W, 0 %
2026/09/30 01:40:23.433, 55, 2040 MHz, 29.61 W, 0 %
2026/09/30 01:40:24.434, 55, 2040 MHz, 29.64 W, 0 %
2026/09/30 01:40:25.434, 55, 2040 MHz, 29.57 W, 0 %
2026/09/30 01:40:26.434, 55, 2040 MHz, 29.56 W, 0 %
2026/09/30 01:40:27.434, 55, 2040 MHz, 29.57 W, 0 %
2026/09/30 01:40:28.434, 55, 2040 MHz, 29.53 W, 0 %
2026/09/30 01:40:29.434, 55, 2040 MHz, 29.57 W, 0 %
2026/09/30 01:40:30.434, 55, 2040 MHz, 29.55 W, 0 %
2026/09/30 01:40:31.435, 55, 2040 MHz, 29.55 W, 0 %
2026/09/30 01:40:32.435, 55, 2040 MHz, 29.54 W, 0 %
2026/09/30 01:40:33.435, 54, 2040 MHz, 29.55 W, 0 %
2026/09/30 01:40:34.435, 54, 2040 MHz, 29.54 W, 0 %
2026/09/30 01:40:35.435, 54, 2040 MHz, 29.52 W, 0 %
2026/09/30 01:40:36.435, 54, 2040 MHz, 29.53 W, 0 %
2026/09/30 01:40:37.436, 54, 2040 MHz, 29.52 W, 0 %
2026/09/30 01:40:38.436, 54, 2040 MHz, 29.51 W, 0 %
2026/09/30 01:40:39.436, 54, 2040 MHz, 29.48 W, 0 %
2026/09/30 01:40:40.436, 54, 2040 MHz, 29.50 W, 0 %
2026/09/30 01:40:41.436, 54, 2040 MHz, 29.49 W, 0 %
2026/09/30 01:40:42.437, 54, 2040 MHz, 29.47 W, 0 %
2026/09/30 01:40:43.437, 54, 2040 MHz, 30.03 W, 0 %
2026/09/30 01:40:44.437, 57, 2025 MHz, 64.20 W, 94 %
2026/09/30 01:40:45.437, 58, 2010 MHz, 69.44 W, 95 %
2026/09/30 01:40:46.437, 58, 2025 MHz, 69.67 W, 94 %
2026/09/30 01:40:47.437, 59, 2025 MHz, 69.25 W, 95 %
2026/09/30 01:40:48.438, 58, 2025 MHz, 68.05 W, 94 %
2026/09/30 01:40:49.438, 59, 1995 MHz, 67.39 W, 94 %
2026/09/30 01:40:50.438, 60, 2025 MHz, 67.38 W, 95 %
2026/09/30 01:40:51.438, 59, 2040 MHz, 69.01 W, 100 %
2026/09/30 01:40:52.438, 57, 2040 MHz, 48.12 W, 2 %
2026/09/30 01:40:53.438, 60, 1500 MHz, 72.17 W, 100 %
2026/09/30 01:40:54.439, 60, 1530 MHz, 71.57 W, 99 %
2026/09/30 01:40:55.439, 60, 1515 MHz, 71.89 W, 100 %
2026/09/30 01:40:56.439, 60, 1545 MHz, 72.07 W, 99 %
2026/09/30 01:40:57.439, 60, 1545 MHz, 71.70 W, 100 %
2026/09/30 01:40:58.439, 62, 1170 MHz, 72.28 W, 100 %
2026/09/30 01:40:59.439, 63, 1140 MHz, 71.35 W, 100 %
2026/09/30 01:41:00.439, 63, 1125 MHz, 72.21 W, 100 %
2026/09/30 01:41:01.439, 62, 1560 MHz, 70.65 W, 96 %
2026/09/30 01:41:02.440, 62, 1515 MHz, 71.53 W, 99 %
2026/09/30 01:41:03.440, 62, 1545 MHz, 72.19 W, 99 %
2026/09/30 01:41:04.440, 62, 1545 MHz, 71.43 W, 99 %
2026/09/30 01:41:05.440, 62, 1560 MHz, 72.06 W, 99 %
2026/09/30 01:41:06.440, 64, 1050 MHz, 71.34 W, 99 %
2026/09/30 01:41:07.440, 64, 1110 MHz, 72.22 W, 100 %
2026/09/30 01:41:08.441, 63, 1665 MHz, 70.28 W, 100 %
2026/09/30 01:41:09.441, 63, 1590 MHz, 72.36 W, 99 %
2026/09/30 01:41:10.441, 63, 1560 MHz, 71.97 W, 99 %
2026/09/30 01:41:11.441, 64, 1575 MHz, 72.26 W, 99 %
2026/09/30 01:41:12.441, 64, 1560 MHz, 71.98 W, 99 %
2026/09/30 01:41:13.441, 65, 1080 MHz, 71.81 W, 100 %
2026/09/30 01:41:14.441, 66, 1125 MHz, 72.55 W, 100 %
2026/09/30 01:41:15.441, 65, 1605 MHz, 72.13 W, 99 %
2026/09/30 01:41:16.442, 65, 1575 MHz, 72.29 W, 99 %
2026/09/30 01:41:17.442, 65, 1590 MHz, 72.31 W, 99 %
2026/09/30 01:41:18.442, 65, 1545 MHz, 72.09 W, 99 %
2026/09/30 01:41:19.442, 65, 1590 MHz, 71.93 W, 99 %
2026/09/30 01:41:20.442, 66, 1095 MHz, 72.91 W, 100 %
2026/09/30 01:41:21.442, 67, 1095 MHz, 71.72 W, 100 %
2026/09/30 01:41:22.442, 64, 2025 MHz, 61.53 W, 100 %
2026/09/30 01:41:23.443, 63, 2040 MHz, 33.38 W, 0 %
2026/09/30 01:41:24.443, 63, 2040 MHz, 30.96 W, 0 %
2026/09/30 01:41:25.443, 63, 2040 MHz, 30.88 W, 0 %
2026/09/30 01:41:26.443, 62, 2040 MHz, 30.85 W, 0 %
2026/09/30 01:41:27.443, 62, 2040 MHz, 30.86 W, 0 %
2026/09/30 01:41:28.443, 62, 2040 MHz, 30.81 W, 0 %
2026/09/30 01:41:29.444, 62, 2040 MHz, 30.77 W, 0 %
2026/09/30 01:41:30.444, 62, 2040 MHz, 30.75 W, 0 %
2026/09/30 01:41:31.444, 61, 2040 MHz, 30.72 W, 0 %
2026/09/30 01:41:32.444, 61, 2040 MHz, 30.71 W, 0 %
2026/09/30 01:41:33.445, 61, 2040 MHz, 30.65 W, 0 %
2026/09/30 01:41:34.445, 61, 2040 MHz, 30.68 W, 0 %
2026/09/30 01:41:35.445, 61, 2040 MHz, 30.63 W, 0 %
2026/09/30 01:41:36.445, 61, 2040 MHz, 30.52 W, 0 %
2026/09/30 01:41:37.446, 60, 2040 MHz, 30.41 W, 0 %
2026/09/30 01:41:38.446, 60, 2040 MHz, 30.36 W, 0 %
2026/09/30 01:41:39.446, 60, 2040 MHz, 30.44 W, 0 %
2026/09/30 01:41:40.446, 60, 2040 MHz, 30.46 W, 0 %
2026/09/30 01:41:41.446, 60, 2040 MHz, 30.27 W, 0 %
2026/09/30 01:41:42.447, 60, 2040 MHz, 30.30 W, 0 %
2026/09/30 01:41:43.447, 60, 2040 MHz, 30.27 W, 0 %
2026/09/30 01:41:44.447, 60, 2040 MHz, 30.20 W, 0 %
2026/09/30 01:41:45.447, 59, 2040 MHz, 30.20 W, 0 %
2026/09/30 01:41:46.447, 59, 2040 MHz, 30.21 W, 0 %
2026/09/30 01:41:47.448, 59, 2040 MHz, 30.20 W, 0 %
2026/09/30 01:41:48.448, 59, 2040 MHz, 30.14 W, 0 %
2026/09/30 01:41:49.448, 59, 2040 MHz, 30.13 W, 0 %
2026/09/30 01:41:50.448, 59, 2040 MHz, 30.16 W, 0 %
2026/09/30 01:41:51.448, 59, 2040 MHz, 30.12 W, 0 %
2026/09/30 01:41:52.449, 59, 2040 MHz, 30.15 W, 0 %
2026/09/30 01:41:53.449, 59, 2040 MHz, 30.10 W, 0 %
2026/09/30 01:41:54.449, 58, 2040 MHz, 30.05 W, 0 %
2026/09/30 01:41:55.449, 58, 2040 MHz, 30.08 W, 0 %
2026/09/30 01:41:56.450, 58, 2040 MHz, 30.06 W, 0 %
2026/09/30 01:41:57.450, 58, 2040 MHz, 30.02 W, 0 %
2026/09/30 01:41:58.450, 58, 2040 MHz, 30.04 W, 0 %
2026/09/30 01:41:59.450, 58, 2040 MHz, 30.04 W, 0 %
2026/09/30 01:42:00.451, 58, 2040 MHz, 30.01 W, 0 %
2026/09/30 01:42:01.451, 58, 2040 MHz, 30.01 W, 0 %
2026/09/30 01:42:02.451, 58, 2040 MHz, 29.98 W, 0 %
2026/09/30 01:42:03.451, 58, 2040 MHz, 30.01 W, 0 %
2026/09/30 01:42:04.451, 58, 2040 MHz, 29.97 W, 0 %
2026/09/30 01:42:05.452, 58, 2040 MHz, 29.97 W, 0 %
2026/09/30 01:42:06.452, 57, 2040 MHz, 29.95 W, 0 %
2026/09/30 01:42:07.452, 57, 2040 MHz, 29.96 W, 0 %
2026/09/30 01:42:08.452, 57, 2040 MHz, 29.91 W, 0 %
2026/09/30 01:42:09.452, 57, 2040 MHz, 29.91 W, 0 %
2026/09/30 01:42:10.453, 57, 2040 MHz, 29.92 W, 0 %
2026/09/30 01:42:11.453, 57, 2040 MHz, 29.90 W, 0 %
2026/09/30 01:42:12.453, 57, 2040 MHz, 29.91 W, 0 %
2026/09/30 01:42:13.453, 57, 2040 MHz, 29.87 W, 0 %
2026/09/30 01:42:14.453, 57, 2040 MHz, 29.85 W, 0 %
2026/09/30 01:42:15.453, 57, 2040 MHz, 29.85 W, 0 %
2026/09/30 01:42:16.454, 57, 2040 MHz, 29.83 W, 0 %
2026/09/30 01:42:17.454, 57, 2040 MHz, 29.83 W, 0 %
2026/09/30 01:42:18.454, 57, 2040 MHz, 29.85 W, 0 %
2026/09/30 01:42:19.454, 56, 2040 MHz, 29.81 W, 0 %
2026/09/30 01:42:20.454, 56, 2040 MHz, 29.83 W, 0 %
2026/09/30 01:42:21.454, 56, 2040 MHz, 29.81 W, 0 %
2026/09/30 01:42:22.455, 56, 2040 MHz, 29.79 W, 0 %
2026/09/30 01:42:23.455, 56, 2040 MHz, 29.78 W, 0 %
2026/09/30 01:42:24.457, 56, 2040 MHz, 29.77 W, 0 %
2026/09/30 01:42:25.457, 56, 2040 MHz, 29.74 W, 0 %
2026/09/30 01:42:26.457, 56, 2040 MHz, 29.73 W, 0 %
2026/09/30 01:42:27.457, 56, 2040 MHz, 29.73 W, 0 %
2026/09/30 01:42:28.457, 56, 2040 MHz, 29.71 W, 0 %
2026/09/30 01:42:29.458, 56, 2040 MHz, 29.73 W, 0 %
2026/09/30 01:42:30.458, 56, 2040 MHz, 29.70 W, 0 %
2026/09/30 01:42:31.458, 56, 2040 MHz, 29.66 W, 0 %
2026/09/30 01:42:32.458, 56, 2040 MHz, 29.68 W, 0 %
2026/09/30 01:42:33.458, 56, 2040 MHz, 29.70 W, 0 %
2026/09/30 01:42:34.459, 56, 2040 MHz, 29.69 W, 0 %
2026/09/30 01:42:35.459, 55, 2040 MHz, 29.62 W, 0 %
2026/09/30 01:42:36.459, 55, 2040 MHz, 29.65 W, 0 %
2026/09/30 01:42:37.459, 55, 2040 MHz, 29.66 W, 0 %
2026/09/30 01:42:38.459, 55, 2040 MHz, 29.64 W, 0 %
2026/09/30 01:42:39.460, 55, 2040 MHz, 29.62 W, 0 %
2026/09/30 01:42:40.460, 55, 2040 MHz, 29.62 W, 0 %
2026/09/30 01:42:41.460, 55, 2040 MHz, 29.62 W, 0 %
2026/09/30 01:42:42.460, 55, 2040 MHz, 29.60 W, 0 %
2026/09/30 01:42:43.460, 55, 2040 MHz, 29.61 W, 0 %
2026/09/30 01:42:44.461, 55, 2040 MHz, 29.65 W, 0 %
2026/09/30 01:42:45.461, 55, 2040 MHz, 29.60 W, 0 %
2026/09/30 01:42:46.461, 55, 2040 MHz, 29.59 W, 0 %
2026/09/30 01:42:47.461, 55, 2040 MHz, 29.54 W, 0 %
2026/09/30 01:42:48.461, 55, 2040 MHz, 29.55 W, 0 %
2026/09/30 01:42:49.462, 55, 2040 MHz, 29.53 W, 0 %
2026/09/30 01:42:50.462, 55, 2040 MHz, 29.52 W, 0 %
2026/09/30 01:42:51.462, 54, 2040 MHz, 29.54 W, 0 %
2026/09/30 01:42:52.462, 54, 2040 MHz, 29.57 W, 0 %
2026/09/30 01:42:53.462, 54, 2040 MHz, 29.54 W, 0 %
2026/09/30 01:42:54.463, 54, 2040 MHz, 29.49 W, 0 %
2026/09/30 01:42:55.463, 54, 2040 MHz, 29.50 W, 0 %
2026/09/30 01:42:56.463, 54, 2040 MHz, 29.47 W, 0 %
2026/09/30 01:42:57.463, 54, 2040 MHz, 29.50 W, 0 %
2026/09/30 01:42:58.463, 54, 2040 MHz, 29.47 W, 0 %
2026/09/30 01:42:59.464, 54, 2040 MHz, 29.47 W, 0 %
2026/09/30 01:43:00.464, 54, 2040 MHz, 29.46 W, 0 %
2026/09/30 01:43:01.464, 54, 2040 MHz, 29.47 W, 0 %
2026/09/30 01:43:02.464, 54, 2040 MHz, 29.45 W, 0 %
2026/09/30 01:43:03.464, 54, 2040 MHz, 29.48 W, 0 %
2026/09/30 01:43:04.465, 54, 2040 MHz, 29.42 W, 0 %
2026/09/30 01:43:05.465, 54, 2040 MHz, 29.44 W, 0 %
2026/09/30 01:43:06.465, 54, 2040 MHz, 29.44 W, 0 %
2026/09/30 01:43:07.465, 54, 2040 MHz, 29.42 W, 0 %
2026/09/30 01:43:08.465, 54, 2040 MHz, 29.41 W, 0 %
2026/09/30 01:43:09.465, 54, 2040 MHz, 29.41 W, 0 %
2026/09/30 01:43:10.466, 54, 2040 MHz, 29.42 W, 0 %
2026/09/30 01:43:11.466, 54, 2040 MHz, 29.41 W, 0 %
2026/09/30 01:43:12.466, 54, 2040 MHz, 29.40 W, 0 %
2026/09/30 01:43:13.466, 54, 2040 MHz, 29.38 W, 0 %
2026/09/30 01:43:14.467, 53, 2040 MHz, 29.39 W, 0 %
2026/09/30 01:43:15.467, 53, 2040 MHz, 29.39 W, 0 %
2026/09/30 01:43:16.467, 53, 2040 MHz, 29.42 W, 0 %
2026/09/30 01:43:17.467, 53, 2040 MHz, 29.36 W, 0 %
2026/09/30 01:43:18.467, 53, 2040 MHz, 29.39 W, 0 %
2026/09/30 01:43:19.468, 53, 2040 MHz, 29.36 W, 0 %
2026/09/30 01:43:20.468, 53, 2040 MHz, 29.36 W, 0 %
2026/09/30 01:43:21.468, 53, 2040 MHz, 29.34 W, 0 %
2026/09/30 01:43:22.468, 53, 2040 MHz, 29.35 W, 0 %
2026/09/30 01:43:23.469, 53, 2040 MHz, 29.36 W, 0 %
2026/09/30 01:43:24.469, 53, 2040 MHz, 29.36 W, 0 %
2026/09/30 01:43:25.471, 53, 2040 MHz, 29.36 W, 0 %
2026/09/30 01:43:26.471, 53, 2040 MHz, 29.33 W, 0 %
2026/09/30 01:43:27.471, 53, 2040 MHz, 29.31 W, 0 %
2026/09/30 01:43:28.471, 56, 1995 MHz, 48.71 W, 95 %
2026/09/30 01:43:29.472, 56, 2025 MHz, 64.68 W, 94 %
2026/09/30 01:43:30.472, 57, 2025 MHz, 69.22 W, 94 %
2026/09/30 01:43:31.472, 57, 2025 MHz, 67.73 W, 93 %
2026/09/30 01:43:32.472, 58, 1980 MHz, 67.52 W, 95 %
2026/09/30 01:43:33.472, 58, 2025 MHz, 66.84 W, 94 %
2026/09/30 01:43:34.473, 58, 2010 MHz, 66.91 W, 95 %
2026/09/30 01:43:35.473, 58, 1935 MHz, 66.72 W, 99 %
2026/09/30 01:43:36.473, 57, 2040 MHz, 62.90 W, 1 %
2026/09/30 01:43:37.473, 59, 1665 MHz, 50.80 W, 100 %
2026/09/30 01:43:38.473, 59, 1635 MHz, 72.16 W, 99 %
2026/09/30 01:43:39.473, 59, 1680 MHz, 72.03 W, 100 %
2026/09/30 01:43:40.473, 59, 1620 MHz, 72.15 W, 99 %
2026/09/30 01:43:41.474, 60, 1620 MHz, 72.12 W, 100 %
2026/09/30 01:43:42.474, 61, 1140 MHz, 71.99 W, 100 %
2026/09/30 01:43:43.474, 61, 1185 MHz, 72.45 W, 100 %
2026/09/30 01:43:44.474, 62, 1140 MHz, 72.91 W, 100 %
2026/09/30 01:43:45.474, 63, 1080 MHz, 72.80 W, 100 %
2026/09/30 01:43:46.474, 61, 1605 MHz, 70.98 W, 100 %
2026/09/30 01:43:47.474, 61, 1575 MHz, 71.95 W, 99 %
2026/09/30 01:43:48.475, 61, 1560 MHz, 72.18 W, 100 %
2026/09/30 01:43:49.475, 62, 1575 MHz, 72.14 W, 99 %
2026/09/30 01:43:50.475, 62, 1560 MHz, 72.15 W, 99 %
2026/09/30 01:43:51.475, 64, 1140 MHz, 72.49 W, 100 %
2026/09/30 01:43:52.475, 63, 1110 MHz, 71.38 W, 100 %
2026/09/30 01:43:53.475, 62, 1560 MHz, 72.37 W, 99 %
2026/09/30 01:43:54.475, 63, 1560 MHz, 71.90 W, 100 %
2026/09/30 01:43:55.475, 63, 1575 MHz, 72.19 W, 99 %
2026/09/30 01:43:56.476, 63, 1545 MHz, 71.71 W, 99 %
2026/09/30 01:43:57.476, 63, 1545 MHz, 71.94 W, 99 %
2026/09/30 01:43:58.476, 64, 1110 MHz, 71.23 W, 100 %
2026/09/30 01:43:59.476, 65, 1110 MHz, 72.53 W, 100 %
2026/09/30 01:44:00.476, 64, 1560 MHz, 71.73 W, 99 %
2026/09/30 01:44:01.476, 64, 1560 MHz, 71.99 W, 99 %
2026/09/30 01:44:02.477, 64, 1545 MHz, 72.39 W, 99 %
2026/09/30 01:44:03.477, 64, 1575 MHz, 71.84 W, 100 %
2026/09/30 01:44:04.477, 64, 1515 MHz, 72.16 W, 99 %
2026/09/30 01:44:05.477, 66, 1065 MHz, 72.34 W, 100 %
2026/09/30 01:44:06.477, 66, 1125 MHz, 71.08 W, 100 %
2026/09/30 01:44:07.477, 63, 2040 MHz, 44.71 W, 0 %
2026/09/30 01:44:08.477, 62, 2040 MHz, 31.07 W, 0 %
2026/09/30 01:44:09.478, 64, 1935 MHz, 43.81 W, 67 %
2026/09/30 01:44:10.478, 64, 1965 MHz, 72.46 W, 99 %
2026/09/30 01:44:11.478, 65, 1965 MHz, 69.14 W, 99 %
2026/09/30 01:44:12.478, 62, 2040 MHz, 46.69 W, 0 %
2026/09/30 01:44:13.478, 62, 2040 MHz, 30.72 W, 0 %
2026/09/30 01:44:14.478, 64, 2040 MHz, 53.11 W, 99 %
2026/09/30 01:44:15.479, 65, 2040 MHz, 70.41 W, 99 %
2026/09/30 01:44:16.479, 62, 2040 MHz, 46.47 W, 0 %
2026/09/30 01:44:17.479, 62, 2040 MHz, 30.74 W, 0 %
2026/09/30 01:44:18.479, 62, 2040 MHz, 30.67 W, 0 %
2026/09/30 01:44:19.479, 62, 2040 MHz, 30.61 W, 0 %
2026/09/30 01:44:20.480, 61, 2040 MHz, 30.62 W, 0 %
2026/09/30 01:44:21.480, 61, 2040 MHz, 30.57 W, 0 %
2026/09/30 01:44:22.480, 61, 2040 MHz, 30.55 W, 0 %
2026/09/30 01:44:23.480, 61, 2040 MHz, 30.48 W, 0 %
2026/09/30 01:44:24.481, 61, 2040 MHz, 30.44 W, 0 %
2026/09/30 01:44:25.483, 61, 2040 MHz, 30.45 W, 0 %
2026/09/30 01:44:26.483, 60, 2040 MHz, 30.44 W, 0 %
2026/09/30 01:44:27.483, 60, 2040 MHz, 30.39 W, 0 %
2026/09/30 01:44:28.484, 60, 2040 MHz, 30.36 W, 0 %
2026/09/30 01:44:29.484, 60, 2040 MHz, 30.36 W, 0 %
2026/09/30 01:44:30.484, 60, 2040 MHz, 30.30 W, 0 %
2026/09/30 01:44:31.484, 60, 2040 MHz, 30.30 W, 0 %
2026/09/30 01:44:32.484, 59, 2040 MHz, 30.26 W, 0 %
2026/09/30 01:44:33.485, 59, 2040 MHz, 30.24 W, 0 %
2026/09/30 01:44:34.485, 59, 2040 MHz, 30.19 W, 0 %
2026/09/30 01:44:35.485, 59, 2040 MHz, 30.17 W, 0 %
2026/09/30 01:44:36.485, 59, 2040 MHz, 30.21 W, 0 %
2026/09/30 01:44:37.485, 59, 2040 MHz, 30.17 W, 0 %
2026/09/30 01:44:38.485, 59, 2040 MHz, 30.17 W, 0 %
2026/09/30 01:44:39.486, 59, 2040 MHz, 30.16 W, 0 %
2026/09/30 01:44:40.486, 59, 2040 MHz, 30.10 W, 0 %
2026/09/30 01:44:41.486, 59, 2040 MHz, 30.08 W, 0 %
2026/09/30 01:44:42.486, 58, 2040 MHz, 30.11 W, 0 %
2026/09/30 01:44:43.486, 58, 2040 MHz, 30.03 W, 0 %
2026/09/30 01:44:44.486, 58, 2040 MHz, 30.05 W, 0 %
2026/09/30 01:44:45.487, 58, 2040 MHz, 30.01 W, 0 %
2026/09/30 01:44:46.487, 58, 2040 MHz, 30.00 W, 0 %
2026/09/30 01:44:47.487, 58, 2040 MHz, 29.96 W, 0 %
2026/09/30 01:44:48.487, 58, 2040 MHz, 29.95 W, 0 %
2026/09/30 01:44:49.487, 57, 2040 MHz, 29.97 W, 0 %
2026/09/30 01:44:50.488, 57, 2040 MHz, 29.94 W, 0 %
2026/09/30 01:44:51.488, 57, 2040 MHz, 29.90 W, 0 %
2026/09/30 01:44:52.488, 57, 2040 MHz, 29.86 W, 0 %
2026/09/30 01:44:53.488, 57, 2040 MHz, 29.88 W, 0 %
2026/09/30 01:44:54.488, 57, 2040 MHz, 29.82 W, 0 %
2026/09/30 01:44:55.489, 57, 2040 MHz, 29.83 W, 0 %
2026/09/30 01:44:56.489, 57, 2040 MHz, 29.83 W, 0 %
2026/09/30 01:44:57.489, 57, 2040 MHz, 29.82 W, 0 %
2026/09/30 01:44:58.489, 56, 2040 MHz, 29.81 W, 0 %
2026/09/30 01:44:59.489, 56, 2040 MHz, 29.80 W, 0 %
2026/09/30 01:45:00.490, 56, 2040 MHz, 29.79 W, 0 %
2026/09/30 01:45:01.490, 56, 2040 MHz, 29.75 W, 0 %
2026/09/30 01:45:02.490, 56, 2040 MHz, 29.75 W, 0 %
2026/09/30 01:45:03.490, 56, 2040 MHz, 29.73 W, 0 %
2026/09/30 01:45:04.490, 56, 2040 MHz, 29.73 W, 0 %
2026/09/30 01:45:05.491, 56, 2040 MHz, 29.71 W, 0 %
2026/09/30 01:45:06.491, 56, 2040 MHz, 29.71 W, 0 %
2026/09/30 01:45:07.491, 56, 2040 MHz, 29.69 W, 0 %
2026/09/30 01:45:08.491, 56, 2040 MHz, 29.70 W, 0 %
2026/09/30 01:45:09.491, 56, 2040 MHz, 29.69 W, 0 %
2026/09/30 01:45:10.492, 56, 2040 MHz, 29.68 W, 0 %
2026/09/30 01:45:11.492, 56, 2040 MHz, 29.67 W, 0 %
2026/09/30 01:45:12.492, 55, 2040 MHz, 29.66 W, 0 %
2026/09/30 01:45:13.492, 55, 2040 MHz, 29.63 W, 0 %
2026/09/30 01:45:14.492, 55, 2040 MHz, 29.66 W, 0 %
2026/09/30 01:45:15.493, 55, 2040 MHz, 29.64 W, 0 %
2026/09/30 01:45:16.493, 55, 2040 MHz, 29.60 W, 0 %
2026/09/30 01:45:17.493, 55, 2040 MHz, 29.63 W, 0 %
2026/09/30 01:45:18.493, 55, 2040 MHz, 29.63 W, 0 %
2026/09/30 01:45:19.493, 55, 2040 MHz, 29.61 W, 0 %
2026/09/30 01:45:20.494, 55, 2040 MHz, 29.61 W, 0 %
2026/09/30 01:45:21.494, 55, 2040 MHz, 29.62 W, 0 %
2026/09/30 01:45:22.494, 55, 2040 MHz, 29.61 W, 0 %
2026/09/30 01:45:23.494, 55, 2040 MHz, 29.64 W, 0 %
2026/09/30 01:45:24.494, 55, 2040 MHz, 29.57 W, 0 %
2026/09/30 01:45:25.494, 55, 2040 MHz, 29.56 W, 0 %
2026/09/30 01:45:26.495, 55, 2040 MHz, 29.54 W, 0 %
2026/09/30 01:45:27.495, 55, 2040 MHz, 29.59 W, 0 %
2026/09/30 01:45:28.495, 55, 2040 MHz, 29.59 W, 0 %
2026/09/30 01:45:29.495, 55, 2040 MHz, 29.55 W, 0 %
2026/09/30 01:45:30.495, 55, 2040 MHz, 29.58 W, 0 %
2026/09/30 01:45:31.495, 55, 2040 MHz, 29.53 W, 0 %
2026/09/30 01:45:32.496, 55, 2040 MHz, 29.57 W, 0 %
2026/09/30 01:45:33.496, 54, 2040 MHz, 29.51 W, 0 %
2026/09/30 01:45:34.496, 54, 2040 MHz, 29.53 W, 0 %
2026/09/30 01:45:35.496, 54, 2040 MHz, 29.52 W, 0 %
2026/09/30 01:45:36.496, 54, 2040 MHz, 29.52 W, 0 %
2026/09/30 01:45:37.497, 54, 2040 MHz, 29.48 W, 0 %
2026/09/30 01:45:38.497, 54, 2040 MHz, 29.47 W, 0 %
2026/09/30 01:45:39.497, 54, 2040 MHz, 29.50 W, 0 %
2026/09/30 01:45:40.497, 54, 2040 MHz, 29.50 W, 0 %
2026/09/30 01:45:41.497, 54, 2040 MHz, 29.48 W, 0 %
2026/09/30 01:45:42.498, 54, 2040 MHz, 29.49 W, 0 %
2026/09/30 01:45:43.498, 54, 2040 MHz, 29.44 W, 0 %
2026/09/30 01:45:44.498, 54, 2040 MHz, 29.48 W, 0 %
2026/09/30 01:45:45.498, 54, 2040 MHz, 29.46 W, 0 %
2026/09/30 01:45:46.498, 54, 2040 MHz, 29.47 W, 0 %
2026/09/30 01:45:47.499, 54, 2040 MHz, 29.45 W, 0 %
2026/09/30 01:45:48.499, 54, 2040 MHz, 29.45 W, 0 %
2026/09/30 01:45:49.499, 54, 2040 MHz, 29.42 W, 0 %
2026/09/30 01:45:50.499, 54, 2040 MHz, 29.45 W, 0 %
2026/09/30 01:45:51.499, 54, 2040 MHz, 29.43 W, 0 %
2026/09/30 01:45:52.500, 54, 2040 MHz, 29.44 W, 0 %
2026/09/30 01:45:53.500, 54, 2040 MHz, 29.39 W, 0 %
2026/09/30 01:45:54.500, 54, 2040 MHz, 29.40 W, 0 %
2026/09/30 01:45:55.500, 54, 2040 MHz, 29.39 W, 0 %
2026/09/30 01:45:56.500, 54, 2040 MHz, 29.42 W, 0 %
2026/09/30 01:45:57.501, 53, 2040 MHz, 29.38 W, 0 %
2026/09/30 01:45:58.501, 53, 2040 MHz, 29.37 W, 0 %
2026/09/30 01:45:59.501, 53, 2040 MHz, 29.35 W, 0 %
2026/09/30 01:46:00.501, 53, 2040 MHz, 29.34 W, 0 %
2026/09/30 01:46:01.501, 53, 2040 MHz, 29.32 W, 0 %
2026/09/30 01:46:02.501, 53, 2040 MHz, 29.27 W, 0 %
2026/09/30 01:46:03.502, 53, 2040 MHz, 29.26 W, 0 %
2026/09/30 01:46:04.502, 53, 2040 MHz, 29.31 W, 0 %
2026/09/30 01:46:05.502, 52, 2040 MHz, 29.27 W, 0 %
2026/09/30 01:46:06.502, 52, 2040 MHz, 29.26 W, 0 %
2026/09/30 01:46:07.503, 52, 2040 MHz, 29.23 W, 0 %
2026/09/30 01:46:08.503, 52, 2040 MHz, 29.21 W, 0 %
2026/09/30 01:46:09.503, 52, 2040 MHz, 29.19 W, 0 %
2026/09/30 01:46:10.503, 52, 2040 MHz, 29.21 W, 0 %
2026/09/30 01:46:11.503, 52, 2040 MHz, 29.22 W, 0 %
2026/09/30 01:46:12.504, 52, 2040 MHz, 29.24 W, 0 %
2026/09/30 01:46:13.504, 52, 2040 MHz, 29.18 W, 0 %
2026/09/30 01:46:14.504, 52, 2040 MHz, 29.19 W, 0 %
2026/09/30 01:46:15.504, 52, 2040 MHz, 29.18 W, 0 %
2026/09/30 01:46:16.504, 52, 2040 MHz, 29.14 W, 0 %
2026/09/30 01:46:17.505, 52, 2040 MHz, 29.16 W, 0 %
2026/09/30 01:46:18.505, 52, 2040 MHz, 29.17 W, 0 %
2026/09/30 01:46:19.505, 52, 2040 MHz, 29.15 W, 0 %
2026/09/30 01:46:20.505, 52, 2040 MHz, 29.14 W, 0 %
2026/09/30 01:46:21.505, 52, 2040 MHz, 29.77 W, 1 %
2026/09/30 01:46:22.506, 51, 2040 MHz, 29.24 W, 1 %
2026/09/30 01:46:23.506, 51, 2040 MHz, 29.15 W, 1 %
2026/09/30 01:46:24.506, 51, 2040 MHz, 29.19 W, 1 %
2026/09/30 01:46:25.506, 52, 2040 MHz, 30.05 W, 4 %
2026/09/30 01:46:26.506, 52, 2040 MHz, 31.10 W, 5 %
2026/09/30 01:46:27.507, 52, 2040 MHz, 31.10 W, 5 %
2026/09/30 01:46:28.507, 52, 2040 MHz, 30.93 W, 4 %
2026/09/30 01:46:29.507, 52, 2040 MHz, 30.78 W, 6 %
2026/09/30 01:46:30.509, 52, 2040 MHz, 30.99 W, 4 %
2026/09/30 01:46:31.510, 53, 2010 MHz, 34.84 W, 39 %
2026/09/30 01:46:32.510, 52, 2040 MHz, 44.82 W, 3 %
2026/09/30 01:46:33.510, 53, 2040 MHz, 42.83 W, 33 %
2026/09/30 01:46:34.510, 53, 2040 MHz, 44.70 W, 34 %
2026/09/30 01:46:35.510, 53, 2040 MHz, 44.57 W, 31 %
2026/09/30 01:46:36.510, 53, 2040 MHz, 44.47 W, 34 %
2026/09/30 01:46:37.510, 53, 2040 MHz, 44.31 W, 32 %
2026/09/30 01:46:38.510, 53, 2040 MHz, 44.64 W, 31 %
2026/09/30 01:46:39.511, 53, 2040 MHz, 44.81 W, 33 %
2026/09/30 01:46:40.511, 53, 2040 MHz, 43.22 W, 31 %
2026/09/30 01:46:41.511, 52, 2040 MHz, 43.92 W, 31 %
2026/09/30 01:46:42.511, 53, 2040 MHz, 43.93 W, 33 %
2026/09/30 01:46:43.511, 53, 2040 MHz, 44.77 W, 31 %
2026/09/30 01:46:44.511, 53, 2040 MHz, 44.29 W, 34 %
2026/09/30 01:46:45.511, 53, 2040 MHz, 43.75 W, 31 %
2026/09/30 01:46:46.511, 53, 2040 MHz, 44.31 W, 31 %
2026/09/30 01:46:47.512, 53, 2040 MHz, 44.94 W, 34 %
2026/09/30 01:46:48.512, 53, 2040 MHz, 44.20 W, 31 %
2026/09/30 01:46:49.512, 53, 2040 MHz, 43.98 W, 32 %
2026/09/30 01:46:50.512, 53, 2040 MHz, 44.73 W, 33 %
2026/09/30 01:46:51.512, 53, 2040 MHz, 44.13 W, 30 %
2026/09/30 01:46:52.512, 53, 2040 MHz, 44.49 W, 33 %
2026/09/30 01:46:53.512, 53, 2040 MHz, 44.32 W, 33 %
2026/09/30 01:46:54.513, 53, 2040 MHz, 44.99 W, 31 %
2026/09/30 01:46:55.513, 53, 2040 MHz, 44.78 W, 33 %
2026/09/30 01:46:56.513, 53, 2040 MHz, 44.83 W, 31 %
2026/09/30 01:46:57.513, 53, 2040 MHz, 44.65 W, 33 %
2026/09/30 01:46:58.513, 53, 2040 MHz, 45.20 W, 33 %
2026/09/30 01:46:59.513, 53, 2040 MHz, 44.37 W, 30 %
2026/09/30 01:47:00.513, 53, 2040 MHz, 44.55 W, 33 %
2026/09/30 01:47:01.514, 53, 2040 MHz, 44.74 W, 31 %
2026/09/30 01:47:02.514, 53, 2040 MHz, 44.48 W, 34 %
2026/09/30 01:47:03.514, 53, 2040 MHz, 44.49 W, 33 %
2026/09/30 01:47:04.514, 53, 2040 MHz, 44.94 W, 31 %
2026/09/30 01:47:05.514, 53, 2040 MHz, 44.92 W, 33 %
2026/09/30 01:47:06.514, 53, 2040 MHz, 44.00 W, 30 %
2026/09/30 01:47:07.514, 53, 2040 MHz, 44.25 W, 32 %
2026/09/30 01:47:08.515, 53, 2040 MHz, 45.23 W, 33 %
2026/09/30 01:47:09.515, 53, 2040 MHz, 44.38 W, 31 %
2026/09/30 01:47:10.515, 54, 2040 MHz, 44.94 W, 33 %
2026/09/30 01:47:11.515, 54, 2040 MHz, 44.43 W, 33 %
2026/09/30 01:47:12.515, 54, 2040 MHz, 45.09 W, 31 %
2026/09/30 01:47:13.515, 54, 2040 MHz, 44.39 W, 33 %
2026/09/30 01:47:14.515, 54, 2040 MHz, 43.74 W, 31 %
2026/09/30 01:47:15.516, 54, 2040 MHz, 44.33 W, 31 %
2026/09/30 01:47:16.516, 54, 2040 MHz, 45.00 W, 33 %
2026/09/30 01:47:17.516, 54, 2040 MHz, 44.23 W, 31 %
2026/09/30 01:47:18.516, 54, 2040 MHz, 44.67 W, 31 %
2026/09/30 01:47:19.516, 54, 2040 MHz, 44.90 W, 34 %
2026/09/30 01:47:20.516, 54, 2040 MHz, 44.83 W, 31 %
2026/09/30 01:47:21.516, 54, 2040 MHz, 44.54 W, 33 %
2026/09/30 01:47:22.516, 54, 2040 MHz, 45.38 W, 33 %
2026/09/30 01:47:23.517, 54, 2040 MHz, 44.10 W, 31 %
2026/09/30 01:47:24.517, 55, 2040 MHz, 44.29 W, 33 %
2026/09/30 01:47:25.517, 55, 2040 MHz, 44.88 W, 33 %
2026/09/30 01:47:26.517, 55, 2040 MHz, 44.88 W, 31 %
2026/09/30 01:47:27.517, 55, 2040 MHz, 44.75 W, 34 %
2026/09/30 01:47:28.517, 55, 2040 MHz, 45.55 W, 33 %
2026/09/30 01:47:29.518, 55, 2040 MHz, 44.85 W, 31 %
2026/09/30 01:47:30.519, 55, 2040 MHz, 44.94 W, 33 %
2026/09/30 01:47:31.519, 55, 2040 MHz, 46.34 W, 33 %
2026/09/30 01:47:32.519, 55, 2040 MHz, 44.04 W, 30 %
2026/09/30 01:47:33.519, 54, 2040 MHz, 38.58 W, 0 %
2026/09/30 01:47:34.520, 54, 2040 MHz, 29.83 W, 0 %
2026/09/30 01:47:35.520, 54, 2040 MHz, 29.46 W, 0 %
2026/09/30 01:47:36.520, 54, 2040 MHz, 29.46 W, 0 %
2026/09/30 01:47:37.520, 54, 2040 MHz, 29.43 W, 0 %
2026/09/30 01:47:38.520, 54, 2040 MHz, 29.41 W, 0 %
2026/09/30 01:47:39.521, 54, 2040 MHz, 29.46 W, 0 %
2026/09/30 01:47:40.521, 54, 2040 MHz, 29.42 W, 0 %
2026/09/30 01:47:41.521, 54, 2040 MHz, 29.43 W, 0 %
2026/09/30 01:47:42.521, 54, 2040 MHz, 29.42 W, 0 %
2026/09/30 01:47:43.521, 54, 2040 MHz, 29.43 W, 0 %
2026/09/30 01:47:44.521, 54, 2040 MHz, 29.38 W, 0 %
2026/09/30 01:47:45.522, 54, 2040 MHz, 29.39 W, 0 %
2026/09/30 01:47:46.522, 54, 2040 MHz, 29.40 W, 0 %
2026/09/30 01:47:47.522, 53, 2040 MHz, 29.37 W, 0 %
2026/09/30 01:47:48.522, 53, 2040 MHz, 29.39 W, 0 %
2026/09/30 01:47:49.523, 53, 2040 MHz, 29.36 W, 0 %
2026/09/30 01:47:50.523, 53, 2040 MHz, 29.35 W, 0 %
2026/09/30 01:47:51.523, 53, 2040 MHz, 29.36 W, 0 %
2026/09/30 01:47:52.523, 53, 2040 MHz, 29.32 W, 0 %
2026/09/30 01:47:53.523, 53, 2040 MHz, 29.32 W, 0 %
2026/09/30 01:47:54.523, 53, 2040 MHz, 29.30 W, 0 %
2026/09/30 01:47:55.524, 53, 2040 MHz, 29.28 W, 0 %
2026/09/30 01:47:56.524, 52, 2040 MHz, 29.27 W, 0 %
2026/09/30 01:47:57.524, 52, 2040 MHz, 29.27 W, 0 %
2026/09/30 01:47:58.524, 52, 2040 MHz, 29.24 W, 0 %
2026/09/30 01:47:59.525, 52, 2040 MHz, 29.25 W, 0 %
2026/09/30 01:48:00.525, 52, 2040 MHz, 29.25 W, 0 %
2026/09/30 01:48:01.525, 52, 2040 MHz, 29.23 W, 0 %
2026/09/30 01:48:02.525, 52, 2040 MHz, 29.22 W, 0 %
2026/09/30 01:48:03.525, 52, 2040 MHz, 29.21 W, 0 %
2026/09/30 01:48:04.525, 52, 2040 MHz, 29.20 W, 0 %
2026/09/30 01:48:05.526, 52, 2040 MHz, 29.18 W, 0 %
2026/09/30 01:48:06.526, 52, 2040 MHz, 29.18 W, 0 %
2026/09/30 01:48:07.526, 52, 2040 MHz, 29.18 W, 0 %
2026/09/30 01:48:08.526, 52, 2040 MHz, 29.20 W, 0 %
2026/09/30 01:48:09.526, 52, 2040 MHz, 29.15 W, 0 %
2026/09/30 01:48:10.527, 52, 2040 MHz, 29.15 W, 0 %
2026/09/30 01:48:11.527, 51, 2040 MHz, 29.13 W, 0 %
2026/09/30 01:48:12.527, 51, 2040 MHz, 29.10 W, 0 %
2026/09/30 01:48:13.527, 51, 2040 MHz, 29.14 W, 0 %
2026/09/30 01:48:14.527, 51, 2040 MHz, 29.13 W, 0 %
2026/09/30 01:48:15.528, 51, 2040 MHz, 29.10 W, 0 %
2026/09/30 01:48:16.528, 51, 2040 MHz, 29.04 W, 0 %
2026/09/30 01:48:17.528, 51, 2040 MHz, 29.02 W, 0 %
2026/09/30 01:48:18.528, 51, 2040 MHz, 32.33 W, 41 %
2026/09/30 01:48:19.528, 51, 2040 MHz, 50.81 W, 0 %
2026/09/30 01:48:20.528, 52, 2040 MHz, 37.87 W, 33 %
2026/09/30 01:48:21.529, 52, 2040 MHz, 44.79 W, 33 %
2026/09/30 01:48:22.529, 52, 2040 MHz, 44.41 W, 33 %
2026/09/30 01:48:23.529, 53, 2040 MHz, 45.51 W, 33 %
2026/09/30 01:48:24.529, 53, 2040 MHz, 46.44 W, 33 %
2026/09/30 01:48:25.529, 53, 2040 MHz, 44.42 W, 31 %
2026/09/30 01:48:26.529, 53, 2040 MHz, 42.30 W, 31 %
2026/09/30 01:48:27.529, 53, 2040 MHz, 42.47 W, 31 %
2026/09/30 01:48:28.530, 53, 2040 MHz, 42.92 W, 31 %
2026/09/30 01:48:29.530, 53, 2040 MHz, 42.74 W, 31 %
2026/09/30 01:48:30.530, 53, 2040 MHz, 42.66 W, 30 %
2026/09/30 01:48:31.530, 53, 2040 MHz, 43.18 W, 30 %
2026/09/30 01:48:32.530, 54, 2040 MHz, 43.71 W, 30 %
2026/09/30 01:48:33.530, 53, 2040 MHz, 45.15 W, 31 %
2026/09/30 01:48:34.530, 54, 2040 MHz, 44.62 W, 30 %
2026/09/30 01:48:35.530, 53, 2040 MHz, 42.97 W, 15 %
2026/09/30 01:48:36.531, 52, 2040 MHz, 29.55 W, 0 %
2026/09/30 01:48:37.531, 52, 2040 MHz, 29.26 W, 0 %
2026/09/30 01:48:38.531, 52, 2040 MHz, 29.24 W, 0 %
2026/09/30 01:48:39.531, 52, 2040 MHz, 29.22 W, 0 %
2026/09/30 01:48:40.532, 52, 2040 MHz, 29.16 W, 0 %
2026/09/30 01:48:41.532, 52, 2040 MHz, 29.20 W, 0 %
2026/09/30 01:48:42.532, 52, 2040 MHz, 29.18 W, 0 %
2026/09/30 01:48:43.532, 51, 2040 MHz, 29.16 W, 0 %
2026/09/30 01:48:44.532, 51, 2040 MHz, 29.12 W, 0 %
2026/09/30 01:48:45.533, 51, 2040 MHz, 29.08 W, 0 %
2026/09/30 01:48:46.533, 51, 2040 MHz, 29.12 W, 0 %
2026/09/30 01:48:47.533, 51, 2040 MHz, 29.04 W, 0 %
2026/09/30 01:48:48.533, 50, 2040 MHz, 29.04 W, 0 %
2026/09/30 01:48:49.533, 50, 2040 MHz, 29.01 W, 0 %
2026/09/30 01:48:50.533, 50, 2040 MHz, 29.62 W, 51 %
2026/09/30 01:48:51.534, 52, 2025 MHz, 59.23 W, 100 %
2026/09/30 01:48:52.534, 51, 2040 MHz, 37.17 W, 32 %
2026/09/30 01:48:53.534, 51, 2040 MHz, 43.28 W, 33 %
2026/09/30 01:48:54.534, 51, 2040 MHz, 44.92 W, 33 %
2026/09/30 01:48:55.534, 51, 2040 MHz, 43.17 W, 30 %
2026/09/30 01:48:56.534, 51, 2040 MHz, 43.70 W, 33 %
2026/09/30 01:48:57.534, 51, 2040 MHz, 43.90 W, 31 %
2026/09/30 01:48:58.535, 51, 2040 MHz, 42.56 W, 31 %
2026/09/30 01:48:59.535, 51, 2040 MHz, 44.59 W, 31 %
2026/09/30 01:49:00.535, 52, 2040 MHz, 43.25 W, 33 %
2026/09/30 01:49:01.535, 51, 2040 MHz, 43.49 W, 31 %
2026/09/30 01:49:02.535, 51, 2040 MHz, 43.14 W, 31 %
2026/09/30 01:49:03.535, 52, 2040 MHz, 43.12 W, 33 %
2026/09/30 01:49:04.535, 51, 2040 MHz, 43.68 W, 31 %
2026/09/30 01:49:05.536, 52, 2040 MHz, 44.00 W, 30 %
2026/09/30 01:49:06.536, 52, 2040 MHz, 43.32 W, 33 %
2026/09/30 01:49:07.536, 52, 2040 MHz, 44.47 W, 31 %
2026/09/30 01:49:08.536, 50, 2040 MHz, 33.37 W, 0 %
2026/09/30 01:49:09.536, 50, 2040 MHz, 29.23 W, 0 %
2026/09/30 01:49:10.536, 50, 2040 MHz, 28.98 W, 0 %
2026/09/30 01:49:11.537, 50, 2040 MHz, 28.96 W, 0 %
2026/09/30 01:49:12.537, 50, 2040 MHz, 29.38 W, 0 %
2026/09/30 01:49:13.537, 51, 2040 MHz, 40.24 W, 57 %
2026/09/30 01:49:14.537, 50, 2040 MHz, 44.44 W, 2 %
2026/09/30 01:49:15.537, 51, 2040 MHz, 42.50 W, 30 %
2026/09/30 01:49:16.537, 51, 2040 MHz, 42.81 W, 32 %
2026/09/30 01:49:17.537, 51, 2040 MHz, 44.03 W, 29 %
2026/09/30 01:49:18.538, 51, 2040 MHz, 43.64 W, 30 %
2026/09/30 01:49:19.538, 51, 2040 MHz, 43.01 W, 32 %
2026/09/30 01:49:20.538, 51, 2040 MHz, 44.10 W, 31 %
2026/09/30 01:49:21.538, 52, 2040 MHz, 42.70 W, 30 %
2026/09/30 01:49:22.538, 52, 2040 MHz, 44.68 W, 31 %
2026/09/30 01:49:23.538, 52, 2040 MHz, 43.37 W, 32 %
2026/09/30 01:49:24.538, 52, 2040 MHz, 44.23 W, 30 %
2026/09/30 01:49:25.538, 52, 2040 MHz, 43.53 W, 30 %
2026/09/30 01:49:26.538, 52, 2040 MHz, 43.83 W, 32 %
2026/09/30 01:49:27.539, 52, 2040 MHz, 44.36 W, 32 %
2026/09/30 01:49:28.539, 52, 2040 MHz, 43.20 W, 30 %
2026/09/30 01:49:29.539, 52, 2040 MHz, 44.84 W, 30 %
2026/09/30 01:49:30.539, 51, 2040 MHz, 39.47 W, 0 %
2026/09/30 01:49:31.539, 51, 2040 MHz, 29.27 W, 0 %
2026/09/30 01:49:32.539, 51, 2040 MHz, 29.14 W, 0 %
2026/09/30 01:49:33.539, 51, 2040 MHz, 29.07 W, 0 %
2026/09/30 01:49:34.540, 51, 2040 MHz, 29.04 W, 0 %
2026/09/30 01:49:35.540, 52, 2040 MHz, 33.67 W, 65 %
2026/09/30 01:49:36.540, 51, 2040 MHz, 51.81 W, 0 %
2026/09/30 01:49:37.540, 52, 2040 MHz, 35.99 W, 31 %
2026/09/30 01:49:38.540, 52, 2040 MHz, 43.06 W, 33 %
2026/09/30 01:49:39.540, 52, 2040 MHz, 45.81 W, 33 %
2026/09/30 01:49:40.540, 53, 2040 MHz, 43.85 W, 31 %
2026/09/30 01:49:41.540, 53, 2040 MHz, 43.35 W, 33 %
2026/09/30 01:49:42.541, 53, 2040 MHz, 43.90 W, 30 %
2026/09/30 01:49:43.541, 53, 2040 MHz, 43.69 W, 30 %
2026/09/30 01:49:44.541, 53, 2040 MHz, 43.52 W, 33 %
2026/09/30 01:49:45.541, 53, 2040 MHz, 44.57 W, 31 %
2026/09/30 01:49:46.541, 53, 2040 MHz, 42.94 W, 30 %
2026/09/30 01:49:47.541, 53, 2040 MHz, 44.20 W, 33 %
2026/09/30 01:49:48.541, 53, 2040 MHz, 44.82 W, 33 %
2026/09/30 01:49:49.541, 54, 2040 MHz, 43.38 W, 31 %
2026/09/30 01:49:50.541, 54, 2040 MHz, 43.57 W, 33 %
2026/09/30 01:49:51.542, 54, 2040 MHz, 44.92 W, 33 %
2026/09/30 01:49:52.542, 54, 2040 MHz, 43.98 W, 31 %
2026/09/30 01:49:53.542, 54, 2040 MHz, 44.65 W, 32 %
2026/09/30 01:49:54.542, 54, 2040 MHz, 44.65 W, 33 %
2026/09/30 01:49:55.542, 54, 2040 MHz, 43.97 W, 30 %
2026/09/30 01:49:56.542, 55, 2040 MHz, 44.35 W, 32 %
2026/09/30 01:49:57.542, 55, 2040 MHz, 44.67 W, 32 %
2026/09/30 01:49:58.542, 55, 2040 MHz, 44.55 W, 31 %
2026/09/30 01:49:59.542, 55, 2040 MHz, 44.65 W, 33 %
2026/09/30 01:50:00.543, 55, 2040 MHz, 44.25 W, 32 %
2026/09/30 01:50:01.543, 55, 2040 MHz, 44.33 W, 30 %
2026/09/30 01:50:02.543, 55, 2040 MHz, 44.22 W, 33 %
2026/09/30 01:50:03.543, 55, 2040 MHz, 44.44 W, 32 %
2026/09/30 01:50:04.543, 55, 2040 MHz, 43.29 W, 30 %
2026/09/30 01:50:05.543, 55, 2040 MHz, 43.85 W, 32 %
2026/09/30 01:50:06.543, 55, 2040 MHz, 45.06 W, 32 %
2026/09/30 01:50:07.544, 55, 2040 MHz, 43.60 W, 30 %
2026/09/30 01:50:08.544, 55, 2040 MHz, 44.83 W, 32 %
2026/09/30 01:50:09.544, 55, 2040 MHz, 45.23 W, 32 %
2026/09/30 01:50:10.544, 55, 2040 MHz, 43.85 W, 30 %
2026/09/30 01:50:11.544, 55, 2040 MHz, 43.49 W, 32 %
2026/09/30 01:50:12.544, 55, 2040 MHz, 44.19 W, 30 %
2026/09/30 01:50:13.544, 55, 2040 MHz, 43.60 W, 30 %
2026/09/30 01:50:14.544, 55, 2040 MHz, 43.62 W, 33 %
2026/09/30 01:50:15.545, 55, 2040 MHz, 44.71 W, 31 %
2026/09/30 01:50:16.545, 55, 2040 MHz, 44.46 W, 30 %
2026/09/30 01:50:17.545, 56, 2040 MHz, 43.67 W, 33 %
2026/09/30 01:50:18.545, 55, 2040 MHz, 45.11 W, 31 %
2026/09/30 01:50:19.545, 56, 2040 MHz, 43.09 W, 30 %
2026/09/30 01:50:20.545, 56, 2040 MHz, 44.83 W, 32 %
2026/09/30 01:50:21.545, 56, 2040 MHz, 44.47 W, 33 %
2026/09/30 01:50:22.546, 56, 2040 MHz, 43.82 W, 30 %
2026/09/30 01:50:23.546, 56, 2040 MHz, 45.04 W, 30 %
2026/09/30 01:50:24.546, 55, 2040 MHz, 44.67 W, 33 %
2026/09/30 01:50:25.546, 55, 2040 MHz, 43.94 W, 30 %
2026/09/30 01:50:26.546, 55, 2040 MHz, 44.37 W, 32 %
2026/09/30 01:50:27.546, 55, 2040 MHz, 44.49 W, 33 %
2026/09/30 01:50:28.546, 55, 2040 MHz, 43.69 W, 30 %
2026/09/30 01:50:29.547, 55, 2040 MHz, 43.85 W, 33 %
2026/09/30 01:50:30.547, 54, 2040 MHz, 44.35 W, 33 %
2026/09/30 01:50:31.547, 54, 2040 MHz, 43.92 W, 32 %
2026/09/30 01:50:32.547, 54, 2040 MHz, 43.41 W, 30 %
2026/09/30 01:50:33.547, 54, 2040 MHz, 43.54 W, 33 %
2026/09/30 01:50:34.547, 54, 2040 MHz, 44.07 W, 30 %
2026/09/30 01:50:35.547, 54, 2040 MHz, 43.95 W, 32 %
2026/09/30 01:50:36.547, 54, 2040 MHz, 44.83 W, 33 %
2026/09/30 01:50:37.547, 54, 2040 MHz, 44.52 W, 30 %
2026/09/30 01:50:38.548, 54, 2040 MHz, 43.73 W, 32 %
2026/09/30 01:50:39.548, 52, 2040 MHz, 39.77 W, 0 %
2026/09/30 01:50:40.548, 52, 2040 MHz, 29.49 W, 0 %
2026/09/30 01:50:41.548, 52, 2040 MHz, 29.21 W, 0 %
2026/09/30 01:50:42.548, 51, 2040 MHz, 29.14 W, 0 %
2026/09/30 01:50:43.548, 51, 2040 MHz, 29.15 W, 0 %
2026/09/30 01:50:44.549, 51, 2040 MHz, 29.09 W, 0 %
2026/09/30 01:50:45.549, 51, 2040 MHz, 29.08 W, 0 %
2026/09/30 01:50:46.549, 51, 2040 MHz, 29.05 W, 0 %
2026/09/30 01:50:47.549, 50, 2040 MHz, 29.05 W, 0 %
2026/09/30 01:50:48.549, 50, 2040 MHz, 29.04 W, 0 %
2026/09/30 01:50:49.549, 51, 2040 MHz, 31.98 W, 48 %
2026/09/30 01:50:50.550, 51, 2040 MHz, 52.10 W, 0 %
2026/09/30 01:50:51.550, 51, 2040 MHz, 37.22 W, 33 %
2026/09/30 01:50:52.550, 52, 2040 MHz, 44.35 W, 30 %
2026/09/30 01:50:53.550, 52, 2040 MHz, 43.81 W, 30 %
2026/09/30 01:50:54.550, 52, 2040 MHz, 43.42 W, 33 %
2026/09/30 01:50:55.550, 52, 2040 MHz, 43.35 W, 30 %
2026/09/30 01:50:56.550, 52, 2040 MHz, 43.75 W, 33 %
2026/09/30 01:50:57.550, 52, 2040 MHz, 44.96 W, 33 %
2026/09/30 01:50:58.551, 52, 2040 MHz, 43.86 W, 30 %
2026/09/30 01:50:59.551, 52, 2040 MHz, 43.96 W, 33 %
2026/09/30 01:51:00.551, 52, 2040 MHz, 44.54 W, 31 %
2026/09/30 01:51:01.551, 52, 2040 MHz, 43.53 W, 30 %
2026/09/30 01:51:02.551, 52, 2040 MHz, 44.09 W, 33 %
2026/09/30 01:51:03.551, 52, 2040 MHz, 44.85 W, 30 %
2026/09/30 01:51:04.551, 52, 2040 MHz, 44.27 W, 30 %
2026/09/30 01:51:05.551, 52, 2040 MHz, 43.91 W, 32 %
2026/09/30 01:51:06.552, 52, 2040 MHz, 43.12 W, 33 %
2026/09/30 01:51:07.552, 51, 2040 MHz, 32.36 W, 0 %
2026/09/30 01:51:08.552, 51, 2040 MHz, 29.78 W, 0 %
2026/09/30 01:51:09.552, 50, 2040 MHz, 29.01 W, 0 %
2026/09/30 01:51:10.552, 50, 2040 MHz, 29.04 W, 0 %
2026/09/30 01:51:11.552, 50, 2040 MHz, 29.46 W, 2 %
2026/09/30 01:51:12.552, 53, 1965 MHz, 50.82 W, 61 %
2026/09/30 01:51:13.553, 51, 2040 MHz, 42.12 W, 9 %
2026/09/30 01:51:14.553, 52, 2040 MHz, 42.69 W, 33 %
2026/09/30 01:51:15.553, 52, 2040 MHz, 44.26 W, 30 %
2026/09/30 01:51:16.553, 52, 2040 MHz, 42.58 W, 33 %
2026/09/30 01:51:17.553, 52, 2040 MHz, 44.23 W, 33 %
2026/09/30 01:51:18.553, 52, 2040 MHz, 42.53 W, 31 %
2026/09/30 01:51:19.553, 52, 2040 MHz, 45.28 W, 31 %
2026/09/30 01:51:20.553, 52, 2040 MHz, 43.78 W, 33 %
2026/09/30 01:51:21.554, 52, 2040 MHz, 43.64 W, 33 %
2026/09/30 01:51:22.554, 52, 2040 MHz, 42.86 W, 31 %
2026/09/30 01:51:23.554, 52, 2040 MHz, 42.90 W, 31 %
2026/09/30 01:51:24.554, 52, 2040 MHz, 43.30 W, 30 %
2026/09/30 01:51:25.554, 53, 2040 MHz, 44.45 W, 32 %
2026/09/30 01:51:26.554, 53, 2040 MHz, 42.33 W, 33 %
2026/09/30 01:51:27.554, 53, 2040 MHz, 43.71 W, 33 %
2026/09/30 01:51:28.554, 53, 2040 MHz, 43.33 W, 31 %
2026/09/30 01:51:29.555, 52, 2040 MHz, 35.01 W, 0 %
2026/09/30 01:51:30.555, 52, 2040 MHz, 29.49 W, 0 %
2026/09/30 01:51:31.555, 51, 2040 MHz, 29.17 W, 0 %
2026/09/30 01:51:32.555, 51, 2040 MHz, 29.09 W, 0 %
2026/09/30 01:51:33.555, 51, 2040 MHz, 29.10 W, 0 %
2026/09/30 01:51:34.555, 51, 2040 MHz, 29.10 W, 0 %
2026/09/30 01:51:35.556, 51, 2040 MHz, 29.14 W, 0 %
2026/09/30 01:51:36.556, 51, 2040 MHz, 29.14 W, 0 %
2026/09/30 01:51:37.556, 51, 2040 MHz, 29.09 W, 0 %
2026/09/30 01:51:38.556, 51, 2040 MHz, 29.13 W, 0 %
2026/09/30 01:51:39.556, 53, 2040 MHz, 39.79 W, 65 %
2026/09/30 01:51:40.556, 52, 2040 MHz, 48.32 W, 0 %
2026/09/30 01:51:41.557, 53, 2040 MHz, 39.67 W, 30 %
2026/09/30 01:51:42.557, 53, 2040 MHz, 44.42 W, 30 %
2026/09/30 01:51:43.557, 53, 2040 MHz, 45.27 W, 30 %
2026/09/30 01:51:44.557, 53, 2040 MHz, 43.63 W, 31 %
2026/09/30 01:51:45.557, 53, 2040 MHz, 42.29 W, 33 %
2026/09/30 01:51:46.557, 54, 2040 MHz, 43.06 W, 32 %
2026/09/30 01:51:47.557, 54, 2040 MHz, 43.92 W, 32 %
2026/09/30 01:51:48.557, 54, 2040 MHz, 44.88 W, 33 %
2026/09/30 01:51:49.557, 54, 2040 MHz, 45.96 W, 33 %
2026/09/30 01:51:50.558, 54, 2040 MHz, 46.29 W, 33 %
2026/09/30 01:51:51.558, 54, 2040 MHz, 44.86 W, 30 %
2026/09/30 01:51:52.558, 54, 2040 MHz, 42.58 W, 30 %
2026/09/30 01:51:53.558, 55, 2040 MHz, 42.68 W, 30 %
2026/09/30 01:51:54.558, 55, 2040 MHz, 43.30 W, 30 %
2026/09/30 01:51:55.558, 55, 2040 MHz, 43.84 W, 30 %
2026/09/30 01:51:56.558, 54, 2040 MHz, 38.90 W, 0 %
