2026/09/29 23:59:40.509, 345, 2619, 90.31, 31, 0x0000000000000001
2026/09/29 23:59:40.766, 345, 2619, 90.15, 31, 0x0000000000000001
2026/09/29 23:59:41.016, 345, 2619, 89.93, 31, 0x0000000000000001
2026/09/29 23:59:41.267, 345, 2619, 89.86, 31, 0x0000000000000001
2026/09/29 23:59:41.517, 345, 2619, 89.94, 31, 0x0000000000000001
2026/09/29 23:59:41.767, 345, 2619, 89.97, 31, 0x0000000000000001
2026/09/29 23:59:42.017, 345, 2619, 89.96, 31, 0x0000000000000001
2026/09/29 23:59:42.267, 345, 2619, 89.98, 31, 0x0000000000000001
2026/09/29 23:59:42.517, 345, 2619, 90.01, 31, 0x0000000000000001
2026/09/29 23:59:42.767, 345, 2619, 90.05, 31, 0x0000000000000001
2026/09/29 23:59:43.017, 345, 2619, 90.02, 31, 0x0000000000000001
2026/09/29 23:59:43.268, 345, 2619, 90.16, 31, 0x0000000000000001
2026/09/29 23:59:43.518, 345, 2619, 90.23, 31, 0x0000000000000001
2026/09/29 23:59:43.768, 345, 2619, 90.31, 31, 0x0000000000000001
2026/09/29 23:59:44.018, 345, 2619, 90.29, 31, 0x0000000000000001
2026/09/29 23:59:44.268, 345, 2619, 90.25, 31, 0x0000000000000001
2026/09/29 23:59:44.529, 345, 2619, 90.46, 31, 0x0000000000000001
2026/09/29 23:59:44.779, 345, 2619, 90.32, 31, 0x0000000000000001
2026/09/29 23:59:45.030, 345, 2619, 90.29, 31, 0x0000000000000001
2026/09/29 23:59:45.280, 345, 2619, 90.26, 31, 0x0000000000000001
2026/09/29 23:59:45.530, 345, 2619, 90.05, 31, 0x0000000000000001
2026/09/29 23:59:45.780, 345, 2619, 90.25, 31, 0x0000000000000001
2026/09/29 23:59:46.030, 345, 2619, 90.51, 31, 0x0000000000000001
2026/09/29 23:59:46.280, 345, 2619, 90.72, 31, 0x0000000000000001
2026/09/29 23:59:46.530, 345, 2619, 91.00, 31, 0x0000000000000001
2026/09/29 23:59:46.781, 345, 2619, 91.17, 31, 0x0000000000000001
2026/09/29 23:59:47.031, 345, 2619, 91.30, 31, 0x0000000000000001
2026/09/29 23:59:47.281, 345, 2619, 91.38, 31, 0x0000000000000001
2026/09/29 23:59:47.531, 345, 2619, 91.42, 31, 0x0000000000000001
2026/09/29 23:59:47.781, 345, 2619, 91.37, 31, 0x0000000000000001
2026/09/29 23:59:48.031, 345, 2619, 91.31, 31, 0x0000000000000001
2026/09/29 23:59:48.281, 345, 2619, 91.23, 31, 0x0000000000000001
2026/09/29 23:59:48.532, 345, 2619, 91.25, 31, 0x0000000000000001
2026/09/29 23:59:48.782, 345, 2619, 91.28, 31, 0x0000000000000001
2026/09/29 23:59:49.032, 345, 2619, 91.42, 31, 0x0000000000000001
2026/09/29 23:59:49.282, 345, 2619, 91.66, 31, 0x0000000000000001
2026/09/29 23:59:49.532, 345, 2619, 91.79, 31, 0x0000000000000001
2026/09/29 23:59:49.782, 345, 2619, 91.72, 31, 0x0000000000000001
2026/09/29 23:59:50.032, 345, 2619, 91.76, 31, 0x0000000000000001
2026/09/29 23:59:50.282, 345, 2619, 91.75, 31, 0x0000000000000001
2026/09/29 23:59:50.533, 345, 2619, 91.84, 31, 0x0000000000000001
2026/09/29 23:59:50.783, 345, 2619, 92.36, 31, 0x0000000000000001
2026/09/29 23:59:51.033, 345, 2619, 92.37, 31, 0x0000000000000001
2026/09/29 23:59:51.283, 345, 2619, 92.57, 31, 0x0000000000000001
2026/09/29 23:59:51.533, 345, 2619, 92.95, 31, 0x0000000000000001
2026/09/29 23:59:51.783, 345, 2619, 93.19, 31, 0x0000000000000001
2026/09/29 23:59:52.034, 345, 2619, 93.36, 31, 0x0000000000000001
2026/09/29 23:59:52.284, 345, 2619, 93.52, 31, 0x0000000000000001
2026/09/29 23:59:52.534, 345, 2619, 93.10, 31, 0x0000000000000001
2026/09/29 23:59:52.784, 345, 2619, 92.74, 31, 0x0000000000000001
2026/09/29 23:59:53.034, 345, 2619, 92.71, 31, 0x0000000000000001
2026/09/29 23:59:53.284, 345, 2619, 92.46, 31, 0x0000000000000001
2026/09/29 23:59:53.535, 345, 2619, 92.35, 31, 0x0000000000000001
2026/09/29 23:59:53.785, 345, 2619, 92.58, 31, 0x0000000000000001
2026/09/29 23:59:54.035, 345, 2619, 92.77, 31, 0x0000000000000001
2026/09/29 23:59:54.285, 345, 2619, 92.72, 31, 0x0000000000000001
2026/09/29 23:59:54.535, 345, 2619, 92.59, 31, 0x0000000000000001
2026/09/29 23:59:54.785, 345, 2619, 92.20, 31, 0x0000000000000001
2026/09/29 23:59:55.036, 345, 2619, 91.85, 31, 0x0000000000000001
2026/09/29 23:59:55.286, 345, 2619, 91.68, 31, 0x0000000000000001
2026/09/29 23:59:55.536, 345, 2619, 91.66, 31, 0x0000000000000001
2026/09/29 23:59:55.786, 345, 2619, 91.48, 31, 0x0000000000000001
2026/09/29 23:59:56.036, 345, 2619, 91.69, 31, 0x0000000000000001
2026/09/29 23:59:56.286, 345, 2619, 91.58, 31, 0x0000000000000001
2026/09/29 23:59:56.537, 345, 2619, 91.73, 31, 0x0000000000000001
2026/09/29 23:59:56.787, 345, 2619, 91.79, 31, 0x0000000000000001
2026/09/29 23:59:57.037, 345, 2619, 91.44, 31, 0x0000000000000001
2026/09/29 23:59:57.287, 345, 2619, 91.41, 31, 0x0000000000000001
2026/09/29 23:59:57.537, 345, 2619, 91.61, 31, 0x0000000000000001
2026/09/29 23:59:57.787, 345, 2619, 91.71, 31, 0x0000000000000001
2026/09/29 23:59:58.038, 345, 2619, 91.69, 31, 0x0000000000000001
2026/09/29 23:59:58.288, 345, 2619, 91.71, 31, 0x0000000000000001
2026/09/29 23:59:58.538, 345, 2619, 91.46, 31, 0x0000000000000001
2026/09/29 23:59:58.788, 345, 2619, 91.42, 31, 0x0000000000000001
2026/09/29 23:59:59.038, 345, 2619, 91.42, 31, 0x0000000000000001
2026/09/29 23:59:59.288, 345, 2619, 91.72, 31, 0x0000000000000001
2026/09/29 23:59:59.539, 345, 2619, 91.60, 31, 0x0000000000000001
2026/09/29 23:59:59.789, 345, 2619, 91.44, 31, 0x0000000000000001
2026/09/30 00:00:00.039, 345, 2619, 91.45, 31, 0x0000000000000001
2026/09/30 00:00:00.289, 345, 2619, 91.13, 31, 0x0000000000000001
2026/09/30 00:00:00.539, 345, 2619, 91.22, 31, 0x0000000000000001
2026/09/30 00:00:00.789, 345, 2619, 91.22, 31, 0x0000000000000001
2026/09/30 00:00:01.040, 345, 2619, 91.34, 31, 0x0000000000000001
2026/09/30 00:00:01.290, 345, 2619, 91.37, 31, 0x0000000000000001
2026/09/30 00:00:01.540, 345, 2619, 91.46, 31, 0x0000000000000001
2026/09/30 00:00:01.790, 345, 2619, 91.46, 31, 0x0000000000000001
2026/09/30 00:00:02.040, 345, 2619, 91.33, 31, 0x0000000000000001
2026/09/30 00:00:02.290, 345, 2619, 91.28, 31, 0x0000000000000001
2026/09/30 00:00:02.541, 345, 2619, 91.20, 31, 0x0000000000000001
2026/09/30 00:00:02.791, 345, 2619, 91.39, 31, 0x0000000000000001
2026/09/30 00:00:03.041, 345, 2619, 91.33, 31, 0x0000000000000001
2026/09/30 00:00:03.291, 345, 2619, 91.19, 31, 0x0000000000000001
2026/09/30 00:00:03.541, 345, 2619, 90.97, 31, 0x0000000000000001
2026/09/30 00:00:03.791, 345, 2619, 90.58, 31, 0x0000000000000001
2026/09/30 00:00:04.041, 345, 2619, 90.53, 31, 0x0000000000000001
2026/09/30 00:00:04.292, 345, 2619, 90.47, 31, 0x0000000000000001
2026/09/30 00:00:04.542, 345, 2619, 90.53, 31, 0x0000000000000001
2026/09/30 00:00:04.792, 345, 2619, 90.72, 31, 0x0000000000000001
2026/09/30 00:00:05.042, 345, 2619, 90.73, 31, 0x0000000000000001
2026/09/30 00:00:05.292, 345, 2619, 90.95, 31, 0x0000000000000001
2026/09/30 00:00:05.542, 345, 2619, 91.00, 31, 0x0000000000000001
2026/09/30 00:00:05.792, 345, 2619, 91.00, 31, 0x0000000000000001
2026/09/30 00:00:06.042, 345, 2619, 91.08, 31, 0x0000000000000001
2026/09/30 00:00:06.293, 345, 2619, 91.14, 31, 0x0000000000000001
2026/09/30 00:00:06.543, 345, 2619, 91.17, 31, 0x0000000000000001
2026/09/30 00:00:06.793, 345, 2619, 91.35, 31, 0x0000000000000001
2026/09/30 00:00:07.043, 345, 2619, 91.46, 31, 0x0000000000000001
2026/09/30 00:00:07.293, 345, 2619, 91.82, 31, 0x0000000000000001
2026/09/30 00:00:07.543, 345, 2619, 92.13, 31, 0x0000000000000001
2026/09/30 00:00:07.793, 345, 2619, 92.69, 31, 0x0000000000000001
2026/09/30 00:00:08.043, 345, 2619, 92.93, 31, 0x0000000000000001
2026/09/30 00:00:08.293, 345, 2619, 92.71, 31, 0x0000000000000001
2026/09/30 00:00:08.544, 345, 2619, 92.62, 31, 0x0000000000000001
2026/09/30 00:00:08.794, 345, 2619, 92.56, 31, 0x0000000000000001
2026/09/30 00:00:09.044, 345, 2619, 92.47, 31, 0x0000000000000001
2026/09/30 00:00:09.294, 345, 2619, 92.73, 31, 0x0000000000000001
2026/09/30 00:00:09.544, 345, 2619, 92.84, 31, 0x0000000000000001
2026/09/30 00:00:09.794, 345, 2619, 92.99, 31, 0x0000000000000001
2026/09/30 00:00:10.045, 345, 2619, 93.27, 31, 0x0000000000000001
2026/09/30 00:00:10.295, 345, 2619, 93.57, 31, 0x0000000000000001
2026/09/30 00:00:10.545, 345, 2619, 93.57, 31, 0x0000000000000001
2026/09/30 00:00:10.795, 345, 2619, 93.49, 31, 0x0000000000000001
2026/09/30 00:00:11.045, 345, 2619, 93.42, 31, 0x0000000000000001
2026/09/30 00:00:11.295, 345, 2619, 93.50, 31, 0x0000000000000001
2026/09/30 00:00:11.546, 345, 2619, 93.68, 31, 0x0000000000000001
2026/09/30 00:00:11.796, 345, 2619, 93.89, 31, 0x0000000000000001
2026/09/30 00:00:12.046, 345, 2619, 94.05, 31, 0x0000000000000001
2026/09/30 00:00:12.296, 345, 2619, 93.99, 31, 0x0000000000000001
2026/09/30 00:00:12.546, 345, 2619, 94.12, 31, 0x0000000000000001
2026/09/30 00:00:12.796, 345, 2619, 94.27, 31, 0x0000000000000001
2026/09/30 00:00:13.046, 345, 2619, 94.83, 31, 0x0000000000000001
2026/09/30 00:00:13.297, 345, 2619, 95.50, 31, 0x0000000000000001
2026/09/30 00:00:13.547, 345, 2619, 96.06, 31, 0x0000000000000001
2026/09/30 00:00:13.797, 345, 2619, 95.72, 31, 0x0000000000000001
2026/09/30 00:00:14.047, 345, 2619, 94.72, 31, 0x0000000000000001
2026/09/30 00:00:14.297, 345, 2619, 93.30, 31, 0x0000000000000001
2026/09/30 00:00:14.547, 345, 2619, 91.90, 31, 0x0000000000000001
2026/09/30 00:00:14.798, 345, 2619, 91.33, 31, 0x0000000000000001
2026/09/30 00:00:15.048, 345, 2619, 91.57, 31, 0x0000000000000001
2026/09/30 00:00:15.298, 345, 2619, 91.99, 31, 0x0000000000000001
2026/09/30 00:00:15.548, 345, 2619, 92.14, 31, 0x0000000000000001
2026/09/30 00:00:15.798, 345, 2619, 92.02, 31, 0x0000000000000001
2026/09/30 00:00:16.049, 345, 2619, 91.89, 31, 0x0000000000000001
2026/09/30 00:00:16.299, 345, 2619, 92.07, 31, 0x0000000000000001
2026/09/30 00:00:16.549, 345, 2619, 92.33, 31, 0x0000000000000001
2026/09/30 00:00:16.799, 345, 2619, 93.33, 31, 0x0000000000000001
2026/09/30 00:00:17.049, 345, 2619, 93.47, 31, 0x0000000000000001
2026/09/30 00:00:17.299, 345, 2619, 93.13, 31, 0x0000000000000001
2026/09/30 00:00:17.550, 345, 2619, 92.75, 31, 0x0000000000000001
2026/09/30 00:00:17.800, 345, 2619, 92.01, 31, 0x0000000000000001
2026/09/30 00:00:18.050, 345, 2619, 91.68, 31, 0x0000000000000001
2026/09/30 00:00:18.300, 345, 2619, 91.62, 31, 0x0000000000000001
2026/09/30 00:00:18.550, 345, 2619, 91.90, 31, 0x0000000000000001
2026/09/30 00:00:18.800, 345, 2619, 91.79, 31, 0x0000000000000001
2026/09/30 00:00:19.051, 345, 2619, 91.76, 31, 0x0000000000000001
2026/09/30 00:00:19.301, 345, 2619, 91.80, 31, 0x0000000000000001
2026/09/30 00:00:19.551, 345, 2619, 91.56, 31, 0x0000000000000001
2026/09/30 00:00:19.801, 345, 2619, 91.66, 31, 0x0000000000000001
2026/09/30 00:00:20.051, 345, 2619, 92.05, 31, 0x0000000000000001
2026/09/30 00:00:20.301, 345, 2619, 92.18, 31, 0x0000000000000001
2026/09/30 00:00:20.552, 345, 2619, 92.10, 31, 0x0000000000000001
2026/09/30 00:00:20.802, 345, 2619, 91.81, 31, 0x0000000000000001
2026/09/30 00:00:21.052, 345, 2619, 91.36, 31, 0x0000000000000001
2026/09/30 00:00:21.302, 345, 2619, 91.13, 31, 0x0000000000000001
2026/09/30 00:00:21.552, 345, 2619, 91.31, 31, 0x0000000000000001
2026/09/30 00:00:21.803, 345, 2619, 91.38, 31, 0x0000000000000001
2026/09/30 00:00:22.053, 345, 2619, 91.50, 31, 0x0000000000000001
2026/09/30 00:00:22.303, 345, 2619, 91.50, 31, 0x0000000000000001
2026/09/30 00:00:22.553, 345, 2619, 91.36, 31, 0x0000000000000001
2026/09/30 00:00:22.803, 345, 2619, 91.28, 31, 0x0000000000000001
2026/09/30 00:00:23.053, 345, 2619, 91.11, 31, 0x0000000000000001
2026/09/30 00:00:23.304, 345, 2619, 90.90, 31, 0x0000000000000001
2026/09/30 00:00:23.554, 345, 2619, 90.85, 31, 0x0000000000000001
2026/09/30 00:00:23.804, 345, 2619, 91.17, 31, 0x0000000000000001
2026/09/30 00:00:24.054, 345, 2619, 91.44, 31, 0x0000000000000001
2026/09/30 00:00:24.304, 345, 2619, 91.81, 31, 0x0000000000000001
2026/09/30 00:00:24.554, 345, 2619, 92.10, 31, 0x0000000000000001
2026/09/30 00:00:24.805, 345, 2619, 92.75, 31, 0x0000000000000001
2026/09/30 00:00:25.055, 345, 2619, 92.79, 31, 0x0000000000000001
2026/09/30 00:00:25.305, 345, 2619, 92.94, 31, 0x0000000000000001
2026/09/30 00:00:25.555, 345, 2619, 92.77, 31, 0x0000000000000001
2026/09/30 00:00:25.805, 345, 2619, 92.04, 31, 0x0000000000000001
2026/09/30 00:00:26.055, 345, 2619, 91.82, 31, 0x0000000000000001
2026/09/30 00:00:26.306, 345, 2619, 91.84, 31, 0x0000000000000001
2026/09/30 00:00:26.556, 345, 2619, 91.74, 31, 0x0000000000000001
2026/09/30 00:00:26.806, 345, 2619, 91.51, 31, 0x0000000000000001
2026/09/30 00:00:27.056, 345, 2619, 91.42, 31, 0x0000000000000001
2026/09/30 00:00:27.306, 345, 2619, 91.11, 31, 0x0000000000000001
2026/09/30 00:00:27.557, 345, 2619, 91.14, 31, 0x0000000000000001
2026/09/30 00:00:27.807, 345, 2619, 91.50, 31, 0x0000000000000001
2026/09/30 00:00:28.057, 345, 2619, 92.13, 31, 0x0000000000000001
2026/09/30 00:00:28.307, 345, 2619, 93.23, 31, 0x0000000000000001
2026/09/30 00:00:28.557, 345, 2619, 93.97, 31, 0x0000000000000001
2026/09/30 00:00:28.807, 345, 2619, 94.74, 31, 0x0000000000000001
2026/09/30 00:00:29.058, 345, 2619, 94.47, 31, 0x0000000000000001
2026/09/30 00:00:29.308, 345, 2619, 93.23, 31, 0x0000000000000001
2026/09/30 00:00:29.558, 345, 2619, 92.39, 31, 0x0000000000000001
2026/09/30 00:00:29.808, 345, 2619, 91.16, 31, 0x0000000000000001
2026/09/30 00:00:30.058, 345, 2619, 90.81, 31, 0x0000000000000001
2026/09/30 00:00:30.309, 345, 2619, 91.76, 31, 0x0000000000000001
2026/09/30 00:00:30.559, 345, 2619, 92.75, 31, 0x0000000000000001
2026/09/30 00:00:30.809, 345, 2619, 94.39, 31, 0x0000000000000001
2026/09/30 00:00:31.059, 345, 2619, 95.27, 31, 0x0000000000000001
2026/09/30 00:00:31.309, 345, 2619, 95.67, 31, 0x0000000000000001
2026/09/30 00:00:31.559, 345, 2619, 95.57, 31, 0x0000000000000001
2026/09/30 00:00:31.810, 345, 2619, 95.19, 31, 0x0000000000000001
2026/09/30 00:00:32.060, 345, 2619, 95.03, 31, 0x0000000000000001
2026/09/30 00:00:32.310, 345, 2619, 94.81, 31, 0x0000000000000001
2026/09/30 00:00:32.560, 345, 2619, 94.74, 31, 0x0000000000000001
2026/09/30 00:00:32.810, 345, 2619, 94.10, 31, 0x0000000000000001
2026/09/30 00:00:33.061, 345, 2619, 93.77, 31, 0x0000000000000001
2026/09/30 00:00:33.311, 345, 2619, 93.03, 31, 0x0000000000000001
2026/09/30 00:00:33.561, 345, 2619, 92.36, 31, 0x0000000000000001
2026/09/30 00:00:33.811, 345, 2619, 92.03, 31, 0x0000000000000001
2026/09/30 00:00:34.061, 345, 2619, 91.54, 31, 0x0000000000000001
2026/09/30 00:00:34.398, 345, 2619, 91.47, 31, 0x0000000000000001
2026/09/30 00:00:34.648, 345, 2619, 91.51, 31, 0x0000000000000001
2026/09/30 00:00:34.899, 345, 2619, 91.55, 31, 0x0000000000000001
2026/09/30 00:00:35.149, 345, 2619, 91.69, 31, 0x0000000000000001
2026/09/30 00:00:35.399, 345, 2619, 91.45, 31, 0x0000000000000001
2026/09/30 00:00:35.649, 345, 2619, 91.58, 31, 0x0000000000000001
2026/09/30 00:00:35.899, 345, 2619, 92.15, 31, 0x0000000000000001
2026/09/30 00:00:36.149, 345, 2619, 92.18, 31, 0x0000000000000001
2026/09/30 00:00:36.400, 345, 2619, 92.31, 31, 0x0000000000000001
2026/09/30 00:00:36.650, 345, 2619, 92.05, 31, 0x0000000000000001
2026/09/30 00:00:36.900, 345, 2619, 91.66, 31, 0x0000000000000001
2026/09/30 00:00:37.150, 345, 2619, 91.65, 31, 0x0000000000000001
2026/09/30 00:00:37.400, 345, 2619, 91.41, 31, 0x0000000000000001
2026/09/30 00:00:37.650, 345, 2619, 91.37, 31, 0x0000000000000001
2026/09/30 00:00:37.901, 345, 2619, 91.31, 31, 0x0000000000000001
2026/09/30 00:00:38.151, 345, 2619, 91.26, 31, 0x0000000000000001
2026/09/30 00:00:38.401, 345, 2619, 91.23, 31, 0x0000000000000001
2026/09/30 00:00:38.651, 345, 2619, 91.13, 31, 0x0000000000000001
2026/09/30 00:00:38.901, 345, 2619, 91.40, 31, 0x0000000000000001
2026/09/30 00:00:39.152, 345, 2619, 91.44, 31, 0x0000000000000001
2026/09/30 00:00:39.402, 345, 2619, 91.61, 31, 0x0000000000000001
2026/09/30 00:00:39.652, 345, 2619, 91.82, 31, 0x0000000000000001
2026/09/30 00:00:39.902, 345, 2619, 91.35, 31, 0x0000000000000001
2026/09/30 00:00:40.152, 345, 2619, 91.37, 31, 0x0000000000000001
2026/09/30 00:00:40.402, 345, 2619, 91.35, 31, 0x0000000000000001
2026/09/30 00:00:40.653, 345, 2619, 91.19, 31, 0x0000000000000001
2026/09/30 00:00:40.903, 345, 2619, 91.13, 31, 0x0000000000000001
2026/09/30 00:00:41.153, 345, 2619, 91.22, 31, 0x0000000000000001
2026/09/30 00:00:41.403, 345, 2619, 91.29, 31, 0x0000000000000001
2026/09/30 00:00:41.653, 345, 2619, 91.17, 31, 0x0000000000000001
2026/09/30 00:00:41.904, 345, 2619, 91.18, 31, 0x0000000000000001
2026/09/30 00:00:42.154, 345, 2619, 90.97, 31, 0x0000000000000001
2026/09/30 00:00:42.404, 345, 2619, 90.84, 31, 0x0000000000000001
2026/09/30 00:00:42.654, 345, 2619, 90.86, 31, 0x0000000000000001
2026/09/30 00:00:42.904, 345, 2619, 91.13, 31, 0x0000000000000001
2026/09/30 00:00:43.154, 345, 2619, 91.46, 31, 0x0000000000000001
2026/09/30 00:00:43.405, 345, 2619, 91.72, 31, 0x0000000000000001
2026/09/30 00:00:43.655, 345, 2619, 91.89, 31, 0x0000000000000001
2026/09/30 00:00:43.905, 345, 2619, 91.60, 31, 0x0000000000000001
2026/09/30 00:00:44.155, 345, 2619, 91.28, 31, 0x0000000000000001
2026/09/30 00:00:44.405, 345, 2619, 91.06, 31, 0x0000000000000001
2026/09/30 00:00:44.655, 345, 2619, 90.92, 31, 0x0000000000000001
2026/09/30 00:00:44.906, 345, 2619, 91.02, 31, 0x0000000000000001
2026/09/30 00:00:45.156, 345, 2619, 90.93, 31, 0x0000000000000001
2026/09/30 00:00:45.406, 345, 2619, 91.07, 31, 0x0000000000000001
2026/09/30 00:00:45.656, 345, 2619, 91.14, 31, 0x0000000000000001
2026/09/30 00:00:45.906, 345, 2619, 91.05, 31, 0x0000000000000001
2026/09/30 00:00:46.157, 345, 2619, 91.07, 31, 0x0000000000000001
2026/09/30 00:00:46.407, 345, 2619, 90.78, 31, 0x0000000000000001
2026/09/30 00:00:46.657, 345, 2619, 90.68, 31, 0x0000000000000001
2026/09/30 00:00:46.907, 345, 2619, 90.69, 31, 0x0000000000000001
2026/09/30 00:00:47.157, 345, 2619, 90.50, 31, 0x0000000000000001
2026/09/30 00:00:47.407, 345, 2619, 90.40, 31, 0x0000000000000001
2026/09/30 00:00:47.657, 345, 2619, 90.31, 31, 0x0000000000000001
2026/09/30 00:00:47.907, 345, 2619, 90.14, 31, 0x0000000000000001
2026/09/30 00:00:48.158, 345, 2619, 90.16, 31, 0x0000000000000001
2026/09/30 00:00:48.408, 345, 2619, 90.25, 31, 0x0000000000000001
2026/09/30 00:00:48.658, 345, 2619, 90.30, 31, 0x0000000000000001
2026/09/30 00:00:48.908, 345, 2619, 90.30, 31, 0x0000000000000001
2026/09/30 00:00:49.158, 345, 2619, 90.38, 31, 0x0000000000000001
2026/09/30 00:00:49.408, 345, 2619, 90.23, 31, 0x0000000000000001
2026/09/30 00:00:49.658, 345, 2619, 90.18, 31, 0x0000000000000001
2026/09/30 00:00:49.908, 345, 2619, 90.06, 31, 0x0000000000000001
2026/09/30 00:00:50.158, 345, 2619, 90.04, 31, 0x0000000000000001
2026/09/30 00:00:50.408, 345, 2619, 90.01, 31, 0x0000000000000001
2026/09/30 00:00:50.659, 345, 2619, 89.95, 31, 0x0000000000000001
2026/09/30 00:00:50.909, 345, 2619, 90.03, 31, 0x0000000000000001
2026/09/30 00:00:51.159, 345, 2619, 90.06, 31, 0x0000000000000001
2026/09/30 00:00:51.409, 345, 2619, 90.17, 31, 0x0000000000000001
2026/09/30 00:00:51.659, 345, 2619, 90.23, 31, 0x0000000000000001
2026/09/30 00:00:51.909, 345, 2619, 90.27, 31, 0x0000000000000001
2026/09/30 00:00:52.159, 345, 2619, 90.14, 31, 0x0000000000000001
2026/09/30 00:00:52.409, 345, 2619, 90.07, 31, 0x0000000000000001
2026/09/30 00:00:52.660, 345, 2619, 90.05, 31, 0x0000000000000001
2026/09/30 00:00:52.910, 345, 2619, 89.95, 31, 0x0000000000000001
2026/09/30 00:00:53.160, 345, 2619, 89.97, 31, 0x0000000000000001
2026/09/30 00:00:53.410, 345, 2619, 90.06, 31, 0x0000000000000001
2026/09/30 00:00:53.660, 345, 2619, 89.98, 31, 0x0000000000000001
2026/09/30 00:00:53.910, 345, 2619, 90.10, 31, 0x0000000000000001
2026/09/30 00:00:54.160, 345, 2619, 90.22, 31, 0x0000000000000001
2026/09/30 00:00:54.411, 345, 2619, 90.21, 31, 0x0000000000000001
2026/09/30 00:00:54.661, 345, 2619, 90.27, 31, 0x0000000000000001
2026/09/30 00:00:54.911, 345, 2619, 90.33, 31, 0x0000000000000001
2026/09/30 00:00:55.161, 345, 2619, 90.18, 31, 0x0000000000000001
2026/09/30 00:00:55.411, 345, 2619, 90.09, 31, 0x0000000000000001
2026/09/30 00:00:55.661, 345, 2619, 90.10, 31, 0x0000000000000001
2026/09/30 00:00:55.911, 345, 2619, 90.04, 31, 0x0000000000000001
2026/09/30 00:00:56.162, 345, 2619, 90.16, 31, 0x0000000000000001
2026/09/30 00:00:56.412, 345, 2619, 90.19, 31, 0x0000000000000001
2026/09/30 00:00:56.662, 345, 2619, 90.21, 31, 0x0000000000000001
2026/09/30 00:00:56.912, 345, 2619, 90.19, 31, 0x0000000000000001
2026/09/30 00:00:57.162, 345, 2619, 90.15, 31, 0x0000000000000001
2026/09/30 00:00:57.412, 345, 2619, 90.04, 31, 0x0000000000000001
2026/09/30 00:00:57.662, 345, 2619, 89.99, 31, 0x0000000000000001
2026/09/30 00:00:57.912, 345, 2619, 89.96, 31, 0x0000000000000001
2026/09/30 00:00:58.163, 345, 2619, 90.01, 31, 0x0000000000000001
2026/09/30 00:00:58.413, 345, 2619, 90.05, 31, 0x0000000000000001
2026/09/30 00:00:58.663, 345, 2619, 90.05, 31, 0x0000000000000001
2026/09/30 00:00:58.913, 345, 2619, 90.08, 31, 0x0000000000000001
2026/09/30 00:00:59.163, 345, 2619, 89.99, 31, 0x0000000000000001
2026/09/30 00:00:59.413, 345, 2619, 90.01, 31, 0x0000000000000001
2026/09/30 00:00:59.663, 345, 2619, 90.10, 31, 0x0000000000000001
2026/09/30 00:00:59.913, 345, 2619, 90.08, 31, 0x0000000000000001
2026/09/30 00:01:00.163, 345, 2619, 90.10, 31, 0x0000000000000001
2026/09/30 00:01:00.414, 345, 2619, 90.12, 31, 0x0000000000000001
2026/09/30 00:01:00.664, 345, 2619, 90.05, 31, 0x0000000000000001
2026/09/30 00:01:00.914, 345, 2619, 90.08, 31, 0x0000000000000001
2026/09/30 00:01:01.164, 345, 2619, 90.07, 31, 0x0000000000000001
2026/09/30 00:01:01.414, 345, 2619, 89.99, 31, 0x0000000000000001
2026/09/30 00:01:01.664, 345, 2619, 90.09, 31, 0x0000000000000001
2026/09/30 00:01:01.914, 345, 2619, 90.04, 31, 0x0000000000000001
2026/09/30 00:01:02.164, 345, 2619, 90.08, 31, 0x0000000000000001
2026/09/30 00:01:02.414, 345, 2619, 90.21, 31, 0x0000000000000001
2026/09/30 00:01:02.665, 345, 2619, 90.23, 31, 0x0000000000000001
2026/09/30 00:01:02.915, 345, 2619, 90.32, 31, 0x0000000000000001
2026/09/30 00:01:03.165, 345, 2619, 90.33, 31, 0x0000000000000001
2026/09/30 00:01:03.415, 345, 2619, 90.26, 31, 0x0000000000000001
2026/09/30 00:01:03.665, 345, 2619, 90.22, 31, 0x0000000000000001
2026/09/30 00:01:03.915, 345, 2619, 90.06, 31, 0x0000000000000001
2026/09/30 00:01:04.165, 345, 2619, 90.08, 31, 0x0000000000000001
2026/09/30 00:01:04.415, 345, 2619, 90.09, 31, 0x0000000000000001
2026/09/30 00:01:04.665, 345, 2619, 90.02, 31, 0x0000000000000001
2026/09/30 00:01:04.915, 345, 2619, 89.98, 31, 0x0000000000000001
2026/09/30 00:01:05.166, 345, 2619, 90.03, 31, 0x0000000000000001
2026/09/30 00:01:05.416, 345, 2619, 89.98, 31, 0x0000000000000001
2026/09/30 00:01:05.666, 345, 2619, 90.00, 31, 0x0000000000000001
2026/09/30 00:01:05.916, 345, 2619, 90.07, 31, 0x0000000000000001
2026/09/30 00:01:06.166, 345, 2619, 90.03, 31, 0x0000000000000001
2026/09/30 00:01:06.416, 345, 2619, 90.09, 31, 0x0000000000000001
2026/09/30 00:01:06.666, 345, 2619, 90.14, 31, 0x0000000000000001
2026/09/30 00:01:06.916, 345, 2619, 90.15, 31, 0x0000000000000001
2026/09/30 00:01:07.166, 345, 2619, 90.04, 31, 0x0000000000000001
2026/09/30 00:01:07.416, 345, 2619, 90.04, 31, 0x0000000000000001
2026/09/30 00:01:07.667, 345, 2619, 90.00, 31, 0x0000000000000001
2026/09/30 00:01:07.917, 345, 2619, 89.96, 31, 0x0000000000000001
2026/09/30 00:01:08.167, 345, 2619, 90.00, 31, 0x0000000000000001
2026/09/30 00:01:08.417, 345, 2619, 90.00, 31, 0x0000000000000001
2026/09/30 00:01:08.667, 345, 2619, 90.05, 31, 0x0000000000000001
2026/09/30 00:01:08.917, 345, 2619, 90.17, 31, 0x0000000000000001
2026/09/30 00:01:09.167, 345, 2619, 90.18, 31, 0x0000000000000001
2026/09/30 00:01:09.417, 345, 2619, 90.12, 31, 0x0000000000000001
2026/09/30 00:01:09.667, 345, 2619, 89.99, 31, 0x0000000000000001
2026/09/30 00:01:09.917, 345, 2619, 89.87, 31, 0x0000000000000001
2026/09/30 00:01:10.167, 345, 2619, 89.88, 31, 0x0000000000000001
2026/09/30 00:01:10.417, 345, 2619, 89.93, 31, 0x0000000000000001
2026/09/30 00:01:10.668, 345, 2619, 90.02, 31, 0x0000000000000001
2026/09/30 00:01:10.918, 345, 2619, 90.06, 31, 0x0000000000000001
2026/09/30 00:01:11.168, 345, 2619, 89.95, 31, 0x0000000000000001
2026/09/30 00:01:11.418, 345, 2619, 89.88, 31, 0x0000000000000001
2026/09/30 00:01:11.668, 345, 2619, 89.81, 31, 0x0000000000000001
2026/09/30 00:01:11.918, 345, 2619, 89.79, 31, 0x0000000000000001
2026/09/30 00:01:12.168, 345, 2619, 89.89, 31, 0x0000000000000001
2026/09/30 00:01:12.418, 345, 2619, 89.99, 31, 0x0000000000000001
2026/09/30 00:01:12.668, 345, 2619, 90.07, 31, 0x0000000000000001
2026/09/30 00:01:12.920, 345, 2619, 90.14, 31, 0x0000000000000001
2026/09/30 00:01:13.170, 345, 2619, 90.23, 31, 0x0000000000000001
2026/09/30 00:01:13.421, 345, 2619, 90.28, 31, 0x0000000000000001
2026/09/30 00:01:13.671, 345, 2619, 90.36, 31, 0x0000000000000001
2026/09/30 00:01:13.921, 1980, 2619, 96.26, 32, 0x0000000000000000
2026/09/30 00:01:14.171, 1980, 2619, 105.71, 33, 0x0000000000000000
2026/09/30 00:01:14.421, 1980, 2619, 121.10, 33, 0x0000000000000000
2026/09/30 00:01:14.671, 1980, 2619, 135.96, 34, 0x0000000000000000
2026/09/30 00:01:14.921, 1980, 2619, 158.12, 35, 0x0000000000000000
2026/09/30 00:01:15.171, 1980, 2619, 171.34, 36, 0x0000000000000000
2026/09/30 00:01:15.422, 1980, 2619, 169.47, 34, 0x0000000000000000
2026/09/30 00:01:15.672, 1980, 2619, 165.40, 34, 0x0000000000000000
2026/09/30 00:01:15.922, 1980, 2619, 162.73, 34, 0x0000000000000000
2026/09/30 00:01:16.172, 1980, 2619, 149.92, 34, 0x0000000000000000
2026/09/30 00:01:16.422, 1980, 2619, 149.09, 34, 0x0000000000000000
2026/09/30 00:01:16.672, 1980, 2619, 147.48, 34, 0x0000000000000000
2026/09/30 00:01:16.922, 1980, 2619, 136.23, 34, 0x0000000000000000
2026/09/30 00:01:17.172, 1980, 2619, 135.33, 34, 0x0000000000000000
2026/09/30 00:01:17.422, 1980, 2619, 135.38, 34, 0x0000000000000000
2026/09/30 00:01:17.673, 1980, 2619, 135.40, 34, 0x0000000000000000
2026/09/30 00:01:17.923, 1980, 2619, 135.41, 34, 0x0000000000000000
2026/09/30 00:01:18.173, 1980, 2619, 135.51, 34, 0x0000000000000000
2026/09/30 00:01:18.423, 1980, 2619, 135.50, 34, 0x0000000000000000
2026/09/30 00:01:18.673, 1980, 2619, 135.50, 34, 0x0000000000000000
2026/09/30 00:01:18.923, 1980, 2619, 135.45, 34, 0x0000000000000000
2026/09/30 00:01:19.173, 1980, 2619, 135.47, 34, 0x0000000000000000
2026/09/30 00:01:19.423, 1980, 2619, 135.43, 34, 0x0000000000000000
2026/09/30 00:01:19.673, 1980, 2619, 135.48, 34, 0x0000000000000000
2026/09/30 00:01:19.923, 1980, 2619, 135.47, 34, 0x0000000000000000
2026/09/30 00:01:20.174, 1980, 2619, 135.39, 34, 0x0000000000000000
2026/09/30 00:01:20.424, 1980, 2619, 135.33, 34, 0x0000000000000000
2026/09/30 00:01:20.674, 1980, 2619, 135.23, 34, 0x0000000000000000
2026/09/30 00:01:20.924, 1980, 2619, 135.25, 34, 0x0000000000000000
2026/09/30 00:01:21.174, 1980, 2619, 135.19, 34, 0x0000000000000000
2026/09/30 00:01:21.424, 1980, 2619, 135.14, 34, 0x0000000000000000
2026/09/30 00:01:21.674, 1980, 2619, 135.22, 34, 0x0000000000000000
2026/09/30 00:01:21.924, 1980, 2619, 135.19, 34, 0x0000000000000000
2026/09/30 00:01:22.174, 1980, 2619, 135.16, 34, 0x0000000000000000
2026/09/30 00:01:22.424, 1980, 2619, 135.20, 34, 0x0000000000000000
2026/09/30 00:01:22.675, 1980, 2619, 135.19, 34, 0x0000000000000000
2026/09/30 00:01:22.925, 1980, 2619, 135.28, 34, 0x0000000000000000
2026/09/30 00:01:23.175, 1980, 2619, 135.36, 34, 0x0000000000000000
2026/09/30 00:01:23.425, 1980, 2619, 135.37, 34, 0x0000000000000000
2026/09/30 00:01:23.675, 1980, 2619, 135.34, 34, 0x0000000000000000
2026/09/30 00:01:23.925, 1980, 2619, 135.26, 34, 0x0000000000000000
2026/09/30 00:01:24.175, 1980, 2619, 135.27, 34, 0x0000000000000000
2026/09/30 00:01:24.425, 1980, 2619, 135.36, 34, 0x0000000000000000
2026/09/30 00:01:24.675, 1980, 2619, 135.40, 34, 0x0000000000000000
2026/09/30 00:01:24.926, 1980, 2619, 135.34, 34, 0x0000000000000000
2026/09/30 00:01:25.176, 1980, 2619, 135.27, 34, 0x0000000000000000
2026/09/30 00:01:25.426, 1980, 2619, 135.15, 34, 0x0000000000000000
2026/09/30 00:01:25.676, 1980, 2619, 135.10, 34, 0x0000000000000000
2026/09/30 00:01:25.926, 1980, 2619, 135.15, 34, 0x0000000000000000
2026/09/30 00:01:26.176, 1980, 2619, 135.13, 34, 0x0000000000000000
2026/09/30 00:01:26.426, 1980, 2619, 135.12, 34, 0x0000000000000000
2026/09/30 00:01:26.676, 1980, 2619, 135.09, 34, 0x0000000000000000
2026/09/30 00:01:26.926, 1980, 2619, 135.14, 34, 0x0000000000000000
2026/09/30 00:01:27.177, 1980, 2619, 135.19, 34, 0x0000000000000000
2026/09/30 00:01:27.427, 1980, 2619, 135.24, 34, 0x0000000000000000
2026/09/30 00:01:27.677, 1980, 2619, 135.30, 34, 0x0000000000000000
2026/09/30 00:01:27.927, 1980, 2619, 135.25, 34, 0x0000000000000000
2026/09/30 00:01:28.177, 1980, 2619, 135.21, 34, 0x0000000000000000
2026/09/30 00:01:28.427, 1980, 2619, 135.16, 34, 0x0000000000000000
2026/09/30 00:01:28.677, 1980, 2619, 135.15, 34, 0x0000000000000000
2026/09/30 00:01:28.927, 1980, 2619, 135.13, 34, 0x0000000000000000
2026/09/30 00:01:29.177, 1980, 2619, 135.16, 34, 0x0000000000000000
2026/09/30 00:01:29.427, 1980, 2619, 135.19, 34, 0x0000000000000000
2026/09/30 00:01:29.678, 1980, 2619, 135.15, 34, 0x0000000000000000
2026/09/30 00:01:29.928, 1980, 2619, 135.25, 34, 0x0000000000000000
2026/09/30 00:01:30.178, 1980, 2619, 135.28, 34, 0x0000000000000000
2026/09/30 00:01:30.428, 1980, 2619, 135.27, 34, 0x0000000000000000
2026/09/30 00:01:30.678, 1980, 2619, 135.29, 34, 0x0000000000000000
2026/09/30 00:01:30.928, 1980, 2619, 135.32, 34, 0x0000000000000000
2026/09/30 00:01:31.178, 1980, 2619, 135.28, 34, 0x0000000000000000
2026/09/30 00:01:31.428, 1980, 2619, 135.36, 34, 0x0000000000000000
2026/09/30 00:01:31.678, 1980, 2619, 135.39, 34, 0x0000000000000000
2026/09/30 00:01:31.928, 1980, 2619, 135.27, 34, 0x0000000000000000
2026/09/30 00:01:32.178, 1980, 2619, 135.31, 34, 0x0000000000000000
2026/09/30 00:01:32.429, 1980, 2619, 135.28, 34, 0x0000000000000000
2026/09/30 00:01:32.679, 1980, 2619, 135.27, 34, 0x0000000000000000
2026/09/30 00:01:32.929, 1980, 2619, 135.35, 34, 0x0000000000000000
2026/09/30 00:01:33.179, 1980, 2619, 135.40, 34, 0x0000000000000000
2026/09/30 00:01:33.429, 1980, 2619, 135.41, 34, 0x0000000000000000
2026/09/30 00:01:33.679, 1980, 2619, 135.42, 34, 0x0000000000000000
2026/09/30 00:01:33.929, 1980, 2619, 135.40, 34, 0x0000000000000000
2026/09/30 00:01:34.179, 1980, 2619, 135.32, 34, 0x0000000000000000
2026/09/30 00:01:34.429, 1980, 2619, 135.34, 34, 0x0000000000000000
2026/09/30 00:01:34.679, 1980, 2619, 135.37, 34, 0x0000000000000000
2026/09/30 00:01:34.929, 1980, 2619, 135.35, 34, 0x0000000000000000
2026/09/30 00:01:35.179, 1980, 2619, 135.45, 34, 0x0000000000000000
2026/09/30 00:01:35.430, 1980, 2619, 135.55, 34, 0x0000000000000000
2026/09/30 00:01:35.680, 1980, 2619, 135.52, 34, 0x0000000000000000
2026/09/30 00:01:35.930, 1980, 2619, 135.51, 34, 0x0000000000000000
2026/09/30 00:01:36.180, 1980, 2619, 135.45, 34, 0x0000000000000000
2026/09/30 00:01:36.430, 1980, 2619, 135.34, 34, 0x0000000000000000
2026/09/30 00:01:36.680, 1980, 2619, 137.79, 35, 0x0000000000000000
2026/09/30 00:01:36.930, 1980, 2619, 142.52, 34, 0x0000000000000000
2026/09/30 00:01:37.180, 1980, 2619, 142.60, 34, 0x0000000000000000
2026/09/30 00:01:37.430, 1980, 2619, 142.63, 34, 0x0000000000000000
2026/09/30 00:01:37.680, 1980, 2619, 141.06, 34, 0x0000000000000000
2026/09/30 00:01:37.930, 1980, 2619, 135.60, 34, 0x0000000000000000
2026/09/30 00:01:38.180, 1980, 2619, 135.55, 34, 0x0000000000000000
2026/09/30 00:01:38.431, 1980, 2619, 135.60, 34, 0x0000000000000000
2026/09/30 00:01:38.681, 1980, 2619, 135.68, 34, 0x0000000000000000
2026/09/30 00:01:38.931, 1980, 2619, 135.60, 34, 0x0000000000000000
2026/09/30 00:01:39.181, 1980, 2619, 135.59, 34, 0x0000000000000000
2026/09/30 00:01:39.431, 1980, 2619, 135.56, 34, 0x0000000000000000
2026/09/30 00:01:39.681, 1980, 2619, 135.59, 34, 0x0000000000000000
2026/09/30 00:01:39.931, 1980, 2619, 135.64, 34, 0x0000000000000000
2026/09/30 00:01:40.181, 1980, 2619, 135.67, 34, 0x0000000000000000
2026/09/30 00:01:40.431, 1980, 2619, 135.72, 34, 0x0000000000000000
2026/09/30 00:01:40.681, 1980, 2619, 135.70, 34, 0x0000000000000000
2026/09/30 00:01:40.931, 1980, 2619, 139.86, 35, 0x0000000000000000
2026/09/30 00:01:41.181, 1980, 2619, 140.21, 34, 0x0000000000000000
2026/09/30 00:01:41.431, 1980, 2619, 146.79, 35, 0x0000000000000000
2026/09/30 00:01:41.682, 1980, 2619, 147.04, 34, 0x0000000000000000
2026/09/30 00:01:41.932, 1980, 2619, 143.19, 34, 0x0000000000000000
2026/09/30 00:01:42.182, 1980, 2619, 143.68, 34, 0x0000000000000000
2026/09/30 00:01:42.432, 1980, 2619, 138.35, 34, 0x0000000000000000
2026/09/30 00:01:42.682, 1980, 2619, 138.95, 34, 0x0000000000000000
2026/09/30 00:01:42.932, 1980, 2619, 139.92, 34, 0x0000000000000000
2026/09/30 00:01:43.182, 1980, 2619, 139.99, 34, 0x0000000000000000
2026/09/30 00:01:43.432, 1980, 2619, 139.90, 34, 0x0000000000000000
2026/09/30 00:01:43.682, 1980, 2619, 139.79, 34, 0x0000000000000000
2026/09/30 00:01:43.932, 1980, 2619, 139.83, 34, 0x0000000000000000
2026/09/30 00:01:44.183, 1980, 2619, 139.43, 34, 0x0000000000000000
2026/09/30 00:01:44.433, 1980, 2619, 138.09, 34, 0x0000000000000000
2026/09/30 00:01:44.683, 1980, 2619, 137.30, 34, 0x0000000000000000
2026/09/30 00:01:44.933, 1980, 2619, 136.00, 34, 0x0000000000000000
2026/09/30 00:01:45.183, 1980, 2619, 135.66, 34, 0x0000000000000000
2026/09/30 00:01:45.433, 1980, 2619, 135.93, 34, 0x0000000000000000
2026/09/30 00:01:45.683, 1980, 2619, 136.49, 34, 0x0000000000000000
2026/09/30 00:01:45.933, 1980, 2619, 137.79, 34, 0x0000000000000000
2026/09/30 00:01:46.183, 1980, 2619, 138.53, 34, 0x0000000000000000
2026/09/30 00:01:46.433, 1980, 2619, 139.54, 34, 0x0000000000000000
2026/09/30 00:01:46.684, 1980, 2619, 139.87, 34, 0x0000000000000000
2026/09/30 00:01:46.934, 1980, 2619, 139.85, 34, 0x0000000000000000
2026/09/30 00:01:47.184, 1980, 2619, 146.98, 35, 0x0000000000000000
2026/09/30 00:01:47.434, 1980, 2619, 150.23, 35, 0x0000000000000000
2026/09/30 00:01:47.684, 1980, 2619, 148.91, 35, 0x0000000000000000
2026/09/30 00:01:47.934, 1980, 2619, 148.32, 34, 0x0000000000000000
2026/09/30 00:01:48.184, 1980, 2619, 140.10, 34, 0x0000000000000000
2026/09/30 00:01:48.434, 1980, 2619, 135.88, 34, 0x0000000000000000
2026/09/30 00:01:48.684, 1980, 2619, 135.81, 34, 0x0000000000000000
2026/09/30 00:01:48.934, 1980, 2619, 135.71, 34, 0x0000000000000000
2026/09/30 00:01:49.185, 1980, 2619, 170.67, 37, 0x0000000000000000
2026/09/30 00:01:49.435, 1980, 2619, 235.40, 39, 0x0000000000000000
2026/09/30 00:01:49.685, 1980, 2619, 265.62, 41, 0x0000000000000000
2026/09/30 00:01:49.935, 1980, 2619, 300.49, 39, 0x0000000000000000
2026/09/30 00:01:50.185, 1980, 2619, 316.24, 40, 0x0000000000000000
2026/09/30 00:01:50.435, 1980, 2619, 353.42, 45, 0x0000000000000000
2026/09/30 00:01:50.685, 1980, 2619, 381.87, 44, 0x0000000000000000
2026/09/30 00:01:50.935, 1980, 2619, 427.19, 47, 0x0000000000000000
2026/09/30 00:01:51.185, 1980, 2619, 412.39, 43, 0x0000000000000000
2026/09/30 00:01:51.435, 1980, 2619, 379.68, 43, 0x0000000000000000
2026/09/30 00:01:51.685, 1980, 2619, 372.00, 44, 0x0000000000000000
2026/09/30 00:01:51.935, 1980, 2619, 377.23, 45, 0x0000000000000000
2026/09/30 00:01:52.186, 1980, 2619, 425.10, 46, 0x0000000000000000
2026/09/30 00:01:52.436, 1965, 2619, 460.36, 50, 0x0000000000000004
2026/09/30 00:01:52.686, 1920, 2619, 509.71, 48, 0x0000000000000004
2026/09/30 00:01:52.936, 1965, 2619, 501.19, 44, 0x0000000000000004
2026/09/30 00:01:53.186, 1980, 2619, 469.67, 44, 0x0000000000000000
2026/09/30 00:01:53.436, 1980, 2619, 449.61, 45, 0x0000000000000000
2026/09/30 00:01:53.686, 1980, 2619, 399.92, 42, 0x0000000000000000
2026/09/30 00:01:53.936, 1860, 2619, 418.99, 48, 0x0000000000000000
2026/09/30 00:01:54.186, 1950, 2619, 482.94, 49, 0x0000000000000004
2026/09/30 00:01:54.436, 1965, 2619, 528.37, 48, 0x0000000000000004
2026/09/30 00:01:54.686, 1965, 2619, 583.30, 50, 0x0000000000000004
2026/09/30 00:01:54.936, 1755, 2619, 566.13, 50, 0x0000000000000004
2026/09/30 00:01:55.187, 1860, 2619, 563.07, 50, 0x0000000000000004
2026/09/30 00:01:55.437, 1965, 2619, 581.31, 48, 0x0000000000000004
2026/09/30 00:01:55.687, 1965, 2619, 509.80, 43, 0x0000000000000004
2026/09/30 00:01:55.937, 1980, 2619, 449.66, 44, 0x0000000000000000
2026/09/30 00:01:56.187, 1980, 2619, 420.03, 44, 0x0000000000000000
2026/09/30 00:01:56.437, 1980, 2619, 387.83, 48, 0x0000000000000000
2026/09/30 00:01:56.687, 1980, 2619, 399.87, 43, 0x0000000000000000
2026/09/30 00:01:56.937, 1980, 2619, 457.74, 48, 0x0000000000000000
2026/09/30 00:01:57.187, 1980, 2619, 488.36, 52, 0x0000000000000004
2026/09/30 00:01:57.437, 1965, 2619, 472.01, 43, 0x0000000000000004
2026/09/30 00:01:57.687, 1860, 2619, 526.50, 49, 0x0000000000000004
2026/09/30 00:01:57.937, 1965, 2619, 559.41, 49, 0x0000000000000004
2026/09/30 00:01:58.188, 1785, 2619, 568.00, 52, 0x0000000000000004
2026/09/30 00:01:58.438, 1725, 2619, 608.40, 51, 0x0000000000000004
2026/09/30 00:01:58.688, 1620, 2619, 588.84, 49, 0x0000000000000004
2026/09/30 00:01:58.938, 1755, 2619, 608.94, 50, 0x0000000000000004
2026/09/30 00:01:59.188, 1590, 2619, 615.50, 52, 0x0000000000000004
2026/09/30 00:01:59.438, 1875, 2619, 607.43, 50, 0x0000000000000004
2026/09/30 00:01:59.688, 1965, 2619, 558.16, 43, 0x0000000000000004
2026/09/30 00:01:59.938, 1980, 2619, 419.67, 40, 0x0000000000000000
2026/09/30 00:02:00.188, 1980, 2619, 374.07, 45, 0x0000000000000000
2026/09/30 00:02:00.438, 1980, 2619, 312.92, 45, 0x0000000000000000
2026/09/30 00:02:00.689, 1980, 2619, 371.91, 47, 0x0000000000000000
2026/09/30 00:02:00.939, 1980, 2619, 485.13, 49, 0x0000000000000000
2026/09/30 00:02:01.189, 1980, 2619, 450.22, 43, 0x0000000000000000
2026/09/30 00:02:01.439, 1980, 2619, 462.67, 48, 0x0000000000000000
2026/09/30 00:02:01.689, 1980, 2619, 469.78, 50, 0x0000000000000000
2026/09/30 00:02:01.939, 1815, 2619, 496.71, 54, 0x0000000000000004
2026/09/30 00:02:02.189, 1950, 2619, 551.98, 46, 0x0000000000000004
2026/09/30 00:02:02.439, 1815, 2619, 617.83, 50, 0x0000000000000004
2026/09/30 00:02:02.689, 1830, 2619, 636.62, 53, 0x0000000000000004
2026/09/30 00:02:02.940, 1965, 2619, 594.95, 48, 0x0000000000000004
2026/09/30 00:02:03.190, 1545, 2619, 627.26, 51, 0x0000000000000004
2026/09/30 00:02:03.440, 1545, 2619, 604.31, 51, 0x0000000000000004
2026/09/30 00:02:03.690, 1860, 2619, 570.18, 47, 0x0000000000000004
2026/09/30 00:02:03.940, 1680, 2619, 577.36, 49, 0x0000000000000004
2026/09/30 00:02:04.190, 1755, 2619, 577.05, 53, 0x0000000000000004
2026/09/30 00:02:04.440, 1680, 2619, 576.35, 50, 0x0000000000000004
2026/09/30 00:02:04.690, 1710, 2619, 608.67, 53, 0x0000000000000004
2026/09/30 00:02:04.940, 1860, 2619, 630.80, 50, 0x0000000000000004
2026/09/30 00:02:05.191, 1965, 2619, 586.11, 47, 0x0000000000000004
2026/09/30 00:02:05.441, 1980, 2619, 442.37, 41, 0x0000000000000000
2026/09/30 00:02:05.691, 1980, 2619, 345.35, 40, 0x0000000000000000
2026/09/30 00:02:05.941, 1980, 2619, 208.81, 40, 0x0000000000000000
2026/09/30 00:02:06.191, 1980, 2619, 144.58, 40, 0x0000000000000000
2026/09/30 00:02:06.441, 1980, 2619, 145.28, 39, 0x0000000000000000
2026/09/30 00:02:06.691, 1980, 2619, 145.19, 39, 0x0000000000000000
2026/09/30 00:02:06.941, 1980, 2619, 145.19, 39, 0x0000000000000000
2026/09/30 00:02:07.192, 1980, 2619, 146.80, 39, 0x0000000000000000
2026/09/30 00:02:07.442, 1980, 2619, 190.59, 43, 0x0000000000000000
2026/09/30 00:02:07.692, 1980, 2619, 250.73, 46, 0x0000000000000000
2026/09/30 00:02:07.942, 1980, 2619, 252.10, 40, 0x0000000000000000
2026/09/30 00:02:08.192, 1980, 2619, 248.51, 40, 0x0000000000000000
2026/09/30 00:02:08.442, 1980, 2619, 209.64, 39, 0x0000000000000000
2026/09/30 00:02:08.692, 1980, 2619, 142.40, 39, 0x0000000000000000
2026/09/30 00:02:08.942, 1980, 2619, 140.54, 39, 0x0000000000000000
2026/09/30 00:02:09.192, 1980, 2619, 140.42, 39, 0x0000000000000000
2026/09/30 00:02:09.442, 1980, 2619, 182.53, 41, 0x0000000000000000
2026/09/30 00:02:09.692, 1980, 2619, 248.08, 45, 0x0000000000000000
2026/09/30 00:02:09.942, 1980, 2619, 320.88, 44, 0x0000000000000000
2026/09/30 00:02:10.193, 1980, 2619, 318.96, 41, 0x0000000000000000
2026/09/30 00:02:10.443, 1980, 2619, 341.06, 45, 0x0000000000000000
2026/09/30 00:02:10.693, 1980, 2619, 358.55, 48, 0x0000000000000000
2026/09/30 00:02:10.943, 1980, 2619, 399.98, 50, 0x0000000000000000
2026/09/30 00:02:11.193, 1980, 2619, 457.33, 46, 0x0000000000000000
2026/09/30 00:02:11.443, 1980, 2619, 515.34, 51, 0x0000000000000000
2026/09/30 00:02:11.693, 1980, 2619, 439.11, 43, 0x0000000000000000
2026/09/30 00:02:11.943, 1980, 2619, 320.26, 40, 0x0000000000000000
2026/09/30 00:02:12.193, 1980, 2619, 262.60, 40, 0x0000000000000000
2026/09/30 00:02:12.444, 1980, 2619, 145.15, 39, 0x0000000000000000
2026/09/30 00:02:12.694, 1980, 2619, 144.80, 39, 0x0000000000000000
2026/09/30 00:02:12.944, 1980, 2619, 145.01, 39, 0x0000000000000000
2026/09/30 00:02:13.194, 1980, 2619, 144.69, 39, 0x0000000000000000
2026/09/30 00:02:13.444, 1980, 2619, 147.01, 39, 0x0000000000000000
2026/09/30 00:02:13.694, 1980, 2619, 149.58, 39, 0x0000000000000000
2026/09/30 00:02:13.944, 1980, 2619, 148.58, 39, 0x0000000000000000
2026/09/30 00:02:14.194, 1980, 2619, 147.13, 38, 0x0000000000000000
2026/09/30 00:02:14.444, 1980, 2619, 145.22, 38, 0x0000000000000000
2026/09/30 00:02:14.694, 1980, 2619, 139.69, 38, 0x0000000000000000
2026/09/30 00:02:14.944, 1980, 2619, 139.56, 38, 0x0000000000000000
2026/09/30 00:02:15.195, 1830, 2619, 188.24, 44, 0x0000000000000004
2026/09/30 00:02:15.445, 1950, 2619, 262.95, 44, 0x0000000000000004
2026/09/30 00:02:15.695, 1455, 2619, 407.50, 53, 0x0000000000000004
2026/09/30 00:02:15.945, 1410, 2619, 496.03, 57, 0x0000000000000004
2026/09/30 00:02:16.195, 1440, 2619, 611.54, 56, 0x0000000000000004
2026/09/30 00:02:16.445, 1440, 2619, 617.65, 50, 0x0000000000000004
2026/09/30 00:02:16.695, 1785, 2619, 592.03, 55, 0x0000000000000004
2026/09/30 00:02:16.945, 1410, 2619, 608.58, 55, 0x0000000000000004
2026/09/30 00:02:17.195, 1425, 2619, 608.94, 56, 0x0000000000000004
2026/09/30 00:02:17.445, 1965, 2619, 587.14, 52, 0x0000000000000004
2026/09/30 00:02:17.696, 1980, 2619, 458.79, 42, 0x0000000000000000
2026/09/30 00:02:17.946, 1980, 2619, 354.83, 41, 0x0000000000000000
2026/09/30 00:02:18.196, 1980, 2619, 201.70, 40, 0x0000000000000000
2026/09/30 00:02:18.446, 1980, 2619, 151.40, 40, 0x0000000000000000
2026/09/30 00:02:18.696, 1980, 2619, 145.36, 39, 0x0000000000000000
2026/09/30 00:02:18.946, 1980, 2619, 145.40, 39, 0x0000000000000000
2026/09/30 00:02:19.196, 1980, 2619, 145.02, 39, 0x0000000000000001
2026/09/30 00:02:19.446, 405, 2619, 135.42, 38, 0x0000000000000001
2026/09/30 00:02:19.696, 345, 2619, 119.62, 37, 0x0000000000000001
2026/09/30 00:02:19.946, 345, 2619, 109.70, 37, 0x0000000000000001
2026/09/30 00:02:20.197, 345, 2619, 94.23, 37, 0x0000000000000001
2026/09/30 00:02:20.447, 345, 2619, 92.19, 37, 0x0000000000000001
2026/09/30 00:02:20.697, 345, 2619, 92.18, 37, 0x0000000000000001
2026/09/30 00:02:20.947, 345, 2619, 92.01, 37, 0x0000000000000001
2026/09/30 00:02:21.197, 345, 2619, 92.02, 37, 0x0000000000000001
2026/09/30 00:02:21.447, 1980, 2619, 103.22, 38, 0x0000000000000000
2026/09/30 00:02:21.697, 1980, 2619, 112.94, 38, 0x0000000000000000
2026/09/30 00:02:21.948, 1980, 2619, 128.93, 38, 0x0000000000000000
2026/09/30 00:02:22.198, 1980, 2619, 138.50, 38, 0x0000000000000000
2026/09/30 00:02:22.448, 1980, 2619, 143.99, 38, 0x0000000000000000
2026/09/30 00:02:22.698, 1980, 2619, 144.72, 38, 0x0000000000000000
2026/09/30 00:02:22.948, 1980, 2619, 144.24, 38, 0x0000000000000000
2026/09/30 00:02:23.199, 1980, 2619, 143.90, 38, 0x0000000000000000
2026/09/30 00:02:23.449, 1980, 2619, 142.96, 38, 0x0000000000000000
2026/09/30 00:02:23.699, 1980, 2619, 142.77, 38, 0x0000000000000000
2026/09/30 00:02:23.949, 1980, 2619, 142.67, 38, 0x0000000000000000
2026/09/30 00:02:24.199, 1980, 2619, 142.53, 38, 0x0000000000000000
2026/09/30 00:02:24.449, 1980, 2619, 142.38, 38, 0x0000000000000000
2026/09/30 00:02:24.699, 1980, 2619, 142.21, 38, 0x0000000000000000
2026/09/30 00:02:24.950, 1980, 2619, 141.33, 38, 0x0000000000000000
2026/09/30 00:02:25.200, 1980, 2619, 140.68, 38, 0x0000000000000000
2026/09/30 00:02:25.450, 1980, 2619, 139.62, 38, 0x0000000000000000
2026/09/30 00:02:25.700, 1980, 2619, 139.07, 38, 0x0000000000000000
2026/09/30 00:02:25.950, 1980, 2619, 138.94, 38, 0x0000000000000000
2026/09/30 00:02:26.200, 1980, 2619, 138.93, 38, 0x0000000000000000
2026/09/30 00:02:26.450, 1980, 2619, 142.19, 38, 0x0000000000000000
2026/09/30 00:02:26.700, 1980, 2619, 145.78, 38, 0x0000000000000000
2026/09/30 00:02:26.951, 1980, 2619, 155.81, 38, 0x0000000000000000
2026/09/30 00:02:27.201, 1980, 2619, 161.76, 38, 0x0000000000000000
2026/09/30 00:02:27.451, 1980, 2619, 166.77, 38, 0x0000000000000000
2026/09/30 00:02:27.701, 1980, 2619, 169.11, 38, 0x0000000000000000
2026/09/30 00:02:27.951, 1980, 2619, 167.44, 38, 0x0000000000000000
2026/09/30 00:02:28.201, 1980, 2619, 167.35, 38, 0x0000000000000000
2026/09/30 00:02:28.451, 1980, 2619, 164.89, 38, 0x0000000000000000
2026/09/30 00:02:28.701, 1980, 2619, 160.89, 38, 0x0000000000000000
2026/09/30 00:02:28.952, 1980, 2619, 154.87, 38, 0x0000000000000000
2026/09/30 00:02:29.202, 1980, 2619, 154.18, 38, 0x0000000000000000
2026/09/30 00:02:29.452, 1980, 2619, 149.61, 37, 0x0000000000000000
2026/09/30 00:02:29.702, 1980, 2619, 160.84, 39, 0x0000000000000000
2026/09/30 00:02:29.952, 1935, 2619, 297.61, 50, 0x0000000000000004
2026/09/30 00:02:30.202, 1770, 2619, 384.93, 53, 0x0000000000000004
2026/09/30 00:02:30.452, 1770, 2619, 537.59, 54, 0x0000000000000004
2026/09/30 00:02:30.702, 1755, 2619, 626.19, 55, 0x0000000000000004
2026/09/30 00:02:30.952, 1725, 2619, 632.67, 55, 0x0000000000000004
2026/09/30 00:02:31.203, 1710, 2619, 646.84, 55, 0x0000000000000004
2026/09/30 00:02:31.453, 1710, 2619, 651.36, 55, 0x0000000000000004
2026/09/30 00:02:31.703, 1680, 2619, 652.23, 55, 0x0000000000000004
2026/09/30 00:02:31.953, 1680, 2619, 658.30, 55, 0x0000000000000004
2026/09/30 00:02:32.203, 1785, 2619, 656.07, 55, 0x0000000000000004
2026/09/30 00:02:32.453, 1680, 2619, 643.28, 54, 0x0000000000000004
2026/09/30 00:02:32.703, 1665, 2619, 645.41, 55, 0x0000000000000004
2026/09/30 00:02:32.953, 1680, 2619, 651.33, 54, 0x0000000000000004
2026/09/30 00:02:33.203, 1665, 2619, 654.28, 55, 0x0000000000000004
2026/09/30 00:02:33.453, 1695, 2619, 665.04, 54, 0x0000000000000004
2026/09/30 00:02:33.704, 1695, 2619, 665.46, 55, 0x0000000000000004
2026/09/30 00:02:33.954, 1665, 2619, 665.52, 54, 0x0000000000000004
2026/09/30 00:02:34.204, 1695, 2619, 663.00, 54, 0x0000000000000004
2026/09/30 00:02:34.454, 1695, 2619, 665.14, 55, 0x0000000000000004
2026/09/30 00:02:34.704, 1695, 2619, 664.01, 54, 0x0000000000000004
2026/09/30 00:02:34.954, 1680, 2619, 662.08, 54, 0x0000000000000004
2026/09/30 00:02:35.204, 1665, 2619, 666.23, 55, 0x0000000000000004
2026/09/30 00:02:35.454, 1950, 2619, 604.35, 46, 0x0000000000000004
2026/09/30 00:02:35.704, 1965, 2619, 504.23, 42, 0x0000000000000004
2026/09/30 00:02:35.955, 1980, 2619, 351.04, 41, 0x0000000000000000
2026/09/30 00:02:36.205, 1980, 2619, 246.83, 40, 0x0000000000000000
2026/09/30 00:02:36.455, 1980, 2619, 141.48, 40, 0x0000000000000000
2026/09/30 00:02:36.705, 1980, 2619, 141.64, 40, 0x0000000000000000
2026/09/30 00:02:36.955, 1980, 2619, 141.63, 40, 0x0000000000000000
2026/09/30 00:02:37.205, 1980, 2619, 141.52, 40, 0x0000000000000000
2026/09/30 00:02:37.455, 1980, 2619, 141.38, 39, 0x0000000000000000
2026/09/30 00:02:37.705, 1980, 2619, 141.32, 39, 0x0000000000000000
2026/09/30 00:02:37.955, 1980, 2619, 141.12, 39, 0x0000000000000000
2026/09/30 00:02:38.206, 1980, 2619, 141.03, 39, 0x0000000000000000
2026/09/30 00:02:38.456, 1980, 2619, 141.09, 39, 0x0000000000000000
2026/09/30 00:02:38.706, 1980, 2619, 141.14, 39, 0x0000000000000000
2026/09/30 00:02:38.956, 1980, 2619, 141.32, 39, 0x0000000000000000
2026/09/30 00:02:39.206, 1980, 2619, 141.28, 39, 0x0000000000000000
2026/09/30 00:02:39.456, 1980, 2619, 141.20, 39, 0x0000000000000000
2026/09/30 00:02:39.706, 1980, 2619, 141.00, 39, 0x0000000000000000
2026/09/30 00:02:39.956, 1980, 2619, 140.65, 39, 0x0000000000000000
2026/09/30 00:02:40.206, 1980, 2619, 140.49, 39, 0x0000000000000000
2026/09/30 00:02:40.456, 1980, 2619, 140.25, 39, 0x0000000000000000
2026/09/30 00:02:40.707, 1980, 2619, 140.13, 39, 0x0000000000000000
2026/09/30 00:02:40.957, 1980, 2619, 140.02, 39, 0x0000000000000000
2026/09/30 00:02:41.207, 1980, 2619, 140.02, 39, 0x0000000000000000
2026/09/30 00:02:41.457, 1980, 2619, 140.21, 39, 0x0000000000000000
2026/09/30 00:02:41.707, 1980, 2619, 140.59, 38, 0x0000000000000000
2026/09/30 00:02:41.957, 1980, 2619, 141.00, 38, 0x0000000000000000
2026/09/30 00:02:42.207, 1980, 2619, 141.12, 38, 0x0000000000000000
2026/09/30 00:02:42.457, 1980, 2619, 140.90, 38, 0x0000000000000000
2026/09/30 00:02:42.708, 1980, 2619, 140.42, 38, 0x0000000000000000
2026/09/30 00:02:42.958, 1980, 2619, 139.97, 38, 0x0000000000000000
2026/09/30 00:02:43.208, 1980, 2619, 145.65, 40, 0x0000000000000000
2026/09/30 00:02:43.458, 1980, 2619, 166.85, 40, 0x0000000000000000
2026/09/30 00:02:43.708, 1980, 2619, 190.58, 40, 0x0000000000000000
2026/09/30 00:02:43.958, 1980, 2619, 213.21, 41, 0x0000000000000000
2026/09/30 00:02:44.208, 1980, 2619, 214.47, 39, 0x0000000000000000
2026/09/30 00:02:44.458, 1980, 2619, 201.57, 39, 0x0000000000000000
2026/09/30 00:02:44.709, 1980, 2619, 192.07, 40, 0x0000000000000000
2026/09/30 00:02:44.959, 1980, 2619, 195.42, 40, 0x0000000000000000
2026/09/30 00:02:45.209, 1980, 2619, 204.49, 40, 0x0000000000000000
2026/09/30 00:02:45.459, 1980, 2619, 217.35, 41, 0x0000000000000000
2026/09/30 00:02:45.709, 1980, 2619, 223.11, 41, 0x0000000000000000
2026/09/30 00:02:45.959, 1980, 2619, 220.32, 41, 0x0000000000000000
2026/09/30 00:02:46.209, 1980, 2619, 220.51, 41, 0x0000000000000000
2026/09/30 00:02:46.459, 1980, 2619, 221.77, 40, 0x0000000000000000
2026/09/30 00:02:46.709, 1980, 2619, 221.43, 41, 0x0000000000000000
2026/09/30 00:02:46.959, 1980, 2619, 214.92, 40, 0x0000000000000000
2026/09/30 00:02:47.210, 1980, 2619, 208.85, 40, 0x0000000000000000
2026/09/30 00:02:47.460, 1980, 2619, 200.49, 40, 0x0000000000000000
2026/09/30 00:02:47.710, 1980, 2619, 193.27, 40, 0x0000000000000000
2026/09/30 00:02:47.960, 1980, 2619, 192.54, 40, 0x0000000000000000
2026/09/30 00:02:48.210, 1980, 2619, 210.54, 43, 0x0000000000000000
2026/09/30 00:02:48.460, 1965, 2619, 322.24, 51, 0x0000000000000004
2026/09/30 00:02:48.710, 1965, 2619, 404.03, 53, 0x0000000000000004
2026/09/30 00:02:48.960, 1755, 2619, 540.53, 54, 0x0000000000000004
2026/09/30 00:02:49.211, 1785, 2619, 619.72, 55, 0x0000000000000004
2026/09/30 00:02:49.461, 1860, 2619, 635.75, 55, 0x0000000000000004
2026/09/30 00:02:49.711, 1770, 2619, 647.66, 56, 0x0000000000000004
2026/09/30 00:02:49.961, 1740, 2619, 649.80, 56, 0x0000000000000004
2026/09/30 00:02:50.211, 1755, 2619, 653.52, 56, 0x0000000000000004
2026/09/30 00:02:50.461, 1785, 2619, 658.14, 55, 0x0000000000000004
2026/09/30 00:02:50.711, 1725, 2619, 662.07, 55, 0x0000000000000004
2026/09/30 00:02:50.961, 1785, 2619, 660.43, 55, 0x0000000000000004
2026/09/30 00:02:51.211, 1665, 2619, 661.17, 55, 0x0000000000000004
2026/09/30 00:02:51.462, 1680, 2619, 662.42, 55, 0x0000000000000004
2026/09/30 00:02:51.712, 1680, 2619, 661.91, 55, 0x0000000000000004
2026/09/30 00:02:51.962, 1680, 2619, 663.90, 54, 0x0000000000000004
2026/09/30 00:02:52.212, 1680, 2619, 662.46, 55, 0x0000000000000004
2026/09/30 00:02:52.462, 1680, 2619, 663.50, 55, 0x0000000000000004
2026/09/30 00:02:52.712, 1680, 2619, 662.68, 55, 0x0000000000000004
2026/09/30 00:02:52.962, 1665, 2619, 661.60, 54, 0x0000000000000004
2026/09/30 00:02:53.212, 1680, 2619, 661.73, 55, 0x0000000000000004
2026/09/30 00:02:53.462, 1680, 2619, 661.80, 55, 0x0000000000000004
2026/09/30 00:02:53.713, 1695, 2619, 661.78, 55, 0x0000000000000004
2026/09/30 00:02:53.963, 1680, 2619, 662.17, 55, 0x0000000000000004
2026/09/30 00:02:54.213, 1875, 2619, 655.77, 53, 0x0000000000000004
2026/09/30 00:02:54.463, 1950, 2619, 644.53, 55, 0x0000000000000004
2026/09/30 00:02:54.713, 1815, 2619, 644.63, 54, 0x0000000000000004
2026/09/30 00:02:54.963, 1800, 2619, 644.73, 55, 0x0000000000000004
2026/09/30 00:02:55.213, 1860, 2619, 648.13, 55, 0x0000000000000004
2026/09/30 00:02:55.463, 1740, 2619, 660.60, 55, 0x0000000000000004
2026/09/30 00:02:55.714, 1755, 2619, 664.15, 55, 0x0000000000000004
2026/09/30 00:02:55.964, 1740, 2619, 664.31, 55, 0x0000000000000004
2026/09/30 00:02:56.214, 1800, 2619, 666.97, 55, 0x0000000000000004
2026/09/30 00:02:56.464, 1725, 2619, 663.47, 55, 0x0000000000000004
2026/09/30 00:02:56.714, 1770, 2619, 663.26, 55, 0x0000000000000004
2026/09/30 00:02:56.964, 1725, 2619, 664.91, 55, 0x0000000000000004
2026/09/30 00:02:57.214, 1695, 2619, 666.01, 55, 0x0000000000000004
2026/09/30 00:02:57.464, 1695, 2619, 667.02, 55, 0x0000000000000004
2026/09/30 00:02:57.714, 1695, 2619, 667.47, 55, 0x0000000000000004
2026/09/30 00:02:57.965, 1680, 2619, 666.26, 55, 0x0000000000000004
2026/09/30 00:02:58.215, 1680, 2619, 666.26, 55, 0x0000000000000004
2026/09/30 00:02:58.465, 1695, 2619, 667.26, 55, 0x0000000000000004
2026/09/30 00:02:58.715, 1695, 2619, 667.91, 55, 0x0000000000000004
2026/09/30 00:02:58.965, 1680, 2619, 668.01, 55, 0x0000000000000004
2026/09/30 00:02:59.215, 1680, 2619, 666.72, 55, 0x0000000000000004
2026/09/30 00:02:59.465, 1740, 2619, 665.80, 55, 0x0000000000000004
2026/09/30 00:02:59.715, 1695, 2619, 666.86, 56, 0x0000000000000004
2026/09/30 00:02:59.966, 1695, 2619, 668.40, 56, 0x0000000000000004
2026/09/30 00:03:00.216, 1920, 2619, 660.59, 54, 0x0000000000000004
2026/09/30 00:03:00.466, 1740, 2619, 656.44, 56, 0x0000000000000004
2026/09/30 00:03:00.716, 1740, 2619, 653.03, 56, 0x0000000000000004
2026/09/30 00:03:00.966, 1725, 2619, 648.69, 56, 0x0000000000000004
2026/09/30 00:03:01.216, 1740, 2619, 658.04, 55, 0x0000000000000004
2026/09/30 00:03:01.466, 1740, 2619, 662.77, 56, 0x0000000000000004
2026/09/30 00:03:01.716, 1785, 2619, 661.64, 56, 0x0000000000000004
2026/09/30 00:03:01.966, 1965, 2619, 563.49, 47, 0x0000000000000004
2026/09/30 00:03:02.216, 1980, 2619, 515.67, 51, 0x0000000000000000
2026/09/30 00:03:02.467, 1980, 2619, 373.12, 44, 0x0000000000000000
2026/09/30 00:03:02.717, 1740, 2619, 371.58, 53, 0x0000000000000004
2026/09/30 00:03:02.967, 1845, 2619, 447.47, 56, 0x0000000000000004
2026/09/30 00:03:03.217, 1965, 2619, 399.84, 45, 0x0000000000000004
2026/09/30 00:03:03.467, 1725, 2619, 498.75, 53, 0x0000000000000004
2026/09/30 00:03:03.717, 1725, 2619, 505.97, 55, 0x0000000000000004
2026/09/30 00:03:03.967, 1965, 2619, 386.98, 45, 0x0000000000000004
2026/09/30 00:03:04.217, 1980, 2619, 386.19, 44, 0x0000000000000000
2026/09/30 00:03:04.468, 1980, 2619, 274.48, 43, 0x0000000000000000
2026/09/30 00:03:04.718, 1980, 2619, 172.32, 43, 0x0000000000000000
2026/09/30 00:03:04.968, 1980, 2619, 146.04, 43, 0x0000000000000000
2026/09/30 00:03:05.218, 1980, 2619, 146.79, 42, 0x0000000000000000
2026/09/30 00:03:05.468, 1980, 2619, 147.64, 42, 0x0000000000000000
2026/09/30 00:03:05.718, 1980, 2619, 147.58, 42, 0x0000000000000000
2026/09/30 00:03:05.968, 1980, 2619, 147.26, 42, 0x0000000000000000
2026/09/30 00:03:06.218, 1980, 2619, 157.37, 43, 0x0000000000000000
2026/09/30 00:03:06.468, 1980, 2619, 161.32, 42, 0x0000000000000000
2026/09/30 00:03:06.718, 1980, 2619, 160.20, 42, 0x0000000000000000
2026/09/30 00:03:06.969, 1980, 2619, 159.20, 42, 0x0000000000000000
2026/09/30 00:03:07.219, 1980, 2619, 149.77, 42, 0x0000000000000000
2026/09/30 00:03:07.469, 1980, 2619, 142.67, 41, 0x0000000000000000
2026/09/30 00:03:07.719, 1980, 2619, 142.54, 41, 0x0000000000000000
2026/09/30 00:03:07.969, 1560, 2619, 176.41, 46, 0x0000000000000004
2026/09/30 00:03:08.219, 1470, 2619, 271.14, 55, 0x0000000000000004
2026/09/30 00:03:08.469, 1950, 2619, 340.33, 53, 0x0000000000000004
2026/09/30 00:03:08.719, 1455, 2619, 446.13, 55, 0x0000000000000004
2026/09/30 00:03:08.969, 1440, 2619, 555.69, 60, 0x0000000000000004
2026/09/30 00:03:09.219, 1485, 2619, 564.87, 57, 0x0000000000000004
2026/09/30 00:03:09.470, 1470, 2619, 638.50, 57, 0x0000000000000004
2026/09/30 00:03:09.720, 1455, 2619, 620.40, 59, 0x0000000000000004
2026/09/30 00:03:09.970, 1845, 2619, 607.13, 56, 0x0000000000000004
2026/09/30 00:03:10.220, 1470, 2619, 613.55, 56, 0x0000000000000004
2026/09/30 00:03:10.470, 1455, 2619, 620.45, 57, 0x0000000000000004
2026/09/30 00:03:10.720, 1470, 2619, 631.84, 56, 0x0000000000000004
2026/09/30 00:03:10.970, 1395, 2619, 624.84, 59, 0x0000000000000004
2026/09/30 00:03:11.220, 1440, 2619, 626.32, 56, 0x0000000000000004
2026/09/30 00:03:11.470, 1395, 2619, 627.91, 57, 0x0000000000000004
2026/09/30 00:03:11.720, 1665, 2619, 602.70, 57, 0x0000000000000004
2026/09/30 00:03:11.970, 1410, 2619, 617.53, 57, 0x0000000000000004
2026/09/30 00:03:12.221, 1410, 2619, 618.51, 56, 0x0000000000000004
2026/09/30 00:03:12.471, 1440, 2619, 615.86, 56, 0x0000000000000004
2026/09/30 00:03:12.721, 1395, 2619, 642.62, 57, 0x0000000000000004
2026/09/30 00:03:12.971, 1395, 2619, 654.67, 57, 0x0000000000000004
2026/09/30 00:03:13.221, 1395, 2619, 654.78, 57, 0x0000000000000004
2026/09/30 00:03:13.471, 1965, 2619, 581.39, 50, 0x0000000000000004
2026/09/30 00:03:13.721, 1980, 2619, 483.64, 46, 0x0000000000000000
2026/09/30 00:03:13.971, 1980, 2619, 334.30, 44, 0x0000000000000000
2026/09/30 00:03:14.221, 1980, 2619, 235.13, 43, 0x0000000000000000
2026/09/30 00:03:14.472, 1980, 2619, 157.15, 43, 0x0000000000000000
2026/09/30 00:03:14.722, 1980, 2619, 147.31, 43, 0x0000000000000000
2026/09/30 00:03:14.972, 1980, 2619, 147.98, 42, 0x0000000000000001
2026/09/30 00:03:15.222, 1980, 2619, 147.81, 42, 0x0000000000000001
2026/09/30 00:03:15.472, 465, 2619, 132.63, 41, 0x0000000000000001
2026/09/30 00:03:15.722, 420, 2619, 121.83, 41, 0x0000000000000001
2026/09/30 00:03:15.972, 390, 2619, 106.51, 40, 0x0000000000000001
2026/09/30 00:03:16.222, 345, 2619, 94.90, 40, 0x0000000000000001
2026/09/30 00:03:16.472, 345, 2619, 93.65, 40, 0x0000000000000001
2026/09/30 00:03:16.722, 345, 2619, 93.58, 40, 0x0000000000000001
2026/09/30 00:03:16.972, 345, 2619, 93.33, 40, 0x0000000000000001
2026/09/30 00:03:17.223, 1980, 2619, 94.83, 40, 0x0000000000000000
2026/09/30 00:03:17.473, 1980, 2619, 109.15, 41, 0x0000000000000000
2026/09/30 00:03:17.723, 1980, 2619, 119.14, 41, 0x0000000000000000
2026/09/30 00:03:17.973, 1980, 2619, 135.65, 41, 0x0000000000000000
2026/09/30 00:03:18.224, 1980, 2619, 145.54, 41, 0x0000000000000000
2026/09/30 00:03:18.475, 1980, 2619, 147.14, 41, 0x0000000000000000
2026/09/30 00:03:18.725, 1980, 2619, 148.23, 41, 0x0000000000000000
2026/09/30 00:03:18.976, 1980, 2619, 148.19, 41, 0x0000000000000000
2026/09/30 00:03:19.226, 1980, 2619, 148.16, 41, 0x0000000000000000
2026/09/30 00:03:19.478, 1980, 2619, 148.07, 41, 0x0000000000000000
2026/09/30 00:03:19.728, 1980, 2619, 148.04, 41, 0x0000000000000000
2026/09/30 00:03:19.979, 1980, 2619, 148.02, 40, 0x0000000000000000
2026/09/30 00:03:20.229, 1980, 2619, 147.82, 40, 0x0000000000000000
2026/09/30 00:03:20.480, 1980, 2619, 147.78, 40, 0x0000000000000000
2026/09/30 00:03:20.731, 1980, 2619, 147.50, 40, 0x0000000000000000
2026/09/30 00:03:20.981, 1980, 2619, 147.45, 40, 0x0000000000000000
2026/09/30 00:03:21.232, 1980, 2619, 147.78, 40, 0x0000000000000000
2026/09/30 00:03:21.482, 1980, 2619, 147.46, 40, 0x0000000000000000
2026/09/30 00:03:21.732, 1980, 2619, 147.63, 40, 0x0000000000000000
2026/09/30 00:03:21.983, 1980, 2619, 147.37, 40, 0x0000000000000000
2026/09/30 00:03:22.233, 1980, 2619, 147.32, 40, 0x0000000000000000
2026/09/30 00:03:22.483, 1980, 2619, 147.44, 40, 0x0000000000000000
2026/09/30 00:03:22.733, 1980, 2619, 147.41, 40, 0x0000000000000000
2026/09/30 00:03:22.984, 1980, 2619, 147.60, 40, 0x0000000000000000
2026/09/30 00:03:23.234, 1980, 2619, 147.72, 40, 0x0000000000000000
2026/09/30 00:03:23.484, 1980, 2619, 147.99, 40, 0x0000000000000000
2026/09/30 00:03:23.735, 1980, 2619, 148.03, 40, 0x0000000000000000
2026/09/30 00:03:23.985, 1980, 2619, 147.75, 40, 0x0000000000000000
2026/09/30 00:03:24.235, 1980, 2619, 147.69, 40, 0x0000000000000000
2026/09/30 00:03:24.486, 1980, 2619, 146.19, 40, 0x0000000000000000
2026/09/30 00:03:24.736, 1980, 2619, 145.30, 40, 0x0000000000000000
2026/09/30 00:03:24.986, 1980, 2619, 144.21, 39, 0x0000000000000000
2026/09/30 00:03:25.236, 1980, 2619, 143.33, 39, 0x0000000000000000
2026/09/30 00:03:25.486, 1980, 2619, 143.45, 39, 0x0000000000000000
2026/09/30 00:03:25.736, 1980, 2619, 143.34, 39, 0x0000000000000000
2026/09/30 00:03:25.987, 1980, 2619, 143.33, 39, 0x0000000000000000
2026/09/30 00:03:26.237, 1980, 2619, 143.19, 39, 0x0000000000000000
2026/09/30 00:03:26.487, 1980, 2619, 143.26, 39, 0x0000000000000000
2026/09/30 00:03:26.737, 1980, 2619, 143.27, 39, 0x0000000000000000
2026/09/30 00:03:26.987, 1980, 2619, 143.28, 39, 0x0000000000000000
2026/09/30 00:03:27.237, 1980, 2619, 143.27, 39, 0x0000000000000000
2026/09/30 00:03:27.487, 1980, 2619, 142.93, 39, 0x0000000000000000
2026/09/30 00:03:27.738, 1980, 2619, 142.78, 39, 0x0000000000000000
2026/09/30 00:03:27.988, 1980, 2619, 142.69, 39, 0x0000000000000000
2026/09/30 00:03:28.238, 1980, 2619, 142.52, 39, 0x0000000000000000
2026/09/30 00:03:28.488, 1980, 2619, 142.49, 39, 0x0000000000000000
2026/09/30 00:03:28.738, 1980, 2619, 142.45, 39, 0x0000000000000000
2026/09/30 00:03:28.988, 1980, 2619, 142.34, 39, 0x0000000000000000
2026/09/30 00:03:29.238, 1980, 2619, 142.45, 39, 0x0000000000000000
2026/09/30 00:03:29.489, 1980, 2619, 142.55, 39, 0x0000000000000000
2026/09/30 00:03:29.739, 1980, 2619, 142.46, 39, 0x0000000000000000
2026/09/30 00:03:29.989, 1980, 2619, 142.38, 39, 0x0000000000000000
2026/09/30 00:03:30.239, 1980, 2619, 142.35, 39, 0x0000000000000000
2026/09/30 00:03:30.489, 1980, 2619, 142.25, 39, 0x0000000000000000
2026/09/30 00:03:30.739, 1980, 2619, 142.24, 39, 0x0000000000000000
2026/09/30 00:03:30.989, 1980, 2619, 142.20, 39, 0x0000000000000000
2026/09/30 00:03:31.239, 1980, 2619, 142.12, 39, 0x0000000000000000
2026/09/30 00:03:31.489, 1980, 2619, 142.06, 39, 0x0000000000000000
2026/09/30 00:03:31.740, 1980, 2619, 142.15, 39, 0x0000000000000000
2026/09/30 00:03:31.990, 1980, 2619, 142.08, 38, 0x0000000000000000
2026/09/30 00:03:32.240, 1980, 2619, 142.06, 38, 0x0000000000000000
2026/09/30 00:03:32.490, 1980, 2619, 142.14, 38, 0x0000000000000000
2026/09/30 00:03:32.740, 1980, 2619, 142.20, 38, 0x0000000000000000
2026/09/30 00:03:32.990, 1980, 2619, 142.24, 38, 0x0000000000000000
2026/09/30 00:03:33.240, 1980, 2619, 142.23, 38, 0x0000000000000000
2026/09/30 00:03:33.490, 1980, 2619, 142.08, 38, 0x0000000000000000
2026/09/30 00:03:33.740, 1980, 2619, 141.49, 38, 0x0000000000000000
2026/09/30 00:03:33.991, 1980, 2619, 140.61, 38, 0x0000000000000000
2026/09/30 00:03:34.241, 1980, 2619, 154.52, 39, 0x0000000000000000
2026/09/30 00:03:34.491, 1980, 2619, 178.20, 39, 0x0000000000000000
2026/09/30 00:03:34.741, 1980, 2619, 200.35, 40, 0x0000000000000000
2026/09/30 00:03:34.991, 1980, 2619, 224.37, 40, 0x0000000000000000
2026/09/30 00:03:35.241, 1980, 2619, 225.84, 40, 0x0000000000000000
2026/09/30 00:03:35.491, 1980, 2619, 225.63, 40, 0x0000000000000000
2026/09/30 00:03:35.741, 1980, 2619, 220.66, 40, 0x0000000000000000
2026/09/30 00:03:35.992, 1980, 2619, 219.33, 40, 0x0000000000000000
2026/09/30 00:03:36.242, 1980, 2619, 219.10, 40, 0x0000000000000000
2026/09/30 00:03:36.492, 1980, 2619, 219.04, 40, 0x0000000000000000
2026/09/30 00:03:36.742, 1980, 2619, 218.20, 40, 0x0000000000000000
2026/09/30 00:03:36.992, 1980, 2619, 218.11, 40, 0x0000000000000000
2026/09/30 00:03:37.242, 1980, 2619, 217.58, 40, 0x0000000000000000
2026/09/30 00:03:37.492, 1980, 2619, 217.24, 40, 0x0000000000000000
2026/09/30 00:03:37.742, 1980, 2619, 202.93, 39, 0x0000000000000000
2026/09/30 00:03:37.992, 1650, 2619, 241.19, 46, 0x0000000000000004
2026/09/30 00:03:38.242, 1665, 2619, 320.44, 51, 0x0000000000000004
2026/09/30 00:03:38.493, 1650, 2619, 452.32, 54, 0x0000000000000004
2026/09/30 00:03:38.743, 1665, 2619, 559.75, 55, 0x0000000000000004
2026/09/30 00:03:38.993, 1650, 2619, 650.89, 55, 0x0000000000000004
2026/09/30 00:03:39.243, 1665, 2619, 649.34, 55, 0x0000000000000004
2026/09/30 00:03:39.493, 1620, 2619, 643.48, 55, 0x0000000000000004
2026/09/30 00:03:39.743, 1620, 2619, 646.55, 55, 0x0000000000000004
2026/09/30 00:03:39.993, 1635, 2619, 648.81, 55, 0x0000000000000004
2026/09/30 00:03:40.243, 1635, 2619, 653.76, 55, 0x0000000000000004
2026/09/30 00:03:40.493, 1620, 2619, 663.93, 55, 0x0000000000000004
2026/09/30 00:03:40.743, 1605, 2619, 663.58, 55, 0x0000000000000004
2026/09/30 00:03:40.994, 1605, 2619, 661.75, 55, 0x0000000000000004
2026/09/30 00:03:41.244, 1620, 2619, 663.30, 55, 0x0000000000000004
2026/09/30 00:03:41.494, 1620, 2619, 660.82, 55, 0x0000000000000004
2026/09/30 00:03:41.744, 1635, 2619, 661.20, 55, 0x0000000000000004
2026/09/30 00:03:41.994, 1620, 2619, 662.33, 55, 0x0000000000000004
2026/09/30 00:03:42.244, 1620, 2619, 651.22, 50, 0x0000000000000004
2026/09/30 00:03:42.494, 1575, 2619, 653.61, 54, 0x0000000000000004
2026/09/30 00:03:42.744, 1590, 2619, 654.44, 54, 0x0000000000000004
2026/09/30 00:03:42.994, 1590, 2619, 656.13, 54, 0x0000000000000004
2026/09/30 00:03:43.244, 1590, 2619, 668.73, 55, 0x0000000000000004
2026/09/30 00:03:43.495, 1605, 2619, 666.40, 55, 0x0000000000000004
2026/09/30 00:03:43.745, 1605, 2619, 665.82, 55, 0x0000000000000004
2026/09/30 00:03:43.995, 1590, 2619, 667.00, 55, 0x0000000000000004
2026/09/30 00:03:44.245, 1605, 2619, 666.61, 55, 0x0000000000000004
2026/09/30 00:03:44.495, 1605, 2619, 668.12, 55, 0x0000000000000004
2026/09/30 00:03:44.745, 1575, 2619, 668.69, 55, 0x0000000000000004
2026/09/30 00:03:44.995, 1590, 2619, 665.81, 55, 0x0000000000000004
2026/09/30 00:03:45.245, 1575, 2619, 665.77, 55, 0x0000000000000004
2026/09/30 00:03:45.496, 1605, 2619, 663.31, 55, 0x0000000000000004
2026/09/30 00:03:45.746, 1590, 2619, 664.63, 55, 0x0000000000000004
2026/09/30 00:03:45.996, 1605, 2619, 668.04, 55, 0x0000000000000004
2026/09/30 00:03:46.246, 1605, 2619, 668.23, 56, 0x0000000000000004
2026/09/30 00:03:46.496, 1605, 2619, 669.37, 55, 0x0000000000000004
2026/09/30 00:03:46.746, 1605, 2619, 667.81, 55, 0x0000000000000004
2026/09/30 00:03:46.996, 1590, 2619, 668.26, 55, 0x0000000000000004
2026/09/30 00:03:47.246, 1620, 2619, 666.44, 55, 0x0000000000000004
2026/09/30 00:03:47.496, 1590, 2619, 665.63, 55, 0x0000000000000004
2026/09/30 00:03:47.747, 1590, 2619, 665.58, 55, 0x0000000000000004
2026/09/30 00:03:47.997, 1605, 2619, 654.89, 55, 0x0000000000000004
2026/09/30 00:03:48.247, 1530, 2619, 656.89, 55, 0x0000000000000004
2026/09/30 00:03:48.497, 1605, 2619, 658.64, 55, 0x0000000000000004
2026/09/30 00:03:48.747, 1545, 2619, 659.36, 55, 0x0000000000000004
2026/09/30 00:03:48.997, 1590, 2619, 672.27, 55, 0x0000000000000004
2026/09/30 00:03:49.247, 1545, 2619, 672.95, 56, 0x0000000000000004
2026/09/30 00:03:49.497, 1590, 2619, 672.17, 55, 0x0000000000000004
2026/09/30 00:03:49.747, 1530, 2619, 673.04, 56, 0x0000000000000004
2026/09/30 00:03:49.998, 1590, 2619, 670.13, 55, 0x0000000000000004
2026/09/30 00:03:50.248, 1530, 2619, 670.49, 56, 0x0000000000000004
2026/09/30 00:03:50.498, 1515, 2619, 668.66, 56, 0x0000000000000004
2026/09/30 00:03:50.748, 1530, 2619, 669.57, 57, 0x0000000000000004
2026/09/30 00:03:50.998, 1545, 2619, 668.92, 56, 0x0000000000000004
2026/09/30 00:03:51.248, 1530, 2619, 669.92, 57, 0x0000000000000004
2026/09/30 00:03:51.498, 1530, 2619, 671.66, 56, 0x0000000000000004
2026/09/30 00:03:51.748, 1530, 2619, 671.89, 57, 0x0000000000000004
2026/09/30 00:03:51.998, 1530, 2619, 671.01, 56, 0x0000000000000004
2026/09/30 00:03:52.249, 1545, 2619, 669.78, 57, 0x0000000000000004
2026/09/30 00:03:52.499, 1530, 2619, 669.50, 56, 0x0000000000000004
2026/09/30 00:03:52.749, 1530, 2619, 669.06, 57, 0x0000000000000004
2026/09/30 00:03:52.999, 1530, 2619, 670.26, 57, 0x0000000000000004
2026/09/30 00:03:53.249, 1545, 2619, 670.33, 57, 0x0000000000000004
2026/09/30 00:03:53.499, 1530, 2619, 671.23, 57, 0x0000000000000004
2026/09/30 00:03:53.749, 1530, 2619, 668.11, 57, 0x0000000000000004
2026/09/30 00:03:53.999, 1545, 2619, 667.24, 57, 0x0000000000000004
2026/09/30 00:03:54.249, 1590, 2619, 667.78, 56, 0x0000000000000004
2026/09/30 00:03:54.500, 1620, 2619, 665.26, 56, 0x0000000000000004
2026/09/30 00:03:54.750, 1590, 2619, 667.48, 56, 0x0000000000000004
2026/09/30 00:03:55.000, 1590, 2619, 670.08, 56, 0x0000000000000004
2026/09/30 00:03:55.250, 1530, 2619, 670.31, 57, 0x0000000000000004
2026/09/30 00:03:55.500, 1590, 2619, 673.35, 56, 0x0000000000000004
2026/09/30 00:03:55.750, 1530, 2619, 672.12, 57, 0x0000000000000004
2026/09/30 00:03:56.000, 1590, 2619, 671.04, 56, 0x0000000000000004
2026/09/30 00:03:56.250, 1530, 2619, 668.27, 57, 0x0000000000000004
2026/09/30 00:03:56.501, 1530, 2619, 667.25, 57, 0x0000000000000004
2026/09/30 00:03:56.751, 1530, 2619, 667.09, 58, 0x0000000000000004
2026/09/30 00:03:57.001, 1545, 2619, 667.69, 57, 0x0000000000000004
2026/09/30 00:03:57.251, 1530, 2619, 669.86, 58, 0x0000000000000004
2026/09/30 00:03:57.501, 1530, 2619, 670.21, 58, 0x0000000000000004
2026/09/30 00:03:57.751, 1575, 2619, 668.89, 57, 0x0000000000000004
2026/09/30 00:03:58.001, 1530, 2619, 668.18, 57, 0x0000000000000004
2026/09/30 00:03:58.251, 1605, 2619, 668.73, 57, 0x0000000000000004
2026/09/30 00:03:58.501, 1650, 2619, 666.70, 57, 0x0000000000000004
2026/09/30 00:03:58.751, 1575, 2619, 669.83, 57, 0x0000000000000004
2026/09/30 00:03:59.002, 1590, 2619, 669.59, 57, 0x0000000000000004
2026/09/30 00:03:59.252, 1515, 2619, 668.13, 57, 0x0000000000000004
2026/09/30 00:03:59.502, 1575, 2619, 671.96, 57, 0x0000000000000004
2026/09/30 00:03:59.752, 1860, 2619, 642.32, 58, 0x0000000000000004
2026/09/30 00:04:00.002, 1965, 2619, 484.42, 46, 0x0000000000000004
2026/09/30 00:04:00.252, 1980, 2619, 386.78, 45, 0x0000000000000000
2026/09/30 00:04:00.502, 1980, 2619, 230.33, 45, 0x0000000000000000
2026/09/30 00:04:00.752, 1980, 2619, 145.34, 44, 0x0000000000000000
2026/09/30 00:04:01.002, 1980, 2619, 145.85, 44, 0x0000000000000000
2026/09/30 00:04:01.252, 1980, 2619, 145.61, 44, 0x0000000000000000
2026/09/30 00:04:01.502, 1980, 2619, 145.00, 44, 0x0000000000000000
2026/09/30 00:04:01.752, 1980, 2619, 144.95, 44, 0x0000000000000000
2026/09/30 00:04:02.003, 1980, 2619, 144.78, 44, 0x0000000000000000
2026/09/30 00:04:02.253, 1980, 2619, 144.60, 43, 0x0000000000000000
2026/09/30 00:04:02.503, 1980, 2619, 144.36, 43, 0x0000000000000000
2026/09/30 00:04:02.753, 1980, 2619, 144.29, 43, 0x0000000000000000
2026/09/30 00:04:03.003, 1980, 2619, 144.20, 43, 0x0000000000000000
2026/09/30 00:04:03.253, 1980, 2619, 144.21, 43, 0x0000000000000000
2026/09/30 00:04:03.503, 1980, 2619, 144.21, 43, 0x0000000000000000
2026/09/30 00:04:03.753, 1980, 2619, 144.09, 43, 0x0000000000000000
2026/09/30 00:04:04.003, 1980, 2619, 143.85, 43, 0x0000000000000000
2026/09/30 00:04:04.253, 1980, 2619, 143.63, 43, 0x0000000000000000
2026/09/30 00:04:04.503, 1980, 2619, 143.49, 43, 0x0000000000000000
2026/09/30 00:04:04.754, 1980, 2619, 143.47, 42, 0x0000000000000000
2026/09/30 00:04:05.004, 1980, 2619, 143.47, 42, 0x0000000000000000
2026/09/30 00:04:05.254, 1980, 2619, 143.55, 42, 0x0000000000000000
2026/09/30 00:04:05.504, 1980, 2619, 143.56, 42, 0x0000000000000000
2026/09/30 00:04:05.754, 1980, 2619, 143.43, 42, 0x0000000000000000
2026/09/30 00:04:06.004, 1980, 2619, 143.27, 42, 0x0000000000000000
2026/09/30 00:04:06.254, 1980, 2619, 143.11, 42, 0x0000000000000000
2026/09/30 00:04:06.504, 1980, 2619, 142.99, 42, 0x0000000000000000
2026/09/30 00:04:06.754, 1980, 2619, 143.00, 42, 0x0000000000000000
2026/09/30 00:04:07.004, 1980, 2619, 142.97, 42, 0x0000000000000000
2026/09/30 00:04:07.254, 1980, 2619, 143.01, 42, 0x0000000000000000
2026/09/30 00:04:07.505, 1980, 2619, 142.99, 42, 0x0000000000000000
2026/09/30 00:04:07.755, 1980, 2619, 142.93, 42, 0x0000000000000000
2026/09/30 00:04:08.005, 1980, 2619, 142.87, 41, 0x0000000000000000
2026/09/30 00:04:08.255, 1980, 2619, 142.79, 41, 0x0000000000000000
2026/09/30 00:04:08.505, 1980, 2619, 142.83, 41, 0x0000000000000000
2026/09/30 00:04:08.755, 1980, 2619, 142.81, 41, 0x0000000000000000
2026/09/30 00:04:09.005, 1980, 2619, 142.79, 41, 0x0000000000000000
2026/09/30 00:04:09.255, 1980, 2619, 142.75, 41, 0x0000000000000000
2026/09/30 00:04:09.505, 1980, 2619, 142.62, 41, 0x0000000000000000
2026/09/30 00:04:09.756, 1980, 2619, 142.60, 41, 0x0000000000000000
2026/09/30 00:04:10.006, 1980, 2619, 142.56, 41, 0x0000000000000000
2026/09/30 00:04:10.256, 1980, 2619, 142.58, 41, 0x0000000000000000
2026/09/30 00:04:10.506, 1980, 2619, 142.50, 41, 0x0000000000000000
2026/09/30 00:04:10.756, 1980, 2619, 142.49, 41, 0x0000000000000000
2026/09/30 00:04:11.006, 1980, 2619, 142.57, 41, 0x0000000000000000
2026/09/30 00:04:11.256, 1980, 2619, 142.52, 41, 0x0000000000000000
2026/09/30 00:04:11.506, 1980, 2619, 142.47, 41, 0x0000000000000000
2026/09/30 00:04:11.756, 1980, 2619, 142.37, 41, 0x0000000000000000
2026/09/30 00:04:12.006, 1980, 2619, 142.22, 41, 0x0000000000000000
2026/09/30 00:04:12.256, 1980, 2619, 142.05, 40, 0x0000000000000000
2026/09/30 00:04:12.507, 1980, 2619, 141.99, 40, 0x0000000000000000
2026/09/30 00:04:12.757, 1980, 2619, 141.87, 40, 0x0000000000000000
2026/09/30 00:04:13.007, 1980, 2619, 141.64, 40, 0x0000000000000000
2026/09/30 00:04:13.257, 1980, 2619, 141.72, 40, 0x0000000000000000
2026/09/30 00:04:13.507, 1980, 2619, 141.62, 40, 0x0000000000000000
2026/09/30 00:04:13.757, 1980, 2619, 141.69, 40, 0x0000000000000000
2026/09/30 00:04:14.007, 1980, 2619, 141.72, 40, 0x0000000000000000
2026/09/30 00:04:14.257, 1980, 2619, 141.66, 40, 0x0000000000000000
2026/09/30 00:04:14.507, 1980, 2619, 141.67, 40, 0x0000000000000000
2026/09/30 00:04:14.757, 1980, 2619, 141.62, 40, 0x0000000000000000
2026/09/30 00:04:15.007, 1980, 2619, 141.66, 40, 0x0000000000000000
2026/09/30 00:04:15.258, 1980, 2619, 141.63, 40, 0x0000000000000000
2026/09/30 00:04:15.508, 1980, 2619, 141.58, 40, 0x0000000000000000
2026/09/30 00:04:15.758, 1980, 2619, 141.63, 40, 0x0000000000000000
2026/09/30 00:04:16.008, 1980, 2619, 141.47, 40, 0x0000000000000000
2026/09/30 00:04:16.258, 1980, 2619, 141.45, 40, 0x0000000000000000
2026/09/30 00:04:16.508, 1980, 2619, 141.30, 40, 0x0000000000000000
2026/09/30 00:04:16.758, 1980, 2619, 141.05, 40, 0x0000000000000000
2026/09/30 00:04:17.008, 1980, 2619, 140.69, 40, 0x0000000000000000
2026/09/30 00:04:17.258, 1980, 2619, 140.57, 40, 0x0000000000000000
2026/09/30 00:04:17.508, 1980, 2619, 140.60, 39, 0x0000000000000000
2026/09/30 00:04:17.758, 1980, 2619, 140.67, 39, 0x0000000000000000
2026/09/30 00:04:18.009, 1980, 2619, 140.76, 39, 0x0000000000000000
2026/09/30 00:04:18.259, 1980, 2619, 140.79, 39, 0x0000000000000000
2026/09/30 00:04:18.509, 1980, 2619, 140.61, 39, 0x0000000000000000
2026/09/30 00:04:18.759, 1980, 2619, 140.50, 39, 0x0000000000000000
2026/09/30 00:04:19.009, 1980, 2619, 140.56, 39, 0x0000000000000000
2026/09/30 00:04:19.259, 1980, 2619, 140.49, 39, 0x0000000000000000
2026/09/30 00:04:19.509, 1980, 2619, 140.48, 39, 0x0000000000000000
2026/09/30 00:04:19.759, 1980, 2619, 140.45, 39, 0x0000000000000000
2026/09/30 00:04:20.009, 1980, 2619, 140.47, 39, 0x0000000000000000
2026/09/30 00:04:20.259, 1980, 2619, 140.48, 39, 0x0000000000000000
2026/09/30 00:04:20.509, 1980, 2619, 140.41, 39, 0x0000000000000000
2026/09/30 00:04:20.760, 1980, 2619, 140.43, 39, 0x0000000000000000
2026/09/30 00:04:21.010, 1980, 2619, 140.25, 39, 0x0000000000000000
2026/09/30 00:04:21.260, 1980, 2619, 140.14, 39, 0x0000000000000000
2026/09/30 00:04:21.510, 1980, 2619, 140.25, 39, 0x0000000000000000
2026/09/30 00:04:21.760, 1980, 2619, 140.23, 39, 0x0000000000000000
2026/09/30 00:04:22.010, 1980, 2619, 140.25, 39, 0x0000000000000000
2026/09/30 00:04:22.260, 1980, 2619, 140.29, 39, 0x0000000000000000
2026/09/30 00:04:22.510, 1980, 2619, 140.16, 39, 0x0000000000000000
2026/09/30 00:04:22.760, 1980, 2619, 140.09, 39, 0x0000000000000000
2026/09/30 00:04:23.010, 1980, 2619, 140.13, 39, 0x0000000000000000
2026/09/30 00:04:23.260, 1980, 2619, 140.10, 39, 0x0000000000000000
2026/09/30 00:04:23.511, 1980, 2619, 140.10, 39, 0x0000000000000000
2026/09/30 00:04:23.761, 1980, 2619, 140.19, 39, 0x0000000000000000
2026/09/30 00:04:24.011, 1980, 2619, 140.13, 39, 0x0000000000000000
2026/09/30 00:04:24.261, 1980, 2619, 140.10, 39, 0x0000000000000000
2026/09/30 00:04:24.511, 1980, 2619, 140.10, 39, 0x0000000000000000
2026/09/30 00:04:24.761, 1980, 2619, 140.07, 38, 0x0000000000000000
2026/09/30 00:04:25.011, 1980, 2619, 140.01, 38, 0x0000000000000000
2026/09/30 00:04:25.261, 1980, 2619, 139.96, 38, 0x0000000000000000
2026/09/30 00:04:25.511, 1980, 2619, 140.06, 38, 0x0000000000000000
2026/09/30 00:04:25.761, 1980, 2619, 140.03, 38, 0x0000000000000000
2026/09/30 00:04:26.012, 1980, 2619, 139.98, 38, 0x0000000000000000
2026/09/30 00:04:26.262, 1980, 2619, 139.99, 38, 0x0000000000000000
2026/09/30 00:04:26.512, 1980, 2619, 139.82, 38, 0x0000000000000000
2026/09/30 00:04:26.762, 1980, 2619, 139.86, 38, 0x0000000000000000
2026/09/30 00:04:27.012, 1980, 2619, 139.89, 38, 0x0000000000000000
2026/09/30 00:04:27.262, 1980, 2619, 139.88, 38, 0x0000000000000000
2026/09/30 00:04:27.512, 1980, 2619, 139.91, 38, 0x0000000000000000
2026/09/30 00:04:27.762, 1980, 2619, 139.87, 38, 0x0000000000000000
2026/09/30 00:04:28.012, 1980, 2619, 139.81, 38, 0x0000000000000000
2026/09/30 00:04:28.263, 1980, 2619, 139.81, 38, 0x0000000000000000
2026/09/30 00:04:28.513, 1980, 2619, 139.76, 38, 0x0000000000000000
2026/09/30 00:04:28.763, 1980, 2619, 139.77, 38, 0x0000000000000000
2026/09/30 00:04:29.013, 1980, 2619, 139.73, 38, 0x0000000000000000
2026/09/30 00:04:29.263, 1980, 2619, 139.80, 38, 0x0000000000000000
2026/09/30 00:04:29.513, 1980, 2619, 141.16, 38, 0x0000000000000000
2026/09/30 00:04:29.763, 1980, 2619, 142.29, 38, 0x0000000000000000
2026/09/30 00:04:30.013, 1980, 2619, 143.40, 38, 0x0000000000000000
2026/09/30 00:04:30.263, 1980, 2619, 143.80, 38, 0x0000000000000000
2026/09/30 00:04:30.514, 1980, 2619, 142.23, 38, 0x0000000000000000
2026/09/30 00:04:30.764, 1980, 2619, 140.88, 38, 0x0000000000000000
2026/09/30 00:04:31.014, 1980, 2619, 139.93, 38, 0x0000000000000000
2026/09/30 00:04:31.264, 1980, 2619, 139.28, 38, 0x0000000000000000
2026/09/30 00:04:31.514, 1980, 2619, 139.66, 38, 0x0000000000000000
2026/09/30 00:04:31.764, 1980, 2619, 139.84, 38, 0x0000000000000000
2026/09/30 00:04:32.014, 1980, 2619, 140.00, 38, 0x0000000000000000
2026/09/30 00:04:32.264, 1980, 2619, 139.85, 38, 0x0000000000000000
2026/09/30 00:04:32.514, 1980, 2619, 139.29, 38, 0x0000000000000000
2026/09/30 00:04:32.764, 1980, 2619, 139.05, 38, 0x0000000000000000
2026/09/30 00:04:33.014, 1980, 2619, 138.54, 38, 0x0000000000000000
2026/09/30 00:04:33.265, 1980, 2619, 138.42, 38, 0x0000000000000000
2026/09/30 00:04:33.515, 1980, 2619, 138.33, 38, 0x0000000000000000
2026/09/30 00:04:33.765, 1980, 2619, 138.20, 38, 0x0000000000000000
2026/09/30 00:04:34.015, 1980, 2619, 139.24, 37, 0x0000000000000000
2026/09/30 00:04:34.265, 1980, 2619, 139.32, 37, 0x0000000000000000
2026/09/30 00:04:34.515, 1980, 2619, 139.45, 37, 0x0000000000000000
2026/09/30 00:04:34.765, 1980, 2619, 139.49, 37, 0x0000000000000000
2026/09/30 00:04:35.015, 1980, 2619, 138.51, 37, 0x0000000000000000
2026/09/30 00:04:35.265, 1980, 2619, 138.48, 37, 0x0000000000000000
2026/09/30 00:04:35.515, 1980, 2619, 138.31, 37, 0x0000000000000000
2026/09/30 00:04:35.766, 1980, 2619, 138.25, 37, 0x0000000000000000
2026/09/30 00:04:36.016, 1980, 2619, 138.10, 37, 0x0000000000000000
2026/09/30 00:04:36.266, 1980, 2619, 138.03, 37, 0x0000000000000000
2026/09/30 00:04:36.516, 1980, 2619, 138.18, 37, 0x0000000000000000
2026/09/30 00:04:36.766, 1980, 2619, 138.19, 37, 0x0000000000000000
2026/09/30 00:04:37.016, 1980, 2619, 138.15, 37, 0x0000000000000000
2026/09/30 00:04:37.266, 1980, 2619, 138.20, 37, 0x0000000000000000
2026/09/30 00:04:37.516, 1980, 2619, 138.22, 37, 0x0000000000000000
2026/09/30 00:04:37.766, 1980, 2619, 138.20, 37, 0x0000000000000000
2026/09/30 00:04:38.016, 1980, 2619, 138.19, 37, 0x0000000000000000
2026/09/30 00:04:38.267, 1980, 2619, 138.19, 37, 0x0000000000000000
2026/09/30 00:04:38.517, 1980, 2619, 138.18, 37, 0x0000000000000000
2026/09/30 00:04:38.767, 1980, 2619, 138.15, 37, 0x0000000000000000
2026/09/30 00:04:39.017, 1980, 2619, 138.21, 37, 0x0000000000000000
2026/09/30 00:04:39.267, 1980, 2619, 138.22, 37, 0x0000000000000000
2026/09/30 00:04:39.517, 1980, 2619, 138.07, 37, 0x0000000000000000
2026/09/30 00:04:39.767, 1980, 2619, 138.06, 37, 0x0000000000000000
2026/09/30 00:04:40.017, 1980, 2619, 137.87, 37, 0x0000000000000000
2026/09/30 00:04:40.267, 1980, 2619, 137.82, 37, 0x0000000000000000
2026/09/30 00:04:40.517, 1980, 2619, 137.74, 37, 0x0000000000000000
2026/09/30 00:04:40.768, 1980, 2619, 137.76, 37, 0x0000000000000000
2026/09/30 00:04:41.018, 1980, 2619, 137.80, 37, 0x0000000000000000
2026/09/30 00:04:41.268, 1980, 2619, 137.79, 37, 0x0000000000000000
2026/09/30 00:04:41.518, 1980, 2619, 137.79, 37, 0x0000000000000000
2026/09/30 00:04:41.768, 1980, 2619, 137.85, 37, 0x0000000000000000
2026/09/30 00:04:42.018, 1980, 2619, 137.88, 37, 0x0000000000000000
2026/09/30 00:04:42.268, 1980, 2619, 137.91, 37, 0x0000000000000000
2026/09/30 00:04:42.518, 1980, 2619, 137.83, 37, 0x0000000000000000
2026/09/30 00:04:42.768, 1980, 2619, 137.76, 37, 0x0000000000000000
2026/09/30 00:04:43.018, 1980, 2619, 137.80, 37, 0x0000000000000000
2026/09/30 00:04:43.268, 1980, 2619, 137.79, 37, 0x0000000000000000
2026/09/30 00:04:43.519, 1980, 2619, 137.84, 37, 0x0000000000000000
2026/09/30 00:04:43.769, 1980, 2619, 137.90, 37, 0x0000000000000000
2026/09/30 00:04:44.019, 1980, 2619, 137.92, 37, 0x0000000000000000
2026/09/30 00:04:44.269, 1980, 2619, 137.91, 37, 0x0000000000000000
2026/09/30 00:04:44.519, 1980, 2619, 137.93, 37, 0x0000000000000000
2026/09/30 00:04:44.769, 1980, 2619, 137.82, 37, 0x0000000000000000
2026/09/30 00:04:45.019, 1980, 2619, 137.75, 37, 0x0000000000000000
2026/09/30 00:04:45.269, 1980, 2619, 137.72, 37, 0x0000000000000000
2026/09/30 00:04:45.519, 1980, 2619, 137.71, 37, 0x0000000000000000
2026/09/30 00:04:45.769, 1980, 2619, 138.62, 37, 0x0000000000000000
2026/09/30 00:04:46.020, 1980, 2619, 138.64, 37, 0x0000000000000000
2026/09/30 00:04:46.270, 1980, 2619, 138.67, 37, 0x0000000000000000
2026/09/30 00:04:46.520, 1980, 2619, 138.67, 37, 0x0000000000000000
2026/09/30 00:04:46.770, 1980, 2619, 137.77, 37, 0x0000000000000000
2026/09/30 00:04:47.020, 1980, 2619, 137.74, 37, 0x0000000000000000
2026/09/30 00:04:47.270, 1980, 2619, 137.68, 37, 0x0000000000000000
2026/09/30 00:04:47.520, 1980, 2619, 137.66, 37, 0x0000000000000000
2026/09/30 00:04:47.770, 1980, 2619, 137.64, 37, 0x0000000000000000
2026/09/30 00:04:48.020, 1980, 2619, 137.53, 36, 0x0000000000000000
2026/09/30 00:04:48.270, 1980, 2619, 137.61, 36, 0x0000000000000000
2026/09/30 00:04:48.520, 1980, 2619, 137.63, 36, 0x0000000000000000
2026/09/30 00:04:48.771, 1980, 2619, 137.62, 36, 0x0000000000000000
2026/09/30 00:04:49.021, 1980, 2619, 137.71, 36, 0x0000000000000000
2026/09/30 00:04:49.271, 1980, 2619, 137.61, 36, 0x0000000000000000
2026/09/30 00:04:49.521, 1980, 2619, 137.54, 36, 0x0000000000000000
2026/09/30 00:04:49.771, 1980, 2619, 137.54, 36, 0x0000000000000000
2026/09/30 00:04:50.021, 1980, 2619, 137.54, 36, 0x0000000000000000
2026/09/30 00:04:50.271, 1980, 2619, 137.61, 36, 0x0000000000000000
2026/09/30 00:04:50.521, 1980, 2619, 137.60, 36, 0x0000000000000000
2026/09/30 00:04:50.771, 1980, 2619, 137.56, 36, 0x0000000000000000
2026/09/30 00:04:51.021, 1980, 2619, 137.46, 36, 0x0000000000000000
2026/09/30 00:04:51.271, 1980, 2619, 137.40, 36, 0x0000000000000000
2026/09/30 00:04:51.522, 1980, 2619, 137.41, 36, 0x0000000000000000
2026/09/30 00:04:51.772, 1980, 2619, 137.49, 36, 0x0000000000000000
2026/09/30 00:04:52.022, 1980, 2619, 137.55, 36, 0x0000000000000000
2026/09/30 00:04:52.272, 1980, 2619, 137.50, 36, 0x0000000000000000
2026/09/30 00:04:52.522, 1980, 2619, 138.68, 36, 0x0000000000000000
2026/09/30 00:04:52.772, 1980, 2619, 139.70, 36, 0x0000000000000000
2026/09/30 00:04:53.022, 1980, 2619, 140.16, 36, 0x0000000000000000
2026/09/30 00:04:53.272, 1980, 2619, 140.28, 36, 0x0000000000000000
2026/09/30 00:04:53.522, 1980, 2619, 139.15, 36, 0x0000000000000000
2026/09/30 00:04:53.773, 1980, 2619, 138.17, 36, 0x0000000000000000
2026/09/30 00:04:54.023, 1980, 2619, 137.60, 36, 0x0000000000000000
2026/09/30 00:04:54.273, 1980, 2619, 137.51, 36, 0x0000000000000000
2026/09/30 00:04:54.523, 1980, 2619, 137.54, 36, 0x0000000000000000
2026/09/30 00:04:54.773, 1980, 2619, 137.46, 36, 0x0000000000000000
2026/09/30 00:04:55.023, 1980, 2619, 137.41, 36, 0x0000000000000000
2026/09/30 00:04:55.273, 1980, 2619, 137.38, 36, 0x0000000000000000
2026/09/30 00:04:55.523, 1980, 2619, 137.30, 36, 0x0000000000000000
2026/09/30 00:04:55.773, 1980, 2619, 137.45, 36, 0x0000000000000000
2026/09/30 00:04:56.023, 1980, 2619, 137.75, 36, 0x0000000000000000
2026/09/30 00:04:56.273, 1980, 2619, 137.81, 36, 0x0000000000000000
2026/09/30 00:04:56.524, 1980, 2619, 137.85, 36, 0x0000000000000000
2026/09/30 00:04:56.774, 1980, 2619, 137.71, 36, 0x0000000000000000
2026/09/30 00:04:57.024, 1980, 2619, 137.34, 36, 0x0000000000000000
2026/09/30 00:04:57.274, 1980, 2619, 137.29, 36, 0x0000000000000000
2026/09/30 00:04:57.524, 1980, 2619, 137.24, 36, 0x0000000000000000
2026/09/30 00:04:57.774, 1980, 2619, 137.17, 36, 0x0000000000000000
2026/09/30 00:04:58.024, 1980, 2619, 137.16, 36, 0x0000000000000000
2026/09/30 00:04:58.274, 1980, 2619, 137.13, 36, 0x0000000000000000
2026/09/30 00:04:58.524, 1980, 2619, 137.07, 36, 0x0000000000000000
2026/09/30 00:04:58.775, 1980, 2619, 137.14, 36, 0x0000000000000000
2026/09/30 00:04:59.025, 1980, 2619, 137.17, 36, 0x0000000000000000
2026/09/30 00:04:59.275, 1980, 2619, 137.16, 36, 0x0000000000000000
2026/09/30 00:04:59.525, 1980, 2619, 137.14, 36, 0x0000000000000000
2026/09/30 00:04:59.775, 1980, 2619, 137.10, 36, 0x0000000000000000
2026/09/30 00:05:00.025, 1980, 2619, 137.06, 36, 0x0000000000000000
2026/09/30 00:05:00.275, 1980, 2619, 137.08, 36, 0x0000000000000000
2026/09/30 00:05:00.525, 1980, 2619, 137.17, 36, 0x0000000000000000
2026/09/30 00:05:00.775, 1980, 2619, 137.15, 36, 0x0000000000000000
2026/09/30 00:05:01.025, 1980, 2619, 137.21, 36, 0x0000000000000000
2026/09/30 00:05:01.276, 1980, 2619, 137.13, 36, 0x0000000000000000
2026/09/30 00:05:01.526, 1980, 2619, 137.13, 36, 0x0000000000000000
2026/09/30 00:05:01.776, 1980, 2619, 137.11, 36, 0x0000000000000000
2026/09/30 00:05:02.026, 1980, 2619, 137.00, 36, 0x0000000000000000
2026/09/30 00:05:02.276, 1980, 2619, 137.02, 36, 0x0000000000000000
2026/09/30 00:05:02.526, 1980, 2619, 136.96, 36, 0x0000000000000000
2026/09/30 00:05:02.776, 1980, 2619, 137.04, 36, 0x0000000000000000
2026/09/30 00:05:03.026, 1980, 2619, 137.08, 36, 0x0000000000000000
2026/09/30 00:05:03.276, 1980, 2619, 137.12, 36, 0x0000000000000000
2026/09/30 00:05:03.526, 1980, 2619, 137.07, 36, 0x0000000000000000
2026/09/30 00:05:03.776, 1980, 2619, 137.00, 36, 0x0000000000000000
2026/09/30 00:05:04.027, 1980, 2619, 136.97, 36, 0x0000000000000000
2026/09/30 00:05:04.277, 1980, 2619, 136.89, 36, 0x0000000000000000
2026/09/30 00:05:04.527, 1980, 2619, 136.82, 36, 0x0000000000000000
2026/09/30 00:05:04.777, 1980, 2619, 136.85, 36, 0x0000000000000000
2026/09/30 00:05:05.027, 1980, 2619, 136.87, 36, 0x0000000000000000
2026/09/30 00:05:05.277, 1980, 2619, 136.82, 36, 0x0000000000000000
2026/09/30 00:05:05.527, 1980, 2619, 136.92, 36, 0x0000000000000000
2026/09/30 00:05:05.777, 1980, 2619, 136.93, 36, 0x0000000000000000
2026/09/30 00:05:06.027, 1980, 2619, 136.90, 36, 0x0000000000000000
2026/09/30 00:05:06.277, 1980, 2619, 136.96, 36, 0x0000000000000000
2026/09/30 00:05:06.527, 1980, 2619, 136.91, 36, 0x0000000000000000
2026/09/30 00:05:06.778, 1980, 2619, 136.88, 36, 0x0000000000000000
2026/09/30 00:05:07.028, 1980, 2619, 137.10, 36, 0x0000000000000000
2026/09/30 00:05:07.278, 1980, 2619, 137.24, 36, 0x0000000000000000
2026/09/30 00:05:07.528, 1980, 2619, 137.49, 36, 0x0000000000000000
2026/09/30 00:05:07.778, 1980, 2619, 137.69, 36, 0x0000000000000000
2026/09/30 00:05:08.028, 1980, 2619, 137.62, 36, 0x0000000000000000
2026/09/30 00:05:08.278, 1980, 2619, 137.67, 36, 0x0000000000000000
2026/09/30 00:05:08.528, 1980, 2619, 137.60, 36, 0x0000000000000000
2026/09/30 00:05:08.778, 1980, 2619, 137.51, 36, 0x0000000000000000
2026/09/30 00:05:09.028, 1980, 2619, 137.49, 36, 0x0000000000000000
2026/09/30 00:05:09.279, 1980, 2619, 137.45, 36, 0x0000000000000000
2026/09/30 00:05:09.529, 1980, 2619, 146.51, 37, 0x0000000000000000
2026/09/30 00:05:09.779, 1980, 2619, 166.21, 39, 0x0000000000000000
2026/09/30 00:05:10.029, 1980, 2619, 199.79, 38, 0x0000000000000000
2026/09/30 00:05:10.279, 1980, 2619, 201.28, 37, 0x0000000000000000
2026/09/30 00:05:10.529, 1980, 2619, 195.72, 37, 0x0000000000000000
2026/09/30 00:05:10.779, 1980, 2619, 180.24, 36, 0x0000000000000000
2026/09/30 00:05:11.029, 1980, 2619, 157.85, 37, 0x0000000000000000
2026/09/30 00:05:11.279, 1980, 2619, 158.87, 37, 0x0000000000000000
2026/09/30 00:05:11.529, 1980, 2619, 182.46, 38, 0x0000000000000000
2026/09/30 00:05:11.780, 1980, 2619, 195.37, 38, 0x0000000000000000
2026/09/30 00:05:12.030, 1980, 2619, 202.78, 38, 0x0000000000000000
2026/09/30 00:05:12.280, 1980, 2619, 220.77, 39, 0x0000000000000000
2026/09/30 00:05:12.530, 1980, 2619, 218.14, 38, 0x0000000000000000
2026/09/30 00:05:12.780, 1980, 2619, 219.80, 38, 0x0000000000000000
2026/09/30 00:05:13.030, 1980, 2619, 223.57, 39, 0x0000000000000000
2026/09/30 00:05:13.280, 1980, 2619, 218.14, 39, 0x0000000000000000
2026/09/30 00:05:13.530, 1980, 2619, 219.00, 38, 0x0000000000000000
2026/09/30 00:05:13.780, 1980, 2619, 219.73, 38, 0x0000000000000000
2026/09/30 00:05:14.031, 1980, 2619, 217.07, 39, 0x0000000000000000
2026/09/30 00:05:14.281, 1980, 2619, 221.97, 38, 0x0000000000000000
2026/09/30 00:05:14.531, 1980, 2619, 220.90, 39, 0x0000000000000000
2026/09/30 00:05:14.781, 1980, 2619, 218.46, 39, 0x0000000000000000
2026/09/30 00:05:15.031, 1980, 2619, 221.28, 38, 0x0000000000000000
2026/09/30 00:05:15.281, 1980, 2619, 217.74, 39, 0x0000000000000000
2026/09/30 00:05:15.531, 1980, 2619, 219.38, 38, 0x0000000000000000
2026/09/30 00:05:15.781, 1980, 2619, 221.82, 39, 0x0000000000000000
2026/09/30 00:05:16.031, 1980, 2619, 220.26, 39, 0x0000000000000000
2026/09/30 00:05:16.282, 1980, 2619, 220.17, 39, 0x0000000000000000
2026/09/30 00:05:16.532, 1980, 2619, 219.38, 39, 0x0000000000000000
2026/09/30 00:05:16.782, 1980, 2619, 215.51, 39, 0x0000000000000000
2026/09/30 00:05:17.032, 1980, 2619, 219.06, 39, 0x0000000000000000
2026/09/30 00:05:17.282, 1980, 2619, 220.06, 39, 0x0000000000000000
2026/09/30 00:05:17.532, 1980, 2619, 220.03, 39, 0x0000000000000000
2026/09/30 00:05:17.782, 1980, 2619, 225.29, 39, 0x0000000000000000
2026/09/30 00:05:18.032, 1980, 2619, 219.82, 39, 0x0000000000000000
2026/09/30 00:05:18.282, 1980, 2619, 219.90, 39, 0x0000000000000000
2026/09/30 00:05:18.533, 1980, 2619, 223.61, 39, 0x0000000000000000
2026/09/30 00:05:18.783, 1980, 2619, 211.68, 38, 0x0000000000000000
2026/09/30 00:05:19.033, 1980, 2619, 204.65, 38, 0x0000000000000000
2026/09/30 00:05:19.283, 1980, 2619, 188.63, 38, 0x0000000000000000
2026/09/30 00:05:19.533, 1980, 2619, 178.64, 37, 0x0000000000000000
2026/09/30 00:05:19.783, 1980, 2619, 178.57, 38, 0x0000000000000000
2026/09/30 00:05:20.033, 1980, 2619, 170.66, 37, 0x0000000000000000
2026/09/30 00:05:20.283, 1980, 2619, 182.05, 38, 0x0000000000000000
2026/09/30 00:05:20.533, 1980, 2619, 191.32, 39, 0x0000000000000000
2026/09/30 00:05:20.784, 1980, 2619, 200.56, 38, 0x0000000000000000
2026/09/30 00:05:21.034, 1980, 2619, 216.06, 39, 0x0000000000000000
2026/09/30 00:05:21.284, 1980, 2619, 219.25, 39, 0x0000000000000000
2026/09/30 00:05:21.534, 1980, 2619, 219.17, 39, 0x0000000000000000
2026/09/30 00:05:21.784, 1980, 2619, 222.24, 39, 0x0000000000000000
2026/09/30 00:05:22.034, 1980, 2619, 219.70, 39, 0x0000000000000000
2026/09/30 00:05:22.284, 1980, 2619, 221.28, 39, 0x0000000000000000
2026/09/30 00:05:22.534, 1980, 2619, 224.29, 39, 0x0000000000000000
2026/09/30 00:05:22.784, 1980, 2619, 218.91, 39, 0x0000000000000000
2026/09/30 00:05:23.034, 1980, 2619, 222.41, 39, 0x0000000000000000
2026/09/30 00:05:23.285, 1980, 2619, 219.90, 39, 0x0000000000000000
2026/09/30 00:05:23.535, 1980, 2619, 218.10, 39, 0x0000000000000000
2026/09/30 00:05:23.785, 1980, 2619, 223.91, 39, 0x0000000000000000
2026/09/30 00:05:24.035, 1980, 2619, 217.50, 39, 0x0000000000000000
2026/09/30 00:05:24.285, 1980, 2619, 218.35, 38, 0x0000000000000000
2026/09/30 00:05:24.535, 1980, 2619, 225.86, 39, 0x0000000000000000
2026/09/30 00:05:24.785, 1980, 2619, 231.48, 40, 0x0000000000000000
2026/09/30 00:05:25.035, 1980, 2619, 248.91, 40, 0x0000000000000000
2026/09/30 00:05:25.285, 1980, 2619, 257.34, 40, 0x0000000000000000
2026/09/30 00:05:25.536, 1980, 2619, 268.12, 40, 0x0000000000000000
2026/09/30 00:05:25.786, 1980, 2619, 268.89, 40, 0x0000000000000000
2026/09/30 00:05:26.036, 1980, 2619, 268.41, 40, 0x0000000000000000
2026/09/30 00:05:26.286, 1980, 2619, 267.41, 40, 0x0000000000000000
2026/09/30 00:05:26.536, 1980, 2619, 267.68, 40, 0x0000000000000000
2026/09/30 00:05:26.786, 1890, 2619, 276.42, 46, 0x0000000000000000
2026/09/30 00:05:27.036, 1635, 2619, 379.99, 50, 0x0000000000000004
2026/09/30 00:05:27.286, 1680, 2619, 447.85, 52, 0x0000000000000004
2026/09/30 00:05:27.536, 1680, 2619, 570.07, 52, 0x0000000000000004
2026/09/30 00:05:27.786, 1755, 2619, 630.02, 51, 0x0000000000000004
2026/09/30 00:05:28.036, 1650, 2619, 650.23, 53, 0x0000000000000004
2026/09/30 00:05:28.287, 1740, 2619, 649.24, 52, 0x0000000000000004
2026/09/30 00:05:28.537, 1635, 2619, 651.11, 53, 0x0000000000000004
2026/09/30 00:05:28.787, 1635, 2619, 653.47, 53, 0x0000000000000004
2026/09/30 00:05:29.037, 1650, 2619, 655.62, 53, 0x0000000000000004
2026/09/30 00:05:29.287, 1635, 2619, 660.93, 53, 0x0000000000000004
2026/09/30 00:05:29.537, 1635, 2619, 662.82, 53, 0x0000000000000004
2026/09/30 00:05:29.787, 1635, 2619, 661.82, 53, 0x0000000000000004
2026/09/30 00:05:30.037, 1620, 2619, 659.22, 53, 0x0000000000000004
2026/09/30 00:05:30.287, 1665, 2619, 656.19, 53, 0x0000000000000004
2026/09/30 00:05:30.537, 1650, 2619, 654.85, 53, 0x0000000000000004
2026/09/30 00:05:30.788, 1620, 2619, 655.56, 53, 0x0000000000000004
2026/09/30 00:05:31.038, 1650, 2619, 658.84, 53, 0x0000000000000004
2026/09/30 00:05:31.288, 1650, 2619, 660.95, 53, 0x0000000000000004
2026/09/30 00:05:31.538, 1650, 2619, 659.80, 53, 0x0000000000000004
2026/09/30 00:05:31.788, 1665, 2619, 659.84, 53, 0x0000000000000004
2026/09/30 00:05:32.038, 1650, 2619, 660.09, 53, 0x0000000000000004
2026/09/30 00:05:32.288, 1665, 2619, 658.85, 53, 0x0000000000000004
2026/09/30 00:05:32.538, 1650, 2619, 661.21, 53, 0x0000000000000004
2026/09/30 00:05:32.788, 1665, 2619, 660.88, 54, 0x0000000000000004
2026/09/30 00:05:33.039, 1635, 2619, 662.72, 54, 0x0000000000000004
2026/09/30 00:05:33.289, 1665, 2619, 663.97, 54, 0x0000000000000004
2026/09/30 00:05:33.539, 1680, 2619, 664.35, 53, 0x0000000000000004
2026/09/30 00:05:33.789, 1665, 2619, 665.31, 53, 0x0000000000000004
2026/09/30 00:05:34.039, 1665, 2619, 664.16, 54, 0x0000000000000004
2026/09/30 00:05:34.289, 1650, 2619, 664.74, 54, 0x0000000000000004
2026/09/30 00:05:34.539, 1680, 2619, 663.64, 54, 0x0000000000000004
2026/09/30 00:05:34.789, 1665, 2619, 662.63, 54, 0x0000000000000004
2026/09/30 00:05:35.039, 1665, 2619, 661.67, 55, 0x0000000000000004
2026/09/30 00:05:35.290, 1680, 2619, 660.41, 55, 0x0000000000000004
2026/09/30 00:05:35.540, 1695, 2619, 660.48, 54, 0x0000000000000004
2026/09/30 00:05:35.790, 1665, 2619, 661.93, 54, 0x0000000000000004
2026/09/30 00:05:36.040, 1665, 2619, 663.39, 54, 0x0000000000000004
2026/09/30 00:05:36.290, 1665, 2619, 664.44, 55, 0x0000000000000004
2026/09/30 00:05:36.540, 1680, 2619, 664.10, 54, 0x0000000000000004
2026/09/30 00:05:36.790, 1695, 2619, 661.74, 55, 0x0000000000000004
2026/09/30 00:05:37.040, 1650, 2619, 661.01, 55, 0x0000000000000004
2026/09/30 00:05:37.290, 1680, 2619, 660.18, 55, 0x0000000000000004
2026/09/30 00:05:37.540, 1545, 2619, 652.67, 55, 0x0000000000000004
2026/09/30 00:05:37.791, 1605, 2619, 655.93, 54, 0x0000000000000004
2026/09/30 00:05:38.041, 1620, 2619, 659.22, 55, 0x0000000000000004
2026/09/30 00:05:38.291, 1605, 2619, 662.80, 54, 0x0000000000000004
2026/09/30 00:05:38.541, 1575, 2619, 673.53, 54, 0x0000000000000004
2026/09/30 00:05:38.791, 1545, 2619, 672.77, 55, 0x0000000000000004
2026/09/30 00:05:39.041, 1530, 2619, 672.70, 55, 0x0000000000000004
2026/09/30 00:05:39.291, 1545, 2619, 671.60, 55, 0x0000000000000004
2026/09/30 00:05:39.541, 1545, 2619, 672.38, 55, 0x0000000000000004
2026/09/30 00:05:39.791, 1650, 2619, 672.04, 54, 0x0000000000000004
2026/09/30 00:05:40.041, 1620, 2619, 672.09, 55, 0x0000000000000004
2026/09/30 00:05:40.292, 1545, 2619, 673.70, 54, 0x0000000000000004
2026/09/30 00:05:40.542, 1545, 2619, 672.51, 54, 0x0000000000000004
2026/09/30 00:05:40.792, 1545, 2619, 673.48, 56, 0x0000000000000004
2026/09/30 00:05:41.042, 1545, 2619, 671.95, 55, 0x0000000000000004
2026/09/30 00:05:41.292, 1605, 2619, 669.71, 55, 0x0000000000000004
2026/09/30 00:05:41.542, 1620, 2619, 669.96, 55, 0x0000000000000004
2026/09/30 00:05:41.792, 1560, 2619, 670.27, 55, 0x0000000000000004
2026/09/30 00:05:42.042, 1560, 2619, 671.00, 54, 0x0000000000000004
2026/09/30 00:05:42.292, 1545, 2619, 671.66, 56, 0x0000000000000004
2026/09/30 00:05:42.542, 1515, 2619, 669.90, 55, 0x0000000000000004
2026/09/30 00:05:42.792, 1620, 2619, 669.13, 55, 0x0000000000000004
2026/09/30 00:05:43.043, 1620, 2619, 669.04, 55, 0x0000000000000004
2026/09/30 00:05:43.293, 1530, 2619, 669.75, 55, 0x0000000000000004
2026/09/30 00:05:43.543, 1560, 2619, 671.41, 56, 0x0000000000000004
2026/09/30 00:05:43.793, 1605, 2619, 671.10, 56, 0x0000000000000004
2026/09/30 00:05:44.043, 1605, 2619, 670.24, 56, 0x0000000000000004
2026/09/30 00:05:44.293, 1575, 2619, 670.99, 55, 0x0000000000000004
2026/09/30 00:05:44.543, 1620, 2619, 668.99, 55, 0x0000000000000004
2026/09/30 00:05:44.793, 1605, 2619, 669.17, 56, 0x0000000000000004
2026/09/30 00:05:45.043, 1605, 2619, 669.96, 56, 0x0000000000000004
2026/09/30 00:05:45.294, 1560, 2619, 669.86, 55, 0x0000000000000004
2026/09/30 00:05:45.544, 1560, 2619, 672.32, 55, 0x0000000000000004
2026/09/30 00:05:45.794, 1635, 2619, 668.12, 56, 0x0000000000000004
2026/09/30 00:05:46.044, 1590, 2619, 667.74, 57, 0x0000000000000004
2026/09/30 00:05:46.294, 1560, 2619, 667.30, 55, 0x0000000000000004
2026/09/30 00:05:46.544, 1560, 2619, 666.47, 55, 0x0000000000000004
2026/09/30 00:05:46.794, 1560, 2619, 670.82, 57, 0x0000000000000004
2026/09/30 00:05:47.044, 1545, 2619, 669.67, 57, 0x0000000000000004
2026/09/30 00:05:47.294, 1590, 2619, 670.45, 56, 0x0000000000000004
2026/09/30 00:05:47.544, 1605, 2619, 671.67, 56, 0x0000000000000004
2026/09/30 00:05:47.795, 1530, 2619, 671.79, 56, 0x0000000000000004
2026/09/30 00:05:48.045, 1545, 2619, 674.91, 56, 0x0000000000000004
2026/09/30 00:05:48.295, 1545, 2619, 672.84, 57, 0x0000000000000004
2026/09/30 00:05:48.545, 1560, 2619, 671.61, 57, 0x0000000000000004
2026/09/30 00:05:48.795, 1620, 2619, 671.57, 56, 0x0000000000000004
2026/09/30 00:05:49.045, 1605, 2619, 669.64, 56, 0x0000000000000004
2026/09/30 00:05:49.295, 1515, 2619, 670.54, 56, 0x0000000000000004
2026/09/30 00:05:49.545, 1755, 2619, 662.03, 57, 0x0000000000000004
2026/09/30 00:05:49.795, 1770, 2619, 658.02, 57, 0x0000000000000004
2026/09/30 00:05:50.045, 1770, 2619, 652.91, 57, 0x0000000000000004
2026/09/30 00:05:50.296, 1770, 2619, 648.01, 57, 0x0000000000000004
2026/09/30 00:05:50.546, 1770, 2619, 648.41, 57, 0x0000000000000004
2026/09/30 00:05:50.796, 1800, 2619, 646.84, 57, 0x0000000000000004
2026/09/30 00:05:51.046, 1695, 2619, 648.15, 57, 0x0000000000000004
2026/09/30 00:05:51.296, 1710, 2619, 652.73, 56, 0x0000000000000004
2026/09/30 00:05:51.546, 1710, 2619, 659.12, 56, 0x0000000000000004
2026/09/30 00:05:51.796, 1710, 2619, 665.06, 57, 0x0000000000000004
2026/09/30 00:05:52.046, 1695, 2619, 668.74, 57, 0x0000000000000004
2026/09/30 00:05:52.296, 1695, 2619, 668.21, 57, 0x0000000000000004
2026/09/30 00:05:52.547, 1695, 2619, 668.16, 57, 0x0000000000000004
2026/09/30 00:05:52.797, 1695, 2619, 667.53, 57, 0x0000000000000004
2026/09/30 00:05:53.047, 1695, 2619, 666.97, 57, 0x0000000000000004
2026/09/30 00:05:53.297, 1710, 2619, 667.95, 57, 0x0000000000000004
2026/09/30 00:05:53.547, 1695, 2619, 668.18, 57, 0x0000000000000004
2026/09/30 00:05:53.797, 1695, 2619, 667.32, 57, 0x0000000000000004
2026/09/30 00:05:54.047, 1710, 2619, 666.33, 57, 0x0000000000000004
2026/09/30 00:05:54.297, 1725, 2619, 666.09, 57, 0x0000000000000004
2026/09/30 00:05:54.547, 1650, 2619, 668.53, 57, 0x0000000000000004
2026/09/30 00:05:54.797, 1665, 2619, 669.29, 57, 0x0000000000000004
2026/09/30 00:05:55.048, 1650, 2619, 671.34, 57, 0x0000000000000004
2026/09/30 00:05:55.298, 1665, 2619, 671.62, 57, 0x0000000000000004
2026/09/30 00:05:55.548, 1650, 2619, 668.75, 57, 0x0000000000000004
2026/09/30 00:05:55.798, 1665, 2619, 669.04, 57, 0x0000000000000004
2026/09/30 00:05:56.048, 1665, 2619, 668.42, 57, 0x0000000000000004
2026/09/30 00:05:56.298, 1665, 2619, 668.85, 57, 0x0000000000000004
2026/09/30 00:05:56.548, 1650, 2619, 669.76, 57, 0x0000000000000004
2026/09/30 00:05:56.798, 1680, 2619, 670.24, 57, 0x0000000000000004
2026/09/30 00:05:57.048, 1665, 2619, 669.70, 57, 0x0000000000000004
2026/09/30 00:05:57.299, 1665, 2619, 669.93, 58, 0x0000000000000004
2026/09/30 00:05:57.549, 1665, 2619, 669.12, 58, 0x0000000000000004
2026/09/30 00:05:57.799, 1680, 2619, 670.00, 58, 0x0000000000000004
2026/09/30 00:05:58.049, 1680, 2619, 670.11, 58, 0x0000000000000004
2026/09/30 00:05:58.299, 1680, 2619, 669.73, 58, 0x0000000000000004
2026/09/30 00:05:58.549, 1680, 2619, 670.05, 58, 0x0000000000000004
2026/09/30 00:05:58.799, 1680, 2619, 668.52, 58, 0x0000000000000004
2026/09/30 00:05:59.049, 1680, 2619, 668.23, 58, 0x0000000000000004
2026/09/30 00:05:59.299, 1665, 2619, 665.69, 58, 0x0000000000000004
2026/09/30 00:05:59.549, 1665, 2619, 666.24, 58, 0x0000000000000004
2026/09/30 00:05:59.800, 1665, 2619, 668.11, 58, 0x0000000000000004
2026/09/30 00:06:00.050, 1680, 2619, 670.83, 58, 0x0000000000000004
2026/09/30 00:06:00.300, 1665, 2619, 669.67, 58, 0x0000000000000004
2026/09/30 00:06:00.550, 1665, 2619, 671.68, 58, 0x0000000000000004
2026/09/30 00:06:00.800, 1650, 2619, 669.88, 59, 0x0000000000000004
2026/09/30 00:06:01.050, 1620, 2619, 667.74, 58, 0x0000000000000004
2026/09/30 00:06:01.300, 1605, 2619, 667.65, 58, 0x0000000000000004
2026/09/30 00:06:01.550, 1605, 2619, 665.79, 58, 0x0000000000000004
2026/09/30 00:06:01.800, 1605, 2619, 664.26, 58, 0x0000000000000004
2026/09/30 00:06:02.050, 1605, 2619, 664.26, 58, 0x0000000000000004
2026/09/30 00:06:02.300, 1605, 2619, 665.47, 58, 0x0000000000000004
2026/09/30 00:06:02.551, 1605, 2619, 664.06, 58, 0x0000000000000004
2026/09/30 00:06:02.801, 1620, 2619, 665.97, 58, 0x0000000000000004
2026/09/30 00:06:03.051, 1605, 2619, 665.13, 58, 0x0000000000000004
2026/09/30 00:06:03.301, 1635, 2619, 664.04, 59, 0x0000000000000004
2026/09/30 00:06:03.551, 1605, 2619, 666.78, 58, 0x0000000000000004
2026/09/30 00:06:03.801, 1620, 2619, 664.89, 59, 0x0000000000000004
2026/09/30 00:06:04.051, 1605, 2619, 666.20, 59, 0x0000000000000004
2026/09/30 00:06:04.301, 1590, 2619, 665.88, 58, 0x0000000000000004
2026/09/30 00:06:04.551, 1620, 2619, 665.69, 59, 0x0000000000000004
2026/09/30 00:06:04.802, 1590, 2619, 668.10, 58, 0x0000000000000004
2026/09/30 00:06:05.052, 1605, 2619, 667.10, 59, 0x0000000000000004
2026/09/30 00:06:05.302, 1605, 2619, 667.70, 59, 0x0000000000000004
2026/09/30 00:06:05.552, 1590, 2619, 666.57, 58, 0x0000000000000004
2026/09/30 00:06:05.802, 1605, 2619, 662.33, 59, 0x0000000000000004
2026/09/30 00:06:06.052, 1620, 2619, 662.31, 59, 0x0000000000000004
2026/09/30 00:06:06.302, 1620, 2619, 662.29, 59, 0x0000000000000004
2026/09/30 00:06:06.552, 1605, 2619, 661.15, 59, 0x0000000000000004
2026/09/30 00:06:06.802, 1590, 2619, 664.30, 58, 0x0000000000000004
2026/09/30 00:06:07.052, 1620, 2619, 663.41, 60, 0x0000000000000004
2026/09/30 00:06:07.302, 1620, 2619, 662.20, 59, 0x0000000000000004
2026/09/30 00:06:07.553, 1620, 2619, 663.19, 59, 0x0000000000000004
2026/09/30 00:06:07.803, 1605, 2619, 663.84, 59, 0x0000000000000004
2026/09/30 00:06:08.053, 1605, 2619, 664.38, 59, 0x0000000000000004
2026/09/30 00:06:08.303, 1620, 2619, 662.67, 59, 0x0000000000000004
2026/09/30 00:06:08.553, 1620, 2619, 661.24, 59, 0x0000000000000004
2026/09/30 00:06:08.803, 1605, 2619, 661.67, 59, 0x0000000000000004
2026/09/30 00:06:09.053, 1605, 2619, 663.43, 59, 0x0000000000000004
2026/09/30 00:06:09.303, 1620, 2619, 665.25, 59, 0x0000000000000004
2026/09/30 00:06:09.553, 1695, 2619, 664.67, 58, 0x0000000000000004
2026/09/30 00:06:09.803, 1620, 2619, 663.60, 59, 0x0000000000000004
2026/09/30 00:06:10.054, 1620, 2619, 663.17, 59, 0x0000000000000004
2026/09/30 00:06:10.304, 1605, 2619, 662.79, 59, 0x0000000000000004
2026/09/30 00:06:10.554, 1620, 2619, 666.14, 59, 0x0000000000000004
2026/09/30 00:06:10.804, 1590, 2619, 665.57, 59, 0x0000000000000004
2026/09/30 00:06:11.054, 1620, 2619, 663.81, 59, 0x0000000000000004
2026/09/30 00:06:11.304, 1605, 2619, 665.91, 59, 0x0000000000000004
2026/09/30 00:06:11.554, 1605, 2619, 665.79, 59, 0x0000000000000004
2026/09/30 00:06:11.804, 1605, 2619, 666.23, 59, 0x0000000000000004
2026/09/30 00:06:12.054, 1590, 2619, 668.58, 59, 0x0000000000000004
2026/09/30 00:06:12.304, 1620, 2619, 665.39, 60, 0x0000000000000004
2026/09/30 00:06:12.555, 1620, 2619, 664.18, 59, 0x0000000000000004
2026/09/30 00:06:12.805, 1620, 2619, 662.50, 59, 0x0000000000000004
2026/09/30 00:06:13.055, 1605, 2619, 663.47, 59, 0x0000000000000004
2026/09/30 00:06:13.305, 1605, 2619, 666.47, 59, 0x0000000000000004
2026/09/30 00:06:13.555, 1665, 2619, 662.98, 58, 0x0000000000000004
2026/09/30 00:06:13.805, 1650, 2619, 662.44, 58, 0x0000000000000004
2026/09/30 00:06:14.055, 1710, 2619, 654.22, 58, 0x0000000000000004
2026/09/30 00:06:14.305, 1770, 2619, 649.47, 60, 0x0000000000000004
2026/09/30 00:06:14.555, 1785, 2619, 647.84, 60, 0x0000000000000004
2026/09/30 00:06:14.806, 1620, 2619, 650.45, 60, 0x0000000000000004
2026/09/30 00:06:15.056, 1650, 2619, 657.29, 59, 0x0000000000000004
2026/09/30 00:06:15.306, 1635, 2619, 660.85, 60, 0x0000000000000004
2026/09/30 00:06:15.556, 1650, 2619, 665.07, 59, 0x0000000000000004
2026/09/30 00:06:15.806, 1620, 2619, 664.42, 60, 0x0000000000000004
2026/09/30 00:06:16.056, 1650, 2619, 663.64, 60, 0x0000000000000004
2026/09/30 00:06:16.306, 1650, 2619, 663.98, 60, 0x0000000000000004
2026/09/30 00:06:16.556, 1665, 2619, 663.08, 60, 0x0000000000000004
2026/09/30 00:06:16.806, 1650, 2619, 664.30, 60, 0x0000000000000004
2026/09/30 00:06:17.056, 1650, 2619, 664.71, 59, 0x0000000000000004
2026/09/30 00:06:17.306, 1680, 2619, 666.47, 59, 0x0000000000000004
2026/09/30 00:06:17.557, 1650, 2619, 667.84, 59, 0x0000000000000004
2026/09/30 00:06:17.807, 1680, 2619, 668.91, 59, 0x0000000000000004
2026/09/30 00:06:18.057, 1650, 2619, 671.17, 59, 0x0000000000000004
2026/09/30 00:06:18.307, 1665, 2619, 671.15, 60, 0x0000000000000004
2026/09/30 00:06:18.557, 1665, 2619, 670.53, 59, 0x0000000000000004
2026/09/30 00:06:18.807, 1665, 2619, 671.95, 60, 0x0000000000000004
2026/09/30 00:06:19.057, 1680, 2619, 670.60, 59, 0x0000000000000004
2026/09/30 00:06:19.307, 1665, 2619, 669.37, 60, 0x0000000000000004
2026/09/30 00:06:19.557, 1710, 2619, 671.18, 59, 0x0000000000000004
2026/09/30 00:06:19.808, 1665, 2619, 666.94, 59, 0x0000000000000004
2026/09/30 00:06:20.058, 1830, 2619, 647.21, 56, 0x0000000000000004
2026/09/30 00:06:20.308, 1965, 2619, 544.75, 49, 0x0000000000000004
2026/09/30 00:06:20.558, 1920, 2619, 411.25, 55, 0x0000000000000000
2026/09/30 00:06:20.808, 1755, 2619, 413.23, 59, 0x0000000000000004
2026/09/30 00:06:21.058, 1935, 2619, 389.19, 53, 0x0000000000000004
2026/09/30 00:06:21.308, 1965, 2619, 389.25, 49, 0x0000000000000004
2026/09/30 00:06:21.559, 1620, 2619, 453.79, 57, 0x0000000000000004
2026/09/30 00:06:21.809, 1650, 2619, 457.02, 59, 0x0000000000000004
2026/09/30 00:06:22.059, 1620, 2619, 486.41, 59, 0x0000000000000004
2026/09/30 00:06:22.309, 1650, 2619, 588.95, 60, 0x0000000000000004
2026/09/30 00:06:22.559, 1590, 2619, 662.84, 59, 0x0000000000000004
2026/09/30 00:06:22.809, 1650, 2619, 662.40, 60, 0x0000000000000004
2026/09/30 00:06:23.059, 1665, 2619, 662.42, 60, 0x0000000000000004
2026/09/30 00:06:23.309, 1890, 2619, 630.08, 53, 0x0000000000000004
2026/09/30 00:06:23.559, 1965, 2619, 475.52, 48, 0x0000000000000004
2026/09/30 00:06:23.810, 1710, 2619, 406.75, 56, 0x0000000000000000
2026/09/30 00:06:24.060, 1650, 2619, 410.20, 58, 0x0000000000000004
2026/09/30 00:06:24.310, 1665, 2619, 438.00, 59, 0x0000000000000004
2026/09/30 00:06:24.560, 1650, 2619, 590.85, 59, 0x0000000000000004
2026/09/30 00:06:24.810, 1665, 2619, 674.59, 59, 0x0000000000000004
2026/09/30 00:06:25.060, 1665, 2619, 667.46, 59, 0x0000000000000004
2026/09/30 00:06:25.310, 1650, 2619, 666.15, 59, 0x0000000000000004
2026/09/30 00:06:25.560, 1650, 2619, 667.12, 59, 0x0000000000000004
2026/09/30 00:06:25.810, 1965, 2619, 585.79, 50, 0x0000000000000004
2026/09/30 00:06:26.061, 1980, 2619, 433.80, 48, 0x0000000000000000
2026/09/30 00:06:26.311, 1980, 2619, 332.65, 47, 0x0000000000000000
2026/09/30 00:06:26.561, 1980, 2619, 179.52, 47, 0x0000000000000000
2026/09/30 00:06:26.811, 1980, 2619, 147.29, 46, 0x0000000000000000
2026/09/30 00:06:27.061, 1980, 2619, 148.62, 46, 0x0000000000000000
2026/09/30 00:06:27.311, 1980, 2619, 149.41, 46, 0x0000000000000000
2026/09/30 00:06:27.561, 1980, 2619, 150.25, 46, 0x0000000000000000
2026/09/30 00:06:27.811, 1980, 2619, 150.82, 46, 0x0000000000000000
2026/09/30 00:06:28.061, 450, 2619, 147.79, 45, 0x0000000000000001
2026/09/30 00:06:28.312, 405, 2619, 136.46, 44, 0x0000000000000001
2026/09/30 00:06:28.562, 375, 2619, 119.59, 44, 0x0000000000000001
2026/09/30 00:06:28.812, 345, 2619, 107.18, 44, 0x0000000000000001
2026/09/30 00:06:29.062, 345, 2619, 94.44, 44, 0x0000000000000001
2026/09/30 00:06:29.312, 345, 2619, 94.38, 43, 0x0000000000000001
2026/09/30 00:06:29.562, 345, 2619, 94.32, 43, 0x0000000000000001
2026/09/30 00:06:29.812, 345, 2619, 94.31, 43, 0x0000000000000001
2026/09/30 00:06:30.062, 345, 2619, 94.32, 43, 0x0000000000000001
2026/09/30 00:06:30.312, 1980, 2619, 99.30, 44, 0x0000000000000000
2026/09/30 00:06:30.563, 1980, 2619, 109.80, 44, 0x0000000000000000
2026/09/30 00:06:30.813, 1980, 2619, 126.20, 44, 0x0000000000000000
2026/09/30 00:06:31.063, 1980, 2619, 137.49, 44, 0x0000000000000000
2026/09/30 00:06:31.313, 1980, 2619, 148.95, 44, 0x0000000000000000
2026/09/30 00:06:31.564, 1980, 2619, 149.72, 44, 0x0000000000000000
2026/09/30 00:06:31.814, 1980, 2619, 149.31, 44, 0x0000000000000000
2026/09/30 00:06:32.064, 1980, 2619, 160.33, 45, 0x0000000000000000
2026/09/30 00:06:32.314, 1980, 2619, 172.24, 45, 0x0000000000000000
2026/09/30 00:06:32.564, 1980, 2619, 200.77, 46, 0x0000000000000000
2026/09/30 00:06:32.814, 1980, 2619, 226.82, 46, 0x0000000000000000
2026/09/30 00:06:33.064, 1980, 2619, 228.90, 46, 0x0000000000000000
2026/09/30 00:06:33.314, 1980, 2619, 235.64, 46, 0x0000000000000000
2026/09/30 00:06:33.565, 1980, 2619, 223.12, 46, 0x0000000000000000
2026/09/30 00:06:33.815, 1980, 2619, 217.31, 45, 0x0000000000000000
2026/09/30 00:06:34.065, 1980, 2619, 216.84, 45, 0x0000000000000000
2026/09/30 00:06:34.315, 1980, 2619, 211.26, 45, 0x0000000000000000
2026/09/30 00:06:34.565, 1980, 2619, 205.09, 45, 0x0000000000000000
2026/09/30 00:06:34.815, 1980, 2619, 207.18, 45, 0x0000000000000000
2026/09/30 00:06:35.065, 1980, 2619, 207.68, 45, 0x0000000000000000
2026/09/30 00:06:35.315, 1980, 2619, 210.68, 45, 0x0000000000000000
2026/09/30 00:06:35.566, 1980, 2619, 217.13, 45, 0x0000000000000000
2026/09/30 00:06:35.816, 1980, 2619, 200.82, 44, 0x0000000000000000
2026/09/30 00:06:36.066, 1980, 2619, 186.30, 43, 0x0000000000000000
2026/09/30 00:06:36.316, 1980, 2619, 171.75, 43, 0x0000000000000000
2026/09/30 00:06:36.566, 1980, 2619, 166.18, 44, 0x0000000000000000
2026/09/30 00:06:36.816, 1980, 2619, 167.84, 43, 0x0000000000000000
2026/09/30 00:06:37.066, 1980, 2619, 173.93, 43, 0x0000000000000000
2026/09/30 00:06:37.316, 1980, 2619, 176.94, 43, 0x0000000000000000
2026/09/30 00:06:37.566, 1980, 2619, 173.33, 43, 0x0000000000000000
2026/09/30 00:06:37.816, 1980, 2619, 172.87, 43, 0x0000000000000000
2026/09/30 00:06:38.067, 1980, 2619, 172.92, 43, 0x0000000000000000
2026/09/30 00:06:38.317, 1980, 2619, 173.07, 43, 0x0000000000000000
2026/09/30 00:06:38.567, 1965, 2619, 218.60, 52, 0x0000000000000000
2026/09/30 00:06:38.817, 1965, 2619, 359.64, 56, 0x0000000000000004
2026/09/30 00:06:39.067, 1905, 2619, 457.58, 57, 0x0000000000000004
2026/09/30 00:06:39.317, 1905, 2619, 600.56, 58, 0x0000000000000004
2026/09/30 00:06:39.567, 1965, 2619, 591.80, 48, 0x0000000000000004
2026/09/30 00:06:39.817, 1980, 2619, 507.24, 48, 0x0000000000000000
2026/09/30 00:06:40.067, 1980, 2619, 409.44, 45, 0x0000000000000000
2026/09/30 00:06:40.318, 1980, 2619, 260.32, 43, 0x0000000000000000
2026/09/30 00:06:40.568, 1980, 2619, 211.06, 43, 0x0000000000000000
2026/09/30 00:06:40.818, 1980, 2619, 145.65, 43, 0x0000000000000000
2026/09/30 00:06:41.068, 1980, 2619, 145.42, 43, 0x0000000000000000
2026/09/30 00:06:41.318, 1980, 2619, 146.20, 42, 0x0000000000000000
2026/09/30 00:06:41.568, 1980, 2619, 146.86, 42, 0x0000000000000000
2026/09/30 00:06:41.818, 1980, 2619, 146.95, 42, 0x0000000000000000
2026/09/30 00:06:42.068, 420, 2619, 145.08, 42, 0x0000000000000001
2026/09/30 00:06:42.319, 375, 2619, 128.90, 41, 0x0000000000000001
2026/09/30 00:06:42.569, 345, 2619, 118.08, 40, 0x0000000000000001
2026/09/30 00:06:42.819, 345, 2619, 102.04, 40, 0x0000000000000001
2026/09/30 00:06:43.069, 345, 2619, 93.07, 40, 0x0000000000000001
2026/09/30 00:06:43.319, 345, 2619, 93.26, 40, 0x0000000000000001
2026/09/30 00:06:43.569, 345, 2619, 93.26, 40, 0x0000000000000001
2026/09/30 00:06:43.819, 345, 2619, 93.33, 40, 0x0000000000000001
2026/09/30 00:06:44.069, 1980, 2619, 100.31, 40, 0x0000000000000000
2026/09/30 00:06:44.320, 1980, 2619, 114.55, 41, 0x0000000000000000
2026/09/30 00:06:44.570, 1980, 2619, 130.69, 41, 0x0000000000000000
2026/09/30 00:06:44.820, 1980, 2619, 141.96, 41, 0x0000000000000000
2026/09/30 00:06:45.071, 1980, 2619, 146.58, 41, 0x0000000000000000
2026/09/30 00:06:45.321, 1980, 2619, 146.93, 41, 0x0000000000000000
2026/09/30 00:06:45.571, 1980, 2619, 163.18, 42, 0x0000000000000000
2026/09/30 00:06:45.821, 1980, 2619, 169.48, 42, 0x0000000000000000
2026/09/30 00:06:46.071, 1980, 2619, 201.28, 44, 0x0000000000000000
2026/09/30 00:06:46.321, 1980, 2619, 215.59, 43, 0x0000000000000000
2026/09/30 00:06:46.571, 1980, 2619, 221.51, 43, 0x0000000000000000
2026/09/30 00:06:46.822, 1980, 2619, 227.37, 43, 0x0000000000000000
2026/09/30 00:06:47.072, 1980, 2619, 216.30, 43, 0x0000000000000000
2026/09/30 00:06:47.322, 1980, 2619, 212.36, 43, 0x0000000000000000
2026/09/30 00:06:47.572, 1980, 2619, 211.07, 43, 0x0000000000000000
2026/09/30 00:06:47.822, 1980, 2619, 211.53, 43, 0x0000000000000000
2026/09/30 00:06:48.072, 1980, 2619, 209.83, 43, 0x0000000000000000
2026/09/30 00:06:48.322, 1980, 2619, 210.63, 43, 0x0000000000000000
2026/09/30 00:06:48.572, 1980, 2619, 209.86, 42, 0x0000000000000000
2026/09/30 00:06:48.822, 1980, 2619, 208.13, 43, 0x0000000000000000
2026/09/30 00:06:49.073, 1980, 2619, 211.34, 43, 0x0000000000000000
2026/09/30 00:06:49.323, 1980, 2619, 198.31, 42, 0x0000000000000000
2026/09/30 00:06:49.573, 1980, 2619, 177.74, 41, 0x0000000000000000
2026/09/30 00:06:49.823, 1980, 2619, 170.29, 41, 0x0000000000000000
2026/09/30 00:06:50.073, 1980, 2619, 159.76, 41, 0x0000000000000000
2026/09/30 00:06:50.323, 1980, 2619, 164.27, 41, 0x0000000000000000
2026/09/30 00:06:50.573, 1980, 2619, 172.60, 41, 0x0000000000000000
2026/09/30 00:06:50.823, 1980, 2619, 172.63, 41, 0x0000000000000000
2026/09/30 00:06:51.073, 1980, 2619, 168.74, 41, 0x0000000000000000
2026/09/30 00:06:51.324, 1980, 2619, 168.61, 41, 0x0000000000000000
2026/09/30 00:06:51.574, 1980, 2619, 169.31, 41, 0x0000000000000000
2026/09/30 00:06:51.824, 1980, 2619, 168.79, 41, 0x0000000000000000
2026/09/30 00:06:52.074, 1980, 2619, 203.52, 44, 0x0000000000000000
2026/09/30 00:06:52.324, 1965, 2619, 295.19, 51, 0x0000000000000004
2026/09/30 00:06:52.574, 1965, 2619, 385.17, 52, 0x0000000000000004
2026/09/30 00:06:52.824, 1980, 2619, 380.38, 44, 0x0000000000000004
2026/09/30 00:06:53.074, 1980, 2619, 348.48, 42, 0x0000000000000000
2026/09/30 00:06:53.324, 1980, 2619, 247.07, 41, 0x0000000000000000
2026/09/30 00:06:53.575, 1980, 2619, 144.99, 41, 0x0000000000000000
2026/09/30 00:06:53.825, 1980, 2619, 145.02, 41, 0x0000000000000000
2026/09/30 00:06:54.075, 1980, 2619, 145.32, 40, 0x0000000000000000
2026/09/30 00:06:54.325, 1980, 2619, 144.94, 40, 0x0000000000000000
2026/09/30 00:06:54.575, 1980, 2619, 144.67, 40, 0x0000000000000000
2026/09/30 00:06:54.825, 1980, 2619, 144.56, 40, 0x0000000000000000
2026/09/30 00:06:55.075, 405, 2619, 138.62, 39, 0x0000000000000001
2026/09/30 00:06:55.325, 375, 2619, 128.08, 39, 0x0000000000000001
2026/09/30 00:06:55.575, 345, 2619, 113.09, 38, 0x0000000000000001
2026/09/30 00:06:55.826, 345, 2619, 102.10, 38, 0x0000000000000001
2026/09/30 00:06:56.076, 345, 2619, 92.35, 38, 0x0000000000000001
2026/09/30 00:06:56.326, 345, 2619, 92.28, 38, 0x0000000000000001
2026/09/30 00:06:56.576, 1980, 2619, 97.80, 39, 0x0000000000000000
2026/09/30 00:06:56.826, 1980, 2619, 112.45, 39, 0x0000000000000000
2026/09/30 00:06:57.077, 1980, 2619, 122.90, 39, 0x0000000000000000
2026/09/30 00:06:57.327, 1980, 2619, 138.62, 39, 0x0000000000000000
2026/09/30 00:06:57.577, 1980, 2619, 144.54, 39, 0x0000000000000000
2026/09/30 00:06:57.827, 1980, 2619, 144.83, 39, 0x0000000000000000
2026/09/30 00:06:58.077, 1980, 2619, 150.23, 40, 0x0000000000000000
2026/09/30 00:06:58.328, 1980, 2619, 166.85, 40, 0x0000000000000000
2026/09/30 00:06:58.578, 1980, 2619, 190.55, 42, 0x0000000000000000
2026/09/30 00:06:58.828, 1980, 2619, 214.44, 42, 0x0000000000000000
2026/09/30 00:06:59.078, 1980, 2619, 224.57, 41, 0x0000000000000000
2026/09/30 00:06:59.328, 1980, 2619, 228.03, 41, 0x0000000000000000
2026/09/30 00:06:59.578, 1980, 2619, 218.74, 41, 0x0000000000000000
2026/09/30 00:06:59.828, 1980, 2619, 211.69, 41, 0x0000000000000000
2026/09/30 00:07:00.078, 1980, 2619, 209.37, 41, 0x0000000000000000
2026/09/30 00:07:00.329, 1980, 2619, 209.02, 42, 0x0000000000000000
2026/09/30 00:07:00.579, 1980, 2619, 209.50, 41, 0x0000000000000000
2026/09/30 00:07:00.829, 1980, 2619, 206.66, 41, 0x0000000000000000
2026/09/30 00:07:01.079, 1980, 2619, 206.15, 41, 0x0000000000000000
2026/09/30 00:07:01.329, 1980, 2619, 206.25, 41, 0x0000000000000000
2026/09/30 00:07:01.579, 1980, 2619, 207.27, 41, 0x0000000000000000
2026/09/30 00:07:01.829, 1980, 2619, 201.99, 40, 0x0000000000000000
2026/09/30 00:07:02.079, 1980, 2619, 188.36, 40, 0x0000000000000000
2026/09/30 00:07:02.329, 1980, 2619, 171.89, 40, 0x0000000000000000
2026/09/30 00:07:02.579, 1980, 2619, 163.10, 40, 0x0000000000000000
2026/09/30 00:07:02.830, 1980, 2619, 160.97, 40, 0x0000000000000000
2026/09/30 00:07:03.080, 1980, 2619, 166.23, 40, 0x0000000000000000
2026/09/30 00:07:03.330, 1980, 2619, 171.86, 40, 0x0000000000000000
2026/09/30 00:07:03.580, 1980, 2619, 171.83, 40, 0x0000000000000000
2026/09/30 00:07:03.830, 1980, 2619, 168.54, 39, 0x0000000000000000
2026/09/30 00:07:04.080, 1980, 2619, 168.02, 39, 0x0000000000000000
2026/09/30 00:07:04.330, 1980, 2619, 167.70, 40, 0x0000000000000000
2026/09/30 00:07:04.580, 1980, 2619, 167.84, 39, 0x0000000000000000
2026/09/30 00:07:04.830, 1980, 2619, 233.07, 48, 0x0000000000000000
2026/09/30 00:07:05.081, 1980, 2619, 316.88, 52, 0x0000000000000000
2026/09/30 00:07:05.331, 1980, 2619, 380.64, 44, 0x0000000000000000
2026/09/30 00:07:05.581, 1980, 2619, 375.34, 42, 0x0000000000000000
2026/09/30 00:07:05.831, 1980, 2619, 308.15, 40, 0x0000000000000000
2026/09/30 00:07:06.082, 1980, 2619, 211.59, 40, 0x0000000000000000
2026/09/30 00:07:06.332, 1980, 2619, 143.49, 39, 0x0000000000000000
2026/09/30 00:07:06.583, 1980, 2619, 143.64, 39, 0x0000000000000000
2026/09/30 00:07:06.833, 1980, 2619, 143.84, 39, 0x0000000000000000
2026/09/30 00:07:07.083, 1980, 2619, 143.68, 39, 0x0000000000000001
2026/09/30 00:07:07.333, 390, 2619, 129.09, 38, 0x0000000000000001
2026/09/30 00:07:07.583, 345, 2619, 116.05, 37, 0x0000000000000001
2026/09/30 00:07:07.833, 1980, 2619, 112.55, 38, 0x0000000000000000
2026/09/30 00:07:08.083, 1980, 2619, 112.97, 38, 0x0000000000000000
2026/09/30 00:07:08.333, 1980, 2619, 122.33, 38, 0x0000000000000000
2026/09/30 00:07:08.584, 1980, 2619, 136.44, 38, 0x0000000000000000
2026/09/30 00:07:08.834, 1980, 2619, 140.16, 38, 0x0000000000000000
2026/09/30 00:07:09.084, 1980, 2619, 139.85, 38, 0x0000000000000000
2026/09/30 00:07:09.334, 1980, 2619, 139.71, 38, 0x0000000000000000
2026/09/30 00:07:09.584, 1980, 2619, 139.51, 38, 0x0000000000000000
2026/09/30 00:07:09.834, 1980, 2619, 139.41, 38, 0x0000000000000000
2026/09/30 00:07:10.084, 1980, 2619, 138.89, 38, 0x0000000000000000
2026/09/30 00:07:10.334, 1980, 2619, 138.89, 38, 0x0000000000000000
2026/09/30 00:07:10.584, 1980, 2619, 138.81, 38, 0x0000000000000000
2026/09/30 00:07:10.834, 1980, 2619, 138.87, 38, 0x0000000000000000
2026/09/30 00:07:11.085, 1980, 2619, 139.15, 38, 0x0000000000000000
2026/09/30 00:07:11.335, 1980, 2619, 139.23, 38, 0x0000000000000000
2026/09/30 00:07:11.585, 1980, 2619, 139.46, 38, 0x0000000000000000
2026/09/30 00:07:11.835, 1980, 2619, 139.44, 38, 0x0000000000000000
2026/09/30 00:07:12.085, 1980, 2619, 139.15, 38, 0x0000000000000000
2026/09/30 00:07:12.335, 1980, 2619, 139.12, 38, 0x0000000000000000
2026/09/30 00:07:12.585, 1980, 2619, 139.04, 38, 0x0000000000000000
2026/09/30 00:07:12.835, 1980, 2619, 139.05, 38, 0x0000000000000000
2026/09/30 00:07:13.085, 1980, 2619, 139.40, 38, 0x0000000000000000
2026/09/30 00:07:13.336, 1980, 2619, 139.39, 38, 0x0000000000000000
2026/09/30 00:07:13.586, 1980, 2619, 139.42, 38, 0x0000000000000000
2026/09/30 00:07:13.836, 1980, 2619, 139.42, 38, 0x0000000000000000
2026/09/30 00:07:14.086, 1980, 2619, 139.35, 38, 0x0000000000000000
2026/09/30 00:07:14.336, 1980, 2619, 139.26, 38, 0x0000000000000000
2026/09/30 00:07:14.586, 1980, 2619, 139.29, 38, 0x0000000000000000
2026/09/30 00:07:14.836, 1980, 2619, 139.35, 38, 0x0000000000000000
2026/09/30 00:07:15.086, 1980, 2619, 139.44, 38, 0x0000000000000000
2026/09/30 00:07:15.336, 1980, 2619, 139.35, 38, 0x0000000000000000
2026/09/30 00:07:15.586, 1980, 2619, 139.11, 38, 0x0000000000000000
2026/09/30 00:07:15.837, 1980, 2619, 139.61, 38, 0x0000000000000000
2026/09/30 00:07:16.087, 1980, 2619, 139.42, 38, 0x0000000000000000
2026/09/30 00:07:16.337, 1980, 2619, 139.53, 38, 0x0000000000000000
2026/09/30 00:07:16.587, 1980, 2619, 139.67, 38, 0x0000000000000000
2026/09/30 00:07:16.837, 1980, 2619, 139.14, 38, 0x0000000000000000
2026/09/30 00:07:17.087, 1980, 2619, 147.39, 38, 0x0000000000000000
2026/09/30 00:07:17.337, 1980, 2619, 149.60, 38, 0x0000000000000000
2026/09/30 00:07:17.587, 1980, 2619, 149.80, 38, 0x0000000000000000
2026/09/30 00:07:17.837, 1980, 2619, 149.79, 38, 0x0000000000000000
2026/09/30 00:07:18.087, 1980, 2619, 141.93, 38, 0x0000000000000000
2026/09/30 00:07:18.338, 1980, 2619, 139.50, 38, 0x0000000000000000
2026/09/30 00:07:18.588, 1980, 2619, 143.39, 38, 0x0000000000000000
2026/09/30 00:07:18.838, 1980, 2619, 145.01, 38, 0x0000000000000000
2026/09/30 00:07:19.088, 1980, 2619, 150.65, 38, 0x0000000000000000
2026/09/30 00:07:19.338, 1980, 2619, 153.53, 38, 0x0000000000000000
2026/09/30 00:07:19.588, 1980, 2619, 149.54, 38, 0x0000000000000000
2026/09/30 00:07:19.838, 1980, 2619, 149.64, 38, 0x0000000000000000
2026/09/30 00:07:20.088, 1980, 2619, 146.89, 38, 0x0000000000000000
2026/09/30 00:07:20.338, 1980, 2619, 145.59, 38, 0x0000000000000000
2026/09/30 00:07:20.589, 1980, 2619, 147.31, 38, 0x0000000000000000
2026/09/30 00:07:20.839, 1980, 2619, 146.62, 37, 0x0000000000000000
2026/09/30 00:07:21.089, 1980, 2619, 146.97, 38, 0x0000000000000000
2026/09/30 00:07:21.339, 1980, 2619, 145.25, 37, 0x0000000000000000
2026/09/30 00:07:21.589, 1980, 2619, 143.05, 37, 0x0000000000000000
2026/09/30 00:07:21.839, 1980, 2619, 142.55, 37, 0x0000000000000000
2026/09/30 00:07:22.089, 1980, 2619, 139.06, 37, 0x0000000000000000
2026/09/30 00:07:22.339, 1980, 2619, 138.92, 37, 0x0000000000000000
2026/09/30 00:07:22.589, 1980, 2619, 138.99, 37, 0x0000000000000000
2026/09/30 00:07:22.840, 1980, 2619, 138.96, 37, 0x0000000000000000
2026/09/30 00:07:23.090, 1980, 2619, 138.99, 37, 0x0000000000000000
2026/09/30 00:07:23.340, 1980, 2619, 139.70, 37, 0x0000000000000000
2026/09/30 00:07:23.590, 1980, 2619, 139.73, 37, 0x0000000000000000
2026/09/30 00:07:23.840, 1980, 2619, 139.92, 37, 0x0000000000000000
2026/09/30 00:07:24.090, 1980, 2619, 145.68, 37, 0x0000000000000000
2026/09/30 00:07:24.340, 1980, 2619, 145.23, 37, 0x0000000000000000
2026/09/30 00:07:24.590, 1980, 2619, 145.50, 37, 0x0000000000000000
2026/09/30 00:07:24.840, 1980, 2619, 152.95, 37, 0x0000000000000000
2026/09/30 00:07:25.091, 1980, 2619, 153.69, 38, 0x0000000000000000
2026/09/30 00:07:25.341, 1980, 2619, 153.96, 37, 0x0000000000000000
2026/09/30 00:07:25.591, 1980, 2619, 153.59, 37, 0x0000000000000000
2026/09/30 00:07:25.841, 1980, 2619, 152.66, 37, 0x0000000000000000
2026/09/30 00:07:26.091, 1980, 2619, 153.94, 38, 0x0000000000000000
2026/09/30 00:07:26.341, 1980, 2619, 155.01, 37, 0x0000000000000000
2026/09/30 00:07:26.591, 1980, 2619, 160.07, 37, 0x0000000000000000
2026/09/30 00:07:26.841, 1980, 2619, 153.71, 37, 0x0000000000000000
2026/09/30 00:07:27.091, 1980, 2619, 146.07, 37, 0x0000000000000000
2026/09/30 00:07:27.342, 1980, 2619, 144.72, 37, 0x0000000000000000
2026/09/30 00:07:27.592, 1980, 2619, 139.56, 37, 0x0000000000000000
2026/09/30 00:07:27.842, 1980, 2619, 139.53, 37, 0x0000000000000000
2026/09/30 00:07:28.092, 1980, 2619, 139.57, 37, 0x0000000000000000
2026/09/30 00:07:28.342, 1980, 2619, 139.48, 37, 0x0000000000000000
2026/09/30 00:07:28.592, 1980, 2619, 139.49, 37, 0x0000000000000000
2026/09/30 00:07:28.842, 1980, 2619, 139.51, 37, 0x0000000000000000
2026/09/30 00:07:29.092, 1980, 2619, 139.45, 37, 0x0000000000000000
2026/09/30 00:07:29.342, 1980, 2619, 139.30, 37, 0x0000000000000000
2026/09/30 00:07:29.592, 1980, 2619, 139.12, 37, 0x0000000000000000
2026/09/30 00:07:29.843, 1980, 2619, 139.07, 37, 0x0000000000000000
2026/09/30 00:07:30.093, 1980, 2619, 138.97, 37, 0x0000000000000000
2026/09/30 00:07:30.343, 1980, 2619, 139.01, 37, 0x0000000000000000
2026/09/30 00:07:30.593, 1980, 2619, 139.05, 37, 0x0000000000000000
2026/09/30 00:07:30.843, 1980, 2619, 138.99, 37, 0x0000000000000000
2026/09/30 00:07:31.093, 1980, 2619, 139.12, 37, 0x0000000000000000
2026/09/30 00:07:31.343, 1980, 2619, 139.20, 37, 0x0000000000000000
2026/09/30 00:07:31.593, 1980, 2619, 139.44, 37, 0x0000000000000000
2026/09/30 00:07:31.843, 1980, 2619, 139.53, 37, 0x0000000000000000
2026/09/30 00:07:32.093, 1980, 2619, 139.49, 37, 0x0000000000000000
2026/09/30 00:07:32.344, 1980, 2619, 139.41, 37, 0x0000000000000000
2026/09/30 00:07:32.594, 1980, 2619, 139.27, 37, 0x0000000000000000
2026/09/30 00:07:32.844, 1980, 2619, 139.18, 37, 0x0000000000000000
2026/09/30 00:07:33.094, 1980, 2619, 139.18, 37, 0x0000000000000000
2026/09/30 00:07:33.344, 1980, 2619, 139.09, 37, 0x0000000000000000
2026/09/30 00:07:33.594, 1980, 2619, 139.02, 37, 0x0000000000000000
2026/09/30 00:07:33.844, 1980, 2619, 138.95, 37, 0x0000000000000000
2026/09/30 00:07:34.094, 1980, 2619, 139.63, 37, 0x0000000000000000
2026/09/30 00:07:34.344, 1980, 2619, 140.29, 37, 0x0000000000000000
2026/09/30 00:07:34.594, 1980, 2619, 140.61, 37, 0x0000000000000000
2026/09/30 00:07:34.845, 1980, 2619, 140.89, 37, 0x0000000000000000
2026/09/30 00:07:35.095, 1980, 2619, 140.18, 37, 0x0000000000000000
2026/09/30 00:07:35.345, 1980, 2619, 139.49, 37, 0x0000000000000000
2026/09/30 00:07:35.595, 1980, 2619, 139.28, 36, 0x0000000000000000
2026/09/30 00:07:35.845, 1980, 2619, 139.17, 36, 0x0000000000000000
2026/09/30 00:07:36.095, 1980, 2619, 139.15, 36, 0x0000000000000000
2026/09/30 00:07:36.345, 1980, 2619, 139.23, 36, 0x0000000000000000
2026/09/30 00:07:36.595, 1980, 2619, 139.25, 36, 0x0000000000000000
2026/09/30 00:07:36.845, 1980, 2619, 139.18, 36, 0x0000000000000000
2026/09/30 00:07:37.095, 1980, 2619, 139.14, 36, 0x0000000000000000
2026/09/30 00:07:37.346, 1980, 2619, 139.07, 36, 0x0000000000000000
2026/09/30 00:07:37.596, 1980, 2619, 138.93, 36, 0x0000000000000000
2026/09/30 00:07:37.846, 1980, 2619, 138.95, 36, 0x0000000000000000
2026/09/30 00:07:38.096, 1980, 2619, 138.95, 36, 0x0000000000000000
2026/09/30 00:07:38.346, 1980, 2619, 139.04, 36, 0x0000000000000000
2026/09/30 00:07:38.596, 1980, 2619, 139.12, 36, 0x0000000000000000
2026/09/30 00:07:38.846, 1980, 2619, 139.11, 36, 0x0000000000000000
2026/09/30 00:07:39.096, 1980, 2619, 139.11, 36, 0x0000000000000000
2026/09/30 00:07:39.346, 1980, 2619, 139.06, 36, 0x0000000000000000
2026/09/30 00:07:39.597, 1980, 2619, 139.58, 36, 0x0000000000000000
2026/09/30 00:07:39.847, 1980, 2619, 150.63, 37, 0x0000000000000000
2026/09/30 00:07:40.097, 1980, 2619, 151.19, 37, 0x0000000000000000
2026/09/30 00:07:40.347, 1980, 2619, 156.19, 37, 0x0000000000000000
2026/09/30 00:07:40.597, 1980, 2619, 161.02, 36, 0x0000000000000000
2026/09/30 00:07:40.847, 1980, 2619, 150.51, 37, 0x0000000000000000
2026/09/30 00:07:41.097, 1980, 2619, 155.09, 37, 0x0000000000000000
2026/09/30 00:07:41.347, 1980, 2619, 150.25, 36, 0x0000000000000000
2026/09/30 00:07:41.597, 1980, 2619, 150.96, 37, 0x0000000000000000
2026/09/30 00:07:41.848, 1980, 2619, 156.37, 37, 0x0000000000000000
2026/09/30 00:07:42.098, 1980, 2619, 152.30, 36, 0x0000000000000000
2026/09/30 00:07:42.348, 1980, 2619, 162.71, 37, 0x0000000000000000
2026/09/30 00:07:42.598, 1980, 2619, 156.33, 37, 0x0000000000000000
2026/09/30 00:07:42.848, 1980, 2619, 150.36, 36, 0x0000000000000000
2026/09/30 00:07:43.098, 1980, 2619, 149.28, 36, 0x0000000000000000
2026/09/30 00:07:43.348, 1980, 2619, 138.93, 36, 0x0000000000000000
2026/09/30 00:07:43.598, 1980, 2619, 139.19, 36, 0x0000000000000000
2026/09/30 00:07:43.848, 1980, 2619, 139.36, 36, 0x0000000000000000
2026/09/30 00:07:44.099, 1980, 2619, 139.66, 36, 0x0000000000000000
2026/09/30 00:07:44.349, 1980, 2619, 139.25, 36, 0x0000000000000000
2026/09/30 00:07:44.599, 1980, 2619, 138.99, 36, 0x0000000000000000
2026/09/30 00:07:44.849, 1980, 2619, 138.93, 36, 0x0000000000000000
2026/09/30 00:07:45.099, 1980, 2619, 138.64, 36, 0x0000000000000000
2026/09/30 00:07:45.349, 1980, 2619, 138.90, 36, 0x0000000000000000
2026/09/30 00:07:45.599, 1980, 2619, 138.91, 36, 0x0000000000000000
2026/09/30 00:07:45.849, 1980, 2619, 138.98, 36, 0x0000000000000000
2026/09/30 00:07:46.099, 1980, 2619, 138.99, 36, 0x0000000000000000
2026/09/30 00:07:46.349, 1980, 2619, 139.00, 36, 0x0000000000000000
2026/09/30 00:07:46.600, 1980, 2619, 138.94, 36, 0x0000000000000000
2026/09/30 00:07:46.850, 1980, 2619, 138.72, 36, 0x0000000000000000
2026/09/30 00:07:47.100, 1980, 2619, 138.63, 36, 0x0000000000000000
2026/09/30 00:07:47.350, 1980, 2619, 138.58, 36, 0x0000000000000000
2026/09/30 00:07:47.600, 1980, 2619, 138.53, 36, 0x0000000000000000
2026/09/30 00:07:47.850, 1980, 2619, 138.56, 36, 0x0000000000000000
2026/09/30 00:07:48.100, 1980, 2619, 138.61, 36, 0x0000000000000000
2026/09/30 00:07:48.350, 1980, 2619, 138.60, 36, 0x0000000000000000
2026/09/30 00:07:48.600, 1980, 2619, 138.71, 36, 0x0000000000000000
2026/09/30 00:07:48.850, 1980, 2619, 138.86, 36, 0x0000000000000000
2026/09/30 00:07:49.101, 1980, 2619, 138.88, 36, 0x0000000000000000
2026/09/30 00:07:49.351, 1980, 2619, 138.90, 36, 0x0000000000000000
2026/09/30 00:07:49.601, 1980, 2619, 138.91, 36, 0x0000000000000000
2026/09/30 00:07:49.851, 1980, 2619, 138.86, 36, 0x0000000000000000
2026/09/30 00:07:50.101, 1980, 2619, 138.88, 36, 0x0000000000000000
2026/09/30 00:07:50.351, 1980, 2619, 139.06, 36, 0x0000000000000000
2026/09/30 00:07:50.601, 1980, 2619, 138.97, 36, 0x0000000000000000
2026/09/30 00:07:50.851, 1980, 2619, 138.86, 36, 0x0000000000000000
2026/09/30 00:07:51.101, 1980, 2619, 138.65, 36, 0x0000000000000000
2026/09/30 00:07:51.351, 1980, 2619, 138.25, 36, 0x0000000000000000
2026/09/30 00:07:51.602, 1980, 2619, 138.08, 36, 0x0000000000000000
2026/09/30 00:07:51.852, 1980, 2619, 138.11, 36, 0x0000000000000000
2026/09/30 00:07:52.102, 1980, 2619, 138.08, 36, 0x0000000000000000
2026/09/30 00:07:52.352, 1980, 2619, 138.13, 36, 0x0000000000000000
2026/09/30 00:07:52.602, 1980, 2619, 138.04, 36, 0x0000000000000000
2026/09/30 00:07:52.852, 1980, 2619, 138.12, 36, 0x0000000000000000
2026/09/30 00:07:53.102, 1980, 2619, 138.32, 36, 0x0000000000000000
2026/09/30 00:07:53.352, 1980, 2619, 138.42, 36, 0x0000000000000000
2026/09/30 00:07:53.602, 1980, 2619, 138.71, 36, 0x0000000000000000
2026/09/30 00:07:53.852, 1980, 2619, 138.72, 36, 0x0000000000000000
2026/09/30 00:07:54.103, 1980, 2619, 138.90, 36, 0x0000000000000000
2026/09/30 00:07:54.353, 1980, 2619, 139.01, 36, 0x0000000000000000
2026/09/30 00:07:54.603, 1980, 2619, 139.12, 36, 0x0000000000000000
2026/09/30 00:07:54.853, 1980, 2619, 139.03, 36, 0x0000000000000000
2026/09/30 00:07:55.103, 1980, 2619, 138.64, 36, 0x0000000000000000
2026/09/30 00:07:55.353, 1980, 2619, 138.47, 36, 0x0000000000000000
2026/09/30 00:07:55.603, 1980, 2619, 138.27, 36, 0x0000000000000000
2026/09/30 00:07:55.853, 1980, 2619, 138.14, 36, 0x0000000000000000
2026/09/30 00:07:56.103, 1980, 2619, 138.13, 36, 0x0000000000000000
2026/09/30 00:07:56.353, 1980, 2619, 138.10, 36, 0x0000000000000000
2026/09/30 00:07:56.604, 1980, 2619, 137.98, 36, 0x0000000000000000
2026/09/30 00:07:56.854, 1980, 2619, 137.92, 36, 0x0000000000000000
2026/09/30 00:07:57.104, 1980, 2619, 137.92, 36, 0x0000000000000000
2026/09/30 00:07:57.354, 1980, 2619, 137.90, 36, 0x0000000000000000
2026/09/30 00:07:57.604, 1980, 2619, 137.93, 36, 0x0000000000000000
2026/09/30 00:07:57.854, 1980, 2619, 138.00, 36, 0x0000000000000000
2026/09/30 00:07:58.104, 1980, 2619, 137.90, 36, 0x0000000000000000
2026/09/30 00:07:58.354, 1980, 2619, 137.83, 36, 0x0000000000000000
2026/09/30 00:07:58.604, 1980, 2619, 137.65, 36, 0x0000000000000000
2026/09/30 00:07:58.854, 1980, 2619, 137.58, 36, 0x0000000000000000
2026/09/30 00:07:59.104, 1980, 2619, 137.54, 36, 0x0000000000000000
2026/09/30 00:07:59.355, 1980, 2619, 137.56, 36, 0x0000000000000000
2026/09/30 00:07:59.605, 1980, 2619, 137.56, 36, 0x0000000000000000
2026/09/30 00:07:59.855, 1980, 2619, 137.53, 36, 0x0000000000000000
2026/09/30 00:08:00.105, 1980, 2619, 137.60, 36, 0x0000000000000000
2026/09/30 00:08:00.355, 1980, 2619, 137.62, 36, 0x0000000000000000
2026/09/30 00:08:00.605, 1980, 2619, 137.59, 36, 0x0000000000000000
2026/09/30 00:08:00.855, 1980, 2619, 137.56, 36, 0x0000000000000000
2026/09/30 00:08:01.105, 1980, 2619, 137.41, 36, 0x0000000000000000
2026/09/30 00:08:01.355, 1980, 2619, 137.32, 36, 0x0000000000000000
2026/09/30 00:08:01.605, 1980, 2619, 137.50, 36, 0x0000000000000000
2026/09/30 00:08:01.856, 1980, 2619, 137.71, 36, 0x0000000000000000
2026/09/30 00:08:02.106, 1980, 2619, 137.91, 36, 0x0000000000000000
2026/09/30 00:08:02.356, 1980, 2619, 138.05, 36, 0x0000000000000000
2026/09/30 00:08:02.606, 1980, 2619, 137.98, 36, 0x0000000000000000
2026/09/30 00:08:02.856, 1980, 2619, 138.00, 36, 0x0000000000000000
2026/09/30 00:08:03.106, 1980, 2619, 137.96, 36, 0x0000000000000000
2026/09/30 00:08:03.356, 1980, 2619, 137.91, 36, 0x0000000000000000
2026/09/30 00:08:03.606, 1980, 2619, 137.88, 36, 0x0000000000000000
2026/09/30 00:08:03.857, 1980, 2619, 137.62, 36, 0x0000000000000000
2026/09/30 00:08:04.107, 1980, 2619, 137.54, 36, 0x0000000000000000
2026/09/30 00:08:04.357, 1980, 2619, 137.48, 36, 0x0000000000000000
2026/09/30 00:08:04.607, 1980, 2619, 137.54, 36, 0x0000000000000000
2026/09/30 00:08:04.857, 1980, 2619, 137.65, 36, 0x0000000000000000
2026/09/30 00:08:05.107, 1980, 2619, 140.18, 36, 0x0000000000000000
2026/09/30 00:08:05.357, 1980, 2619, 143.37, 36, 0x0000000000000000
2026/09/30 00:08:05.608, 1980, 2619, 143.42, 36, 0x0000000000000000
2026/09/30 00:08:05.858, 1980, 2619, 143.43, 36, 0x0000000000000000
2026/09/30 00:08:06.108, 1980, 2619, 141.57, 36, 0x0000000000000000
2026/09/30 00:08:06.358, 1980, 2619, 137.69, 36, 0x0000000000000000
2026/09/30 00:08:06.608, 1980, 2619, 137.40, 35, 0x0000000000000000
2026/09/30 00:08:06.858, 1980, 2619, 137.27, 35, 0x0000000000000000
2026/09/30 00:08:07.108, 1980, 2619, 137.16, 35, 0x0000000000000000
2026/09/30 00:08:07.358, 1980, 2619, 137.17, 35, 0x0000000000000000
2026/09/30 00:08:07.608, 1980, 2619, 137.31, 35, 0x0000000000000000
2026/09/30 00:08:07.859, 1980, 2619, 137.41, 35, 0x0000000000000000
2026/09/30 00:08:08.109, 1980, 2619, 137.78, 35, 0x0000000000000000
2026/09/30 00:08:08.359, 1980, 2619, 139.70, 36, 0x0000000000000000
2026/09/30 00:08:08.609, 1980, 2619, 140.20, 36, 0x0000000000000000
2026/09/30 00:08:08.859, 1980, 2619, 142.99, 36, 0x0000000000000000
2026/09/30 00:08:09.111, 1980, 2619, 144.57, 36, 0x0000000000000000
2026/09/30 00:08:09.361, 1980, 2619, 142.71, 36, 0x0000000000000000
2026/09/30 00:08:09.612, 1980, 2619, 142.07, 35, 0x0000000000000000
2026/09/30 00:08:09.862, 1980, 2619, 139.38, 35, 0x0000000000000000
2026/09/30 00:08:10.112, 1980, 2619, 137.26, 35, 0x0000000000000000
2026/09/30 00:08:10.362, 1980, 2619, 137.06, 35, 0x0000000000000000
2026/09/30 00:08:10.612, 1980, 2619, 136.88, 35, 0x0000000000000000
2026/09/30 00:08:10.862, 1980, 2619, 136.74, 35, 0x0000000000000000
2026/09/30 00:08:11.112, 1980, 2619, 136.74, 35, 0x0000000000000000
2026/09/30 00:08:11.362, 1980, 2619, 136.82, 35, 0x0000000000000000
2026/09/30 00:08:11.612, 1980, 2619, 136.92, 35, 0x0000000000000000
2026/09/30 00:08:11.863, 1980, 2619, 136.99, 35, 0x0000000000000000
2026/09/30 00:08:12.113, 1980, 2619, 137.57, 35, 0x0000000000000000
2026/09/30 00:08:12.363, 1980, 2619, 137.48, 35, 0x0000000000000000
2026/09/30 00:08:12.613, 1980, 2619, 137.40, 35, 0x0000000000000000
2026/09/30 00:08:12.863, 1980, 2619, 137.70, 35, 0x0000000000000000
2026/09/30 00:08:13.113, 1980, 2619, 137.40, 35, 0x0000000000000000
2026/09/30 00:08:13.363, 1980, 2619, 137.40, 35, 0x0000000000000000
2026/09/30 00:08:13.613, 1980, 2619, 137.38, 35, 0x0000000000000000
2026/09/30 00:08:13.863, 1980, 2619, 137.37, 35, 0x0000000000000000
2026/09/30 00:08:14.113, 1980, 2619, 137.32, 35, 0x0000000000000000
2026/09/30 00:08:14.364, 1980, 2619, 137.51, 35, 0x0000000000000000
2026/09/30 00:08:14.614, 1980, 2619, 137.74, 35, 0x0000000000000000
2026/09/30 00:08:14.864, 1980, 2619, 138.16, 35, 0x0000000000000000
2026/09/30 00:08:15.114, 1980, 2619, 139.23, 35, 0x0000000000000000
2026/09/30 00:08:15.364, 1980, 2619, 139.89, 36, 0x0000000000000000
2026/09/30 00:08:15.614, 1980, 2619, 141.00, 36, 0x0000000000000000
2026/09/30 00:08:15.865, 1980, 2619, 141.18, 36, 0x0000000000000000
2026/09/30 00:08:16.115, 1980, 2619, 141.14, 36, 0x0000000000000000
2026/09/30 00:08:16.365, 1980, 2619, 141.22, 36, 0x0000000000000000
2026/09/30 00:08:16.615, 1980, 2619, 141.21, 36, 0x0000000000000000
2026/09/30 00:08:16.865, 1980, 2619, 141.18, 36, 0x0000000000000000
2026/09/30 00:08:17.115, 1980, 2619, 140.32, 35, 0x0000000000000000
2026/09/30 00:08:17.365, 1980, 2619, 139.42, 35, 0x0000000000000000
2026/09/30 00:08:17.616, 1980, 2619, 138.21, 35, 0x0000000000000000
2026/09/30 00:08:17.866, 1980, 2619, 137.34, 35, 0x0000000000000000
2026/09/30 00:08:18.116, 1980, 2619, 136.93, 35, 0x0000000000000000
2026/09/30 00:08:18.366, 1980, 2619, 136.85, 35, 0x0000000000000000
2026/09/30 00:08:18.616, 1980, 2619, 136.74, 35, 0x0000000000000000
2026/09/30 00:08:18.866, 1980, 2619, 136.73, 35, 0x0000000000000000
2026/09/30 00:08:19.116, 1980, 2619, 136.75, 35, 0x0000000000000000
2026/09/30 00:08:19.367, 1980, 2619, 136.74, 35, 0x0000000000000000
2026/09/30 00:08:19.617, 1980, 2619, 136.75, 35, 0x0000000000000000
2026/09/30 00:08:19.867, 1980, 2619, 136.70, 35, 0x0000000000000000
2026/09/30 00:08:20.117, 1980, 2619, 137.21, 35, 0x0000000000000000
2026/09/30 00:08:20.367, 1980, 2619, 137.33, 35, 0x0000000000000000
2026/09/30 00:08:20.617, 1980, 2619, 138.05, 35, 0x0000000000000000
2026/09/30 00:08:20.867, 1980, 2619, 138.87, 35, 0x0000000000000000
2026/09/30 00:08:21.117, 1980, 2619, 139.71, 35, 0x0000000000000000
2026/09/30 00:08:21.368, 1980, 2619, 140.50, 35, 0x0000000000000000
2026/09/30 00:08:21.618, 1980, 2619, 141.17, 35, 0x0000000000000000
2026/09/30 00:08:21.868, 1980, 2619, 141.19, 35, 0x0000000000000000
2026/09/30 00:08:22.118, 1980, 2619, 140.98, 35, 0x0000000000000000
2026/09/30 00:08:22.368, 1980, 2619, 140.91, 35, 0x0000000000000000
2026/09/30 00:08:22.618, 1980, 2619, 140.88, 35, 0x0000000000000000
2026/09/30 00:08:22.868, 1980, 2619, 140.87, 35, 0x0000000000000000
2026/09/30 00:08:23.118, 1980, 2619, 140.97, 35, 0x0000000000000000
2026/09/30 00:08:23.368, 1980, 2619, 141.04, 35, 0x0000000000000000
2026/09/30 00:08:23.618, 1980, 2619, 140.88, 35, 0x0000000000000000
2026/09/30 00:08:23.869, 1980, 2619, 140.20, 35, 0x0000000000000000
2026/09/30 00:08:24.119, 1980, 2619, 139.09, 35, 0x0000000000000000
2026/09/30 00:08:24.369, 1980, 2619, 139.13, 35, 0x0000000000000000
2026/09/30 00:08:24.619, 1980, 2619, 139.35, 35, 0x0000000000000000
2026/09/30 00:08:24.869, 1980, 2619, 140.02, 35, 0x0000000000000000
2026/09/30 00:08:25.119, 1980, 2619, 141.12, 35, 0x0000000000000000
2026/09/30 00:08:25.369, 1980, 2619, 141.09, 35, 0x0000000000000000
2026/09/30 00:08:25.619, 1980, 2619, 141.00, 35, 0x0000000000000000
2026/09/30 00:08:25.869, 1980, 2619, 140.98, 35, 0x0000000000000000
2026/09/30 00:08:26.120, 1980, 2619, 140.79, 35, 0x0000000000000000
2026/09/30 00:08:26.370, 1980, 2619, 140.84, 35, 0x0000000000000000
2026/09/30 00:08:26.620, 1980, 2619, 140.84, 35, 0x0000000000000000
2026/09/30 00:08:26.870, 1980, 2619, 140.90, 35, 0x0000000000000000
2026/09/30 00:08:27.120, 1980, 2619, 141.06, 35, 0x0000000000000000
2026/09/30 00:08:27.370, 1980, 2619, 141.05, 35, 0x0000000000000000
2026/09/30 00:08:27.620, 1980, 2619, 141.17, 35, 0x0000000000000000
2026/09/30 00:08:27.870, 1980, 2619, 141.32, 35, 0x0000000000000000
2026/09/30 00:08:28.120, 1980, 2619, 141.32, 35, 0x0000000000000000
2026/09/30 00:08:28.370, 1980, 2619, 141.25, 35, 0x0000000000000000
2026/09/30 00:08:28.621, 1980, 2619, 141.13, 35, 0x0000000000000000
2026/09/30 00:08:28.871, 1980, 2619, 140.95, 35, 0x0000000000000000
2026/09/30 00:08:29.121, 1980, 2619, 140.80, 35, 0x0000000000000000
2026/09/30 00:08:29.371, 1980, 2619, 140.78, 35, 0x0000000000000000
2026/09/30 00:08:29.621, 1980, 2619, 140.80, 35, 0x0000000000000000
2026/09/30 00:08:29.871, 1980, 2619, 140.78, 35, 0x0000000000000000
2026/09/30 00:08:30.121, 1980, 2619, 140.88, 35, 0x0000000000000000
2026/09/30 00:08:30.371, 1980, 2619, 140.88, 35, 0x0000000000000000
2026/09/30 00:08:30.621, 1980, 2619, 140.41, 35, 0x0000000000000000
2026/09/30 00:08:30.871, 1980, 2619, 139.74, 35, 0x0000000000000000
2026/09/30 00:08:31.122, 1980, 2619, 139.12, 35, 0x0000000000000000
2026/09/30 00:08:31.372, 1980, 2619, 139.12, 35, 0x0000000000000000
2026/09/30 00:08:31.622, 1980, 2619, 139.59, 35, 0x0000000000000000
2026/09/30 00:08:31.872, 1980, 2619, 140.35, 35, 0x0000000000000000
2026/09/30 00:08:32.122, 1980, 2619, 141.08, 35, 0x0000000000000000
2026/09/30 00:08:32.372, 1980, 2619, 141.12, 35, 0x0000000000000000
2026/09/30 00:08:32.622, 1980, 2619, 140.95, 35, 0x0000000000000000
2026/09/30 00:08:32.872, 1980, 2619, 140.86, 35, 0x0000000000000000
2026/09/30 00:08:33.123, 1980, 2619, 140.79, 35, 0x0000000000000000
2026/09/30 00:08:33.373, 1980, 2619, 140.82, 35, 0x0000000000000000
2026/09/30 00:08:33.623, 1980, 2619, 140.87, 35, 0x0000000000000000
2026/09/30 00:08:33.873, 1980, 2619, 140.91, 35, 0x0000000000000000
2026/09/30 00:08:34.123, 1980, 2619, 140.86, 35, 0x0000000000000000
2026/09/30 00:08:34.373, 1980, 2619, 140.30, 35, 0x0000000000000000
2026/09/30 00:08:34.623, 1980, 2619, 139.18, 35, 0x0000000000000000
2026/09/30 00:08:34.873, 1980, 2619, 139.10, 35, 0x0000000000000000
2026/09/30 00:08:35.123, 1980, 2619, 139.26, 35, 0x0000000000000000
2026/09/30 00:08:35.374, 1980, 2619, 139.74, 35, 0x0000000000000000
2026/09/30 00:08:35.624, 1980, 2619, 140.87, 35, 0x0000000000000000
2026/09/30 00:08:35.874, 1980, 2619, 141.03, 35, 0x0000000000000000
2026/09/30 00:08:36.124, 1980, 2619, 140.87, 35, 0x0000000000000000
2026/09/30 00:08:36.374, 1980, 2619, 140.84, 35, 0x0000000000000000
2026/09/30 00:08:36.624, 1980, 2619, 140.74, 35, 0x0000000000000000
2026/09/30 00:08:36.874, 1980, 2619, 140.77, 35, 0x0000000000000000
2026/09/30 00:08:37.124, 1980, 2619, 140.82, 35, 0x0000000000000000
2026/09/30 00:08:37.375, 1980, 2619, 140.96, 35, 0x0000000000000000
2026/09/30 00:08:37.625, 1980, 2619, 141.10, 35, 0x0000000000000000
2026/09/30 00:08:37.875, 1980, 2619, 140.93, 35, 0x0000000000000000
2026/09/30 00:08:38.125, 1980, 2619, 139.81, 35, 0x0000000000000000
2026/09/30 00:08:38.375, 1980, 2619, 138.96, 35, 0x0000000000000000
2026/09/30 00:08:38.625, 1980, 2619, 137.74, 35, 0x0000000000000000
2026/09/30 00:08:38.875, 1980, 2619, 136.88, 35, 0x0000000000000000
2026/09/30 00:08:39.125, 1980, 2619, 136.63, 35, 0x0000000000000000
2026/09/30 00:08:39.376, 1980, 2619, 136.47, 35, 0x0000000000000000
2026/09/30 00:08:39.626, 1980, 2619, 136.29, 35, 0x0000000000000000
2026/09/30 00:08:39.876, 1980, 2619, 136.27, 35, 0x0000000000000000
2026/09/30 00:08:40.126, 1980, 2619, 136.21, 35, 0x0000000000000000
2026/09/30 00:08:40.376, 1980, 2619, 136.20, 35, 0x0000000000000000
2026/09/30 00:08:40.626, 1980, 2619, 136.14, 35, 0x0000000000000000
2026/09/30 00:08:40.876, 1980, 2619, 136.10, 35, 0x0000000000000000
2026/09/30 00:08:41.126, 1980, 2619, 136.08, 35, 0x0000000000000000
2026/09/30 00:08:41.376, 1980, 2619, 136.13, 35, 0x0000000000000000
2026/09/30 00:08:41.627, 1980, 2619, 136.28, 35, 0x0000000000000000
2026/09/30 00:08:41.877, 1980, 2619, 136.34, 35, 0x0000000000000000
2026/09/30 00:08:42.127, 1980, 2619, 136.53, 35, 0x0000000000000000
2026/09/30 00:08:42.378, 1980, 2619, 136.40, 35, 0x0000000000000000
2026/09/30 00:08:42.628, 1980, 2619, 136.31, 35, 0x0000000000000000
2026/09/30 00:08:42.878, 1980, 2619, 136.26, 35, 0x0000000000000000
2026/09/30 00:08:43.128, 1980, 2619, 135.95, 35, 0x0000000000000000
2026/09/30 00:08:43.378, 1980, 2619, 136.00, 35, 0x0000000000000000
2026/09/30 00:08:43.628, 1980, 2619, 135.99, 35, 0x0000000000000000
2026/09/30 00:08:43.878, 1980, 2619, 135.99, 35, 0x0000000000000000
2026/09/30 00:08:44.128, 1980, 2619, 136.14, 35, 0x0000000000000000
2026/09/30 00:08:44.378, 1980, 2619, 136.13, 35, 0x0000000000000000
2026/09/30 00:08:44.629, 1980, 2619, 136.18, 35, 0x0000000000000000
2026/09/30 00:08:44.879, 1980, 2619, 136.26, 35, 0x0000000000000000
2026/09/30 00:08:45.129, 1980, 2619, 136.28, 35, 0x0000000000000000
2026/09/30 00:08:45.379, 1980, 2619, 136.45, 35, 0x0000000000000000
2026/09/30 00:08:45.630, 1980, 2619, 136.38, 35, 0x0000000000000000
2026/09/30 00:08:45.880, 1980, 2619, 136.21, 35, 0x0000000000000000
2026/09/30 00:08:46.130, 1980, 2619, 136.09, 35, 0x0000000000000000
2026/09/30 00:08:46.380, 1980, 2619, 135.96, 35, 0x0000000000000000
2026/09/30 00:08:46.630, 1980, 2619, 135.98, 35, 0x0000000000000000
2026/09/30 00:08:46.880, 1980, 2619, 136.08, 35, 0x0000000000000000
2026/09/30 00:08:47.130, 1980, 2619, 136.15, 35, 0x0000000000000000
2026/09/30 00:08:47.381, 1980, 2619, 136.16, 35, 0x0000000000000000
2026/09/30 00:08:47.631, 1980, 2619, 136.22, 35, 0x0000000000000000
2026/09/30 00:08:47.881, 1980, 2619, 136.32, 35, 0x0000000000000000
2026/09/30 00:08:48.131, 1980, 2619, 136.43, 35, 0x0000000000000000
2026/09/30 00:08:48.382, 1980, 2619, 136.50, 35, 0x0000000000000000
2026/09/30 00:08:48.632, 1980, 2619, 136.44, 35, 0x0000000000000000
2026/09/30 00:08:48.883, 1980, 2619, 136.32, 35, 0x0000000000000000
2026/09/30 00:08:49.133, 1980, 2619, 136.29, 35, 0x0000000000000000
2026/09/30 00:08:49.383, 1980, 2619, 136.22, 35, 0x0000000000000000
2026/09/30 00:08:49.633, 1980, 2619, 136.16, 35, 0x0000000000000000
2026/09/30 00:08:49.883, 1980, 2619, 136.21, 35, 0x0000000000000000
2026/09/30 00:08:50.133, 1980, 2619, 136.21, 35, 0x0000000000000000
2026/09/30 00:08:50.383, 1980, 2619, 136.24, 35, 0x0000000000000000
2026/09/30 00:08:50.634, 1980, 2619, 136.38, 35, 0x0000000000000000
2026/09/30 00:08:50.884, 1980, 2619, 136.35, 35, 0x0000000000000000
2026/09/30 00:08:51.134, 1980, 2619, 136.31, 35, 0x0000000000000000
2026/09/30 00:08:51.384, 1980, 2619, 136.37, 35, 0x0000000000000000
2026/09/30 00:08:51.634, 1980, 2619, 136.35, 35, 0x0000000000000000
2026/09/30 00:08:51.884, 1980, 2619, 136.39, 35, 0x0000000000000000
2026/09/30 00:08:52.134, 1980, 2619, 136.51, 35, 0x0000000000000000
2026/09/30 00:08:52.385, 1980, 2619, 136.48, 35, 0x0000000000000000
2026/09/30 00:08:52.635, 1980, 2619, 136.51, 35, 0x0000000000000000
