2026/09/29 18:38:27.284, 1125, 1215, 48.50, 32, 0x0000000000000001
2026/09/29 18:38:27.542, 1125, 1215, 48.45, 32, 0x0000000000000001
2026/09/29 18:38:27.793, 1125, 1215, 48.45, 32, 0x0000000000000001
2026/09/29 18:38:28.043, 1125, 1215, 48.73, 32, 0x0000000000000001
2026/09/29 18:38:28.293, 1125, 1215, 48.73, 32, 0x0000000000000001
2026/09/29 18:38:28.543, 1125, 1215, 48.73, 32, 0x0000000000000001
2026/09/29 18:38:28.794, 1125, 1215, 48.95, 32, 0x0000000000000001
2026/09/29 18:38:29.044, 225, 1215, 45.74, 32, 0x0000000000000001
2026/09/29 18:38:29.294, 210, 1215, 41.92, 32, 0x0000000000000001
2026/09/29 18:38:29.544, 210, 1215, 41.87, 31, 0x0000000000000001
2026/09/29 18:38:29.794, 210, 1215, 41.87, 31, 0x0000000000000001
2026/09/29 18:38:30.044, 210, 1215, 41.83, 31, 0x0000000000000001
2026/09/29 18:38:30.294, 210, 1215, 41.83, 31, 0x0000000000000001
2026/09/29 18:38:30.545, 210, 1215, 41.83, 31, 0x0000000000000001
2026/09/29 18:38:30.795, 210, 1215, 41.78, 31, 0x0000000000000001
2026/09/29 18:38:31.045, 210, 1215, 42.11, 31, 0x0000000000000001
2026/09/29 18:38:31.295, 210, 1215, 41.78, 31, 0x0000000000000001
2026/09/29 18:38:31.546, 210, 1215, 41.78, 31, 0x0000000000000001
2026/09/29 18:38:31.796, 210, 1215, 41.78, 31, 0x0000000000000001
2026/09/29 18:38:32.046, 210, 1215, 41.78, 31, 0x0000000000000001
2026/09/29 18:38:32.296, 210, 1215, 41.74, 31, 0x0000000000000001
2026/09/29 18:38:32.547, 210, 1215, 41.87, 31, 0x0000000000000001
2026/09/29 18:38:32.797, 210, 1215, 41.87, 31, 0x0000000000000001
2026/09/29 18:38:33.047, 210, 1215, 41.87, 31, 0x0000000000000001
2026/09/29 18:38:33.297, 210, 1215, 41.92, 31, 0x0000000000000001
2026/09/29 18:38:33.547, 210, 1215, 41.87, 31, 0x0000000000000001
2026/09/29 18:38:33.797, 210, 1215, 41.83, 31, 0x0000000000000001
2026/09/29 18:38:34.047, 210, 1215, 41.87, 31, 0x0000000000000001
2026/09/29 18:38:34.298, 210, 1215, 41.96, 31, 0x0000000000000001
2026/09/29 18:38:34.548, 210, 1215, 41.96, 31, 0x0000000000000001
2026/09/29 18:38:34.798, 210, 1215, 41.96, 31, 0x0000000000000001
2026/09/29 18:38:35.048, 1140, 1215, 49.00, 32, 0x0000000000000001
2026/09/29 18:38:35.298, 1140, 1215, 49.00, 32, 0x0000000000000001
2026/09/29 18:38:35.548, 1140, 1215, 49.00, 32, 0x0000000000000001
2026/09/29 18:38:35.798, 1140, 1215, 48.95, 32, 0x0000000000000001
2026/09/29 18:38:36.049, 1140, 1215, 48.95, 32, 0x0000000000000001
2026/09/29 18:38:36.299, 1140, 1215, 48.95, 32, 0x0000000000000001
2026/09/29 18:38:36.549, 1140, 1215, 48.90, 32, 0x0000000000000001
2026/09/29 18:38:36.800, 240, 1215, 41.87, 32, 0x0000000000000001
2026/09/29 18:38:37.050, 210, 1215, 41.83, 32, 0x0000000000000001
2026/09/29 18:38:37.300, 210, 1215, 41.83, 31, 0x0000000000000001
2026/09/29 18:38:37.550, 210, 1215, 41.83, 31, 0x0000000000000001
2026/09/29 18:38:37.800, 210, 1215, 41.78, 31, 0x0000000000000001
2026/09/29 18:38:38.050, 210, 1215, 41.78, 31, 0x0000000000000001
2026/09/29 18:38:38.301, 210, 1215, 41.74, 31, 0x0000000000000001
2026/09/29 18:38:38.551, 210, 1215, 41.74, 31, 0x0000000000000001
2026/09/29 18:38:38.801, 210, 1215, 41.74, 31, 0x0000000000000001
2026/09/29 18:38:39.051, 210, 1215, 41.70, 31, 0x0000000000000001
2026/09/29 18:38:39.302, 210, 1215, 41.70, 31, 0x0000000000000001
2026/09/29 18:38:39.552, 210, 1215, 41.74, 31, 0x0000000000000001
2026/09/29 18:38:39.803, 210, 1215, 41.74, 31, 0x0000000000000001
2026/09/29 18:38:40.053, 210, 1215, 41.74, 31, 0x0000000000000001
2026/09/29 18:38:40.303, 210, 1215, 41.74, 31, 0x0000000000000001
2026/09/29 18:38:40.553, 210, 1215, 41.70, 31, 0x0000000000000001
2026/09/29 18:38:40.804, 210, 1215, 41.74, 31, 0x0000000000000001
2026/09/29 18:38:41.054, 210, 1215, 41.74, 31, 0x0000000000000001
2026/09/29 18:38:41.304, 210, 1215, 41.74, 31, 0x0000000000000001
2026/09/29 18:38:41.554, 210, 1215, 41.74, 31, 0x0000000000000001
2026/09/29 18:38:41.804, 210, 1215, 41.74, 31, 0x0000000000000001
2026/09/29 18:38:42.054, 210, 1215, 41.74, 31, 0x0000000000000001
2026/09/29 18:38:42.305, 210, 1215, 41.74, 31, 0x0000000000000001
2026/09/29 18:38:42.555, 210, 1215, 41.74, 31, 0x0000000000000001
2026/09/29 18:38:42.805, 210, 1215, 41.70, 31, 0x0000000000000001
2026/09/29 18:38:43.055, 210, 1215, 41.74, 31, 0x0000000000000001
2026/09/29 18:38:43.305, 210, 1215, 41.74, 31, 0x0000000000000001
2026/09/29 18:38:43.558, 210, 1215, 41.74, 31, 0x0000000000000001
2026/09/29 18:38:43.808, 210, 1215, 41.74, 31, 0x0000000000000001
2026/09/29 18:38:44.058, 210, 1215, 41.70, 31, 0x0000000000000001
2026/09/29 18:38:44.308, 210, 1215, 41.74, 31, 0x0000000000000001
2026/09/29 18:38:44.559, 210, 1215, 41.74, 31, 0x0000000000000001
2026/09/29 18:38:44.809, 210, 1215, 41.74, 31, 0x0000000000000001
2026/09/29 18:38:45.059, 210, 1215, 41.74, 31, 0x0000000000000001
2026/09/29 18:38:45.309, 210, 1215, 41.74, 31, 0x0000000000000001
2026/09/29 18:38:45.559, 210, 1215, 41.74, 31, 0x0000000000000001
2026/09/29 18:38:45.809, 210, 1215, 41.74, 31, 0x0000000000000001
2026/09/29 18:38:46.060, 210, 1215, 41.74, 31, 0x0000000000000001
2026/09/29 18:38:46.310, 210, 1215, 41.74, 31, 0x0000000000000001
2026/09/29 18:38:46.560, 210, 1215, 41.74, 31, 0x0000000000000001
2026/09/29 18:38:46.810, 210, 1215, 41.70, 31, 0x0000000000000001
2026/09/29 18:38:47.060, 210, 1215, 41.74, 31, 0x0000000000000001
2026/09/29 18:38:47.311, 210, 1215, 41.74, 31, 0x0000000000000001
2026/09/29 18:38:47.561, 210, 1215, 41.70, 31, 0x0000000000000001
2026/09/29 18:38:47.811, 210, 1215, 41.74, 31, 0x0000000000000001
2026/09/29 18:38:48.061, 210, 1215, 41.74, 31, 0x0000000000000001
2026/09/29 18:38:48.311, 210, 1215, 41.70, 31, 0x0000000000000001
2026/09/29 18:38:48.561, 210, 1215, 41.74, 31, 0x0000000000000001
2026/09/29 18:38:48.812, 210, 1215, 41.74, 31, 0x0000000000000001
2026/09/29 18:38:49.062, 210, 1215, 41.74, 31, 0x0000000000000001
2026/09/29 18:38:49.312, 210, 1215, 41.74, 31, 0x0000000000000001
2026/09/29 18:38:49.562, 210, 1215, 41.74, 31, 0x0000000000000001
2026/09/29 18:38:49.812, 210, 1215, 41.74, 31, 0x0000000000000001
2026/09/29 18:38:50.062, 210, 1215, 41.87, 31, 0x0000000000000001
2026/09/29 18:38:50.313, 210, 1215, 41.83, 31, 0x0000000000000001
2026/09/29 18:38:50.563, 210, 1215, 41.83, 31, 0x0000000000000001
2026/09/29 18:38:50.813, 210, 1215, 41.92, 31, 0x0000000000000001
2026/09/29 18:38:51.063, 210, 1215, 41.87, 31, 0x0000000000000001
2026/09/29 18:38:51.460, 210, 1215, 41.92, 31, 0x0000000000000001
2026/09/29 18:38:51.711, 210, 1215, 41.87, 31, 0x0000000000000001
2026/09/29 18:38:51.961, 210, 1215, 41.60, 31, 0x0000000000000001
2026/09/29 18:38:52.211, 210, 1215, 41.87, 31, 0x0000000000000001
2026/09/29 18:38:52.461, 210, 1215, 41.83, 31, 0x0000000000000001
2026/09/29 18:38:52.711, 210, 1215, 41.83, 31, 0x0000000000000001
2026/09/29 18:38:52.961, 210, 1215, 41.83, 31, 0x0000000000000001
2026/09/29 18:38:53.212, 210, 1215, 41.78, 31, 0x0000000000000001
2026/09/29 18:38:53.462, 210, 1215, 41.83, 31, 0x0000000000000001
2026/09/29 18:38:53.712, 210, 1215, 41.83, 31, 0x0000000000000001
2026/09/29 18:38:53.962, 210, 1215, 41.74, 31, 0x0000000000000001
2026/09/29 18:38:54.212, 210, 1215, 41.78, 31, 0x0000000000000001
2026/09/29 18:38:54.462, 210, 1215, 41.74, 31, 0x0000000000000001
2026/09/29 18:38:54.713, 210, 1215, 41.74, 31, 0x0000000000000001
2026/09/29 18:38:54.963, 210, 1215, 41.74, 31, 0x0000000000000001
2026/09/29 18:38:55.213, 210, 1215, 41.70, 31, 0x0000000000000001
2026/09/29 18:38:55.463, 210, 1215, 41.70, 31, 0x0000000000000001
2026/09/29 18:38:55.713, 210, 1215, 41.74, 31, 0x0000000000000001
2026/09/29 18:38:55.963, 210, 1215, 41.70, 31, 0x0000000000000001
2026/09/29 18:38:56.213, 210, 1215, 41.74, 31, 0x0000000000000001
2026/09/29 18:38:56.464, 210, 1215, 41.74, 31, 0x0000000000000001
2026/09/29 18:38:56.714, 210, 1215, 41.70, 31, 0x0000000000000001
2026/09/29 18:38:56.964, 210, 1215, 41.74, 31, 0x0000000000000001
2026/09/29 18:38:57.214, 210, 1215, 41.70, 31, 0x0000000000000001
2026/09/29 18:38:57.464, 210, 1215, 41.70, 31, 0x0000000000000001
2026/09/29 18:38:57.714, 210, 1215, 41.74, 31, 0x0000000000000001
2026/09/29 18:38:57.964, 210, 1215, 41.70, 31, 0x0000000000000001
2026/09/29 18:38:58.215, 210, 1215, 41.70, 31, 0x0000000000000001
2026/09/29 18:38:58.465, 210, 1215, 41.74, 31, 0x0000000000000001
2026/09/29 18:38:58.715, 210, 1215, 41.70, 31, 0x0000000000000001
2026/09/29 18:38:58.965, 210, 1215, 41.70, 31, 0x0000000000000001
2026/09/29 18:38:59.215, 210, 1215, 41.74, 31, 0x0000000000000001
2026/09/29 18:38:59.465, 210, 1215, 41.74, 31, 0x0000000000000001
2026/09/29 18:38:59.716, 210, 1215, 41.74, 31, 0x0000000000000001
2026/09/29 18:38:59.966, 210, 1215, 41.74, 31, 0x0000000000000001
2026/09/29 18:39:00.216, 210, 1215, 41.70, 31, 0x0000000000000001
2026/09/29 18:39:00.466, 210, 1215, 41.74, 31, 0x0000000000000001
2026/09/29 18:39:00.716, 210, 1215, 41.70, 31, 0x0000000000000001
2026/09/29 18:39:00.966, 210, 1215, 41.70, 31, 0x0000000000000001
2026/09/29 18:39:01.217, 210, 1215, 41.74, 31, 0x0000000000000001
2026/09/29 18:39:01.467, 210, 1215, 41.74, 31, 0x0000000000000001
2026/09/29 18:39:01.717, 210, 1215, 41.74, 31, 0x0000000000000001
2026/09/29 18:39:01.967, 210, 1215, 41.74, 31, 0x0000000000000001
2026/09/29 18:39:02.219, 210, 1215, 41.70, 31, 0x0000000000000001
2026/09/29 18:39:02.469, 210, 1215, 41.70, 31, 0x0000000000000001
2026/09/29 18:39:02.719, 210, 1215, 41.47, 31, 0x0000000000000001
2026/09/29 18:39:02.969, 210, 1215, 41.70, 31, 0x0000000000000001
2026/09/29 18:39:03.220, 210, 1215, 41.74, 31, 0x0000000000000001
2026/09/29 18:39:03.470, 210, 1215, 41.74, 31, 0x0000000000000001
2026/09/29 18:39:03.720, 210, 1215, 41.70, 31, 0x0000000000000001
2026/09/29 18:39:03.970, 210, 1215, 41.74, 31, 0x0000000000000001
2026/09/29 18:39:04.220, 210, 1215, 41.70, 31, 0x0000000000000001
2026/09/29 18:39:04.471, 210, 1215, 41.70, 31, 0x0000000000000001
2026/09/29 18:39:04.721, 210, 1215, 41.74, 31, 0x0000000000000001
2026/09/29 18:39:04.971, 210, 1215, 41.74, 31, 0x0000000000000001
2026/09/29 18:39:05.221, 210, 1215, 41.70, 31, 0x0000000000000001
2026/09/29 18:39:05.472, 210, 1215, 41.74, 31, 0x0000000000000001
2026/09/29 18:39:05.722, 210, 1215, 41.74, 31, 0x0000000000000001
2026/09/29 18:39:05.972, 210, 1215, 41.70, 31, 0x0000000000000001
2026/09/29 18:39:06.222, 210, 1215, 41.74, 31, 0x0000000000000001
2026/09/29 18:39:06.472, 210, 1215, 41.74, 31, 0x0000000000000001
2026/09/29 18:39:06.723, 210, 1215, 41.70, 31, 0x0000000000000001
2026/09/29 18:39:06.973, 210, 1215, 41.74, 31, 0x0000000000000001
2026/09/29 18:39:07.223, 210, 1215, 41.70, 31, 0x0000000000000001
2026/09/29 18:39:07.473, 210, 1215, 41.70, 31, 0x0000000000000001
2026/09/29 18:39:07.723, 210, 1215, 41.74, 31, 0x0000000000000001
2026/09/29 18:39:07.974, 210, 1215, 41.70, 31, 0x0000000000000001
2026/09/29 18:39:08.224, 210, 1215, 41.74, 31, 0x0000000000000001
2026/09/29 18:39:08.474, 210, 1215, 41.74, 31, 0x0000000000000001
2026/09/29 18:39:08.724, 210, 1215, 41.70, 31, 0x0000000000000001
2026/09/29 18:39:08.974, 210, 1215, 41.74, 31, 0x0000000000000001
2026/09/29 18:39:09.225, 210, 1215, 41.70, 31, 0x0000000000000001
2026/09/29 18:39:09.475, 210, 1215, 41.70, 31, 0x0000000000000001
2026/09/29 18:39:09.725, 210, 1215, 41.74, 31, 0x0000000000000001
2026/09/29 18:39:09.976, 210, 1215, 41.74, 31, 0x0000000000000001
2026/09/29 18:39:10.226, 210, 1215, 41.74, 31, 0x0000000000000001
2026/09/29 18:39:10.476, 210, 1215, 41.74, 31, 0x0000000000000001
2026/09/29 18:39:10.726, 210, 1215, 41.70, 31, 0x0000000000000001
2026/09/29 18:39:10.977, 210, 1215, 41.74, 31, 0x0000000000000001
2026/09/29 18:39:11.227, 210, 1215, 41.74, 31, 0x0000000000000001
2026/09/29 18:39:11.477, 210, 1215, 41.70, 31, 0x0000000000000001
2026/09/29 18:39:11.728, 210, 1215, 41.74, 31, 0x0000000000000001
2026/09/29 18:39:11.979, 210, 1215, 41.70, 31, 0x0000000000000001
2026/09/29 18:39:12.229, 210, 1215, 41.70, 31, 0x0000000000000001
2026/09/29 18:39:12.479, 210, 1215, 41.74, 31, 0x0000000000000001
2026/09/29 18:39:12.729, 210, 1215, 41.70, 31, 0x0000000000000001
2026/09/29 18:39:12.979, 210, 1215, 41.70, 31, 0x0000000000000001
2026/09/29 18:39:13.230, 210, 1215, 41.74, 31, 0x0000000000000001
2026/09/29 18:39:13.480, 210, 1215, 41.70, 31, 0x0000000000000001
2026/09/29 18:39:13.730, 210, 1215, 41.74, 31, 0x0000000000000001
2026/09/29 18:39:13.980, 210, 1215, 41.74, 31, 0x0000000000000001
2026/09/29 18:39:14.230, 210, 1215, 41.70, 31, 0x0000000000000001
2026/09/29 18:39:14.480, 210, 1215, 41.74, 31, 0x0000000000000001
2026/09/29 18:39:14.731, 210, 1215, 41.74, 31, 0x0000000000000001
2026/09/29 18:39:14.981, 210, 1215, 41.70, 31, 0x0000000000000001
2026/09/29 18:39:15.231, 210, 1215, 41.74, 31, 0x0000000000000001
2026/09/29 18:39:15.481, 210, 1215, 41.74, 31, 0x0000000000000001
2026/09/29 18:39:15.731, 210, 1215, 41.70, 31, 0x0000000000000001
2026/09/29 18:39:15.981, 210, 1215, 41.74, 31, 0x0000000000000001
2026/09/29 18:39:16.232, 210, 1215, 41.74, 31, 0x0000000000000001
2026/09/29 18:39:16.482, 210, 1215, 41.70, 31, 0x0000000000000001
2026/09/29 18:39:16.732, 210, 1215, 41.74, 31, 0x0000000000000001
2026/09/29 18:39:16.982, 210, 1215, 41.70, 31, 0x0000000000000001
2026/09/29 18:39:17.233, 210, 1215, 41.70, 31, 0x0000000000000001
2026/09/29 18:39:17.483, 210, 1215, 41.74, 31, 0x0000000000000001
2026/09/29 18:39:17.733, 210, 1215, 41.70, 31, 0x0000000000000001
2026/09/29 18:39:17.983, 210, 1215, 41.74, 31, 0x0000000000000001
2026/09/29 18:39:18.233, 210, 1215, 41.74, 31, 0x0000000000000001
2026/09/29 18:39:18.484, 210, 1215, 41.70, 31, 0x0000000000000001
2026/09/29 18:39:18.734, 210, 1215, 41.74, 31, 0x0000000000000001
2026/09/29 18:39:18.985, 210, 1215, 41.74, 31, 0x0000000000000001
2026/09/29 18:39:19.235, 210, 1215, 41.70, 31, 0x0000000000000001
2026/09/29 18:39:19.485, 210, 1215, 41.74, 31, 0x0000000000000001
2026/09/29 18:39:19.735, 210, 1215, 41.74, 31, 0x0000000000000001
2026/09/29 18:39:19.986, 210, 1215, 41.70, 31, 0x0000000000000001
2026/09/29 18:39:20.236, 210, 1215, 41.74, 31, 0x0000000000000001
2026/09/29 18:39:20.486, 210, 1215, 41.70, 31, 0x0000000000000001
2026/09/29 18:39:20.736, 210, 1215, 41.70, 31, 0x0000000000000001
2026/09/29 18:39:20.986, 210, 1215, 41.74, 31, 0x0000000000000001
2026/09/29 18:39:21.237, 210, 1215, 41.70, 31, 0x0000000000000001
2026/09/29 18:39:21.487, 210, 1215, 41.70, 31, 0x0000000000000001
2026/09/29 18:39:21.737, 210, 1215, 41.74, 31, 0x0000000000000001
2026/09/29 18:39:21.987, 210, 1215, 41.70, 31, 0x0000000000000001
2026/09/29 18:39:22.237, 210, 1215, 41.74, 31, 0x0000000000000001
2026/09/29 18:39:22.487, 210, 1215, 41.74, 31, 0x0000000000000001
2026/09/29 18:39:22.738, 210, 1215, 41.70, 31, 0x0000000000000001
2026/09/29 18:39:22.988, 210, 1215, 41.74, 31, 0x0000000000000001
2026/09/29 18:39:23.238, 210, 1215, 41.70, 31, 0x0000000000000001
2026/09/29 18:39:23.488, 210, 1215, 41.70, 31, 0x0000000000000001
2026/09/29 18:39:23.738, 210, 1215, 41.74, 31, 0x0000000000000001
2026/09/29 18:39:23.989, 210, 1215, 41.70, 31, 0x0000000000000001
2026/09/29 18:39:24.239, 210, 1215, 41.74, 31, 0x0000000000000001
2026/09/29 18:39:24.489, 210, 1215, 41.74, 31, 0x0000000000000001
2026/09/29 18:39:24.739, 210, 1215, 41.70, 31, 0x0000000000000001
2026/09/29 18:39:24.989, 210, 1215, 41.70, 31, 0x0000000000000001
2026/09/29 18:39:25.240, 210, 1215, 41.74, 31, 0x0000000000000001
2026/09/29 18:39:25.490, 210, 1215, 41.70, 31, 0x0000000000000001
2026/09/29 18:39:25.740, 210, 1215, 41.70, 31, 0x0000000000000001
2026/09/29 18:39:25.990, 210, 1215, 41.74, 31, 0x0000000000000001
2026/09/29 18:39:26.240, 210, 1215, 41.70, 31, 0x0000000000000001
2026/09/29 18:39:26.490, 210, 1215, 41.70, 31, 0x0000000000000001
2026/09/29 18:39:26.741, 210, 1215, 41.74, 31, 0x0000000000000001
2026/09/29 18:39:26.991, 210, 1215, 41.83, 31, 0x0000000000000001
2026/09/29 18:39:27.241, 210, 1215, 41.83, 31, 0x0000000000000001
2026/09/29 18:39:27.491, 210, 1215, 41.83, 31, 0x0000000000000001
2026/09/29 18:39:27.741, 210, 1215, 41.87, 31, 0x0000000000000001
2026/09/29 18:39:27.991, 210, 1215, 41.92, 31, 0x0000000000000001
2026/09/29 18:39:28.241, 210, 1215, 41.92, 31, 0x0000000000000001
2026/09/29 18:39:28.492, 210, 1215, 41.92, 31, 0x0000000000000001
2026/09/29 18:39:28.742, 210, 1215, 41.87, 31, 0x0000000000000001
2026/09/29 18:39:28.992, 210, 1215, 41.87, 31, 0x0000000000000001
2026/09/29 18:39:29.242, 210, 1215, 41.92, 31, 0x0000000000000001
2026/09/29 18:39:29.492, 210, 1215, 41.87, 31, 0x0000000000000001
2026/09/29 18:39:29.742, 210, 1215, 41.87, 31, 0x0000000000000001
2026/09/29 18:39:29.993, 210, 1215, 41.87, 31, 0x0000000000000001
2026/09/29 18:39:30.243, 210, 1215, 41.83, 31, 0x0000000000000001
2026/09/29 18:39:30.493, 210, 1215, 41.83, 31, 0x0000000000000001
2026/09/29 18:39:30.743, 210, 1215, 41.83, 31, 0x0000000000000001
2026/09/29 18:39:30.993, 210, 1215, 41.78, 31, 0x0000000000000001
2026/09/29 18:39:31.243, 210, 1215, 41.83, 31, 0x0000000000000001
2026/09/29 18:39:31.494, 210, 1215, 41.83, 31, 0x0000000000000001
2026/09/29 18:39:31.744, 210, 1215, 41.74, 31, 0x0000000000000001
2026/09/29 18:39:31.994, 210, 1215, 41.78, 31, 0x0000000000000001
2026/09/29 18:39:32.244, 210, 1215, 41.74, 31, 0x0000000000000001
2026/09/29 18:39:32.494, 210, 1215, 41.74, 31, 0x0000000000000001
2026/09/29 18:39:32.744, 210, 1215, 41.74, 31, 0x0000000000000001
2026/09/29 18:39:32.995, 210, 1215, 41.74, 31, 0x0000000000000001
2026/09/29 18:39:33.245, 210, 1215, 41.70, 31, 0x0000000000000001
2026/09/29 18:39:33.495, 210, 1215, 41.74, 31, 0x0000000000000001
2026/09/29 18:39:33.745, 210, 1215, 41.70, 31, 0x0000000000000001
2026/09/29 18:39:33.995, 210, 1215, 41.70, 31, 0x0000000000000001
2026/09/29 18:39:34.245, 210, 1215, 41.74, 31, 0x0000000000000001
2026/09/29 18:39:34.496, 210, 1215, 41.70, 31, 0x0000000000000001
2026/09/29 18:39:34.746, 210, 1215, 41.74, 31, 0x0000000000000001
2026/09/29 18:39:34.996, 210, 1215, 41.74, 31, 0x0000000000000001
2026/09/29 18:39:35.246, 210, 1215, 41.70, 31, 0x0000000000000001
2026/09/29 18:39:35.496, 210, 1215, 41.74, 31, 0x0000000000000001
2026/09/29 18:39:35.747, 210, 1215, 41.70, 31, 0x0000000000000001
2026/09/29 18:39:35.997, 210, 1215, 41.70, 31, 0x0000000000000001
2026/09/29 18:39:36.247, 210, 1215, 41.70, 31, 0x0000000000000001
2026/09/29 18:39:36.497, 210, 1215, 41.70, 31, 0x0000000000000001
2026/09/29 18:39:36.747, 210, 1215, 41.70, 31, 0x0000000000000001
2026/09/29 18:39:36.997, 210, 1215, 41.74, 31, 0x0000000000000001
2026/09/29 18:39:37.248, 210, 1215, 41.70, 31, 0x0000000000000001
2026/09/29 18:39:37.498, 210, 1215, 41.70, 31, 0x0000000000000001
2026/09/29 18:39:37.748, 210, 1215, 41.74, 31, 0x0000000000000001
2026/09/29 18:39:37.998, 210, 1215, 41.70, 31, 0x0000000000000001
2026/09/29 18:39:38.248, 210, 1215, 41.70, 31, 0x0000000000000001
2026/09/29 18:39:38.498, 210, 1215, 41.74, 31, 0x0000000000000001
2026/09/29 18:39:38.749, 210, 1215, 41.70, 31, 0x0000000000000001
2026/09/29 18:39:38.999, 210, 1215, 41.74, 31, 0x0000000000000001
2026/09/29 18:39:39.249, 210, 1215, 41.74, 31, 0x0000000000000001
2026/09/29 18:39:39.499, 210, 1215, 41.70, 31, 0x0000000000000001
2026/09/29 18:39:39.749, 210, 1215, 41.74, 31, 0x0000000000000001
2026/09/29 18:39:39.999, 210, 1215, 41.74, 31, 0x0000000000000001
2026/09/29 18:39:40.250, 210, 1215, 41.70, 31, 0x0000000000000001
2026/09/29 18:39:40.500, 210, 1215, 41.74, 31, 0x0000000000000001
2026/09/29 18:39:40.750, 210, 1215, 41.70, 31, 0x0000000000000001
2026/09/29 18:39:41.000, 210, 1215, 41.70, 31, 0x0000000000000001
2026/09/29 18:39:41.250, 210, 1215, 41.74, 31, 0x0000000000000001
2026/09/29 18:39:41.500, 210, 1215, 41.70, 31, 0x0000000000000001
2026/09/29 18:39:41.751, 210, 1215, 41.74, 31, 0x0000000000000001
2026/09/29 18:39:42.001, 210, 1215, 41.74, 31, 0x0000000000000001
2026/09/29 18:39:42.251, 210, 1215, 41.70, 31, 0x0000000000000001
2026/09/29 18:39:42.501, 210, 1215, 41.70, 31, 0x0000000000000001
2026/09/29 18:39:42.751, 210, 1215, 41.74, 31, 0x0000000000000001
2026/09/29 18:39:43.001, 210, 1215, 41.70, 31, 0x0000000000000001
2026/09/29 18:39:43.251, 210, 1215, 41.74, 31, 0x0000000000000001
2026/09/29 18:39:43.502, 210, 1215, 41.74, 31, 0x0000000000000001
2026/09/29 18:39:43.752, 210, 1215, 41.70, 31, 0x0000000000000001
2026/09/29 18:39:44.002, 210, 1215, 41.70, 31, 0x0000000000000001
2026/09/29 18:39:44.252, 210, 1215, 41.74, 31, 0x0000000000000001
2026/09/29 18:39:44.502, 210, 1215, 41.70, 31, 0x0000000000000001
2026/09/29 18:39:44.752, 210, 1215, 41.74, 31, 0x0000000000000001
2026/09/29 18:39:45.002, 210, 1215, 41.74, 31, 0x0000000000000001
2026/09/29 18:39:45.253, 210, 1215, 41.70, 31, 0x0000000000000001
2026/09/29 18:39:45.503, 210, 1215, 41.74, 31, 0x0000000000000001
2026/09/29 18:39:45.753, 210, 1215, 41.70, 31, 0x0000000000000001
2026/09/29 18:39:46.003, 210, 1215, 41.70, 31, 0x0000000000000001
2026/09/29 18:39:46.253, 210, 1215, 41.74, 31, 0x0000000000000001
2026/09/29 18:39:46.503, 210, 1215, 41.70, 31, 0x0000000000000001
2026/09/29 18:39:46.754, 210, 1215, 41.74, 31, 0x0000000000000001
2026/09/29 18:39:47.004, 210, 1215, 41.74, 31, 0x0000000000000001
2026/09/29 18:39:47.254, 210, 1215, 41.70, 31, 0x0000000000000001
2026/09/29 18:39:47.504, 210, 1215, 41.74, 31, 0x0000000000000001
2026/09/29 18:39:47.754, 210, 1215, 41.70, 31, 0x0000000000000001
2026/09/29 18:39:48.004, 210, 1215, 41.78, 31, 0x0000000000000001
2026/09/29 18:39:48.254, 210, 1215, 41.83, 31, 0x0000000000000001
2026/09/29 18:39:48.505, 210, 1215, 41.83, 31, 0x0000000000000001
2026/09/29 18:39:48.755, 210, 1215, 41.87, 31, 0x0000000000000001
2026/09/29 18:39:49.005, 210, 1215, 41.92, 31, 0x0000000000000001
2026/09/29 18:39:49.255, 210, 1215, 41.92, 31, 0x0000000000000001
2026/09/29 18:39:49.505, 210, 1215, 41.92, 31, 0x0000000000000001
2026/09/29 18:39:49.755, 210, 1215, 41.92, 31, 0x0000000000000001
2026/09/29 18:39:50.006, 210, 1215, 41.87, 31, 0x0000000000000001
2026/09/29 18:39:50.256, 210, 1215, 41.83, 31, 0x0000000000000001
2026/09/29 18:39:50.506, 210, 1215, 41.87, 31, 0x0000000000000001
2026/09/29 18:39:50.756, 210, 1215, 42.00, 31, 0x0000000000000001
2026/09/29 18:39:51.006, 210, 1215, 41.96, 31, 0x0000000000000001
2026/09/29 18:39:51.256, 210, 1215, 42.00, 31, 0x0000000000000001
2026/09/29 18:39:51.507, 210, 1215, 42.00, 31, 0x0000000000000001
2026/09/29 18:39:51.757, 210, 1215, 42.00, 31, 0x0000000000000001
2026/09/29 18:39:52.007, 210, 1215, 42.00, 31, 0x0000000000000001
2026/09/29 18:39:52.257, 210, 1215, 41.96, 31, 0x0000000000000001
2026/09/29 18:39:52.507, 210, 1215, 41.96, 31, 0x0000000000000001
2026/09/29 18:39:52.757, 210, 1215, 42.00, 31, 0x0000000000000001
2026/09/29 18:39:53.008, 210, 1215, 41.96, 31, 0x0000000000000001
2026/09/29 18:39:53.258, 210, 1215, 41.96, 31, 0x0000000000000001
2026/09/29 18:39:53.508, 210, 1215, 41.96, 31, 0x0000000000000001
2026/09/29 18:39:53.758, 210, 1215, 41.96, 31, 0x0000000000000001
2026/09/29 18:39:54.008, 210, 1215, 41.96, 31, 0x0000000000000001
2026/09/29 18:39:54.259, 210, 1215, 41.96, 31, 0x0000000000000001
2026/09/29 18:39:54.509, 210, 1215, 41.96, 31, 0x0000000000000001
2026/09/29 18:39:54.759, 210, 1215, 41.96, 31, 0x0000000000000001
2026/09/29 18:39:55.009, 210, 1215, 41.96, 31, 0x0000000000000001
2026/09/29 18:39:55.259, 210, 1215, 41.92, 31, 0x0000000000000001
2026/09/29 18:39:55.510, 210, 1215, 41.92, 31, 0x0000000000000001
2026/09/29 18:39:55.760, 210, 1215, 41.92, 31, 0x0000000000000001
2026/09/29 18:39:56.010, 210, 1215, 41.92, 31, 0x0000000000000001
2026/09/29 18:39:56.260, 210, 1215, 41.87, 31, 0x0000000000000001
2026/09/29 18:39:56.510, 210, 1215, 41.87, 31, 0x0000000000000001
2026/09/29 18:39:56.760, 210, 1215, 41.92, 31, 0x0000000000000001
2026/09/29 18:39:57.011, 210, 1215, 41.87, 31, 0x0000000000000001
2026/09/29 18:39:57.261, 210, 1215, 41.87, 31, 0x0000000000000001
2026/09/29 18:39:57.511, 210, 1215, 41.87, 31, 0x0000000000000001
2026/09/29 18:39:57.761, 210, 1215, 41.87, 31, 0x0000000000000001
2026/09/29 18:39:58.011, 210, 1215, 41.87, 31, 0x0000000000000001
2026/09/29 18:39:58.262, 210, 1215, 41.87, 31, 0x0000000000000001
2026/09/29 18:39:58.512, 210, 1215, 41.87, 31, 0x0000000000000001
2026/09/29 18:39:58.762, 210, 1215, 41.83, 31, 0x0000000000000001
2026/09/29 18:39:59.012, 210, 1215, 41.83, 31, 0x0000000000000001
2026/09/29 18:39:59.263, 210, 1215, 41.83, 31, 0x0000000000000001
2026/09/29 18:39:59.513, 210, 1215, 41.83, 31, 0x0000000000000001
2026/09/29 18:39:59.763, 210, 1215, 41.78, 31, 0x0000000000000001
2026/09/29 18:40:00.013, 210, 1215, 41.78, 31, 0x0000000000000001
2026/09/29 18:40:00.263, 210, 1215, 41.78, 31, 0x0000000000000001
2026/09/29 18:40:00.514, 210, 1215, 41.78, 31, 0x0000000000000001
2026/09/29 18:40:00.764, 210, 1215, 41.78, 31, 0x0000000000000001
2026/09/29 18:40:01.014, 210, 1215, 41.78, 31, 0x0000000000000001
2026/09/29 18:40:01.264, 210, 1215, 41.78, 31, 0x0000000000000001
2026/09/29 18:40:01.514, 210, 1215, 41.74, 31, 0x0000000000000001
2026/09/29 18:40:01.765, 210, 1215, 41.78, 31, 0x0000000000000001
2026/09/29 18:40:02.015, 210, 1215, 41.78, 31, 0x0000000000000001
2026/09/29 18:40:02.265, 210, 1215, 41.74, 31, 0x0000000000000001
2026/09/29 18:40:02.515, 210, 1215, 41.78, 31, 0x0000000000000001
2026/09/29 18:40:02.765, 210, 1215, 41.78, 31, 0x0000000000000001
2026/09/29 18:40:03.016, 210, 1215, 41.78, 31, 0x0000000000000001
2026/09/29 18:40:03.266, 210, 1215, 41.78, 31, 0x0000000000000001
2026/09/29 18:40:03.516, 210, 1215, 41.78, 31, 0x0000000000000001
2026/09/29 18:40:03.766, 210, 1215, 41.74, 31, 0x0000000000000001
2026/09/29 18:40:04.016, 210, 1215, 41.78, 31, 0x0000000000000001
2026/09/29 18:40:04.267, 210, 1215, 41.78, 31, 0x0000000000000001
2026/09/29 18:40:04.517, 210, 1215, 41.74, 31, 0x0000000000000001
2026/09/29 18:40:04.767, 210, 1215, 41.78, 31, 0x0000000000000001
2026/09/29 18:40:05.017, 210, 1215, 41.78, 31, 0x0000000000000001
2026/09/29 18:40:05.267, 210, 1215, 41.74, 31, 0x0000000000000001
2026/09/29 18:40:05.518, 210, 1215, 41.78, 31, 0x0000000000000001
2026/09/29 18:40:05.768, 210, 1215, 41.78, 31, 0x0000000000000001
2026/09/29 18:40:06.018, 210, 1215, 41.74, 31, 0x0000000000000001
2026/09/29 18:40:06.268, 210, 1215, 41.78, 31, 0x0000000000000001
2026/09/29 18:40:06.518, 210, 1215, 41.83, 31, 0x0000000000000001
2026/09/29 18:40:06.769, 210, 1215, 41.83, 31, 0x0000000000000001
2026/09/29 18:40:07.019, 210, 1215, 41.87, 31, 0x0000000000000001
2026/09/29 18:40:07.269, 210, 1215, 41.87, 31, 0x0000000000000001
2026/09/29 18:40:07.519, 210, 1215, 41.92, 31, 0x0000000000000001
2026/09/29 18:40:07.769, 210, 1215, 41.96, 31, 0x0000000000000001
2026/09/29 18:40:08.019, 210, 1215, 41.92, 31, 0x0000000000000001
2026/09/29 18:40:08.270, 210, 1215, 41.96, 31, 0x0000000000000001
2026/09/29 18:40:08.520, 210, 1215, 41.92, 31, 0x0000000000000001
2026/09/29 18:40:08.770, 210, 1215, 41.92, 31, 0x0000000000000001
2026/09/29 18:40:09.020, 210, 1215, 41.92, 31, 0x0000000000000001
2026/09/29 18:40:09.270, 210, 1215, 41.87, 31, 0x0000000000000001
2026/09/29 18:40:09.520, 210, 1215, 41.96, 31, 0x0000000000000001
2026/09/29 18:40:09.771, 210, 1215, 42.00, 31, 0x0000000000000001
2026/09/29 18:40:10.021, 210, 1215, 42.00, 31, 0x0000000000000001
2026/09/29 18:40:10.271, 210, 1215, 42.00, 31, 0x0000000000000001
2026/09/29 18:40:10.521, 210, 1215, 42.04, 31, 0x0000000000000001
2026/09/29 18:40:10.772, 210, 1215, 41.77, 31, 0x0000000000000001
2026/09/29 18:40:11.022, 210, 1215, 42.00, 31, 0x0000000000000001
2026/09/29 18:40:11.272, 210, 1215, 42.04, 31, 0x0000000000000001
2026/09/29 18:40:11.522, 210, 1215, 42.00, 31, 0x0000000000000001
2026/09/29 18:40:11.772, 210, 1215, 42.00, 31, 0x0000000000000001
2026/09/29 18:40:12.022, 210, 1215, 42.00, 31, 0x0000000000000001
2026/09/29 18:40:12.273, 210, 1215, 41.96, 31, 0x0000000000000001
2026/09/29 18:40:12.523, 210, 1215, 42.00, 31, 0x0000000000000001
2026/09/29 18:40:12.773, 210, 1215, 42.00, 31, 0x0000000000000001
2026/09/29 18:40:13.023, 210, 1215, 41.96, 31, 0x0000000000000001
2026/09/29 18:40:13.273, 210, 1215, 42.00, 31, 0x0000000000000001
2026/09/29 18:40:13.523, 210, 1215, 42.00, 31, 0x0000000000000001
2026/09/29 18:40:13.774, 210, 1215, 41.96, 31, 0x0000000000000001
2026/09/29 18:40:14.024, 210, 1215, 41.96, 31, 0x0000000000000001
2026/09/29 18:40:14.274, 210, 1215, 41.69, 31, 0x0000000000000001
2026/09/29 18:40:14.524, 210, 1215, 41.92, 31, 0x0000000000000001
2026/09/29 18:40:14.774, 210, 1215, 41.96, 31, 0x0000000000000001
2026/09/29 18:40:15.024, 210, 1215, 41.92, 31, 0x0000000000000001
2026/09/29 18:40:15.275, 210, 1215, 41.92, 31, 0x0000000000000001
2026/09/29 18:40:15.525, 210, 1215, 41.92, 31, 0x0000000000000001
2026/09/29 18:40:15.775, 210, 1215, 41.92, 31, 0x0000000000000001
2026/09/29 18:40:16.025, 210, 1215, 41.92, 31, 0x0000000000000001
2026/09/29 18:40:16.276, 210, 1215, 41.92, 31, 0x0000000000000001
2026/09/29 18:40:16.526, 210, 1215, 41.87, 31, 0x0000000000000001
2026/09/29 18:40:16.776, 210, 1215, 41.92, 31, 0x0000000000000001
2026/09/29 18:40:17.026, 210, 1215, 41.92, 31, 0x0000000000000001
2026/09/29 18:40:17.276, 210, 1215, 41.87, 31, 0x0000000000000001
2026/09/29 18:40:17.526, 210, 1215, 41.87, 31, 0x0000000000000001
2026/09/29 18:40:17.777, 210, 1215, 41.87, 31, 0x0000000000000001
2026/09/29 18:40:18.027, 210, 1215, 41.87, 31, 0x0000000000000001
2026/09/29 18:40:18.277, 210, 1215, 41.87, 31, 0x0000000000000001
2026/09/29 18:40:18.527, 210, 1215, 41.87, 31, 0x0000000000000001
2026/09/29 18:40:18.777, 210, 1215, 41.87, 31, 0x0000000000000001
2026/09/29 18:40:19.027, 210, 1215, 41.87, 31, 0x0000000000000001
2026/09/29 18:40:19.278, 210, 1215, 41.83, 31, 0x0000000000000001
2026/09/29 18:40:19.528, 210, 1215, 41.83, 31, 0x0000000000000001
2026/09/29 18:40:19.778, 210, 1215, 41.83, 31, 0x0000000000000001
2026/09/29 18:40:20.028, 210, 1215, 41.83, 31, 0x0000000000000001
2026/09/29 18:40:20.278, 210, 1215, 41.83, 31, 0x0000000000000001
2026/09/29 18:40:20.528, 210, 1215, 41.78, 31, 0x0000000000000001
2026/09/29 18:40:20.779, 210, 1215, 41.78, 31, 0x0000000000000001
2026/09/29 18:40:21.029, 210, 1215, 41.78, 31, 0x0000000000000001
2026/09/29 18:40:21.279, 210, 1215, 41.78, 31, 0x0000000000000001
2026/09/29 18:40:21.529, 210, 1215, 41.78, 31, 0x0000000000000001
2026/09/29 18:40:21.779, 210, 1215, 41.78, 31, 0x0000000000000001
2026/09/29 18:40:22.030, 210, 1215, 41.74, 31, 0x0000000000000001
2026/09/29 18:40:22.280, 210, 1215, 41.74, 31, 0x0000000000000001
2026/09/29 18:40:22.530, 210, 1215, 41.78, 31, 0x0000000000000001
2026/09/29 18:40:22.780, 210, 1215, 41.78, 31, 0x0000000000000001
2026/09/29 18:40:23.030, 210, 1215, 41.74, 31, 0x0000000000000001
2026/09/29 18:40:23.280, 210, 1215, 41.78, 31, 0x0000000000000001
2026/09/29 18:40:23.530, 210, 1215, 41.78, 31, 0x0000000000000001
2026/09/29 18:40:23.781, 210, 1215, 41.74, 31, 0x0000000000000001
2026/09/29 18:40:24.031, 210, 1215, 41.78, 31, 0x0000000000000001
2026/09/29 18:40:24.281, 210, 1215, 41.78, 31, 0x0000000000000001
2026/09/29 18:40:24.531, 210, 1215, 41.74, 31, 0x0000000000000001
2026/09/29 18:40:24.781, 210, 1215, 41.78, 31, 0x0000000000000001
2026/09/29 18:40:25.031, 210, 1215, 41.74, 31, 0x0000000000000001
2026/09/29 18:40:25.282, 210, 1215, 41.74, 31, 0x0000000000000001
2026/09/29 18:40:25.532, 210, 1215, 41.78, 31, 0x0000000000000001
2026/09/29 18:40:25.782, 210, 1215, 41.74, 31, 0x0000000000000001
2026/09/29 18:40:26.032, 210, 1215, 41.78, 31, 0x0000000000000001
2026/09/29 18:40:26.282, 210, 1215, 41.78, 31, 0x0000000000000001
2026/09/29 18:40:26.533, 210, 1215, 41.78, 31, 0x0000000000000001
2026/09/29 18:40:26.783, 210, 1215, 41.74, 31, 0x0000000000000001
2026/09/29 18:40:27.033, 210, 1215, 41.78, 31, 0x0000000000000001
2026/09/29 18:40:27.283, 210, 1215, 41.74, 31, 0x0000000000000001
2026/09/29 18:40:27.534, 210, 1215, 41.78, 31, 0x0000000000000001
2026/09/29 18:40:27.784, 210, 1215, 41.78, 31, 0x0000000000000001
2026/09/29 18:40:28.034, 210, 1215, 41.78, 31, 0x0000000000000001
2026/09/29 18:40:28.284, 210, 1215, 41.78, 31, 0x0000000000000001
2026/09/29 18:40:28.534, 210, 1215, 41.78, 31, 0x0000000000000001
2026/09/29 18:40:28.784, 210, 1215, 41.78, 31, 0x0000000000000001
2026/09/29 18:40:29.034, 210, 1215, 41.78, 31, 0x0000000000000001
2026/09/29 18:40:29.285, 210, 1215, 41.78, 31, 0x0000000000000001
2026/09/29 18:40:29.535, 210, 1215, 41.78, 31, 0x0000000000000001
2026/09/29 18:40:29.785, 210, 1215, 41.78, 31, 0x0000000000000001
2026/09/29 18:40:30.035, 210, 1215, 41.78, 31, 0x0000000000000001
2026/09/29 18:40:30.285, 210, 1215, 41.78, 31, 0x0000000000000001
2026/09/29 18:40:30.536, 210, 1215, 41.78, 31, 0x0000000000000001
2026/09/29 18:40:30.786, 210, 1215, 41.74, 31, 0x0000000000000001
2026/09/29 18:40:31.036, 210, 1215, 41.78, 31, 0x0000000000000001
2026/09/29 18:40:31.286, 210, 1215, 41.78, 31, 0x0000000000000001
2026/09/29 18:40:31.536, 210, 1215, 41.78, 31, 0x0000000000000001
2026/09/29 18:40:31.787, 210, 1215, 41.78, 31, 0x0000000000000001
2026/09/29 18:40:32.037, 210, 1215, 41.78, 31, 0x0000000000000001
2026/09/29 18:40:32.287, 210, 1215, 41.74, 31, 0x0000000000000001
2026/09/29 18:40:32.537, 210, 1215, 41.78, 31, 0x0000000000000001
2026/09/29 18:40:32.787, 210, 1215, 41.78, 31, 0x0000000000000001
2026/09/29 18:40:33.037, 210, 1215, 41.74, 31, 0x0000000000000001
2026/09/29 18:40:33.288, 210, 1215, 41.78, 31, 0x0000000000000001
2026/09/29 18:40:33.538, 210, 1215, 41.78, 31, 0x0000000000000001
2026/09/29 18:40:33.788, 210, 1215, 41.74, 31, 0x0000000000000001
2026/09/29 18:40:34.038, 210, 1215, 41.78, 31, 0x0000000000000001
2026/09/29 18:40:34.288, 210, 1215, 41.78, 31, 0x0000000000000001
2026/09/29 18:40:34.538, 210, 1215, 41.78, 31, 0x0000000000000001
2026/09/29 18:40:34.788, 210, 1215, 41.78, 31, 0x0000000000000001
2026/09/29 18:40:35.039, 210, 1215, 41.78, 31, 0x0000000000000001
2026/09/29 18:40:35.289, 210, 1215, 41.74, 31, 0x0000000000000001
2026/09/29 18:40:35.539, 210, 1215, 41.78, 31, 0x0000000000000001
2026/09/29 18:40:35.789, 210, 1215, 41.78, 31, 0x0000000000000001
2026/09/29 18:40:36.039, 210, 1215, 41.74, 31, 0x0000000000000001
2026/09/29 18:40:36.289, 210, 1215, 41.78, 31, 0x0000000000000001
2026/09/29 18:40:36.540, 210, 1215, 41.78, 31, 0x0000000000000001
2026/09/29 18:40:36.790, 210, 1215, 41.78, 31, 0x0000000000000001
2026/09/29 18:40:37.040, 210, 1215, 41.78, 31, 0x0000000000000001
2026/09/29 18:40:37.290, 210, 1215, 41.74, 31, 0x0000000000000001
2026/09/29 18:40:37.540, 210, 1215, 41.78, 31, 0x0000000000000001
2026/09/29 18:40:37.790, 210, 1215, 41.78, 31, 0x0000000000000001
2026/09/29 18:40:38.041, 210, 1215, 41.74, 31, 0x0000000000000001
2026/09/29 18:40:38.291, 210, 1215, 41.78, 31, 0x0000000000000001
2026/09/29 18:40:38.541, 210, 1215, 41.74, 31, 0x0000000000000001
2026/09/29 18:40:38.791, 210, 1215, 41.74, 31, 0x0000000000000001
2026/09/29 18:40:39.041, 210, 1215, 41.78, 31, 0x0000000000000001
2026/09/29 18:40:39.291, 210, 1215, 41.74, 31, 0x0000000000000001
2026/09/29 18:40:39.541, 210, 1215, 41.78, 31, 0x0000000000000001
2026/09/29 18:40:39.792, 210, 1215, 41.78, 31, 0x0000000000000001
2026/09/29 18:40:40.042, 1095, 1215, 47.88, 32, 0x0000000000000000
2026/09/29 18:40:40.292, 1095, 1215, 47.33, 32, 0x0000000000000000
2026/09/29 18:40:40.542, 1095, 1215, 47.93, 32, 0x0000000000000000
2026/09/29 18:40:40.792, 1095, 1215, 50.22, 32, 0x0000000000000000
2026/09/29 18:40:41.042, 1410, 1215, 82.34, 33, 0x0000000000000000
2026/09/29 18:40:41.292, 1410, 1215, 70.98, 33, 0x0000000000000000
2026/09/29 18:40:41.543, 1410, 1215, 196.58, 35, 0x0000000000000000
2026/09/29 18:40:41.793, 1410, 1215, 72.12, 34, 0x0000000000000000
2026/09/29 18:40:42.043, 1410, 1215, 63.97, 33, 0x0000000000000000
2026/09/29 18:40:42.293, 1410, 1215, 157.12, 34, 0x0000000000000000
2026/09/29 18:40:42.543, 1410, 1215, 71.05, 33, 0x0000000000000000
2026/09/29 18:40:42.794, 1410, 1215, 62.57, 33, 0x0000000000000000
2026/09/29 18:40:43.044, 1410, 1215, 62.57, 33, 0x0000000000000000
2026/09/29 18:40:43.294, 1410, 1215, 63.16, 33, 0x0000000000000000
2026/09/29 18:40:43.544, 1410, 1215, 62.77, 33, 0x0000000000000000
2026/09/29 18:40:43.794, 1410, 1215, 63.10, 33, 0x0000000000000000
2026/09/29 18:40:44.044, 1410, 1215, 62.84, 33, 0x0000000000000000
2026/09/29 18:40:44.294, 1095, 1215, 62.77, 33, 0x0000000000000000
2026/09/29 18:40:44.545, 1095, 1215, 47.66, 32, 0x0000000000000000
2026/09/29 18:40:44.795, 1095, 1215, 47.93, 32, 0x0000000000000000
2026/09/29 18:40:45.045, 1095, 1215, 47.61, 32, 0x0000000000000000
2026/09/29 18:40:45.295, 1095, 1215, 47.66, 32, 0x0000000000000000
2026/09/29 18:40:45.545, 1095, 1215, 47.66, 32, 0x0000000000000000
2026/09/29 18:40:45.795, 1095, 1215, 47.88, 32, 0x0000000000000000
2026/09/29 18:40:46.045, 1095, 1215, 47.93, 32, 0x0000000000000000
2026/09/29 18:40:46.295, 1095, 1215, 47.93, 32, 0x0000000000000000
2026/09/29 18:40:46.546, 1095, 1215, 47.71, 32, 0x0000000000000000
2026/09/29 18:40:46.796, 1095, 1215, 48.03, 32, 0x0000000000000000
2026/09/29 18:40:47.046, 1095, 1215, 48.03, 32, 0x0000000000000000
2026/09/29 18:40:47.296, 1095, 1215, 47.76, 32, 0x0000000000000000
2026/09/29 18:40:47.546, 1095, 1215, 47.81, 32, 0x0000000000000000
2026/09/29 18:40:47.796, 1095, 1215, 47.81, 32, 0x0000000000000000
2026/09/29 18:40:48.047, 1095, 1215, 47.86, 32, 0x0000000000000000
2026/09/29 18:40:48.297, 1095, 1215, 47.81, 32, 0x0000000000000000
2026/09/29 18:40:48.547, 1095, 1215, 47.81, 32, 0x0000000000000000
2026/09/29 18:40:48.797, 1095, 1215, 47.81, 32, 0x0000000000000000
2026/09/29 18:40:49.047, 1095, 1215, 47.76, 32, 0x0000000000000000
2026/09/29 18:40:49.297, 1095, 1215, 47.71, 32, 0x0000000000000000
2026/09/29 18:40:49.547, 1095, 1215, 47.71, 32, 0x0000000000000000
2026/09/29 18:40:49.797, 1095, 1215, 47.93, 32, 0x0000000000000000
2026/09/29 18:40:50.048, 1095, 1215, 47.93, 32, 0x0000000000000000
2026/09/29 18:40:50.298, 1095, 1215, 47.66, 32, 0x0000000000000000
2026/09/29 18:40:50.548, 1095, 1215, 47.28, 32, 0x0000000000000000
2026/09/29 18:40:50.798, 1095, 1215, 47.66, 32, 0x0000000000000000
2026/09/29 18:40:51.048, 1095, 1215, 47.61, 32, 0x0000000000000000
2026/09/29 18:40:51.298, 1095, 1215, 47.88, 32, 0x0000000000000000
2026/09/29 18:40:51.549, 1095, 1215, 47.28, 32, 0x0000000000000000
2026/09/29 18:40:51.799, 1095, 1215, 47.56, 32, 0x0000000000000000
2026/09/29 18:40:52.049, 1095, 1215, 47.56, 32, 0x0000000000000000
2026/09/29 18:40:52.299, 1095, 1215, 47.88, 32, 0x0000000000000000
2026/09/29 18:40:52.549, 1095, 1215, 47.83, 32, 0x0000000000000000
2026/09/29 18:40:52.799, 1095, 1215, 47.61, 32, 0x0000000000000000
2026/09/29 18:40:53.049, 1095, 1215, 47.83, 32, 0x0000000000000000
2026/09/29 18:40:53.300, 1095, 1215, 47.56, 32, 0x0000000000000000
2026/09/29 18:40:53.550, 1095, 1215, 47.61, 32, 0x0000000000000000
2026/09/29 18:40:53.800, 1095, 1215, 47.28, 32, 0x0000000000000000
2026/09/29 18:40:54.050, 1095, 1215, 47.71, 32, 0x0000000000000000
2026/09/29 18:40:54.300, 1095, 1215, 47.76, 32, 0x0000000000000000
2026/09/29 18:40:54.550, 1095, 1215, 47.76, 32, 0x0000000000000000
2026/09/29 18:40:54.800, 1095, 1215, 47.76, 32, 0x0000000000000000
2026/09/29 18:40:55.051, 1095, 1215, 47.48, 32, 0x0000000000000000
2026/09/29 18:40:55.301, 1095, 1215, 47.81, 32, 0x0000000000000000
2026/09/29 18:40:55.551, 1095, 1215, 47.81, 32, 0x0000000000000000
2026/09/29 18:40:55.801, 1095, 1215, 47.81, 32, 0x0000000000000000
2026/09/29 18:40:56.051, 1095, 1215, 47.76, 32, 0x0000000000000000
2026/09/29 18:40:56.301, 1095, 1215, 47.53, 32, 0x0000000000000000
2026/09/29 18:40:56.551, 1095, 1215, 47.86, 32, 0x0000000000000000
2026/09/29 18:40:56.801, 1095, 1215, 47.86, 32, 0x0000000000000000
2026/09/29 18:40:57.052, 1095, 1215, 47.90, 32, 0x0000000000000000
2026/09/29 18:40:57.302, 1095, 1215, 47.86, 32, 0x0000000000000000
2026/09/29 18:40:57.552, 1095, 1215, 47.53, 32, 0x0000000000000000
2026/09/29 18:40:57.802, 1095, 1215, 47.86, 32, 0x0000000000000000
2026/09/29 18:40:58.052, 1095, 1215, 47.86, 32, 0x0000000000000000
2026/09/29 18:40:58.302, 1095, 1215, 47.86, 32, 0x0000000000000000
2026/09/29 18:40:58.553, 1095, 1215, 47.86, 32, 0x0000000000000000
2026/09/29 18:40:58.803, 1095, 1215, 47.81, 32, 0x0000000000000000
2026/09/29 18:40:59.053, 1095, 1215, 47.86, 32, 0x0000000000000000
2026/09/29 18:40:59.303, 1095, 1215, 47.86, 32, 0x0000000000000000
2026/09/29 18:40:59.554, 1095, 1215, 47.48, 32, 0x0000000000000000
2026/09/29 18:40:59.804, 1095, 1215, 47.86, 32, 0x0000000000000000
2026/09/29 18:41:00.054, 1095, 1215, 47.81, 32, 0x0000000000000000
2026/09/29 18:41:00.304, 1095, 1215, 47.48, 32, 0x0000000000000000
2026/09/29 18:41:00.554, 1095, 1215, 47.81, 32, 0x0000000000000000
2026/09/29 18:41:00.804, 1095, 1215, 47.48, 32, 0x0000000000000000
2026/09/29 18:41:01.055, 1095, 1215, 47.81, 32, 0x0000000000000000
2026/09/29 18:41:01.305, 1095, 1215, 47.48, 32, 0x0000000000000000
2026/09/29 18:41:01.555, 1095, 1215, 47.81, 32, 0x0000000000000000
2026/09/29 18:41:01.805, 1095, 1215, 47.48, 32, 0x0000000000000000
2026/09/29 18:41:02.055, 1095, 1215, 47.48, 32, 0x0000000000000000
2026/09/29 18:41:02.306, 1095, 1215, 47.76, 32, 0x0000000000000000
2026/09/29 18:41:02.556, 1095, 1215, 47.43, 32, 0x0000000000000000
2026/09/29 18:41:02.806, 1095, 1215, 47.43, 32, 0x0000000000000000
2026/09/29 18:41:03.056, 1095, 1215, 47.76, 32, 0x0000000000000000
2026/09/29 18:41:03.306, 1095, 1215, 47.76, 32, 0x0000000000000000
2026/09/29 18:41:03.557, 1095, 1215, 47.76, 32, 0x0000000000000000
2026/09/29 18:41:03.807, 1095, 1215, 47.76, 32, 0x0000000000000000
2026/09/29 18:41:04.057, 1095, 1215, 47.76, 32, 0x0000000000000000
2026/09/29 18:41:04.307, 1095, 1215, 47.71, 32, 0x0000000000000000
2026/09/29 18:41:04.557, 1095, 1215, 47.71, 32, 0x0000000000000000
2026/09/29 18:41:04.807, 1095, 1215, 47.76, 32, 0x0000000000000000
2026/09/29 18:41:05.057, 1095, 1215, 47.71, 32, 0x0000000000000000
2026/09/29 18:41:05.308, 1095, 1215, 47.98, 32, 0x0000000000000000
2026/09/29 18:41:05.558, 1095, 1215, 47.71, 32, 0x0000000000000000
2026/09/29 18:41:05.808, 1095, 1215, 47.66, 32, 0x0000000000000000
2026/09/29 18:41:06.058, 1095, 1215, 47.71, 32, 0x0000000000000000
2026/09/29 18:41:06.308, 1095, 1215, 47.71, 32, 0x0000000000000000
2026/09/29 18:41:06.558, 1095, 1215, 47.66, 32, 0x0000000000000000
2026/09/29 18:41:06.808, 1095, 1215, 47.66, 32, 0x0000000000000000
2026/09/29 18:41:07.059, 1095, 1215, 47.33, 32, 0x0000000000000000
2026/09/29 18:41:07.309, 1095, 1215, 47.66, 32, 0x0000000000000000
2026/09/29 18:41:07.559, 1095, 1215, 47.33, 32, 0x0000000000000000
2026/09/29 18:41:07.809, 1095, 1215, 47.33, 32, 0x0000000000000000
2026/09/29 18:41:08.059, 1095, 1215, 47.66, 32, 0x0000000000000000
2026/09/29 18:41:08.310, 1095, 1215, 47.33, 32, 0x0000000000000000
2026/09/29 18:41:08.560, 1095, 1215, 47.33, 32, 0x0000000000000000
2026/09/29 18:41:08.810, 1095, 1215, 47.33, 32, 0x0000000000000000
2026/09/29 18:41:09.060, 1095, 1215, 47.33, 32, 0x0000000000000000
2026/09/29 18:41:09.310, 1095, 1215, 47.33, 32, 0x0000000000000000
2026/09/29 18:41:09.560, 1095, 1215, 47.33, 32, 0x0000000000000000
2026/09/29 18:41:09.811, 1095, 1215, 47.33, 32, 0x0000000000000000
2026/09/29 18:41:10.061, 1095, 1215, 47.28, 32, 0x0000000000000000
2026/09/29 18:41:10.311, 1095, 1215, 47.33, 32, 0x0000000000000000
2026/09/29 18:41:10.561, 1095, 1215, 47.33, 32, 0x0000000000000000
2026/09/29 18:41:10.811, 1095, 1215, 47.33, 32, 0x0000000000000000
2026/09/29 18:41:11.061, 1095, 1215, 47.33, 32, 0x0000000000000000
2026/09/29 18:41:11.311, 1095, 1215, 47.33, 32, 0x0000000000000000
2026/09/29 18:41:11.562, 1095, 1215, 47.66, 32, 0x0000000000000000
2026/09/29 18:41:11.812, 1095, 1215, 47.66, 32, 0x0000000000000000
2026/09/29 18:41:12.062, 1095, 1215, 47.33, 32, 0x0000000000000000
2026/09/29 18:41:12.312, 1095, 1215, 47.33, 32, 0x0000000000000000
2026/09/29 18:41:12.562, 1095, 1215, 47.33, 32, 0x0000000000000000
2026/09/29 18:41:12.812, 1095, 1215, 47.66, 32, 0x0000000000000000
2026/09/29 18:41:13.062, 1095, 1215, 47.66, 32, 0x0000000000000000
2026/09/29 18:41:13.313, 1095, 1215, 47.66, 32, 0x0000000000000000
2026/09/29 18:41:13.563, 1095, 1215, 47.33, 32, 0x0000000000000000
2026/09/29 18:41:13.813, 1095, 1215, 47.66, 32, 0x0000000000000000
2026/09/29 18:41:14.063, 1095, 1215, 47.33, 32, 0x0000000000000000
2026/09/29 18:41:14.313, 1095, 1215, 47.33, 32, 0x0000000000000000
2026/09/29 18:41:14.563, 1095, 1215, 47.33, 32, 0x0000000000000000
2026/09/29 18:41:14.813, 1095, 1215, 47.33, 32, 0x0000000000000000
2026/09/29 18:41:15.064, 1095, 1215, 47.33, 32, 0x0000000000000000
2026/09/29 18:41:15.314, 1095, 1215, 47.33, 32, 0x0000000000000000
2026/09/29 18:41:15.564, 1095, 1215, 47.66, 32, 0x0000000000000000
2026/09/29 18:41:15.814, 1095, 1215, 47.33, 32, 0x0000000000000000
2026/09/29 18:41:16.064, 1095, 1215, 47.66, 32, 0x0000000000000000
2026/09/29 18:41:16.314, 1095, 1215, 47.33, 32, 0x0000000000000000
2026/09/29 18:41:16.565, 1095, 1215, 47.33, 32, 0x0000000000000000
2026/09/29 18:41:16.815, 1095, 1215, 47.33, 32, 0x0000000000000000
2026/09/29 18:41:17.065, 1095, 1215, 47.33, 32, 0x0000000000000000
2026/09/29 18:41:17.315, 1095, 1215, 47.33, 32, 0x0000000000000000
2026/09/29 18:41:17.565, 1095, 1215, 47.66, 32, 0x0000000000000000
2026/09/29 18:41:17.815, 1095, 1215, 47.33, 32, 0x0000000000000000
2026/09/29 18:41:18.066, 1095, 1215, 47.66, 32, 0x0000000000000000
2026/09/29 18:41:18.316, 1095, 1215, 47.28, 32, 0x0000000000000000
2026/09/29 18:41:18.566, 1095, 1215, 47.66, 32, 0x0000000000000000
2026/09/29 18:41:18.816, 1095, 1215, 47.33, 32, 0x0000000000000000
2026/09/29 18:41:19.066, 1095, 1215, 47.66, 32, 0x0000000000000000
2026/09/29 18:41:19.316, 1095, 1215, 47.66, 32, 0x0000000000000000
2026/09/29 18:41:19.566, 1095, 1215, 47.66, 32, 0x0000000000000000
2026/09/29 18:41:19.817, 1095, 1215, 47.33, 32, 0x0000000000000000
2026/09/29 18:41:20.067, 1095, 1215, 47.66, 32, 0x0000000000000000
2026/09/29 18:41:20.317, 1095, 1215, 47.66, 32, 0x0000000000000000
2026/09/29 18:41:20.567, 1095, 1215, 47.66, 32, 0x0000000000000000
2026/09/29 18:41:20.817, 1095, 1215, 47.66, 32, 0x0000000000000000
2026/09/29 18:41:21.067, 1095, 1215, 47.66, 32, 0x0000000000000000
2026/09/29 18:41:21.318, 1095, 1215, 47.66, 32, 0x0000000000000000
2026/09/29 18:41:21.568, 1095, 1215, 47.66, 32, 0x0000000000000000
2026/09/29 18:41:21.818, 1095, 1215, 47.61, 32, 0x0000000000000000
2026/09/29 18:41:22.068, 1095, 1215, 47.93, 32, 0x0000000000000000
2026/09/29 18:41:22.318, 1095, 1215, 47.93, 32, 0x0000000000000000
2026/09/29 18:41:22.568, 1095, 1215, 47.66, 32, 0x0000000000000000
2026/09/29 18:41:22.818, 1095, 1215, 47.93, 32, 0x0000000000000000
2026/09/29 18:41:23.069, 1095, 1215, 47.93, 32, 0x0000000000000000
2026/09/29 18:41:23.319, 1095, 1215, 47.66, 32, 0x0000000000000000
2026/09/29 18:41:23.569, 1095, 1215, 47.66, 32, 0x0000000000000000
2026/09/29 18:41:23.819, 1095, 1215, 47.93, 32, 0x0000000000000000
2026/09/29 18:41:24.069, 1095, 1215, 47.66, 32, 0x0000000000000000
2026/09/29 18:41:24.319, 1095, 1215, 47.33, 32, 0x0000000000000000
2026/09/29 18:41:24.569, 1095, 1215, 47.66, 32, 0x0000000000000000
2026/09/29 18:41:24.819, 1095, 1215, 47.66, 32, 0x0000000000000000
2026/09/29 18:41:25.070, 1095, 1215, 47.66, 32, 0x0000000000000000
2026/09/29 18:41:25.320, 1095, 1215, 47.66, 32, 0x0000000000000000
2026/09/29 18:41:25.570, 1095, 1215, 47.66, 32, 0x0000000000000000
2026/09/29 18:41:25.820, 1095, 1215, 47.66, 32, 0x0000000000000000
2026/09/29 18:41:26.070, 1095, 1215, 47.66, 32, 0x0000000000000000
2026/09/29 18:41:26.320, 1140, 1215, 57.29, 32, 0x0000000000000000
2026/09/29 18:41:26.571, 1140, 1215, 49.13, 32, 0x0000000000000000
2026/09/29 18:41:26.821, 1140, 1215, 49.13, 32, 0x0000000000000000
2026/09/29 18:41:27.071, 1140, 1215, 49.13, 32, 0x0000000000000000
2026/09/29 18:41:27.321, 1140, 1215, 48.80, 32, 0x0000000000000000
2026/09/29 18:41:27.571, 1140, 1215, 49.13, 32, 0x0000000000000000
2026/09/29 18:41:27.821, 1140, 1215, 49.13, 32, 0x0000000000000000
2026/09/29 18:41:28.071, 1095, 1215, 48.80, 32, 0x0000000000000000
2026/09/29 18:41:28.321, 1095, 1215, 47.33, 32, 0x0000000000000000
2026/09/29 18:41:28.572, 1095, 1215, 47.66, 32, 0x0000000000000000
2026/09/29 18:41:28.822, 1095, 1215, 47.66, 32, 0x0000000000000000
2026/09/29 18:41:29.072, 1095, 1215, 47.66, 32, 0x0000000000000000
2026/09/29 18:41:29.322, 1095, 1215, 47.66, 32, 0x0000000000000000
2026/09/29 18:41:29.572, 1095, 1215, 47.66, 32, 0x0000000000000000
2026/09/29 18:41:29.822, 1095, 1215, 47.66, 32, 0x0000000000000000
2026/09/29 18:41:30.072, 1095, 1215, 47.66, 32, 0x0000000000000000
2026/09/29 18:41:30.323, 1095, 1215, 47.66, 32, 0x0000000000000000
2026/09/29 18:41:30.573, 1095, 1215, 47.33, 32, 0x0000000000000000
2026/09/29 18:41:30.823, 1095, 1215, 47.66, 32, 0x0000000000000000
2026/09/29 18:41:31.073, 1095, 1215, 47.66, 32, 0x0000000000000000
2026/09/29 18:41:31.323, 1095, 1215, 47.33, 32, 0x0000000000000000
2026/09/29 18:41:31.573, 1095, 1215, 47.66, 32, 0x0000000000000000
2026/09/29 18:41:31.823, 1095, 1215, 47.66, 32, 0x0000000000000000
2026/09/29 18:41:32.074, 1095, 1215, 47.66, 32, 0x0000000000000000
2026/09/29 18:41:32.324, 1095, 1215, 47.66, 32, 0x0000000000000000
2026/09/29 18:41:32.574, 1410, 1215, 68.99, 32, 0x0000000000000000
2026/09/29 18:41:32.824, 1410, 1215, 123.26, 34, 0x0000000000000000
2026/09/29 18:41:33.074, 1410, 1215, 62.57, 33, 0x0000000000000000
2026/09/29 18:41:33.324, 1410, 1215, 62.24, 33, 0x0000000000000000
2026/09/29 18:41:33.574, 1410, 1215, 62.84, 33, 0x0000000000000000
2026/09/29 18:41:33.825, 1410, 1215, 66.65, 33, 0x0000000000000000
2026/09/29 18:41:34.075, 1410, 1215, 61.97, 33, 0x0000000000000000
2026/09/29 18:41:34.328, 1410, 1215, 62.50, 33, 0x0000000000000000
2026/09/29 18:41:34.578, 1410, 1215, 61.97, 33, 0x0000000000000000
2026/09/29 18:41:34.828, 1095, 1215, 48.80, 33, 0x0000000000000000
2026/09/29 18:41:35.078, 1095, 1215, 47.66, 32, 0x0000000000000000
2026/09/29 18:41:35.329, 1095, 1215, 47.66, 32, 0x0000000000000000
2026/09/29 18:41:35.579, 465, 1215, 42.38, 32, 0x0000000000000001
2026/09/29 18:41:35.829, 420, 1215, 42.38, 32, 0x0000000000000001
2026/09/29 18:41:36.079, 375, 1215, 42.38, 32, 0x0000000000000001
2026/09/29 18:41:36.329, 315, 1215, 42.38, 32, 0x0000000000000001
2026/09/29 18:41:36.579, 285, 1215, 42.11, 32, 0x0000000000000001
2026/09/29 18:41:36.830, 270, 1215, 42.11, 32, 0x0000000000000001
2026/09/29 18:41:37.080, 1095, 1215, 47.93, 32, 0x0000000000000000
2026/09/29 18:41:37.330, 1095, 1215, 48.53, 32, 0x0000000000000000
2026/09/29 18:41:37.580, 1095, 1215, 47.66, 32, 0x0000000000000000
2026/09/29 18:41:37.830, 1095, 1215, 47.33, 32, 0x0000000000000000
2026/09/29 18:41:38.080, 1095, 1215, 47.66, 32, 0x0000000000000000
2026/09/29 18:41:38.331, 1095, 1215, 47.66, 32, 0x0000000000000000
2026/09/29 18:41:38.581, 1095, 1215, 47.66, 32, 0x0000000000000000
2026/09/29 18:41:38.831, 1095, 1215, 47.33, 32, 0x0000000000000000
2026/09/29 18:41:39.081, 1095, 1215, 47.66, 32, 0x0000000000000000
2026/09/29 18:41:39.331, 1095, 1215, 47.33, 32, 0x0000000000000000
2026/09/29 18:41:39.581, 1095, 1215, 48.20, 32, 0x0000000000000000
2026/09/29 18:41:39.831, 1095, 1215, 47.33, 32, 0x0000000000000000
2026/09/29 18:41:40.082, 1095, 1215, 47.33, 32, 0x0000000000000000
2026/09/29 18:41:40.332, 1095, 1215, 47.33, 32, 0x0000000000000000
2026/09/29 18:41:40.582, 1095, 1215, 47.66, 32, 0x0000000000000000
2026/09/29 18:41:40.832, 1095, 1215, 47.66, 32, 0x0000000000000000
2026/09/29 18:41:41.082, 1095, 1215, 47.66, 32, 0x0000000000000000
2026/09/29 18:41:41.333, 390, 1215, 47.66, 32, 0x0000000000000000
2026/09/29 18:41:41.583, 1095, 1215, 43.25, 32, 0x0000000000000000
2026/09/29 18:41:41.833, 1095, 1215, 48.53, 32, 0x0000000000000000
2026/09/29 18:41:42.083, 1095, 1215, 48.80, 32, 0x0000000000000000
2026/09/29 18:41:42.333, 1095, 1215, 52.01, 32, 0x0000000000000000
2026/09/29 18:41:42.583, 1095, 1215, 47.66, 32, 0x0000000000000000
2026/09/29 18:41:42.833, 1095, 1215, 47.66, 32, 0x0000000000000000
2026/09/29 18:41:43.084, 1095, 1215, 47.66, 32, 0x0000000000000000
2026/09/29 18:41:43.334, 1095, 1215, 47.93, 32, 0x0000000000000000
2026/09/29 18:41:43.584, 1095, 1215, 47.33, 32, 0x0000000000000000
2026/09/29 18:41:43.834, 1095, 1215, 47.93, 32, 0x0000000000000000
2026/09/29 18:41:44.084, 1095, 1215, 47.33, 32, 0x0000000000000000
2026/09/29 18:41:44.334, 1095, 1215, 47.93, 32, 0x0000000000000000
2026/09/29 18:41:44.585, 1095, 1215, 47.93, 32, 0x0000000000000000
2026/09/29 18:41:44.835, 1095, 1215, 47.93, 35, 0x0000000000000000
2026/09/29 18:41:45.085, 1095, 1215, 47.66, 35, 0x0000000000000000
2026/09/29 18:41:45.335, 1410, 1215, 103.80, 37, 0x0000000000000000
2026/09/29 18:41:45.585, 1410, 1215, 398.02, 45, 0x0000000000000000
2026/09/29 18:41:45.835, 1380, 1215, 386.87, 46, 0x0000000000000004
2026/09/29 18:41:46.086, 1380, 1215, 401.28, 47, 0x0000000000000004
2026/09/29 18:41:46.336, 1335, 1215, 406.49, 49, 0x0000000000000004
2026/09/29 18:41:46.586, 1350, 1215, 399.67, 50, 0x0000000000000004
2026/09/29 18:41:46.836, 1335, 1215, 389.88, 50, 0x0000000000000004
2026/09/29 18:41:47.086, 1335, 1215, 389.01, 50, 0x0000000000000004
2026/09/29 18:41:47.336, 1320, 1215, 401.40, 51, 0x0000000000000004
2026/09/29 18:41:47.586, 1335, 1215, 409.69, 51, 0x0000000000000004
2026/09/29 18:41:47.837, 1395, 1215, 256.80, 49, 0x0000000000000004
2026/09/29 18:41:48.087, 1335, 1215, 392.48, 51, 0x0000000000000004
2026/09/29 18:41:48.337, 1335, 1215, 419.79, 52, 0x0000000000000004
2026/09/29 18:41:48.587, 1335, 1215, 402.86, 52, 0x0000000000000004
2026/09/29 18:41:48.837, 1320, 1215, 408.55, 52, 0x0000000000000004
2026/09/29 18:41:49.087, 1395, 1215, 278.41, 50, 0x0000000000000004
2026/09/29 18:41:49.338, 1320, 1215, 406.07, 53, 0x0000000000000004
2026/09/29 18:41:49.588, 1305, 1215, 412.62, 53, 0x0000000000000004
2026/09/29 18:41:49.838, 1320, 1215, 405.52, 53, 0x0000000000000004
2026/09/29 18:41:50.088, 1290, 1215, 382.47, 53, 0x0000000000000004
2026/09/29 18:41:50.338, 1305, 1215, 393.67, 53, 0x0000000000000004
2026/09/29 18:41:50.588, 1305, 1215, 412.53, 54, 0x0000000000000004
2026/09/29 18:41:50.839, 1305, 1215, 415.72, 54, 0x0000000000000004
2026/09/29 18:41:51.089, 1320, 1215, 396.61, 54, 0x0000000000000004
2026/09/29 18:41:51.339, 1410, 1215, 261.74, 51, 0x0000000000000000
2026/09/29 18:41:51.589, 1410, 1215, 65.77, 43, 0x0000000000000000
2026/09/29 18:41:51.839, 1410, 1215, 64.31, 41, 0x0000000000000000
2026/09/29 18:41:52.089, 1410, 1215, 64.03, 39, 0x0000000000000000
2026/09/29 18:41:52.339, 1410, 1215, 66.38, 39, 0x0000000000000000
2026/09/29 18:41:52.590, 1410, 1215, 63.44, 38, 0x0000000000000000
2026/09/29 18:41:52.840, 1410, 1215, 63.44, 38, 0x0000000000000000
2026/09/29 18:41:53.090, 1410, 1215, 63.16, 38, 0x0000000000000000
2026/09/29 18:41:53.340, 1410, 1215, 63.16, 38, 0x0000000000000001
2026/09/29 18:41:53.590, 1410, 1215, 63.16, 37, 0x0000000000000001
2026/09/29 18:41:53.841, 1410, 1215, 62.84, 37, 0x0000000000000001
2026/09/29 18:41:54.091, 1410, 1215, 62.84, 37, 0x0000000000000001
2026/09/29 18:41:54.341, 285, 1215, 43.52, 37, 0x0000000000000001
2026/09/29 18:41:54.591, 270, 1215, 43.25, 36, 0x0000000000000001
2026/09/29 18:41:54.841, 225, 1215, 43.25, 36, 0x0000000000000001
2026/09/29 18:41:55.091, 210, 1215, 43.25, 36, 0x0000000000000001
2026/09/29 18:41:55.341, 210, 1215, 43.25, 36, 0x0000000000000001
2026/09/29 18:41:55.592, 210, 1215, 42.98, 36, 0x0000000000000001
2026/09/29 18:41:55.842, 210, 1215, 42.98, 36, 0x0000000000000001
2026/09/29 18:41:56.092, 210, 1215, 42.98, 36, 0x0000000000000001
2026/09/29 18:41:56.342, 210, 1215, 42.98, 35, 0x0000000000000001
2026/09/29 18:41:56.592, 210, 1215, 42.98, 35, 0x0000000000000001
2026/09/29 18:41:56.842, 210, 1215, 42.98, 35, 0x0000000000000001
2026/09/29 18:41:57.093, 765, 1215, 43.52, 35, 0x0000000000000001
2026/09/29 18:41:57.343, 765, 1215, 44.72, 35, 0x0000000000000001
2026/09/29 18:41:57.593, 765, 1215, 44.72, 35, 0x0000000000000001
2026/09/29 18:41:57.843, 1095, 1215, 48.20, 35, 0x0000000000000000
2026/09/29 18:41:58.093, 1095, 1215, 48.20, 35, 0x0000000000000000
2026/09/29 18:41:58.344, 1095, 1215, 47.66, 35, 0x0000000000000000
2026/09/29 18:41:58.594, 1095, 1215, 48.20, 35, 0x0000000000000000
2026/09/29 18:41:58.844, 1095, 1215, 48.20, 35, 0x0000000000000000
2026/09/29 18:41:59.094, 1095, 1215, 49.13, 35, 0x0000000000000000
2026/09/29 18:41:59.345, 1095, 1215, 48.80, 35, 0x0000000000000000
2026/09/29 18:41:59.595, 1095, 1215, 48.20, 35, 0x0000000000000000
2026/09/29 18:41:59.845, 1095, 1215, 48.53, 35, 0x0000000000000000
2026/09/29 18:42:00.095, 1095, 1215, 49.68, 35, 0x0000000000000000
2026/09/29 18:42:00.346, 1095, 1215, 47.66, 35, 0x0000000000000000
2026/09/29 18:42:00.596, 1095, 1215, 48.80, 35, 0x0000000000000000
2026/09/29 18:42:00.846, 1095, 1215, 48.80, 35, 0x0000000000000000
2026/09/29 18:42:01.096, 1095, 1215, 47.66, 35, 0x0000000000000000
2026/09/29 18:42:01.346, 1095, 1215, 48.20, 35, 0x0000000000000000
2026/09/29 18:42:01.596, 1095, 1215, 48.80, 35, 0x0000000000000000
2026/09/29 18:42:01.846, 1095, 1215, 48.80, 35, 0x0000000000000000
2026/09/29 18:42:02.097, 1095, 1215, 47.66, 35, 0x0000000000000000
2026/09/29 18:42:02.347, 1095, 1215, 47.93, 35, 0x0000000000000000
2026/09/29 18:42:02.597, 1095, 1215, 47.93, 35, 0x0000000000000000
2026/09/29 18:42:02.847, 1095, 1215, 47.66, 35, 0x0000000000000000
2026/09/29 18:42:03.097, 1095, 1215, 47.93, 35, 0x0000000000000000
2026/09/29 18:42:03.347, 1095, 1215, 47.93, 35, 0x0000000000000000
2026/09/29 18:42:03.598, 1095, 1215, 48.20, 35, 0x0000000000000000
2026/09/29 18:42:03.848, 1095, 1215, 50.27, 35, 0x0000000000000000
2026/09/29 18:42:04.098, 1095, 1215, 51.14, 35, 0x0000000000000000
2026/09/29 18:42:04.348, 1335, 1215, 107.88, 36, 0x0000000000000000
2026/09/29 18:42:04.598, 1410, 1215, 121.20, 36, 0x0000000000000000
2026/09/29 18:42:04.848, 1410, 1215, 122.52, 37, 0x0000000000000000
2026/09/29 18:42:05.098, 1410, 1215, 120.78, 37, 0x0000000000000000
2026/09/29 18:42:05.349, 1410, 1215, 120.18, 37, 0x0000000000000000
2026/09/29 18:42:05.599, 1410, 1215, 63.44, 36, 0x0000000000000000
2026/09/29 18:42:05.849, 1410, 1215, 351.65, 45, 0x0000000000000000
2026/09/29 18:42:06.099, 1410, 1215, 340.25, 47, 0x0000000000000000
2026/09/29 18:42:06.349, 1410, 1215, 287.43, 48, 0x0000000000000000
2026/09/29 18:42:06.599, 1410, 1215, 319.52, 46, 0x0000000000000000
2026/09/29 18:42:06.850, 1410, 1215, 368.86, 50, 0x0000000000000000
2026/09/29 18:42:07.100, 1410, 1215, 386.35, 50, 0x0000000000000000
2026/09/29 18:42:07.350, 1410, 1215, 346.11, 50, 0x0000000000000000
2026/09/29 18:42:07.600, 1410, 1215, 391.80, 52, 0x0000000000000000
2026/09/29 18:42:07.850, 1410, 1215, 393.08, 52, 0x0000000000000000
2026/09/29 18:42:08.100, 1410, 1215, 391.80, 53, 0x0000000000000000
2026/09/29 18:42:08.350, 1410, 1215, 398.20, 53, 0x0000000000000000
2026/09/29 18:42:08.601, 1410, 1215, 398.94, 53, 0x0000000000000000
2026/09/29 18:42:08.851, 1410, 1215, 365.93, 53, 0x0000000000000000
2026/09/29 18:42:09.101, 1410, 1215, 392.21, 53, 0x0000000000000000
2026/09/29 18:42:09.351, 1395, 1215, 385.41, 54, 0x0000000000000004
2026/09/29 18:42:09.601, 1395, 1215, 380.26, 54, 0x0000000000000004
2026/09/29 18:42:09.851, 1395, 1215, 405.52, 55, 0x0000000000000004
2026/09/29 18:42:10.102, 1410, 1215, 416.70, 55, 0x0000000000000000
2026/09/29 18:42:10.352, 1395, 1215, 397.61, 55, 0x0000000000000004
2026/09/29 18:42:10.602, 1395, 1215, 396.61, 55, 0x0000000000000004
2026/09/29 18:42:10.852, 1410, 1215, 393.87, 55, 0x0000000000000000
2026/09/29 18:42:11.102, 1395, 1215, 388.41, 55, 0x0000000000000004
2026/09/29 18:42:11.352, 1410, 1215, 299.43, 56, 0x0000000000000000
2026/09/29 18:42:11.603, 1410, 1215, 386.94, 56, 0x0000000000000000
2026/09/29 18:42:11.853, 1395, 1215, 394.82, 56, 0x0000000000000004
2026/09/29 18:42:12.103, 1395, 1215, 360.13, 56, 0x0000000000000004
2026/09/29 18:42:12.353, 1410, 1215, 393.08, 56, 0x0000000000000000
2026/09/29 18:42:12.603, 1395, 1215, 386.67, 56, 0x0000000000000004
2026/09/29 18:42:12.853, 1380, 1215, 414.85, 56, 0x0000000000000004
2026/09/29 18:42:13.104, 1380, 1215, 378.68, 56, 0x0000000000000004
2026/09/29 18:42:13.354, 1365, 1215, 392.48, 56, 0x0000000000000004
2026/09/29 18:42:13.604, 1395, 1215, 413.39, 57, 0x0000000000000004
2026/09/29 18:42:13.854, 1365, 1215, 398.35, 57, 0x0000000000000004
2026/09/29 18:42:14.104, 1395, 1215, 406.82, 57, 0x0000000000000004
2026/09/29 18:42:14.354, 1395, 1215, 393.08, 58, 0x0000000000000004
2026/09/29 18:42:14.605, 1395, 1215, 393.67, 58, 0x0000000000000004
2026/09/29 18:42:14.855, 1395, 1215, 401.40, 58, 0x0000000000000004
2026/09/29 18:42:15.105, 1395, 1215, 391.35, 58, 0x0000000000000004
2026/09/29 18:42:15.355, 1395, 1215, 392.81, 58, 0x0000000000000004
2026/09/29 18:42:15.605, 1395, 1215, 393.95, 58, 0x0000000000000004
2026/09/29 18:42:15.855, 1395, 1215, 389.60, 58, 0x0000000000000004
2026/09/29 18:42:16.105, 1395, 1215, 389.60, 58, 0x0000000000000004
2026/09/29 18:42:16.356, 1395, 1215, 322.77, 58, 0x0000000000000004
2026/09/29 18:42:16.606, 1395, 1215, 396.01, 59, 0x0000000000000004
2026/09/29 18:42:16.856, 1395, 1215, 394.55, 59, 0x0000000000000004
2026/09/29 18:42:17.106, 1395, 1215, 392.40, 59, 0x0000000000000004
2026/09/29 18:42:17.356, 1380, 1215, 404.75, 59, 0x0000000000000004
2026/09/29 18:42:17.606, 1380, 1215, 403.20, 58, 0x0000000000000004
2026/09/29 18:42:17.857, 1380, 1215, 386.94, 59, 0x0000000000000004
2026/09/29 18:42:18.107, 1380, 1215, 378.20, 59, 0x0000000000000004
2026/09/29 18:42:18.357, 1395, 1215, 396.61, 59, 0x0000000000000004
2026/09/29 18:42:18.607, 1395, 1215, 385.21, 59, 0x0000000000000004
2026/09/29 18:42:18.857, 1395, 1215, 400.54, 60, 0x0000000000000004
2026/09/29 18:42:19.107, 1395, 1215, 398.02, 60, 0x0000000000000004
2026/09/29 18:42:19.358, 1395, 1215, 395.69, 60, 0x0000000000000004
2026/09/29 18:42:19.608, 1395, 1215, 400.08, 60, 0x0000000000000004
2026/09/29 18:42:19.858, 1395, 1215, 394.82, 60, 0x0000000000000004
2026/09/29 18:42:20.108, 1410, 1215, 71.60, 52, 0x0000000000000000
2026/09/29 18:42:20.358, 1410, 1215, 68.72, 48, 0x0000000000000000
2026/09/29 18:42:20.608, 1410, 1215, 68.04, 47, 0x0000000000000000
2026/09/29 18:42:20.858, 1410, 1215, 67.52, 46, 0x0000000000000000
2026/09/29 18:42:21.109, 1410, 1215, 67.24, 45, 0x0000000000000000
2026/09/29 18:42:21.359, 1410, 1215, 66.92, 44, 0x0000000000000000
2026/09/29 18:42:21.609, 1410, 1215, 66.92, 44, 0x0000000000000000
2026/09/29 18:42:21.859, 1095, 1215, 51.42, 44, 0x0000000000000000
2026/09/29 18:42:22.109, 1095, 1215, 50.87, 43, 0x0000000000000000
2026/09/29 18:42:22.359, 1095, 1215, 50.54, 43, 0x0000000000000000
2026/09/29 18:42:22.610, 1095, 1215, 50.54, 43, 0x0000000000000000
2026/09/29 18:42:22.860, 1095, 1215, 50.27, 42, 0x0000000000000000
2026/09/29 18:42:23.110, 1095, 1215, 50.27, 42, 0x0000000000000000
2026/09/29 18:42:23.360, 1095, 1215, 50.00, 42, 0x0000000000000000
2026/09/29 18:42:23.610, 1095, 1215, 50.27, 42, 0x0000000000000000
2026/09/29 18:42:23.860, 1095, 1215, 50.00, 42, 0x0000000000000000
2026/09/29 18:42:24.111, 1095, 1215, 50.27, 41, 0x0000000000000000
2026/09/29 18:42:24.361, 1095, 1215, 50.00, 41, 0x0000000000000000
2026/09/29 18:42:24.611, 1095, 1215, 50.00, 41, 0x0000000000000000
2026/09/29 18:42:24.861, 1095, 1215, 50.00, 41, 0x0000000000000000
2026/09/29 18:42:25.111, 1095, 1215, 49.68, 41, 0x0000000000000000
2026/09/29 18:42:25.361, 1095, 1215, 49.68, 41, 0x0000000000000000
2026/09/29 18:42:25.612, 1095, 1215, 49.95, 41, 0x0000000000000000
2026/09/29 18:42:25.862, 1095, 1215, 49.68, 41, 0x0000000000000000
2026/09/29 18:42:26.112, 1095, 1215, 49.68, 41, 0x0000000000000000
2026/09/29 18:42:26.362, 1095, 1215, 50.00, 40, 0x0000000000000000
2026/09/29 18:42:26.613, 1095, 1215, 50.00, 40, 0x0000000000000000
2026/09/29 18:42:26.863, 1095, 1215, 50.00, 40, 0x0000000000000000
2026/09/29 18:42:27.113, 1095, 1215, 49.68, 40, 0x0000000000000000
2026/09/29 18:42:27.363, 1095, 1215, 49.40, 40, 0x0000000000000000
2026/09/29 18:42:27.613, 1095, 1215, 49.40, 40, 0x0000000000000000
2026/09/29 18:42:27.864, 1095, 1215, 49.68, 40, 0x0000000000000000
2026/09/29 18:42:28.114, 1095, 1215, 49.68, 40, 0x0000000000000000
2026/09/29 18:42:28.364, 1095, 1215, 49.68, 40, 0x0000000000000000
2026/09/29 18:42:28.614, 1095, 1215, 50.27, 40, 0x0000000000000000
2026/09/29 18:42:28.864, 1095, 1215, 49.13, 40, 0x0000000000000000
2026/09/29 18:42:29.115, 1095, 1215, 49.13, 39, 0x0000000000000000
2026/09/29 18:42:29.365, 1095, 1215, 49.13, 39, 0x0000000000000000
2026/09/29 18:42:29.615, 1095, 1215, 49.08, 39, 0x0000000000000000
2026/09/29 18:42:29.865, 1095, 1215, 49.13, 39, 0x0000000000000000
2026/09/29 18:42:30.115, 1095, 1215, 49.13, 39, 0x0000000000000000
2026/09/29 18:42:30.365, 1095, 1215, 49.40, 39, 0x0000000000000000
2026/09/29 18:42:30.616, 1095, 1215, 49.40, 39, 0x0000000000000000
2026/09/29 18:42:30.866, 1095, 1215, 49.40, 39, 0x0000000000000000
2026/09/29 18:42:31.116, 1095, 1215, 49.40, 39, 0x0000000000000000
2026/09/29 18:42:31.366, 1095, 1215, 49.40, 39, 0x0000000000000000
2026/09/29 18:42:31.616, 1095, 1215, 49.40, 39, 0x0000000000000000
2026/09/29 18:42:31.867, 1410, 1215, 50.87, 39, 0x0000000000000000
2026/09/29 18:42:32.117, 1410, 1215, 66.65, 39, 0x0000000000000000
2026/09/29 18:42:32.367, 1410, 1215, 169.41, 40, 0x0000000000000000
2026/09/29 18:42:32.617, 1410, 1215, 154.25, 41, 0x0000000000000000
2026/09/29 18:42:32.867, 1410, 1215, 192.51, 43, 0x0000000000000000
2026/09/29 18:42:33.118, 1410, 1215, 154.52, 42, 0x0000000000000000
2026/09/29 18:42:33.368, 1410, 1215, 136.09, 42, 0x0000000000000000
2026/09/29 18:42:33.618, 1410, 1215, 97.23, 42, 0x0000000000000000
2026/09/29 18:42:33.868, 1410, 1215, 152.18, 43, 0x0000000000000000
2026/09/29 18:42:34.118, 1410, 1215, 127.80, 43, 0x0000000000000000
2026/09/29 18:42:34.369, 1410, 1215, 144.72, 42, 0x0000000000000000
2026/09/29 18:42:34.619, 1410, 1215, 120.05, 43, 0x0000000000000000
2026/09/29 18:42:34.869, 1410, 1215, 149.24, 43, 0x0000000000000000
2026/09/29 18:42:35.119, 1410, 1215, 137.29, 42, 0x0000000000000000
2026/09/29 18:42:35.369, 1410, 1215, 110.11, 43, 0x0000000000000000
2026/09/29 18:42:35.620, 1410, 1215, 143.43, 43, 0x0000000000000000
2026/09/29 18:42:35.870, 1410, 1215, 128.54, 42, 0x0000000000000000
2026/09/29 18:42:36.120, 1410, 1215, 128.94, 42, 0x0000000000000000
2026/09/29 18:42:36.370, 1410, 1215, 64.31, 40, 0x0000000000000000
2026/09/29 18:42:36.620, 1410, 1215, 64.03, 40, 0x0000000000000000
2026/09/29 18:42:36.870, 1410, 1215, 64.03, 40, 0x0000000000000000
2026/09/29 18:42:37.120, 1410, 1215, 64.03, 40, 0x0000000000000000
2026/09/29 18:42:37.371, 1410, 1215, 63.71, 39, 0x0000000000000000
2026/09/29 18:42:37.621, 1410, 1215, 63.64, 39, 0x0000000000000000
2026/09/29 18:42:37.871, 1410, 1215, 111.96, 40, 0x0000000000000000
2026/09/29 18:42:38.121, 1410, 1215, 112.18, 41, 0x0000000000000000
2026/09/29 18:42:38.371, 1410, 1215, 113.65, 41, 0x0000000000000000
2026/09/29 18:42:38.621, 1410, 1215, 115.18, 41, 0x0000000000000000
2026/09/29 18:42:38.871, 1410, 1215, 113.04, 41, 0x0000000000000000
2026/09/29 18:42:39.122, 1410, 1215, 112.30, 41, 0x0000000000000000
2026/09/29 18:42:39.372, 1410, 1215, 344.56, 48, 0x0000000000000000
2026/09/29 18:42:39.622, 1410, 1215, 369.74, 50, 0x0000000000000000
2026/09/29 18:42:39.872, 1410, 1215, 357.79, 51, 0x0000000000000000
2026/09/29 18:42:40.122, 1410, 1215, 358.06, 52, 0x0000000000000000
2026/09/29 18:42:40.372, 1410, 1215, 386.87, 53, 0x0000000000000000
2026/09/29 18:42:40.622, 1410, 1215, 331.51, 53, 0x0000000000000000
2026/09/29 18:42:40.872, 1410, 1215, 346.11, 53, 0x0000000000000000
2026/09/29 18:42:41.123, 1410, 1215, 331.18, 54, 0x0000000000000000
2026/09/29 18:42:41.373, 1410, 1215, 381.40, 55, 0x0000000000000000
2026/09/29 18:42:41.623, 1410, 1215, 390.47, 55, 0x0000000000000000
2026/09/29 18:42:41.873, 1410, 1215, 396.28, 56, 0x0000000000000000
2026/09/29 18:42:42.123, 1410, 1215, 390.74, 56, 0x0000000000000000
2026/09/29 18:42:42.373, 1410, 1215, 393.95, 56, 0x0000000000000000
2026/09/29 18:42:42.624, 1410, 1215, 396.01, 55, 0x0000000000000000
2026/09/29 18:42:42.874, 1410, 1215, 384.61, 56, 0x0000000000000000
2026/09/29 18:42:43.124, 1410, 1215, 398.62, 57, 0x0000000000000004
2026/09/29 18:42:43.374, 1395, 1215, 388.41, 58, 0x0000000000000004
2026/09/29 18:42:43.624, 1380, 1215, 404.33, 57, 0x0000000000000004
2026/09/29 18:42:43.874, 1395, 1215, 394.55, 58, 0x0000000000000004
2026/09/29 18:42:44.125, 1395, 1215, 387.41, 58, 0x0000000000000004
2026/09/29 18:42:44.375, 1395, 1215, 398.80, 58, 0x0000000000000004
2026/09/29 18:42:44.625, 1380, 1215, 405.03, 58, 0x0000000000000004
2026/09/29 18:42:44.875, 1380, 1215, 407.86, 58, 0x0000000000000004
2026/09/29 18:42:45.125, 1395, 1215, 399.49, 58, 0x0000000000000004
2026/09/29 18:42:45.375, 1395, 1215, 397.15, 58, 0x0000000000000004
2026/09/29 18:42:45.626, 1395, 1215, 387.27, 58, 0x0000000000000004
2026/09/29 18:42:45.876, 1395, 1215, 358.93, 58, 0x0000000000000004
2026/09/29 18:42:46.126, 1395, 1215, 385.21, 58, 0x0000000000000004
2026/09/29 18:42:46.376, 1395, 1215, 401.82, 59, 0x0000000000000004
2026/09/29 18:42:46.626, 1380, 1215, 412.80, 59, 0x0000000000000004
2026/09/29 18:42:46.877, 1410, 1215, 427.39, 59, 0x0000000000000000
2026/09/29 18:42:47.127, 1395, 1215, 407.09, 60, 0x0000000000000004
2026/09/29 18:42:47.377, 1365, 1215, 378.20, 59, 0x0000000000000004
2026/09/29 18:42:47.627, 1380, 1215, 384.33, 59, 0x0000000000000004
2026/09/29 18:42:47.877, 1395, 1215, 450.38, 60, 0x0000000000000004
2026/09/29 18:42:48.127, 1380, 1215, 399.40, 60, 0x0000000000000004
2026/09/29 18:42:48.377, 1380, 1215, 385.81, 60, 0x0000000000000004
2026/09/29 18:42:48.628, 1395, 1215, 417.30, 60, 0x0000000000000004
2026/09/29 18:42:48.878, 1380, 1215, 398.62, 60, 0x0000000000000004
2026/09/29 18:42:49.128, 1380, 1215, 372.67, 60, 0x0000000000000004
2026/09/29 18:42:49.378, 1410, 1215, 428.85, 61, 0x0000000000000000
2026/09/29 18:42:49.628, 1380, 1215, 410.73, 61, 0x0000000000000004
2026/09/29 18:42:49.878, 1380, 1215, 367.99, 60, 0x0000000000000004
2026/09/29 18:42:50.128, 1395, 1215, 413.22, 61, 0x0000000000000004
2026/09/29 18:42:50.379, 1365, 1215, 378.95, 61, 0x0000000000000004
2026/09/29 18:42:50.629, 1380, 1215, 404.06, 61, 0x0000000000000004
2026/09/29 18:42:50.879, 1395, 1215, 411.92, 61, 0x0000000000000004
2026/09/29 18:42:51.129, 1380, 1215, 393.35, 61, 0x0000000000000004
2026/09/29 18:42:51.380, 1395, 1215, 423.16, 61, 0x0000000000000004
2026/09/29 18:42:51.630, 1395, 1215, 421.96, 62, 0x0000000000000004
2026/09/29 18:42:51.880, 1380, 1215, 397.15, 61, 0x0000000000000004
2026/09/29 18:42:52.130, 1395, 1215, 430.85, 62, 0x0000000000000004
2026/09/29 18:42:52.380, 1395, 1215, 409.15, 62, 0x0000000000000004
2026/09/29 18:42:52.631, 1380, 1215, 405.62, 61, 0x0000000000000004
2026/09/29 18:42:52.881, 1395, 1215, 426.03, 62, 0x0000000000000004
2026/09/29 18:42:53.131, 1380, 1215, 420.23, 62, 0x0000000000000004
2026/09/29 18:42:53.381, 1395, 1215, 434.92, 62, 0x0000000000000004
2026/09/29 18:42:53.631, 1395, 1215, 422.83, 63, 0x0000000000000004
2026/09/29 18:42:53.882, 1380, 1215, 377.93, 62, 0x0000000000000004
2026/09/29 18:42:54.132, 1395, 1215, 337.65, 60, 0x0000000000000004
2026/09/29 18:42:54.382, 1410, 1215, 345.79, 60, 0x0000000000000000
2026/09/29 18:42:54.632, 1410, 1215, 344.65, 60, 0x0000000000000000
2026/09/29 18:42:54.882, 1410, 1215, 349.59, 59, 0x0000000000000000
2026/09/29 18:42:55.133, 1410, 1215, 366.26, 60, 0x0000000000000000
2026/09/29 18:42:55.383, 1410, 1215, 364.20, 61, 0x0000000000000000
2026/09/29 18:42:55.633, 1410, 1215, 362.73, 61, 0x0000000000000000
2026/09/29 18:42:55.883, 1410, 1215, 367.13, 61, 0x0000000000000000
2026/09/29 18:42:56.133, 1410, 1215, 365.66, 60, 0x0000000000000000
2026/09/29 18:42:56.383, 1410, 1215, 394.28, 62, 0x0000000000000000
2026/09/29 18:42:56.634, 1410, 1215, 390.74, 62, 0x0000000000000000
2026/09/29 18:42:56.884, 1410, 1215, 398.35, 62, 0x0000000000000000
2026/09/29 18:42:57.134, 1410, 1215, 390.47, 62, 0x0000000000000000
2026/09/29 18:42:57.384, 1410, 1215, 384.54, 62, 0x0000000000000000
2026/09/29 18:42:57.634, 1410, 1215, 389.01, 62, 0x0000000000000000
2026/09/29 18:42:57.884, 1410, 1215, 392.67, 63, 0x0000000000000000
2026/09/29 18:42:58.135, 1410, 1215, 393.08, 63, 0x0000000000000000
2026/09/29 18:42:58.385, 1395, 1215, 412.95, 63, 0x0000000000000004
2026/09/29 18:42:58.635, 1380, 1215, 410.89, 63, 0x0000000000000004
2026/09/29 18:42:58.885, 1410, 1215, 411.05, 64, 0x0000000000000000
2026/09/29 18:42:59.136, 1380, 1215, 412.80, 63, 0x0000000000000004
2026/09/29 18:42:59.386, 1395, 1215, 395.14, 63, 0x0000000000000004
2026/09/29 18:42:59.636, 1410, 1215, 424.18, 64, 0x0000000000000000
2026/09/29 18:42:59.886, 1380, 1215, 410.46, 64, 0x0000000000000004
2026/09/29 18:43:00.136, 1395, 1215, 385.81, 64, 0x0000000000000004
2026/09/29 18:43:00.386, 1395, 1215, 378.39, 63, 0x0000000000000004
2026/09/29 18:43:00.636, 1380, 1215, 379.58, 63, 0x0000000000000004
2026/09/29 18:43:00.887, 1380, 1215, 402.65, 64, 0x0000000000000004
2026/09/29 18:43:01.137, 1395, 1215, 395.96, 64, 0x0000000000000004
2026/09/29 18:43:01.387, 1380, 1215, 374.10, 64, 0x0000000000000004
2026/09/29 18:43:01.637, 1380, 1215, 399.59, 64, 0x0000000000000004
2026/09/29 18:43:01.887, 1380, 1215, 408.77, 64, 0x0000000000000004
2026/09/29 18:43:02.137, 1365, 1215, 388.28, 64, 0x0000000000000004
2026/09/29 18:43:02.388, 1395, 1215, 418.15, 65, 0x0000000000000004
2026/09/29 18:43:02.638, 1380, 1215, 391.22, 65, 0x0000000000000004
2026/09/29 18:43:02.888, 1395, 1215, 423.71, 65, 0x0000000000000004
2026/09/29 18:43:03.138, 1365, 1215, 385.93, 65, 0x0000000000000004
2026/09/29 18:43:03.388, 1395, 1215, 410.70, 64, 0x0000000000000004
2026/09/29 18:43:03.639, 1365, 1215, 381.24, 65, 0x0000000000000004
2026/09/29 18:43:03.889, 1395, 1215, 396.37, 65, 0x0000000000000004
2026/09/29 18:43:04.139, 1380, 1215, 411.90, 65, 0x0000000000000004
2026/09/29 18:43:04.389, 1380, 1215, 397.84, 64, 0x0000000000000004
2026/09/29 18:43:04.639, 1380, 1215, 412.44, 66, 0x0000000000000004
2026/09/29 18:43:04.890, 1365, 1215, 396.65, 65, 0x0000000000000004
2026/09/29 18:43:05.140, 1395, 1215, 421.80, 66, 0x0000000000000004
2026/09/29 18:43:05.390, 1350, 1215, 377.31, 65, 0x0000000000000004
2026/09/29 18:43:05.640, 1380, 1215, 401.06, 65, 0x0000000000000004
2026/09/29 18:43:05.890, 1365, 1215, 402.20, 65, 0x0000000000000004
2026/09/29 18:43:06.141, 1395, 1215, 400.32, 66, 0x0000000000000004
2026/09/29 18:43:06.391, 1365, 1215, 397.43, 65, 0x0000000000000004
2026/09/29 18:43:06.641, 1380, 1215, 389.49, 66, 0x0000000000000004
2026/09/29 18:43:06.891, 1350, 1215, 380.73, 65, 0x0000000000000004
2026/09/29 18:43:07.141, 1380, 1215, 393.76, 65, 0x0000000000000004
2026/09/29 18:43:07.391, 1380, 1215, 395.23, 65, 0x0000000000000004
2026/09/29 18:43:07.642, 1380, 1215, 399.90, 66, 0x0000000000000004
2026/09/29 18:43:07.892, 1365, 1215, 404.57, 66, 0x0000000000000004
2026/09/29 18:43:08.142, 1380, 1215, 388.41, 66, 0x0000000000000004
2026/09/29 18:43:08.392, 1365, 1215, 379.74, 65, 0x0000000000000004
2026/09/29 18:43:08.642, 1395, 1215, 399.49, 66, 0x0000000000000004
2026/09/29 18:43:08.892, 1380, 1215, 405.03, 66, 0x0000000000000004
2026/09/29 18:43:09.143, 1380, 1215, 408.82, 67, 0x0000000000000004
2026/09/29 18:43:09.393, 1365, 1215, 394.68, 66, 0x0000000000000004
2026/09/29 18:43:09.643, 1395, 1215, 406.49, 65, 0x0000000000000004
2026/09/29 18:43:09.893, 1410, 1215, 405.94, 65, 0x0000000000000000
2026/09/29 18:43:10.143, 1410, 1215, 372.34, 65, 0x0000000000000000
2026/09/29 18:43:10.394, 1410, 1215, 398.94, 65, 0x0000000000000000
2026/09/29 18:43:10.644, 1410, 1215, 413.92, 66, 0x0000000000000000
2026/09/29 18:43:10.894, 1410, 1215, 414.08, 66, 0x0000000000000000
2026/09/29 18:43:11.144, 1395, 1215, 395.36, 66, 0x0000000000000004
2026/09/29 18:43:11.394, 1410, 1215, 384.81, 66, 0x0000000000000000
2026/09/29 18:43:11.644, 1410, 1215, 393.43, 66, 0x0000000000000000
2026/09/29 18:43:11.894, 1410, 1215, 399.68, 66, 0x0000000000000000
2026/09/29 18:43:12.145, 1410, 1215, 129.07, 65, 0x0000000000000000
2026/09/29 18:43:12.395, 1410, 1215, 75.97, 55, 0x0000000000000000
2026/09/29 18:43:12.645, 1410, 1215, 370.61, 63, 0x0000000000000000
2026/09/29 18:43:12.895, 1410, 1215, 102.65, 57, 0x0000000000000000
2026/09/29 18:43:13.145, 1410, 1215, 75.64, 55, 0x0000000000000000
2026/09/29 18:43:13.395, 1410, 1215, 396.45, 62, 0x0000000000000000
2026/09/29 18:43:13.645, 1410, 1215, 388.08, 64, 0x0000000000000000
2026/09/29 18:43:13.896, 1410, 1215, 101.39, 58, 0x0000000000000000
2026/09/29 18:43:14.146, 1410, 1215, 75.52, 54, 0x0000000000000000
2026/09/29 18:43:14.396, 1410, 1215, 326.52, 59, 0x0000000000000000
2026/09/29 18:43:14.646, 1410, 1215, 383.78, 63, 0x0000000000000000
2026/09/29 18:43:14.896, 1410, 1215, 396.32, 64, 0x0000000000000000
2026/09/29 18:43:15.146, 1410, 1215, 75.33, 56, 0x0000000000000000
2026/09/29 18:43:15.397, 1410, 1215, 72.57, 53, 0x0000000000000000
2026/09/29 18:43:15.647, 1410, 1215, 71.69, 52, 0x0000000000000000
2026/09/29 18:43:15.897, 1410, 1215, 71.09, 51, 0x0000000000000000
2026/09/29 18:43:16.147, 1410, 1215, 74.04, 51, 0x0000000000000000
2026/09/29 18:43:16.398, 1410, 1215, 73.10, 51, 0x0000000000000000
2026/09/29 18:43:16.648, 1410, 1215, 70.55, 50, 0x0000000000000000
2026/09/29 18:43:16.898, 1410, 1215, 69.62, 50, 0x0000000000000000
2026/09/29 18:43:17.148, 1410, 1215, 70.14, 50, 0x0000000000000000
2026/09/29 18:43:17.398, 1410, 1215, 69.87, 49, 0x0000000000000001
2026/09/29 18:43:17.649, 1410, 1215, 69.87, 49, 0x0000000000000001
2026/09/29 18:43:17.899, 1410, 1215, 69.54, 49, 0x0000000000000001
2026/09/29 18:43:18.149, 1410, 1215, 69.27, 49, 0x0000000000000000
2026/09/29 18:43:18.399, 1410, 1215, 69.54, 49, 0x0000000000000000
2026/09/29 18:43:18.649, 1095, 1215, 53.10, 48, 0x0000000000000000
2026/09/29 18:43:18.899, 1095, 1215, 84.16, 49, 0x0000000000000000
2026/09/29 18:43:19.150, 1095, 1215, 52.17, 48, 0x0000000000000000
2026/09/29 18:43:19.400, 1095, 1215, 52.17, 47, 0x0000000000000000
2026/09/29 18:43:19.650, 1095, 1215, 51.90, 47, 0x0000000000000000
2026/09/29 18:43:19.900, 1095, 1215, 51.90, 47, 0x0000000000000000
2026/09/29 18:43:20.150, 1095, 1215, 51.90, 47, 0x0000000000000000
2026/09/29 18:43:20.400, 1095, 1215, 51.90, 47, 0x0000000000000000
2026/09/29 18:43:20.651, 1095, 1215, 51.90, 47, 0x0000000000000000
2026/09/29 18:43:20.901, 1095, 1215, 51.58, 46, 0x0000000000000000
2026/09/29 18:43:21.151, 1095, 1215, 51.63, 46, 0x0000000000000000
2026/09/29 18:43:21.401, 1095, 1215, 51.63, 46, 0x0000000000000000
2026/09/29 18:43:21.652, 1410, 1215, 67.99, 47, 0x0000000000000000
2026/09/29 18:43:21.902, 1365, 1215, 362.61, 57, 0x0000000000000004
2026/09/29 18:43:22.152, 1410, 1215, 144.74, 54, 0x0000000000000000
2026/09/29 18:43:22.402, 1365, 1215, 398.85, 58, 0x0000000000000004
2026/09/29 18:43:22.652, 1410, 1215, 70.00, 50, 0x0000000000000000
2026/09/29 18:43:22.902, 1410, 1215, 69.73, 48, 0x0000000000000000
2026/09/29 18:43:23.153, 1410, 1215, 69.73, 48, 0x0000000000000000
2026/09/29 18:43:23.403, 1410, 1215, 72.95, 47, 0x0000000000000000
2026/09/29 18:43:23.653, 1410, 1215, 68.53, 47, 0x0000000000000000
2026/09/29 18:43:23.904, 1410, 1215, 68.26, 47, 0x0000000000000000
2026/09/29 18:43:24.154, 1410, 1215, 67.66, 47, 0x0000000000000000
2026/09/29 18:43:24.404, 810, 1215, 52.12, 46, 0x0000000000000001
2026/09/29 18:43:24.655, 675, 1215, 47.76, 45, 0x0000000000000001
2026/09/29 18:43:24.905, 615, 1215, 47.16, 45, 0x0000000000000001
2026/09/29 18:43:25.155, 555, 1215, 46.29, 45, 0x0000000000000001
2026/09/29 18:43:25.405, 510, 1215, 46.51, 45, 0x0000000000000001
2026/09/29 18:43:25.655, 420, 1215, 46.24, 45, 0x0000000000000001
2026/09/29 18:43:25.905, 390, 1215, 46.24, 45, 0x0000000000000001
2026/09/29 18:43:26.156, 360, 1215, 45.91, 44, 0x0000000000000001
2026/09/29 18:43:26.406, 330, 1215, 45.91, 44, 0x0000000000000001
2026/09/29 18:43:26.656, 270, 1215, 45.91, 44, 0x0000000000000001
2026/09/29 18:43:26.906, 240, 1215, 45.60, 44, 0x0000000000000001
2026/09/29 18:43:27.156, 225, 1215, 45.64, 44, 0x0000000000000001
2026/09/29 18:43:27.406, 210, 1215, 45.32, 44, 0x0000000000000001
2026/09/29 18:43:27.657, 210, 1215, 45.32, 44, 0x0000000000000001
2026/09/29 18:43:27.907, 210, 1215, 45.91, 44, 0x0000000000000001
2026/09/29 18:43:28.157, 210, 1215, 45.32, 43, 0x0000000000000001
2026/09/29 18:43:28.407, 210, 1215, 45.32, 43, 0x0000000000000001
2026/09/29 18:43:28.657, 1095, 1215, 50.59, 43, 0x0000000000000000
2026/09/29 18:43:28.907, 1095, 1215, 50.27, 43, 0x0000000000000000
2026/09/29 18:43:29.159, 1095, 1215, 50.27, 43, 0x0000000000000000
2026/09/29 18:43:29.409, 1095, 1215, 50.32, 43, 0x0000000000000000
2026/09/29 18:43:29.659, 1095, 1215, 50.27, 43, 0x0000000000000000
2026/09/29 18:43:29.910, 1095, 1215, 50.32, 43, 0x0000000000000000
2026/09/29 18:43:30.160, 1095, 1215, 51.14, 43, 0x0000000000000000
2026/09/29 18:43:30.410, 1095, 1215, 52.34, 43, 0x0000000000000000
2026/09/29 18:43:30.660, 1095, 1215, 50.32, 43, 0x0000000000000000
2026/09/29 18:43:30.910, 1095, 1215, 50.54, 43, 0x0000000000000000
2026/09/29 18:43:31.160, 1095, 1215, 50.54, 43, 0x0000000000000000
2026/09/29 18:43:31.411, 1095, 1215, 50.00, 43, 0x0000000000000000
2026/09/29 18:43:31.661, 1095, 1215, 50.54, 42, 0x0000000000000000
2026/09/29 18:43:31.911, 1095, 1215, 50.87, 42, 0x0000000000000000
2026/09/29 18:43:32.161, 1095, 1215, 50.05, 42, 0x0000000000000000
2026/09/29 18:43:32.411, 1095, 1215, 51.74, 42, 0x0000000000000000
2026/09/29 18:43:32.661, 1095, 1215, 51.79, 42, 0x0000000000000000
2026/09/29 18:43:32.911, 1095, 1215, 50.05, 42, 0x0000000000000000
2026/09/29 18:43:33.162, 1095, 1215, 50.32, 42, 0x0000000000000000
2026/09/29 18:43:33.412, 1095, 1215, 50.05, 42, 0x0000000000000000
2026/09/29 18:43:33.662, 1095, 1215, 50.00, 42, 0x0000000000000000
2026/09/29 18:43:33.912, 1095, 1215, 50.87, 42, 0x0000000000000000
2026/09/29 18:43:34.162, 1095, 1215, 50.54, 42, 0x0000000000000000
2026/09/29 18:43:34.412, 1095, 1215, 50.05, 42, 0x0000000000000000
2026/09/29 18:43:34.663, 1095, 1215, 51.14, 41, 0x0000000000000000
2026/09/29 18:43:34.913, 1095, 1215, 50.92, 41, 0x0000000000000000
2026/09/29 18:43:35.163, 1095, 1215, 49.73, 41, 0x0000000000000000
2026/09/29 18:43:35.413, 1095, 1215, 50.27, 41, 0x0000000000000000
2026/09/29 18:43:35.663, 1095, 1215, 49.68, 41, 0x0000000000000000
2026/09/29 18:43:35.913, 1095, 1215, 49.68, 41, 0x0000000000000000
2026/09/29 18:43:36.163, 1095, 1215, 49.68, 41, 0x0000000000000000
2026/09/29 18:43:36.413, 1095, 1215, 50.00, 41, 0x0000000000000000
2026/09/29 18:43:36.664, 1095, 1215, 113.43, 42, 0x0000000000000000
2026/09/29 18:43:36.914, 1095, 1215, 112.84, 42, 0x0000000000000000
2026/09/29 18:43:37.164, 1410, 1215, 161.96, 44, 0x0000000000000000
2026/09/29 18:43:37.414, 1410, 1215, 164.04, 45, 0x0000000000000000
2026/09/29 18:43:37.664, 1410, 1215, 160.82, 45, 0x0000000000000000
2026/09/29 18:43:37.914, 1410, 1215, 162.29, 45, 0x0000000000000000
2026/09/29 18:43:38.164, 1410, 1215, 165.50, 45, 0x0000000000000000
2026/09/29 18:43:38.414, 1410, 1215, 405.62, 51, 0x0000000000000000
2026/09/29 18:43:38.665, 1395, 1215, 391.61, 55, 0x0000000000000004
2026/09/29 18:43:38.915, 1395, 1215, 392.21, 56, 0x0000000000000004
2026/09/29 18:43:39.165, 1395, 1215, 390.74, 56, 0x0000000000000004
2026/09/29 18:43:39.415, 1395, 1215, 402.42, 57, 0x0000000000000004
2026/09/29 18:43:39.665, 1410, 1215, 379.67, 58, 0x0000000000000000
2026/09/29 18:43:39.915, 1410, 1215, 406.49, 58, 0x0000000000000000
2026/09/29 18:43:40.166, 1410, 1215, 392.48, 59, 0x0000000000000004
2026/09/29 18:43:40.416, 1410, 1215, 392.48, 58, 0x0000000000000000
2026/09/29 18:43:40.666, 1395, 1215, 389.88, 59, 0x0000000000000004
2026/09/29 18:43:40.916, 1395, 1215, 371.80, 59, 0x0000000000000004
2026/09/29 18:43:41.166, 1380, 1215, 405.35, 60, 0x0000000000000004
2026/09/29 18:43:41.416, 1380, 1215, 388.68, 60, 0x0000000000000004
2026/09/29 18:43:41.667, 1380, 1215, 409.69, 60, 0x0000000000000004
2026/09/29 18:43:41.917, 1365, 1215, 408.28, 60, 0x0000000000000004
2026/09/29 18:43:42.167, 1380, 1215, 400.68, 60, 0x0000000000000004
2026/09/29 18:43:42.417, 1380, 1215, 411.16, 60, 0x0000000000000004
2026/09/29 18:43:42.668, 1380, 1215, 414.09, 60, 0x0000000000000004
2026/09/29 18:43:42.918, 1380, 1215, 398.94, 60, 0x0000000000000004
2026/09/29 18:43:43.168, 1380, 1215, 387.81, 60, 0x0000000000000004
2026/09/29 18:43:43.418, 1380, 1215, 393.35, 61, 0x0000000000000004
2026/09/29 18:43:43.668, 1380, 1215, 404.15, 61, 0x0000000000000004
2026/09/29 18:43:43.918, 1380, 1215, 393.35, 61, 0x0000000000000004
2026/09/29 18:43:44.168, 1365, 1215, 376.86, 61, 0x0000000000000004
2026/09/29 18:43:44.419, 1365, 1215, 391.01, 61, 0x0000000000000004
2026/09/29 18:43:44.669, 1365, 1215, 409.15, 61, 0x0000000000000004
2026/09/29 18:43:44.919, 1365, 1215, 408.28, 61, 0x0000000000000004
2026/09/29 18:43:45.169, 1365, 1215, 404.15, 61, 0x0000000000000004
2026/09/29 18:43:45.419, 1365, 1215, 380.54, 61, 0x0000000000000004
2026/09/29 18:43:45.670, 1365, 1215, 386.35, 62, 0x0000000000000004
2026/09/29 18:43:45.920, 1365, 1215, 409.15, 62, 0x0000000000000004
2026/09/29 18:43:46.170, 1365, 1215, 403.01, 62, 0x0000000000000004
2026/09/29 18:43:46.420, 1365, 1215, 385.81, 62, 0x0000000000000004
2026/09/29 18:43:46.670, 1365, 1215, 385.21, 62, 0x0000000000000004
2026/09/29 18:43:46.920, 1365, 1215, 391.94, 62, 0x0000000000000004
2026/09/29 18:43:47.170, 1365, 1215, 404.75, 62, 0x0000000000000004
2026/09/29 18:43:47.421, 1365, 1215, 404.48, 62, 0x0000000000000004
2026/09/29 18:43:47.671, 1365, 1215, 381.40, 62, 0x0000000000000004
2026/09/29 18:43:47.921, 1365, 1215, 407.36, 63, 0x0000000000000004
2026/09/29 18:43:48.171, 1365, 1215, 392.02, 62, 0x0000000000000004
2026/09/29 18:43:48.421, 1365, 1215, 384.94, 63, 0x0000000000000004
2026/09/29 18:43:48.672, 1365, 1215, 384.94, 63, 0x0000000000000004
2026/09/29 18:43:48.922, 1365, 1215, 400.08, 63, 0x0000000000000004
2026/09/29 18:43:49.172, 1365, 1215, 408.28, 63, 0x0000000000000004
2026/09/29 18:43:49.422, 1365, 1215, 392.21, 63, 0x0000000000000004
2026/09/29 18:43:49.672, 1365, 1215, 405.62, 63, 0x0000000000000004
2026/09/29 18:43:49.922, 1365, 1215, 412.95, 63, 0x0000000000000004
2026/09/29 18:43:50.173, 1365, 1215, 396.88, 63, 0x0000000000000004
2026/09/29 18:43:50.423, 1350, 1215, 366.04, 63, 0x0000000000000004
2026/09/29 18:43:50.673, 1350, 1215, 399.49, 64, 0x0000000000000004
2026/09/29 18:43:50.923, 1350, 1215, 398.62, 64, 0x0000000000000004
2026/09/29 18:43:51.173, 1350, 1215, 417.62, 64, 0x0000000000000004
2026/09/29 18:43:51.423, 1365, 1215, 377.60, 64, 0x0000000000000004
2026/09/29 18:43:51.674, 1365, 1215, 375.60, 64, 0x0000000000000004
2026/09/29 18:43:51.924, 1350, 1215, 401.82, 63, 0x0000000000000004
2026/09/29 18:43:52.174, 1365, 1215, 403.01, 64, 0x0000000000000004
2026/09/29 18:43:52.424, 1350, 1215, 361.36, 64, 0x0000000000000004
2026/09/29 18:43:52.674, 1350, 1215, 383.47, 65, 0x0000000000000004
2026/09/29 18:43:52.924, 1365, 1215, 403.28, 64, 0x0000000000000004
2026/09/29 18:43:53.174, 1365, 1215, 413.82, 64, 0x0000000000000004
2026/09/29 18:43:53.425, 1350, 1215, 395.69, 64, 0x0000000000000004
2026/09/29 18:43:53.675, 1350, 1215, 373.53, 64, 0x0000000000000004
2026/09/29 18:43:53.925, 1365, 1215, 403.28, 64, 0x0000000000000004
2026/09/29 18:43:54.175, 1350, 1215, 403.89, 65, 0x0000000000000004
2026/09/29 18:43:54.425, 1365, 1215, 412.95, 65, 0x0000000000000004
2026/09/29 18:43:54.675, 1365, 1215, 384.94, 65, 0x0000000000000004
2026/09/29 18:43:54.926, 1350, 1215, 389.60, 65, 0x0000000000000004
2026/09/29 18:43:55.176, 1350, 1215, 391.01, 65, 0x0000000000000004
2026/09/29 18:43:55.426, 1365, 1215, 408.55, 65, 0x0000000000000004
2026/09/29 18:43:55.676, 1350, 1215, 418.49, 65, 0x0000000000000004
2026/09/29 18:43:55.926, 1365, 1215, 377.33, 65, 0x0000000000000004
2026/09/29 18:43:56.176, 1365, 1215, 390.15, 65, 0x0000000000000004
2026/09/29 18:43:56.427, 1350, 1215, 400.95, 65, 0x0000000000000004
2026/09/29 18:43:56.677, 1350, 1215, 421.69, 66, 0x0000000000000004
2026/09/29 18:43:56.927, 1365, 1215, 380.26, 65, 0x0000000000000004
2026/09/29 18:43:57.177, 1380, 1215, 374.40, 64, 0x0000000000000004
2026/09/29 18:43:57.427, 1350, 1215, 401.55, 66, 0x0000000000000004
2026/09/29 18:43:57.677, 1365, 1215, 408.28, 66, 0x0000000000000004
2026/09/29 18:43:57.928, 1350, 1215, 373.26, 66, 0x0000000000000004
2026/09/29 18:43:58.178, 1350, 1215, 373.26, 66, 0x0000000000000004
2026/09/29 18:43:58.428, 1365, 1215, 398.02, 66, 0x0000000000000004
2026/09/29 18:43:58.678, 1365, 1215, 407.36, 66, 0x0000000000000004
2026/09/29 18:43:58.928, 1350, 1215, 382.87, 66, 0x0000000000000004
2026/09/29 18:43:59.179, 1350, 1215, 377.93, 66, 0x0000000000000004
2026/09/29 18:43:59.429, 1365, 1215, 414.37, 66, 0x0000000000000004
2026/09/29 18:43:59.679, 1365, 1215, 418.76, 66, 0x0000000000000004
2026/09/29 18:43:59.929, 1365, 1215, 382.28, 66, 0x0000000000000004
2026/09/29 18:44:00.179, 1365, 1215, 380.54, 66, 0x0000000000000004
2026/09/29 18:44:00.429, 1350, 1215, 407.69, 66, 0x0000000000000004
2026/09/29 18:44:00.680, 1350, 1215, 400.95, 66, 0x0000000000000004
2026/09/29 18:44:00.930, 1380, 1215, 404.75, 67, 0x0000000000000004
2026/09/29 18:44:01.180, 1365, 1215, 394.28, 67, 0x0000000000000004
2026/09/29 18:44:01.430, 1365, 1215, 408.82, 67, 0x0000000000000004
2026/09/29 18:44:01.680, 1365, 1215, 406.22, 67, 0x0000000000000004
2026/09/29 18:44:01.930, 1350, 1215, 385.81, 67, 0x0000000000000004
2026/09/29 18:44:02.180, 1410, 1215, 89.77, 58, 0x0000000000000000
2026/09/29 18:44:02.431, 1410, 1215, 74.86, 55, 0x0000000000000000
2026/09/29 18:44:02.681, 1410, 1215, 73.39, 54, 0x0000000000000000
2026/09/29 18:44:02.931, 1410, 1215, 72.52, 53, 0x0000000000000000
2026/09/29 18:44:03.181, 1410, 1215, 71.92, 52, 0x0000000000000000
2026/09/29 18:44:03.431, 1410, 1215, 71.60, 52, 0x0000000000000000
2026/09/29 18:44:03.681, 1410, 1215, 71.32, 51, 0x0000000000000000
2026/09/29 18:44:03.932, 1410, 1215, 71.05, 51, 0x0000000000000000
2026/09/29 18:44:04.182, 1095, 1215, 68.72, 50, 0x0000000000000000
2026/09/29 18:44:04.432, 1095, 1215, 53.21, 50, 0x0000000000000000
2026/09/29 18:44:04.682, 1095, 1215, 53.21, 49, 0x0000000000000000
2026/09/29 18:44:04.932, 1095, 1215, 52.94, 49, 0x0000000000000000
2026/09/29 18:44:05.182, 1095, 1215, 52.88, 49, 0x0000000000000000
2026/09/29 18:44:05.432, 1095, 1215, 52.88, 49, 0x0000000000000000
2026/09/29 18:44:05.683, 1095, 1215, 52.67, 48, 0x0000000000000000
2026/09/29 18:44:05.933, 1095, 1215, 52.61, 48, 0x0000000000000000
2026/09/29 18:44:06.183, 1095, 1215, 52.61, 48, 0x0000000000000000
2026/09/29 18:44:06.433, 1095, 1215, 52.61, 48, 0x0000000000000000
2026/09/29 18:44:06.683, 1095, 1215, 52.34, 48, 0x0000000000000000
2026/09/29 18:44:06.933, 1095, 1215, 52.34, 48, 0x0000000000000000
2026/09/29 18:44:07.183, 1095, 1215, 52.40, 47, 0x0000000000000000
2026/09/29 18:44:07.433, 1095, 1215, 52.34, 47, 0x0000000000000000
2026/09/29 18:44:07.684, 1095, 1215, 52.06, 47, 0x0000000000000000
2026/09/29 18:44:07.934, 1095, 1215, 52.01, 47, 0x0000000000000000
2026/09/29 18:44:08.184, 1095, 1215, 52.01, 47, 0x0000000000000000
2026/09/29 18:44:08.434, 1095, 1215, 52.06, 47, 0x0000000000000000
2026/09/29 18:44:08.684, 1095, 1215, 52.01, 46, 0x0000000000000000
2026/09/29 18:44:08.934, 1095, 1215, 51.74, 46, 0x0000000000000000
2026/09/29 18:44:09.185, 1095, 1215, 51.74, 46, 0x0000000000000000
2026/09/29 18:44:09.435, 1095, 1215, 51.74, 46, 0x0000000000000000
2026/09/29 18:44:09.685, 1095, 1215, 51.74, 46, 0x0000000000000000
2026/09/29 18:44:09.935, 1095, 1215, 51.74, 46, 0x0000000000000000
2026/09/29 18:44:10.185, 1095, 1215, 51.74, 46, 0x0000000000000000
2026/09/29 18:44:10.435, 1095, 1215, 51.74, 46, 0x0000000000000000
2026/09/29 18:44:10.686, 1095, 1215, 51.47, 45, 0x0000000000000000
2026/09/29 18:44:10.936, 1095, 1215, 51.47, 45, 0x0000000000000000
2026/09/29 18:44:11.186, 1095, 1215, 51.52, 45, 0x0000000000000000
2026/09/29 18:44:11.436, 1095, 1215, 51.47, 45, 0x0000000000000000
2026/09/29 18:44:11.686, 1095, 1215, 52.01, 45, 0x0000000000000000
2026/09/29 18:44:11.937, 1095, 1215, 51.52, 45, 0x0000000000000000
2026/09/29 18:44:12.187, 1095, 1215, 51.47, 45, 0x0000000000000000
2026/09/29 18:44:12.437, 1095, 1215, 51.20, 45, 0x0000000000000000
2026/09/29 18:44:12.687, 1095, 1215, 51.14, 45, 0x0000000000000000
2026/09/29 18:44:12.937, 1095, 1215, 51.14, 44, 0x0000000000000000
2026/09/29 18:44:13.187, 1095, 1215, 51.14, 44, 0x0000000000000000
2026/09/29 18:44:13.437, 1095, 1215, 51.14, 44, 0x0000000000000000
2026/09/29 18:44:13.688, 1095, 1215, 51.14, 44, 0x0000000000000000
2026/09/29 18:44:13.938, 1095, 1215, 51.20, 44, 0x0000000000000000
2026/09/29 18:44:14.188, 1095, 1215, 51.14, 44, 0x0000000000000000
2026/09/29 18:44:14.438, 1095, 1215, 51.14, 44, 0x0000000000000000
2026/09/29 18:44:14.688, 1095, 1215, 50.92, 44, 0x0000000000000000
2026/09/29 18:44:14.938, 1095, 1215, 50.87, 44, 0x0000000000000000
2026/09/29 18:44:15.189, 1095, 1215, 50.92, 44, 0x0000000000000000
2026/09/29 18:44:15.439, 1095, 1215, 50.92, 43, 0x0000000000000000
2026/09/29 18:44:15.689, 1095, 1215, 50.87, 43, 0x0000000000000000
2026/09/29 18:44:15.939, 1095, 1215, 50.92, 43, 0x0000000000000000
2026/09/29 18:44:16.189, 1095, 1215, 50.87, 43, 0x0000000000000000
2026/09/29 18:44:16.439, 1095, 1215, 50.87, 43, 0x0000000000000000
2026/09/29 18:44:16.689, 1095, 1215, 50.87, 43, 0x0000000000000000
2026/09/29 18:44:16.940, 1095, 1215, 50.87, 43, 0x0000000000000000
2026/09/29 18:44:17.190, 1095, 1215, 50.87, 43, 0x0000000000000000
2026/09/29 18:44:17.440, 1095, 1215, 50.87, 43, 0x0000000000000000
2026/09/29 18:44:17.690, 1095, 1215, 50.87, 43, 0x0000000000000000
2026/09/29 18:44:17.940, 1095, 1215, 50.87, 43, 0x0000000000000000
2026/09/29 18:44:18.190, 1095, 1215, 50.87, 43, 0x0000000000000000
2026/09/29 18:44:18.441, 1095, 1215, 50.87, 42, 0x0000000000000000
2026/09/29 18:44:18.691, 1095, 1215, 50.54, 42, 0x0000000000000000
2026/09/29 18:44:18.941, 1095, 1215, 50.54, 42, 0x0000000000000000
2026/09/29 18:44:19.191, 1095, 1215, 50.54, 42, 0x0000000000000000
2026/09/29 18:44:19.441, 1095, 1215, 50.54, 42, 0x0000000000000000
2026/09/29 18:44:19.691, 1095, 1215, 50.54, 42, 0x0000000000000000
2026/09/29 18:44:19.942, 1095, 1215, 50.54, 42, 0x0000000000000000
2026/09/29 18:44:20.192, 1095, 1215, 50.54, 42, 0x0000000000000000
2026/09/29 18:44:20.442, 1095, 1215, 50.54, 42, 0x0000000000000000
2026/09/29 18:44:20.692, 1095, 1215, 50.27, 42, 0x0000000000000000
2026/09/29 18:44:20.942, 1095, 1215, 50.27, 42, 0x0000000000000000
2026/09/29 18:44:21.192, 1095, 1215, 50.27, 42, 0x0000000000000000
2026/09/29 18:44:21.443, 1095, 1215, 50.32, 42, 0x0000000000000000
2026/09/29 18:44:21.693, 1095, 1215, 50.32, 41, 0x0000000000000000
2026/09/29 18:44:21.943, 1095, 1215, 50.27, 41, 0x0000000000000000
2026/09/29 18:44:22.193, 1095, 1215, 50.32, 41, 0x0000000000000000
2026/09/29 18:44:22.443, 1095, 1215, 50.32, 41, 0x0000000000000000
2026/09/29 18:44:22.693, 1095, 1215, 50.27, 41, 0x0000000000000000
2026/09/29 18:44:22.944, 1095, 1215, 50.05, 41, 0x0000000000000000
2026/09/29 18:44:23.194, 1095, 1215, 50.27, 41, 0x0000000000000000
2026/09/29 18:44:23.444, 1095, 1215, 52.61, 41, 0x0000000000000000
2026/09/29 18:44:23.694, 1410, 1215, 68.39, 41, 0x0000000000000000
2026/09/29 18:44:23.944, 1410, 1215, 68.39, 41, 0x0000000000000000
2026/09/29 18:44:24.194, 1410, 1215, 68.39, 41, 0x0000000000000000
2026/09/29 18:44:24.444, 1410, 1215, 73.39, 43, 0x0000000000000000
2026/09/29 18:44:24.695, 1410, 1215, 90.64, 45, 0x0000000000000000
2026/09/29 18:44:24.945, 1410, 1215, 196.51, 45, 0x0000000000000000
2026/09/29 18:44:25.195, 1410, 1215, 137.43, 44, 0x0000000000000000
2026/09/29 18:44:25.445, 1410, 1215, 137.55, 45, 0x0000000000000000
2026/09/29 18:44:25.695, 1410, 1215, 113.76, 45, 0x0000000000000000
2026/09/29 18:44:25.945, 1410, 1215, 155.87, 44, 0x0000000000000000
2026/09/29 18:44:26.196, 1410, 1215, 154.95, 45, 0x0000000000000000
2026/09/29 18:44:26.446, 1410, 1215, 123.12, 44, 0x0000000000000000
2026/09/29 18:44:26.696, 1410, 1215, 135.36, 45, 0x0000000000000000
2026/09/29 18:44:26.946, 1410, 1215, 108.76, 45, 0x0000000000000000
2026/09/29 18:44:27.196, 1410, 1215, 143.25, 45, 0x0000000000000000
2026/09/29 18:44:27.446, 1410, 1215, 141.83, 45, 0x0000000000000000
2026/09/29 18:44:27.696, 1410, 1215, 137.70, 44, 0x0000000000000000
2026/09/29 18:44:27.947, 1410, 1215, 95.42, 45, 0x0000000000000000
2026/09/29 18:44:28.197, 1410, 1215, 105.27, 44, 0x0000000000000000
2026/09/29 18:44:28.447, 1410, 1215, 151.74, 45, 0x0000000000000000
2026/09/29 18:44:28.697, 1410, 1215, 133.02, 45, 0x0000000000000000
2026/09/29 18:44:28.947, 1410, 1215, 153.80, 45, 0x0000000000000000
2026/09/29 18:44:29.197, 1410, 1215, 153.80, 45, 0x0000000000000000
2026/09/29 18:44:29.447, 1410, 1215, 127.20, 45, 0x0000000000000000
2026/09/29 18:44:29.698, 1410, 1215, 155.27, 45, 0x0000000000000000
2026/09/29 18:44:29.948, 1410, 1215, 101.47, 45, 0x0000000000000000
2026/09/29 18:44:30.198, 1410, 1215, 138.57, 44, 0x0000000000000000
2026/09/29 18:44:30.448, 1410, 1215, 140.64, 44, 0x0000000000000000
2026/09/29 18:44:30.698, 1410, 1215, 137.16, 45, 0x0000000000000000
2026/09/29 18:44:30.948, 1410, 1215, 86.56, 44, 0x0000000000000000
2026/09/29 18:44:31.198, 1410, 1215, 133.62, 45, 0x0000000000000000
2026/09/29 18:44:31.449, 1410, 1215, 65.50, 43, 0x0000000000000000
2026/09/29 18:44:31.699, 1410, 1215, 65.18, 42, 0x0000000000000000
2026/09/29 18:44:31.949, 1410, 1215, 64.91, 42, 0x0000000000000000
2026/09/29 18:44:32.199, 1410, 1215, 64.91, 42, 0x0000000000000000
2026/09/29 18:44:32.449, 1410, 1215, 64.91, 42, 0x0000000000000000
2026/09/29 18:44:32.699, 1410, 1215, 64.91, 41, 0x0000000000000000
2026/09/29 18:44:32.949, 1410, 1215, 64.91, 41, 0x0000000000000000
2026/09/29 18:44:33.200, 1095, 1215, 50.05, 41, 0x0000000000000000
2026/09/29 18:44:33.450, 1095, 1215, 49.68, 41, 0x0000000000000000
2026/09/29 18:44:33.700, 1095, 1215, 49.40, 40, 0x0000000000000000
2026/09/29 18:44:33.950, 1095, 1215, 49.40, 40, 0x0000000000000000
2026/09/29 18:44:34.200, 1095, 1215, 105.55, 41, 0x0000000000000000
2026/09/29 18:44:34.450, 1410, 1215, 145.05, 42, 0x0000000000000000
2026/09/29 18:44:34.701, 1410, 1215, 144.72, 43, 0x0000000000000000
2026/09/29 18:44:34.951, 1410, 1215, 142.98, 43, 0x0000000000000000
2026/09/29 18:44:35.201, 1410, 1215, 142.71, 43, 0x0000000000000000
2026/09/29 18:44:35.451, 1410, 1215, 143.58, 44, 0x0000000000000000
2026/09/29 18:44:35.701, 1410, 1215, 145.59, 44, 0x0000000000000000
2026/09/29 18:44:35.952, 1410, 1215, 350.46, 50, 0x0000000000000000
2026/09/29 18:44:36.202, 1410, 1215, 401.28, 54, 0x0000000000000000
2026/09/29 18:44:36.452, 1410, 1215, 393.67, 55, 0x0000000000000000
2026/09/29 18:44:36.702, 1410, 1215, 381.40, 55, 0x0000000000000000
2026/09/29 18:44:36.952, 1395, 1215, 398.94, 56, 0x0000000000000004
2026/09/29 18:44:37.202, 1395, 1215, 403.28, 56, 0x0000000000000004
2026/09/29 18:44:37.452, 1395, 1215, 391.15, 56, 0x0000000000000004
2026/09/29 18:44:37.703, 1395, 1215, 385.01, 57, 0x0000000000000004
2026/09/29 18:44:37.953, 1395, 1215, 395.42, 57, 0x0000000000000004
2026/09/29 18:44:38.203, 1395, 1215, 389.88, 57, 0x0000000000000004
2026/09/29 18:44:38.453, 1395, 1215, 380.54, 57, 0x0000000000000004
2026/09/29 18:44:38.703, 1395, 1215, 414.80, 57, 0x0000000000000004
2026/09/29 18:44:38.953, 1395, 1215, 382.07, 57, 0x0000000000000004
2026/09/29 18:44:39.204, 1380, 1215, 391.42, 58, 0x0000000000000004
2026/09/29 18:44:39.454, 1395, 1215, 384.73, 58, 0x0000000000000004
2026/09/29 18:44:39.704, 1380, 1215, 401.37, 58, 0x0000000000000004
2026/09/29 18:44:39.954, 1380, 1215, 402.15, 59, 0x0000000000000004
2026/09/29 18:44:40.204, 1380, 1215, 400.08, 58, 0x0000000000000004
2026/09/29 18:44:40.454, 1380, 1215, 390.74, 59, 0x0000000000000004
2026/09/29 18:44:40.705, 1380, 1215, 387.27, 59, 0x0000000000000004
2026/09/29 18:44:40.955, 1380, 1215, 403.89, 59, 0x0000000000000004
2026/09/29 18:44:41.205, 1395, 1215, 398.44, 59, 0x0000000000000004
2026/09/29 18:44:41.455, 1380, 1215, 382.60, 59, 0x0000000000000004
2026/09/29 18:44:41.705, 1380, 1215, 397.15, 59, 0x0000000000000004
2026/09/29 18:44:41.955, 1395, 1215, 407.36, 60, 0x0000000000000004
2026/09/29 18:44:42.205, 1380, 1215, 418.76, 60, 0x0000000000000004
2026/09/29 18:44:42.456, 1380, 1215, 384.73, 60, 0x0000000000000004
2026/09/29 18:44:42.706, 1380, 1215, 410.62, 60, 0x0000000000000004
2026/09/29 18:44:42.956, 1365, 1215, 385.21, 60, 0x0000000000000004
2026/09/29 18:44:43.206, 1365, 1215, 394.68, 61, 0x0000000000000004
2026/09/29 18:44:43.456, 1365, 1215, 394.28, 61, 0x0000000000000004
2026/09/29 18:44:43.706, 1380, 1215, 397.75, 61, 0x0000000000000004
2026/09/29 18:44:43.956, 1380, 1215, 395.14, 61, 0x0000000000000004
2026/09/29 18:44:44.206, 1380, 1215, 392.48, 61, 0x0000000000000004
2026/09/29 18:44:44.457, 1380, 1215, 383.74, 61, 0x0000000000000004
2026/09/29 18:44:44.707, 1365, 1215, 397.15, 61, 0x0000000000000004
2026/09/29 18:44:44.957, 1365, 1215, 381.67, 61, 0x0000000000000004
2026/09/29 18:44:45.207, 1380, 1215, 415.28, 61, 0x0000000000000004
2026/09/29 18:44:45.457, 1365, 1215, 395.42, 61, 0x0000000000000004
2026/09/29 18:44:45.707, 1365, 1215, 403.01, 61, 0x0000000000000004
2026/09/29 18:44:45.958, 1365, 1215, 397.48, 62, 0x0000000000000004
2026/09/29 18:44:46.208, 1380, 1215, 397.48, 62, 0x0000000000000004
2026/09/29 18:44:46.458, 1395, 1215, 402.42, 61, 0x0000000000000004
2026/09/29 18:44:46.708, 1365, 1215, 367.67, 62, 0x0000000000000004
2026/09/29 18:44:46.958, 1365, 1215, 399.21, 62, 0x0000000000000004
2026/09/29 18:44:47.208, 1365, 1215, 414.37, 62, 0x0000000000000004
2026/09/29 18:44:47.459, 1380, 1215, 399.21, 62, 0x0000000000000004
2026/09/29 18:44:47.709, 1365, 1215, 319.84, 62, 0x0000000000000004
2026/09/29 18:44:47.959, 1365, 1215, 392.81, 62, 0x0000000000000004
2026/09/29 18:44:48.209, 1365, 1215, 385.21, 62, 0x0000000000000004
2026/09/29 18:44:48.459, 1380, 1215, 387.27, 62, 0x0000000000000004
2026/09/29 18:44:48.709, 1380, 1215, 372.34, 62, 0x0000000000000004
2026/09/29 18:44:48.960, 1380, 1215, 383.15, 63, 0x0000000000000004
2026/09/29 18:44:49.210, 1365, 1215, 394.82, 63, 0x0000000000000004
2026/09/29 18:44:49.460, 1365, 1215, 399.21, 63, 0x0000000000000004
2026/09/29 18:44:49.710, 1380, 1215, 422.29, 63, 0x0000000000000004
2026/09/29 18:44:49.960, 1395, 1215, 404.15, 64, 0x0000000000000004
2026/09/29 18:44:50.210, 1365, 1215, 387.54, 64, 0x0000000000000004
2026/09/29 18:44:50.461, 1380, 1215, 366.91, 63, 0x0000000000000004
2026/09/29 18:44:50.711, 1365, 1215, 418.76, 64, 0x0000000000000004
2026/09/29 18:44:50.961, 1365, 1215, 414.37, 63, 0x0000000000000004
2026/09/29 18:44:51.211, 1380, 1215, 417.30, 64, 0x0000000000000004
2026/09/29 18:44:51.461, 1380, 1215, 397.48, 63, 0x0000000000000004
2026/09/29 18:44:51.711, 1380, 1215, 371.80, 64, 0x0000000000000004
2026/09/29 18:44:51.961, 1365, 1215, 367.99, 64, 0x0000000000000004
2026/09/29 18:44:52.211, 1380, 1215, 387.54, 64, 0x0000000000000004
2026/09/29 18:44:52.462, 1380, 1215, 384.01, 63, 0x0000000000000004
2026/09/29 18:44:52.712, 1365, 1215, 414.09, 64, 0x0000000000000004
2026/09/29 18:44:52.962, 1365, 1215, 413.22, 64, 0x0000000000000004
2026/09/29 18:44:53.212, 1350, 1215, 399.21, 64, 0x0000000000000004
2026/09/29 18:44:53.462, 1365, 1215, 382.87, 64, 0x0000000000000004
2026/09/29 18:44:53.712, 1365, 1215, 383.74, 64, 0x0000000000000004
2026/09/29 18:44:53.963, 1365, 1215, 388.68, 65, 0x0000000000000004
2026/09/29 18:44:54.213, 1350, 1215, 409.42, 65, 0x0000000000000004
2026/09/29 18:44:54.463, 1365, 1215, 403.89, 64, 0x0000000000000004
2026/09/29 18:44:54.713, 1365, 1215, 395.69, 64, 0x0000000000000004
2026/09/29 18:44:54.963, 1380, 1215, 413.49, 64, 0x0000000000000004
2026/09/29 18:44:55.213, 1380, 1215, 377.93, 65, 0x0000000000000004
2026/09/29 18:44:55.464, 1365, 1215, 385.81, 65, 0x0000000000000004
2026/09/29 18:44:55.714, 1365, 1215, 396.61, 65, 0x0000000000000004
2026/09/29 18:44:55.964, 1365, 1215, 399.81, 65, 0x0000000000000004
2026/09/29 18:44:56.214, 1380, 1215, 412.62, 64, 0x0000000000000004
2026/09/29 18:44:56.464, 1380, 1215, 407.96, 65, 0x0000000000000004
2026/09/29 18:44:56.714, 1365, 1215, 412.95, 65, 0x0000000000000004
2026/09/29 18:44:56.965, 1365, 1215, 400.95, 65, 0x0000000000000004
2026/09/29 18:44:57.215, 1350, 1215, 376.74, 65, 0x0000000000000004
2026/09/29 18:44:57.465, 1365, 1215, 380.06, 65, 0x0000000000000004
2026/09/29 18:44:57.715, 1365, 1215, 386.08, 66, 0x0000000000000004
2026/09/29 18:44:57.965, 1350, 1215, 378.47, 65, 0x0000000000000004
2026/09/29 18:44:58.215, 1365, 1215, 407.69, 65, 0x0000000000000004
2026/09/29 18:44:58.466, 1365, 1215, 403.01, 66, 0x0000000000000004
2026/09/29 18:44:58.716, 1365, 1215, 427.83, 66, 0x0000000000000004
2026/09/29 18:44:58.966, 1365, 1215, 415.55, 66, 0x0000000000000004
2026/09/29 18:44:59.216, 1365, 1215, 395.42, 65, 0x0000000000000004
2026/09/29 18:44:59.466, 1365, 1215, 376.14, 65, 0x0000000000000004
2026/09/29 18:44:59.717, 1365, 1215, 368.86, 66, 0x0000000000000004
2026/09/29 18:44:59.967, 1365, 1215, 375.00, 66, 0x0000000000000004
2026/09/29 18:45:00.217, 1380, 1215, 362.13, 66, 0x0000000000000004
2026/09/29 18:45:00.467, 1365, 1215, 410.62, 66, 0x0000000000000004
2026/09/29 18:45:00.717, 1380, 1215, 396.88, 66, 0x0000000000000004
2026/09/29 18:45:00.967, 1350, 1215, 403.01, 66, 0x0000000000000004
2026/09/29 18:45:01.218, 1365, 1215, 367.67, 66, 0x0000000000000004
2026/09/29 18:45:01.468, 1365, 1215, 389.28, 66, 0x0000000000000004
2026/09/29 18:45:01.718, 1410, 1215, 387.27, 65, 0x0000000000000000
2026/09/29 18:45:01.968, 1410, 1215, 387.27, 65, 0x0000000000000000
2026/09/29 18:45:02.218, 1410, 1215, 383.74, 65, 0x0000000000000000
2026/09/29 18:45:02.468, 1410, 1215, 379.08, 65, 0x0000000000000000
2026/09/29 18:45:02.719, 1410, 1215, 387.81, 65, 0x0000000000000000
2026/09/29 18:45:02.969, 1410, 1215, 338.27, 65, 0x0000000000000000
2026/09/29 18:45:03.219, 1410, 1215, 384.94, 65, 0x0000000000000000
2026/09/29 18:45:03.469, 1410, 1215, 368.86, 66, 0x0000000000000000
2026/09/29 18:45:03.719, 1410, 1215, 398.94, 66, 0x0000000000000000
2026/09/29 18:45:03.969, 1410, 1215, 387.81, 66, 0x0000000000000000
2026/09/29 18:45:04.219, 1410, 1215, 375.27, 65, 0x0000000000000000
2026/09/29 18:45:04.470, 1410, 1215, 395.42, 66, 0x0000000000000000
2026/09/29 18:45:04.720, 1410, 1215, 390.74, 66, 0x0000000000000000
2026/09/29 18:45:04.970, 1410, 1215, 374.13, 66, 0x0000000000000000
2026/09/29 18:45:05.220, 1410, 1215, 402.57, 66, 0x0000000000000000
2026/09/29 18:45:05.470, 1395, 1215, 398.62, 67, 0x0000000000000004
2026/09/29 18:45:05.721, 1395, 1215, 404.75, 67, 0x0000000000000004
2026/09/29 18:45:05.971, 1395, 1215, 407.69, 67, 0x0000000000000004
2026/09/29 18:45:06.221, 1380, 1215, 395.42, 67, 0x0000000000000004
2026/09/29 18:45:06.471, 1395, 1215, 399.49, 67, 0x0000000000000004
2026/09/29 18:45:06.721, 1395, 1215, 397.15, 67, 0x0000000000000004
2026/09/29 18:45:06.971, 1395, 1215, 401.28, 67, 0x0000000000000004
2026/09/29 18:45:07.221, 1395, 1215, 402.15, 67, 0x0000000000000004
2026/09/29 18:45:07.472, 1395, 1215, 401.28, 67, 0x0000000000000004
2026/09/29 18:45:07.722, 1395, 1215, 391.01, 67, 0x0000000000000004
2026/09/29 18:45:07.972, 1395, 1215, 403.61, 67, 0x0000000000000004
2026/09/29 18:45:08.222, 1395, 1215, 396.88, 67, 0x0000000000000004
2026/09/29 18:45:08.472, 1380, 1215, 398.94, 67, 0x0000000000000004
2026/09/29 18:45:08.722, 1395, 1215, 399.49, 68, 0x0000000000000004
2026/09/29 18:45:08.973, 1365, 1215, 403.89, 68, 0x0000000000000004
2026/09/29 18:45:09.223, 1365, 1215, 400.35, 68, 0x0000000000000004
2026/09/29 18:45:09.473, 1365, 1215, 384.61, 68, 0x0000000000000004
2026/09/29 18:45:09.723, 1365, 1215, 398.62, 68, 0x0000000000000004
2026/09/29 18:45:09.973, 1365, 1215, 414.96, 68, 0x0000000000000004
2026/09/29 18:45:10.223, 1365, 1215, 394.28, 68, 0x0000000000000004
2026/09/29 18:45:10.474, 1365, 1215, 400.95, 68, 0x0000000000000004
2026/09/29 18:45:10.724, 1365, 1215, 379.35, 68, 0x0000000000000004
2026/09/29 18:45:10.974, 1380, 1215, 387.81, 68, 0x0000000000000004
2026/09/29 18:45:11.224, 1380, 1215, 379.35, 68, 0x0000000000000004
2026/09/29 18:45:11.474, 1365, 1215, 405.62, 68, 0x0000000000000004
2026/09/29 18:45:11.724, 1365, 1215, 412.35, 68, 0x0000000000000004
2026/09/29 18:45:11.974, 1380, 1215, 403.28, 68, 0x0000000000000004
2026/09/29 18:45:12.225, 1365, 1215, 400.95, 68, 0x0000000000000004
2026/09/29 18:45:12.475, 1365, 1215, 393.67, 68, 0x0000000000000004
2026/09/29 18:45:12.725, 1380, 1215, 389.60, 68, 0x0000000000000004
2026/09/29 18:45:12.975, 1365, 1215, 404.48, 69, 0x0000000000000004
2026/09/29 18:45:13.225, 1380, 1215, 415.55, 69, 0x0000000000000004
2026/09/29 18:45:13.476, 1365, 1215, 388.14, 69, 0x0000000000000004
2026/09/29 18:45:13.726, 1365, 1215, 379.94, 68, 0x0000000000000004
2026/09/29 18:45:13.976, 1380, 1215, 385.81, 68, 0x0000000000000004
2026/09/29 18:45:14.226, 1365, 1215, 390.74, 69, 0x0000000000000004
2026/09/29 18:45:14.476, 1365, 1215, 412.03, 69, 0x0000000000000004
2026/09/29 18:45:14.727, 1365, 1215, 398.62, 69, 0x0000000000000004
2026/09/29 18:45:14.977, 1365, 1215, 376.47, 69, 0x0000000000000004
2026/09/29 18:45:15.227, 1365, 1215, 402.15, 69, 0x0000000000000004
2026/09/29 18:45:15.477, 1335, 1215, 384.01, 69, 0x0000000000000004
2026/09/29 18:45:15.727, 1350, 1215, 421.69, 69, 0x0000000000000004
2026/09/29 18:45:15.977, 1350, 1215, 399.21, 69, 0x0000000000000004
2026/09/29 18:45:16.228, 1350, 1215, 403.89, 69, 0x0000000000000004
2026/09/29 18:45:16.478, 1365, 1215, 403.28, 69, 0x0000000000000004
2026/09/29 18:45:16.728, 1365, 1215, 375.27, 69, 0x0000000000000004
2026/09/29 18:45:16.978, 1350, 1215, 367.99, 69, 0x0000000000000004
2026/09/29 18:45:17.228, 1365, 1215, 404.48, 69, 0x0000000000000004
2026/09/29 18:45:17.478, 1365, 1215, 404.15, 69, 0x0000000000000004
2026/09/29 18:45:17.729, 1365, 1215, 424.62, 69, 0x0000000000000004
2026/09/29 18:45:17.979, 1350, 1215, 407.96, 69, 0x0000000000000004
2026/09/29 18:45:18.229, 1350, 1215, 393.67, 69, 0x0000000000000004
2026/09/29 18:45:18.479, 1350, 1215, 382.01, 69, 0x0000000000000004
2026/09/29 18:45:18.729, 1350, 1215, 419.03, 70, 0x0000000000000004
2026/09/29 18:45:18.980, 1365, 1215, 400.68, 70, 0x0000000000000004
2026/09/29 18:45:19.230, 1365, 1215, 401.82, 69, 0x0000000000000004
2026/09/29 18:45:19.480, 1335, 1215, 397.15, 70, 0x0000000000000004
2026/09/29 18:45:19.730, 1350, 1215, 393.95, 70, 0x0000000000000004
2026/09/29 18:45:19.980, 1365, 1215, 371.80, 70, 0x0000000000000004
2026/09/29 18:45:20.230, 1365, 1215, 397.75, 69, 0x0000000000000004
2026/09/29 18:45:20.481, 1350, 1215, 410.62, 69, 0x0000000000000004
2026/09/29 18:45:20.731, 1350, 1215, 386.94, 70, 0x0000000000000004
2026/09/29 18:45:20.981, 1350, 1215, 412.62, 70, 0x0000000000000004
2026/09/29 18:45:21.231, 1365, 1215, 405.35, 69, 0x0000000000000004
2026/09/29 18:45:21.481, 1350, 1215, 366.53, 70, 0x0000000000000004
2026/09/29 18:45:21.731, 1350, 1215, 387.27, 70, 0x0000000000000004
2026/09/29 18:45:21.982, 1350, 1215, 394.82, 70, 0x0000000000000004
2026/09/29 18:45:22.232, 1335, 1215, 408.28, 70, 0x0000000000000004
2026/09/29 18:45:22.482, 1350, 1215, 394.82, 70, 0x0000000000000004
2026/09/29 18:45:22.732, 1365, 1215, 416.42, 70, 0x0000000000000004
2026/09/29 18:45:22.982, 1335, 1215, 395.42, 70, 0x0000000000000004
2026/09/29 18:45:23.232, 1380, 1215, 378.47, 69, 0x0000000000000004
2026/09/29 18:45:23.483, 1365, 1215, 377.93, 70, 0x0000000000000004
2026/09/29 18:45:23.733, 1365, 1215, 400.68, 70, 0x0000000000000004
2026/09/29 18:45:23.983, 1350, 1215, 397.48, 70, 0x0000000000000004
2026/09/29 18:45:24.233, 1350, 1215, 423.43, 70, 0x0000000000000004
2026/09/29 18:45:24.483, 1350, 1215, 402.69, 69, 0x0000000000000004
2026/09/29 18:45:24.734, 1365, 1215, 397.48, 70, 0x0000000000000004
2026/09/29 18:45:24.984, 1350, 1215, 371.47, 70, 0x0000000000000004
2026/09/29 18:45:25.234, 1350, 1215, 394.55, 70, 0x0000000000000004
2026/09/29 18:45:25.484, 1365, 1215, 405.03, 70, 0x0000000000000004
2026/09/29 18:45:25.734, 1335, 1215, 399.21, 70, 0x0000000000000004
2026/09/29 18:45:25.984, 1350, 1215, 398.94, 70, 0x0000000000000004
2026/09/29 18:45:26.235, 1350, 1215, 417.30, 70, 0x0000000000000004
2026/09/29 18:45:26.485, 1350, 1215, 376.14, 71, 0x0000000000000004
2026/09/29 18:45:26.735, 1350, 1215, 375.27, 70, 0x0000000000000004
2026/09/29 18:45:26.985, 1350, 1215, 412.95, 70, 0x0000000000000004
2026/09/29 18:45:27.235, 1365, 1215, 412.95, 71, 0x0000000000000004
2026/09/29 18:45:27.486, 1365, 1215, 405.62, 71, 0x0000000000000004
2026/09/29 18:45:27.736, 1350, 1215, 426.64, 71, 0x0000000000000004
2026/09/29 18:45:27.986, 1350, 1215, 384.01, 70, 0x0000000000000004
2026/09/29 18:45:28.236, 1365, 1215, 379.08, 71, 0x0000000000000004
2026/09/29 18:45:28.486, 1365, 1215, 361.26, 70, 0x0000000000000004
2026/09/29 18:45:28.737, 1365, 1215, 430.43, 70, 0x0000000000000004
2026/09/29 18:45:28.987, 1395, 1215, 370.01, 70, 0x0000000000000004
2026/09/29 18:45:29.237, 1395, 1215, 377.01, 70, 0x0000000000000004
2026/09/29 18:45:29.487, 1410, 1215, 384.61, 70, 0x0000000000000000
2026/09/29 18:45:29.737, 1395, 1215, 409.42, 70, 0x0000000000000004
2026/09/29 18:45:29.988, 1380, 1215, 415.28, 70, 0x0000000000000004
2026/09/29 18:45:30.238, 1365, 1215, 387.34, 70, 0x0000000000000004
2026/09/29 18:45:30.488, 1365, 1215, 399.81, 70, 0x0000000000000004
2026/09/29 18:45:30.738, 1365, 1215, 396.01, 70, 0x0000000000000004
2026/09/29 18:45:30.988, 1365, 1215, 390.74, 70, 0x0000000000000004
2026/09/29 18:45:31.239, 1365, 1215, 400.08, 70, 0x0000000000000004
2026/09/29 18:45:31.489, 1380, 1215, 394.55, 70, 0x0000000000000004
2026/09/29 18:45:31.739, 1380, 1215, 407.09, 71, 0x0000000000000004
2026/09/29 18:45:31.989, 1395, 1215, 394.82, 71, 0x0000000000000004
2026/09/29 18:45:32.239, 1380, 1215, 407.26, 71, 0x0000000000000004
2026/09/29 18:45:32.490, 1380, 1215, 400.08, 71, 0x0000000000000004
2026/09/29 18:45:32.740, 1380, 1215, 411.76, 70, 0x0000000000000004
2026/09/29 18:45:32.990, 1395, 1215, 413.49, 67, 0x0000000000000004
2026/09/29 18:45:33.240, 1395, 1215, 398.62, 68, 0x0000000000000004
2026/09/29 18:45:33.490, 1410, 1215, 78.62, 59, 0x0000000000000000
2026/09/29 18:45:33.740, 1410, 1215, 76.60, 58, 0x0000000000000000
2026/09/29 18:45:33.991, 1410, 1215, 386.67, 67, 0x0000000000000000
2026/09/29 18:45:34.241, 1410, 1215, 384.01, 68, 0x0000000000000000
2026/09/29 18:45:34.491, 1410, 1215, 140.64, 63, 0x0000000000000000
2026/09/29 18:45:34.741, 1410, 1215, 77.47, 65, 0x0000000000000004
2026/09/29 18:45:34.992, 1380, 1215, 407.09, 68, 0x0000000000000004
2026/09/29 18:45:35.242, 1365, 1215, 388.68, 69, 0x0000000000000004
2026/09/29 18:45:35.492, 1365, 1215, 394.82, 69, 0x0000000000000004
2026/09/29 18:45:35.742, 1395, 1215, 87.98, 62, 0x0000000000000004
2026/09/29 18:45:35.992, 1410, 1215, 77.20, 58, 0x0000000000000000
2026/09/29 18:45:36.243, 1410, 1215, 75.13, 57, 0x0000000000000000
2026/09/29 18:45:36.493, 1395, 1215, 392.81, 66, 0x0000000000000004
2026/09/29 18:45:36.743, 1395, 1215, 406.22, 68, 0x0000000000000004
2026/09/29 18:45:36.993, 1395, 1215, 405.35, 69, 0x0000000000000004
2026/09/29 18:45:37.243, 1395, 1215, 403.61, 69, 0x0000000000000004
2026/09/29 18:45:37.493, 1410, 1215, 79.82, 61, 0x0000000000000000
2026/09/29 18:45:37.744, 1410, 1215, 75.73, 58, 0x0000000000000000
2026/09/29 18:45:37.994, 1410, 1215, 74.54, 56, 0x0000000000000000
2026/09/29 18:45:38.244, 1410, 1215, 74.27, 56, 0x0000000000000000
2026/09/29 18:45:38.494, 1410, 1215, 73.66, 55, 0x0000000000000000
2026/09/29 18:45:38.744, 1410, 1215, 78.62, 55, 0x0000000000000000
2026/09/29 18:45:38.994, 1410, 1215, 76.00, 54, 0x0000000000000000
2026/09/29 18:45:39.247, 1410, 1215, 76.28, 54, 0x0000000000000000
2026/09/29 18:45:39.497, 1410, 1215, 72.19, 54, 0x0000000000000000
2026/09/29 18:45:39.747, 1410, 1215, 71.92, 54, 0x0000000000000000
2026/09/29 18:45:39.997, 1410, 1215, 72.19, 53, 0x0000000000000000
2026/09/29 18:45:40.248, 1410, 1215, 71.60, 53, 0x0000000000000000
2026/09/29 18:45:40.498, 1410, 1215, 71.32, 53, 0x0000000000000001
2026/09/29 18:45:40.748, 1410, 1215, 71.32, 53, 0x0000000000000001
2026/09/29 18:45:40.998, 1410, 1215, 71.05, 53, 0x0000000000000001
2026/09/29 18:45:41.248, 330, 1215, 48.85, 52, 0x0000000000000001
2026/09/29 18:45:41.499, 300, 1215, 48.53, 51, 0x0000000000000001
2026/09/29 18:45:41.749, 285, 1215, 48.25, 51, 0x0000000000000001
2026/09/29 18:45:41.999, 240, 1215, 48.25, 51, 0x0000000000000001
2026/09/29 18:45:42.249, 210, 1215, 47.93, 51, 0x0000000000000001
2026/09/29 18:45:42.499, 210, 1215, 47.93, 50, 0x0000000000000001
2026/09/29 18:45:42.749, 210, 1215, 47.93, 50, 0x0000000000000001
2026/09/29 18:45:43.000, 210, 1215, 47.66, 50, 0x0000000000000001
2026/09/29 18:45:43.250, 210, 1215, 47.93, 50, 0x0000000000000001
2026/09/29 18:45:43.500, 210, 1215, 47.66, 50, 0x0000000000000001
2026/09/29 18:45:43.750, 210, 1215, 47.66, 50, 0x0000000000000001
2026/09/29 18:45:44.000, 1095, 1215, 53.48, 50, 0x0000000000000000
2026/09/29 18:45:44.250, 1095, 1215, 53.21, 50, 0x0000000000000000
2026/09/29 18:45:44.502, 1095, 1215, 53.21, 49, 0x0000000000000000
2026/09/29 18:45:44.752, 1095, 1215, 52.88, 49, 0x0000000000000000
2026/09/29 18:45:45.002, 1095, 1215, 52.88, 49, 0x0000000000000000
2026/09/29 18:45:45.252, 1095, 1215, 52.88, 49, 0x0000000000000000
2026/09/29 18:45:45.503, 1095, 1215, 53.81, 49, 0x0000000000000000
2026/09/29 18:45:45.753, 1095, 1215, 53.81, 50, 0x0000000000000000
2026/09/29 18:45:46.003, 1410, 1215, 119.31, 51, 0x0000000000000000
2026/09/29 18:45:46.253, 1410, 1215, 71.05, 51, 0x0000000000000000
2026/09/29 18:45:46.504, 1410, 1215, 202.72, 52, 0x0000000000000000
2026/09/29 18:45:46.754, 1410, 1215, 141.51, 52, 0x0000000000000000
2026/09/29 18:45:47.004, 1410, 1215, 139.77, 52, 0x0000000000000000
2026/09/29 18:45:47.254, 1410, 1215, 124.26, 52, 0x0000000000000000
2026/09/29 18:45:47.504, 1410, 1215, 155.87, 52, 0x0000000000000000
2026/09/29 18:45:47.754, 1410, 1215, 159.95, 51, 0x0000000000000000
2026/09/29 18:45:48.005, 1410, 1215, 155.27, 51, 0x0000000000000000
2026/09/29 18:45:48.255, 1410, 1215, 160.06, 51, 0x0000000000000000
2026/09/29 18:45:48.505, 1410, 1215, 160.23, 51, 0x0000000000000000
2026/09/29 18:45:48.755, 1410, 1215, 160.23, 52, 0x0000000000000000
2026/09/29 18:45:49.005, 1410, 1215, 160.23, 51, 0x0000000000000000
2026/09/29 18:45:49.255, 1410, 1215, 160.23, 52, 0x0000000000000000
2026/09/29 18:45:49.506, 1410, 1215, 160.23, 51, 0x0000000000000000
2026/09/29 18:45:49.756, 1410, 1215, 160.23, 51, 0x0000000000000000
2026/09/29 18:45:50.006, 1410, 1215, 159.62, 51, 0x0000000000000000
2026/09/29 18:45:50.256, 1410, 1215, 69.58, 50, 0x0000000000000000
2026/09/29 18:45:50.506, 1410, 1215, 68.99, 49, 0x0000000000000000
2026/09/29 18:45:50.757, 1410, 1215, 68.99, 49, 0x0000000000000000
2026/09/29 18:45:51.007, 1410, 1215, 68.79, 48, 0x0000000000000000
2026/09/29 18:45:51.257, 1410, 1215, 68.79, 48, 0x0000000000000000
2026/09/29 18:45:51.507, 1410, 1215, 68.39, 48, 0x0000000000000000
2026/09/29 18:45:51.757, 1410, 1215, 68.39, 48, 0x0000000000000000
2026/09/29 18:45:52.007, 1095, 1215, 52.01, 47, 0x0000000000000000
2026/09/29 18:45:52.258, 1095, 1215, 52.01, 47, 0x0000000000000000
2026/09/29 18:45:52.508, 1095, 1215, 93.25, 48, 0x0000000000000000
2026/09/29 18:45:52.758, 1365, 1215, 114.31, 48, 0x0000000000000000
2026/09/29 18:45:53.008, 1410, 1215, 120.18, 49, 0x0000000000000000
2026/09/29 18:45:53.258, 1410, 1215, 118.99, 49, 0x0000000000000000
2026/09/29 18:45:53.508, 1410, 1215, 118.44, 49, 0x0000000000000000
2026/09/29 18:45:53.758, 1410, 1215, 119.31, 49, 0x0000000000000000
2026/09/29 18:45:54.008, 1410, 1215, 353.76, 53, 0x0000000000000000
2026/09/29 18:45:54.259, 1410, 1215, 363.92, 57, 0x0000000000000000
2026/09/29 18:45:54.509, 1410, 1215, 331.26, 58, 0x0000000000000000
2026/09/29 18:45:54.759, 1410, 1215, 372.34, 59, 0x0000000000000000
2026/09/29 18:45:55.009, 1410, 1215, 375.00, 60, 0x0000000000000000
2026/09/29 18:45:55.259, 1410, 1215, 376.47, 60, 0x0000000000000000
2026/09/29 18:45:55.509, 1410, 1215, 366.53, 61, 0x0000000000000000
2026/09/29 18:45:55.759, 1410, 1215, 367.13, 61, 0x0000000000000000
2026/09/29 18:45:56.010, 1410, 1215, 379.67, 61, 0x0000000000000000
2026/09/29 18:45:56.260, 1410, 1215, 369.74, 60, 0x0000000000000000
2026/09/29 18:45:56.510, 1410, 1215, 71.92, 52, 0x0000000000000000
2026/09/29 18:45:56.760, 1410, 1215, 362.24, 57, 0x0000000000000000
2026/09/29 18:45:57.010, 1410, 1215, 74.86, 54, 0x0000000000000000
2026/09/29 18:45:57.261, 1410, 1215, 71.05, 51, 0x0000000000000000
2026/09/29 18:45:57.511, 1410, 1215, 69.26, 50, 0x0000000000000000
2026/09/29 18:45:57.761, 1410, 1215, 69.26, 49, 0x0000000000000000
2026/09/29 18:45:58.011, 1410, 1215, 68.72, 49, 0x0000000000000000
2026/09/29 18:45:58.261, 1410, 1215, 68.72, 48, 0x0000000000000000
2026/09/29 18:45:58.511, 1410, 1215, 71.60, 48, 0x0000000000000000
2026/09/29 18:45:58.761, 1410, 1215, 69.26, 48, 0x0000000000000000
2026/09/29 18:45:59.012, 1410, 1215, 68.11, 48, 0x0000000000000000
2026/09/29 18:45:59.262, 1410, 1215, 68.39, 47, 0x0000000000000000
2026/09/29 18:45:59.512, 1410, 1215, 68.39, 47, 0x0000000000000001
2026/09/29 18:45:59.762, 1410, 1215, 68.39, 47, 0x0000000000000001
2026/09/29 18:46:00.012, 1410, 1215, 68.39, 47, 0x0000000000000001
2026/09/29 18:46:00.262, 1410, 1215, 68.39, 47, 0x0000000000000001
2026/09/29 18:46:00.512, 390, 1215, 68.11, 46, 0x0000000000000001
2026/09/29 18:46:00.763, 360, 1215, 46.46, 46, 0x0000000000000001
2026/09/29 18:46:01.013, 330, 1215, 46.46, 46, 0x0000000000000001
2026/09/29 18:46:01.263, 300, 1215, 46.19, 45, 0x0000000000000001
2026/09/29 18:46:01.513, 240, 1215, 45.87, 45, 0x0000000000000001
2026/09/29 18:46:01.763, 225, 1215, 45.91, 45, 0x0000000000000001
2026/09/29 18:46:02.014, 210, 1215, 45.87, 45, 0x0000000000000001
2026/09/29 18:46:02.264, 210, 1215, 45.87, 45, 0x0000000000000001
2026/09/29 18:46:02.514, 210, 1215, 45.60, 45, 0x0000000000000001
2026/09/29 18:46:02.764, 210, 1215, 45.60, 45, 0x0000000000000001
2026/09/29 18:46:03.014, 210, 1215, 46.19, 44, 0x0000000000000001
2026/09/29 18:46:03.265, 210, 1215, 45.91, 44, 0x0000000000000001
2026/09/29 18:46:03.515, 210, 1215, 45.87, 44, 0x0000000000000001
2026/09/29 18:46:03.765, 1095, 1215, 54.73, 44, 0x0000000000000000
2026/09/29 18:46:04.018, 1095, 1215, 50.87, 44, 0x0000000000000000
2026/09/29 18:46:04.268, 1095, 1215, 50.87, 44, 0x0000000000000000
2026/09/29 18:46:04.518, 1095, 1215, 50.87, 44, 0x0000000000000000
2026/09/29 18:46:04.768, 1095, 1215, 51.74, 44, 0x0000000000000000
2026/09/29 18:46:05.019, 1095, 1215, 62.57, 44, 0x0000000000000000
2026/09/29 18:46:05.269, 1185, 1215, 117.24, 45, 0x0000000000000000
2026/09/29 18:46:05.519, 1410, 1215, 121.93, 46, 0x0000000000000000
2026/09/29 18:46:05.769, 1410, 1215, 184.49, 47, 0x0000000000000000
2026/09/29 18:46:06.019, 1410, 1215, 129.54, 47, 0x0000000000000000
2026/09/29 18:46:06.270, 1410, 1215, 134.82, 47, 0x0000000000000000
2026/09/29 18:46:06.520, 1410, 1215, 130.41, 47, 0x0000000000000000
2026/09/29 18:46:06.770, 1410, 1215, 131.55, 47, 0x0000000000000000
2026/09/29 18:46:07.020, 1410, 1215, 130.41, 47, 0x0000000000000000
2026/09/29 18:46:07.270, 1410, 1215, 130.41, 47, 0x0000000000000000
2026/09/29 18:46:07.520, 1410, 1215, 129.54, 47, 0x0000000000000000
2026/09/29 18:46:07.770, 1410, 1215, 130.41, 47, 0x0000000000000000
2026/09/29 18:46:08.021, 1410, 1215, 134.22, 47, 0x0000000000000000
2026/09/29 18:46:08.271, 1410, 1215, 138.90, 47, 0x0000000000000000
2026/09/29 18:46:08.521, 1410, 1215, 137.70, 47, 0x0000000000000000
2026/09/29 18:46:08.771, 1410, 1215, 142.71, 47, 0x0000000000000000
2026/09/29 18:46:09.021, 1410, 1215, 153.21, 47, 0x0000000000000000
2026/09/29 18:46:09.271, 1410, 1215, 149.40, 47, 0x0000000000000000
2026/09/29 18:46:09.521, 1410, 1215, 66.92, 45, 0x0000000000000000
2026/09/29 18:46:09.772, 1410, 1215, 66.65, 45, 0x0000000000000000
2026/09/29 18:46:10.022, 1410, 1215, 66.65, 44, 0x0000000000000000
2026/09/29 18:46:10.272, 1410, 1215, 66.65, 44, 0x0000000000000000
2026/09/29 18:46:10.522, 1410, 1215, 66.38, 44, 0x0000000000000000
2026/09/29 18:46:10.772, 1410, 1215, 66.38, 44, 0x0000000000000000
2026/09/29 18:46:11.022, 1410, 1215, 66.38, 44, 0x0000000000000000
2026/09/29 18:46:11.273, 1095, 1215, 50.87, 43, 0x0000000000000000
2026/09/29 18:46:11.523, 1095, 1215, 64.03, 43, 0x0000000000000000
2026/09/29 18:46:11.773, 1095, 1215, 85.96, 44, 0x0000000000000000
2026/09/29 18:46:12.023, 1395, 1215, 116.97, 44, 0x0000000000000000
2026/09/29 18:46:12.273, 1410, 1215, 118.11, 45, 0x0000000000000000
2026/09/29 18:46:12.524, 1410, 1215, 118.11, 45, 0x0000000000000000
2026/09/29 18:46:12.774, 1410, 1215, 116.65, 45, 0x0000000000000000
2026/09/29 18:46:13.024, 1410, 1215, 86.83, 45, 0x0000000000000000
2026/09/29 18:46:13.274, 1410, 1215, 328.65, 49, 0x0000000000000000
2026/09/29 18:46:13.524, 1410, 1215, 365.66, 54, 0x0000000000000000
2026/09/29 18:46:13.774, 1410, 1215, 368.27, 55, 0x0000000000000000
2026/09/29 18:46:14.024, 1410, 1215, 306.42, 55, 0x0000000000000000
2026/09/29 18:46:14.275, 1410, 1215, 385.48, 57, 0x0000000000000000
2026/09/29 18:46:14.525, 1410, 1215, 396.61, 58, 0x0000000000000000
2026/09/29 18:46:14.775, 1410, 1215, 389.88, 58, 0x0000000000000000
2026/09/29 18:46:15.025, 1410, 1215, 393.95, 58, 0x0000000000000000
2026/09/29 18:46:15.275, 1410, 1215, 70.73, 51, 0x0000000000000000
2026/09/29 18:46:15.525, 1410, 1215, 68.11, 47, 0x0000000000000000
2026/09/29 18:46:15.775, 1410, 1215, 67.52, 46, 0x0000000000000000
2026/09/29 18:46:16.026, 1410, 1215, 72.80, 46, 0x0000000000000000
2026/09/29 18:46:16.276, 1410, 1215, 70.19, 45, 0x0000000000000000
2026/09/29 18:46:16.526, 1410, 1215, 68.72, 45, 0x0000000000000000
2026/09/29 18:46:16.776, 1410, 1215, 67.24, 45, 0x0000000000000000
2026/09/29 18:46:17.026, 1410, 1215, 66.92, 44, 0x0000000000000000
2026/09/29 18:46:17.276, 1410, 1215, 67.24, 44, 0x0000000000000000
2026/09/29 18:46:17.526, 1410, 1215, 66.92, 44, 0x0000000000000001
2026/09/29 18:46:17.777, 1410, 1215, 66.38, 44, 0x0000000000000001
2026/09/29 18:46:18.027, 1410, 1215, 66.05, 44, 0x0000000000000001
2026/09/29 18:46:18.277, 390, 1215, 66.05, 43, 0x0000000000000001
2026/09/29 18:46:18.527, 360, 1215, 45.36, 43, 0x0000000000000001
2026/09/29 18:46:18.777, 330, 1215, 45.32, 43, 0x0000000000000001
2026/09/29 18:46:19.027, 270, 1215, 45.36, 42, 0x0000000000000001
2026/09/29 18:46:19.278, 255, 1215, 44.99, 42, 0x0000000000000001
2026/09/29 18:46:19.528, 225, 1215, 44.99, 42, 0x0000000000000001
2026/09/29 18:46:19.778, 210, 1215, 44.72, 42, 0x0000000000000001
2026/09/29 18:46:20.028, 210, 1215, 44.77, 42, 0x0000000000000001
2026/09/29 18:46:20.278, 210, 1215, 44.72, 42, 0x0000000000000001
2026/09/29 18:46:20.528, 210, 1215, 44.77, 42, 0x0000000000000001
2026/09/29 18:46:20.778, 210, 1215, 45.32, 42, 0x0000000000000001
2026/09/29 18:46:21.029, 210, 1215, 44.72, 42, 0x0000000000000001
2026/09/29 18:46:21.279, 210, 1215, 44.77, 41, 0x0000000000000001
2026/09/29 18:46:21.529, 1095, 1215, 50.87, 42, 0x0000000000000000
2026/09/29 18:46:21.780, 1095, 1215, 50.00, 41, 0x0000000000000000
2026/09/29 18:46:22.030, 1095, 1215, 50.05, 41, 0x0000000000000000
2026/09/29 18:46:22.280, 1095, 1215, 50.00, 41, 0x0000000000000000
2026/09/29 18:46:22.530, 1095, 1215, 51.14, 41, 0x0000000000000000
2026/09/29 18:46:22.781, 1095, 1215, 104.95, 42, 0x0000000000000000
2026/09/29 18:46:23.031, 1410, 1215, 106.69, 42, 0x0000000000000000
2026/09/29 18:46:23.281, 1410, 1215, 125.74, 44, 0x0000000000000000
2026/09/29 18:46:23.531, 1410, 1215, 138.90, 45, 0x0000000000000000
2026/09/29 18:46:23.781, 1410, 1215, 124.86, 44, 0x0000000000000000
2026/09/29 18:46:24.031, 1410, 1215, 108.16, 44, 0x0000000000000000
2026/09/29 18:46:24.281, 1410, 1215, 112.57, 45, 0x0000000000000000
2026/09/29 18:46:24.532, 1410, 1215, 112.84, 45, 0x0000000000000000
2026/09/29 18:46:24.782, 1410, 1215, 112.30, 45, 0x0000000000000000
2026/09/29 18:46:25.032, 1410, 1215, 111.42, 45, 0x0000000000000000
2026/09/29 18:46:25.282, 1410, 1215, 114.03, 45, 0x0000000000000000
2026/09/29 18:46:25.532, 1410, 1215, 115.77, 45, 0x0000000000000000
2026/09/29 18:46:25.782, 1410, 1215, 118.44, 45, 0x0000000000000000
2026/09/29 18:46:26.033, 1410, 1215, 123.39, 45, 0x0000000000000000
2026/09/29 18:46:26.283, 1410, 1215, 122.52, 45, 0x0000000000000000
2026/09/29 18:46:26.533, 1410, 1215, 125.74, 45, 0x0000000000000000
2026/09/29 18:46:26.783, 1410, 1215, 127.20, 45, 0x0000000000000000
2026/09/29 18:46:27.033, 1410, 1215, 130.68, 45, 0x0000000000000000
2026/09/29 18:46:27.283, 1410, 1215, 65.50, 43, 0x0000000000000000
2026/09/29 18:46:27.533, 1410, 1215, 65.18, 42, 0x0000000000000000
2026/09/29 18:46:27.784, 1410, 1215, 64.91, 42, 0x0000000000000000
2026/09/29 18:46:28.034, 1410, 1215, 64.91, 42, 0x0000000000000000
2026/09/29 18:46:28.284, 1410, 1215, 64.91, 42, 0x0000000000000000
2026/09/29 18:46:28.534, 1410, 1215, 64.91, 42, 0x0000000000000000
2026/09/29 18:46:28.784, 1410, 1215, 64.91, 42, 0x0000000000000000
2026/09/29 18:46:29.034, 1095, 1215, 50.00, 41, 0x0000000000000000
2026/09/29 18:46:29.285, 1095, 1215, 80.68, 41, 0x0000000000000000
2026/09/29 18:46:29.535, 1095, 1215, 84.76, 41, 0x0000000000000000
2026/09/29 18:46:29.785, 1365, 1215, 106.69, 42, 0x0000000000000000
2026/09/29 18:46:30.035, 1410, 1215, 114.63, 43, 0x0000000000000000
2026/09/29 18:46:30.285, 1410, 1215, 112.84, 43, 0x0000000000000000
2026/09/29 18:46:30.535, 1410, 1215, 119.58, 43, 0x0000000000000000
2026/09/29 18:46:30.786, 1410, 1215, 114.91, 43, 0x0000000000000000
2026/09/29 18:46:31.036, 1410, 1215, 328.92, 47, 0x0000000000000000
2026/09/29 18:46:31.286, 1410, 1215, 343.45, 51, 0x0000000000000000
2026/09/29 18:46:31.536, 1410, 1215, 344.68, 52, 0x0000000000000000
2026/09/29 18:46:31.786, 1410, 1215, 355.45, 53, 0x0000000000000000
2026/09/29 18:46:32.036, 1410, 1215, 352.52, 54, 0x0000000000000000
2026/09/29 18:46:32.287, 1410, 1215, 358.70, 54, 0x0000000000000000
2026/09/29 18:46:32.537, 1410, 1215, 349.92, 54, 0x0000000000000000
2026/09/29 18:46:32.787, 1410, 1215, 351.93, 54, 0x0000000000000000
2026/09/29 18:46:33.037, 1410, 1215, 73.66, 51, 0x0000000000000000
2026/09/29 18:46:33.287, 1410, 1215, 68.72, 46, 0x0000000000000000
2026/09/29 18:46:33.537, 1410, 1215, 67.24, 44, 0x0000000000000000
2026/09/29 18:46:33.788, 1410, 1215, 66.92, 44, 0x0000000000000000
2026/09/29 18:46:34.038, 1410, 1215, 73.07, 43, 0x0000000000000000
2026/09/29 18:46:34.288, 1410, 1215, 69.58, 43, 0x0000000000000000
2026/09/29 18:46:34.539, 1410, 1215, 66.12, 43, 0x0000000000000000
2026/09/29 18:46:34.789, 1410, 1215, 66.05, 42, 0x0000000000000000
2026/09/29 18:46:35.039, 1410, 1215, 66.05, 42, 0x0000000000000000
2026/09/29 18:46:35.289, 1410, 1215, 65.77, 42, 0x0000000000000000
2026/09/29 18:46:35.539, 1410, 1215, 65.77, 42, 0x0000000000000001
2026/09/29 18:46:35.789, 1410, 1215, 65.84, 42, 0x0000000000000001
2026/09/29 18:46:36.040, 1410, 1215, 65.84, 42, 0x0000000000000001
2026/09/29 18:46:36.290, 285, 1215, 44.99, 41, 0x0000000000000001
2026/09/29 18:46:36.540, 270, 1215, 45.04, 41, 0x0000000000000001
2026/09/29 18:46:36.790, 240, 1215, 44.72, 41, 0x0000000000000001
2026/09/29 18:46:37.040, 1095, 1215, 52.88, 41, 0x0000000000000000
2026/09/29 18:46:37.291, 1095, 1215, 50.00, 41, 0x0000000000000000
2026/09/29 18:46:37.541, 1095, 1215, 49.68, 40, 0x0000000000000000
2026/09/29 18:46:37.791, 1095, 1215, 49.68, 40, 0x0000000000000000
2026/09/29 18:46:38.041, 1095, 1215, 49.68, 40, 0x0000000000000000
2026/09/29 18:46:38.291, 1095, 1215, 49.68, 40, 0x0000000000000000
2026/09/29 18:46:38.541, 1095, 1215, 49.68, 40, 0x0000000000000000
2026/09/29 18:46:38.791, 1095, 1215, 50.00, 40, 0x0000000000000000
2026/09/29 18:46:39.042, 1095, 1215, 54.08, 40, 0x0000000000000000
2026/09/29 18:46:39.292, 1095, 1215, 49.73, 40, 0x0000000000000000
2026/09/29 18:46:39.542, 1095, 1215, 49.68, 40, 0x0000000000000000
2026/09/29 18:46:39.793, 1095, 1215, 49.68, 40, 0x0000000000000000
2026/09/29 18:46:40.043, 1095, 1215, 49.73, 40, 0x0000000000000000
2026/09/29 18:46:40.293, 1095, 1215, 49.68, 40, 0x0000000000000000
2026/09/29 18:46:40.543, 1095, 1215, 49.40, 40, 0x0000000000000000
2026/09/29 18:46:40.794, 1095, 1215, 49.45, 40, 0x0000000000000000
2026/09/29 18:46:41.044, 1095, 1215, 49.68, 40, 0x0000000000000000
2026/09/29 18:46:41.294, 1095, 1215, 49.73, 40, 0x0000000000000000
2026/09/29 18:46:41.544, 1095, 1215, 51.14, 39, 0x0000000000000000
2026/09/29 18:46:41.794, 1095, 1215, 49.40, 39, 0x0000000000000000
2026/09/29 18:46:42.044, 1095, 1215, 50.05, 39, 0x0000000000000000
2026/09/29 18:46:42.294, 1095, 1215, 49.68, 39, 0x0000000000000000
2026/09/29 18:46:42.545, 1095, 1215, 49.40, 39, 0x0000000000000000
2026/09/29 18:46:42.795, 1095, 1215, 49.73, 39, 0x0000000000000000
2026/09/29 18:46:43.045, 1095, 1215, 50.32, 39, 0x0000000000000000
2026/09/29 18:46:43.295, 1095, 1215, 50.00, 39, 0x0000000000000000
2026/09/29 18:46:43.545, 1095, 1215, 49.40, 39, 0x0000000000000000
2026/09/29 18:46:43.795, 1095, 1215, 50.54, 39, 0x0000000000000000
2026/09/29 18:46:44.046, 1095, 1215, 49.68, 39, 0x0000000000000000
2026/09/29 18:46:44.296, 1095, 1215, 49.18, 39, 0x0000000000000000
2026/09/29 18:46:44.546, 1095, 1215, 49.68, 39, 0x0000000000000000
2026/09/29 18:46:44.796, 1095, 1215, 49.40, 39, 0x0000000000000000
2026/09/29 18:46:45.046, 1095, 1215, 50.92, 39, 0x0000000000000000
2026/09/29 18:46:45.296, 1095, 1215, 50.27, 39, 0x0000000000000000
2026/09/29 18:46:45.546, 1095, 1215, 49.40, 39, 0x0000000000000000
2026/09/29 18:46:45.797, 1095, 1215, 50.32, 39, 0x0000000000000000
2026/09/29 18:46:46.047, 1095, 1215, 50.87, 39, 0x0000000000000000
2026/09/29 18:46:46.297, 1095, 1215, 49.40, 39, 0x0000000000000000
2026/09/29 18:46:46.547, 1095, 1215, 51.47, 39, 0x0000000000000000
2026/09/29 18:46:46.797, 1095, 1215, 49.13, 38, 0x0000000000000000
2026/09/29 18:46:47.047, 1095, 1215, 49.13, 38, 0x0000000000000000
2026/09/29 18:46:47.298, 1095, 1215, 48.80, 38, 0x0000000000000000
2026/09/29 18:46:47.548, 1095, 1215, 53.81, 38, 0x0000000000000000
2026/09/29 18:46:47.798, 1095, 1215, 48.80, 38, 0x0000000000000000
2026/09/29 18:46:48.048, 1095, 1215, 48.80, 38, 0x0000000000000000
2026/09/29 18:46:48.298, 1095, 1215, 49.13, 38, 0x0000000000000000
2026/09/29 18:46:48.548, 1095, 1215, 48.80, 38, 0x0000000000000000
2026/09/29 18:46:48.798, 1095, 1215, 48.80, 38, 0x0000000000000000
2026/09/29 18:46:49.049, 1095, 1215, 48.85, 38, 0x0000000000000000
2026/09/29 18:46:49.299, 1095, 1215, 67.52, 38, 0x0000000000000000
2026/09/29 18:46:49.549, 1260, 1215, 76.28, 39, 0x0000000000000000
2026/09/29 18:46:49.799, 1410, 1215, 64.03, 39, 0x0000000000000000
2026/09/29 18:46:50.049, 1410, 1215, 63.71, 39, 0x0000000000000000
2026/09/29 18:46:50.299, 1410, 1215, 63.23, 39, 0x0000000000000000
2026/09/29 18:46:50.550, 1410, 1215, 63.16, 39, 0x0000000000000000
2026/09/29 18:46:50.800, 1410, 1215, 63.44, 39, 0x0000000000000000
2026/09/29 18:46:51.050, 1410, 1215, 63.71, 39, 0x0000000000000000
2026/09/29 18:46:51.300, 1410, 1215, 80.41, 39, 0x0000000000000000
2026/09/29 18:46:51.550, 1095, 1215, 60.50, 39, 0x0000000000000000
2026/09/29 18:46:51.800, 1110, 1215, 59.69, 38, 0x0000000000000000
2026/09/29 18:46:52.051, 1125, 1215, 61.37, 38, 0x0000000000000000
2026/09/29 18:46:52.301, 1125, 1215, 63.16, 38, 0x0000000000000000
2026/09/29 18:46:52.551, 1125, 1215, 50.00, 38, 0x0000000000000000
2026/09/29 18:46:52.801, 1125, 1215, 50.05, 38, 0x0000000000000000
2026/09/29 18:46:53.051, 1125, 1215, 50.00, 38, 0x0000000000000000
2026/09/29 18:46:53.301, 1125, 1215, 56.48, 38, 0x0000000000000000
2026/09/29 18:46:53.551, 1125, 1215, 55.00, 38, 0x0000000000000000
2026/09/29 18:46:53.802, 1095, 1215, 49.68, 38, 0x0000000000000000
2026/09/29 18:46:54.052, 1095, 1215, 58.76, 38, 0x0000000000000000
2026/09/29 18:46:54.302, 1095, 1215, 48.80, 38, 0x0000000000000000
2026/09/29 18:46:54.552, 1095, 1215, 49.40, 38, 0x0000000000000000
2026/09/29 18:46:54.802, 1095, 1215, 49.73, 38, 0x0000000000000000
2026/09/29 18:46:55.052, 1095, 1215, 49.13, 38, 0x0000000000000000
2026/09/29 18:46:55.302, 1095, 1215, 48.85, 37, 0x0000000000000000
2026/09/29 18:46:55.552, 1095, 1215, 48.85, 37, 0x0000000000000000
2026/09/29 18:46:55.803, 1095, 1215, 49.40, 37, 0x0000000000000000
2026/09/29 18:46:56.053, 1095, 1215, 50.54, 37, 0x0000000000000000
2026/09/29 18:46:56.303, 1095, 1215, 49.13, 37, 0x0000000000000000
2026/09/29 18:46:56.553, 1095, 1215, 50.54, 37, 0x0000000000000000
2026/09/29 18:46:56.803, 1095, 1215, 50.05, 37, 0x0000000000000000
2026/09/29 18:46:57.053, 1095, 1215, 51.74, 37, 0x0000000000000000
2026/09/29 18:46:57.303, 1095, 1215, 48.80, 37, 0x0000000000000000
2026/09/29 18:46:57.554, 1095, 1215, 49.40, 37, 0x0000000000000000
2026/09/29 18:46:57.804, 1095, 1215, 49.13, 37, 0x0000000000000000
2026/09/29 18:46:58.054, 1095, 1215, 48.85, 37, 0x0000000000000000
2026/09/29 18:46:58.304, 1095, 1215, 48.53, 37, 0x0000000000000000
2026/09/29 18:46:58.554, 1095, 1215, 48.80, 37, 0x0000000000000000
2026/09/29 18:46:58.804, 1410, 1215, 50.54, 37, 0x0000000000000000
2026/09/29 18:46:59.054, 1410, 1215, 63.16, 37, 0x0000000000000000
2026/09/29 18:46:59.305, 1410, 1215, 63.16, 37, 0x0000000000000000
2026/09/29 18:46:59.555, 1410, 1215, 62.84, 37, 0x0000000000000000
2026/09/29 18:46:59.805, 1410, 1215, 180.41, 38, 0x0000000000000000
2026/09/29 18:47:00.055, 1410, 1215, 63.44, 39, 0x0000000000000000
2026/09/29 18:47:00.305, 1410, 1215, 63.16, 38, 0x0000000000000000
2026/09/29 18:47:00.555, 1410, 1215, 63.16, 38, 0x0000000000000000
2026/09/29 18:47:00.806, 1410, 1215, 63.16, 38, 0x0000000000000000
2026/09/29 18:47:01.056, 1410, 1215, 63.44, 38, 0x0000000000000000
2026/09/29 18:47:01.306, 1410, 1215, 129.54, 39, 0x0000000000000000
2026/09/29 18:47:01.556, 1410, 1215, 67.84, 38, 0x0000000000000000
2026/09/29 18:47:01.806, 1410, 1215, 69.26, 39, 0x0000000000000000
2026/09/29 18:47:02.056, 1410, 1215, 66.38, 38, 0x0000000000000000
2026/09/29 18:47:02.306, 1410, 1215, 68.72, 38, 0x0000000000000000
2026/09/29 18:47:02.557, 1410, 1215, 68.11, 38, 0x0000000000000000
2026/09/29 18:47:02.807, 1410, 1215, 64.03, 38, 0x0000000000000000
2026/09/29 18:47:03.057, 1410, 1215, 63.44, 38, 0x0000000000000000
2026/09/29 18:47:03.307, 1410, 1215, 63.44, 38, 0x0000000000000000
2026/09/29 18:47:03.557, 1410, 1215, 65.77, 37, 0x0000000000000000
2026/09/29 18:47:03.807, 1095, 1215, 64.91, 37, 0x0000000000000000
2026/09/29 18:47:04.057, 1095, 1215, 48.80, 37, 0x0000000000000000
2026/09/29 18:47:04.308, 1095, 1215, 48.85, 37, 0x0000000000000000
2026/09/29 18:47:04.558, 1095, 1215, 48.58, 37, 0x0000000000000000
2026/09/29 18:47:04.808, 1095, 1215, 49.13, 37, 0x0000000000000000
2026/09/29 18:47:05.058, 1095, 1215, 48.53, 37, 0x0000000000000000
2026/09/29 18:47:05.308, 1095, 1215, 48.80, 37, 0x0000000000000000
2026/09/29 18:47:05.558, 1095, 1215, 50.27, 37, 0x0000000000000000
2026/09/29 18:47:05.808, 1095, 1215, 48.20, 37, 0x0000000000000000
2026/09/29 18:47:06.059, 1095, 1215, 48.53, 37, 0x0000000000000000
2026/09/29 18:47:06.309, 1095, 1215, 49.73, 37, 0x0000000000000000
2026/09/29 18:47:06.559, 1095, 1215, 50.54, 36, 0x0000000000000000
2026/09/29 18:47:06.809, 1095, 1215, 51.47, 37, 0x0000000000000000
2026/09/29 18:47:07.059, 1095, 1215, 50.05, 36, 0x0000000000000000
2026/09/29 18:47:07.309, 1095, 1215, 48.25, 36, 0x0000000000000000
2026/09/29 18:47:07.559, 1095, 1215, 48.53, 36, 0x0000000000000000
2026/09/29 18:47:07.809, 1095, 1215, 48.85, 36, 0x0000000000000000
2026/09/29 18:47:08.060, 1095, 1215, 50.27, 36, 0x0000000000000000
2026/09/29 18:47:08.310, 1095, 1215, 48.80, 36, 0x0000000000000000
2026/09/29 18:47:08.560, 1095, 1215, 48.85, 36, 0x0000000000000000
2026/09/29 18:47:08.810, 1095, 1215, 49.68, 36, 0x0000000000000000
2026/09/29 18:47:09.060, 1095, 1215, 49.68, 36, 0x0000000000000000
2026/09/29 18:47:09.310, 1095, 1215, 48.53, 36, 0x0000000000000000
2026/09/29 18:47:09.560, 1095, 1215, 50.54, 36, 0x0000000000000000
2026/09/29 18:47:09.810, 1095, 1215, 49.40, 36, 0x0000000000000000
2026/09/29 18:47:10.061, 1095, 1215, 49.45, 36, 0x0000000000000000
2026/09/29 18:47:10.311, 1095, 1215, 49.13, 36, 0x0000000000000000
2026/09/29 18:47:10.561, 1095, 1215, 48.53, 36, 0x0000000000000000
2026/09/29 18:47:10.811, 1095, 1215, 49.40, 36, 0x0000000000000000
2026/09/29 18:47:11.061, 1095, 1215, 49.68, 36, 0x0000000000000000
2026/09/29 18:47:11.311, 1095, 1215, 50.87, 36, 0x0000000000000000
2026/09/29 18:47:11.561, 1095, 1215, 50.00, 36, 0x0000000000000000
2026/09/29 18:47:11.811, 1095, 1215, 49.13, 36, 0x0000000000000000
2026/09/29 18:47:12.062, 1095, 1215, 49.45, 36, 0x0000000000000000
2026/09/29 18:47:12.312, 1095, 1215, 48.80, 36, 0x0000000000000000
2026/09/29 18:47:12.562, 1095, 1215, 50.59, 36, 0x0000000000000000
2026/09/29 18:47:12.812, 1095, 1215, 49.73, 36, 0x0000000000000000
2026/09/29 18:47:13.062, 1095, 1215, 48.53, 36, 0x0000000000000000
2026/09/29 18:47:13.312, 1095, 1215, 48.58, 36, 0x0000000000000000
2026/09/29 18:47:13.562, 1095, 1215, 48.58, 36, 0x0000000000000000
2026/09/29 18:47:13.813, 1095, 1215, 48.53, 36, 0x0000000000000000
2026/09/29 18:47:14.063, 1095, 1215, 48.85, 36, 0x0000000000000000
2026/09/29 18:47:14.313, 1095, 1215, 48.53, 36, 0x0000000000000000
2026/09/29 18:47:14.563, 1095, 1215, 49.13, 36, 0x0000000000000000
2026/09/29 18:47:14.813, 1095, 1215, 49.68, 36, 0x0000000000000000
2026/09/29 18:47:15.063, 1095, 1215, 48.53, 36, 0x0000000000000000
2026/09/29 18:47:15.313, 1095, 1215, 50.00, 36, 0x0000000000000000
2026/09/29 18:47:15.563, 1095, 1215, 48.25, 36, 0x0000000000000000
2026/09/29 18:47:15.814, 1095, 1215, 48.53, 36, 0x0000000000000000
2026/09/29 18:47:16.064, 1095, 1215, 49.68, 36, 0x0000000000000000
2026/09/29 18:47:16.314, 1095, 1215, 48.58, 36, 0x0000000000000000
2026/09/29 18:47:16.564, 1095, 1215, 50.00, 36, 0x0000000000000000
2026/09/29 18:47:16.814, 1095, 1215, 49.13, 36, 0x0000000000000000
2026/09/29 18:47:17.064, 1095, 1215, 50.54, 36, 0x0000000000000000
2026/09/29 18:47:17.314, 1095, 1215, 48.20, 36, 0x0000000000000000
2026/09/29 18:47:17.564, 1095, 1215, 48.20, 36, 0x0000000000000000
2026/09/29 18:47:17.814, 1095, 1215, 50.27, 36, 0x0000000000000000
2026/09/29 18:47:18.065, 1095, 1215, 50.54, 36, 0x0000000000000000
2026/09/29 18:47:18.315, 1095, 1215, 48.20, 36, 0x0000000000000000
2026/09/29 18:47:18.565, 1095, 1215, 50.32, 35, 0x0000000000000000
2026/09/29 18:47:18.815, 1095, 1215, 49.40, 35, 0x0000000000000000
2026/09/29 18:47:19.065, 1095, 1215, 49.45, 35, 0x0000000000000000
2026/09/29 18:47:19.315, 1110, 1215, 51.14, 36, 0x0000000000000000
2026/09/29 18:47:19.565, 1410, 1215, 79.82, 36, 0x0000000000000000
2026/09/29 18:47:19.815, 1410, 1215, 68.72, 36, 0x0000000000000000
2026/09/29 18:47:20.066, 1410, 1215, 63.44, 37, 0x0000000000000000
2026/09/29 18:47:20.316, 1410, 1215, 66.44, 37, 0x0000000000000000
2026/09/29 18:47:20.566, 1410, 1215, 66.12, 37, 0x0000000000000000
2026/09/29 18:47:20.816, 1410, 1215, 67.52, 37, 0x0000000000000000
2026/09/29 18:47:21.066, 1410, 1215, 64.10, 37, 0x0000000000000000
2026/09/29 18:47:21.316, 1410, 1215, 62.57, 36, 0x0000000000000000
2026/09/29 18:47:21.566, 1410, 1215, 66.92, 36, 0x0000000000000000
2026/09/29 18:47:21.817, 1410, 1215, 63.71, 36, 0x0000000000000000
2026/09/29 18:47:22.067, 1410, 1215, 62.84, 36, 0x0000000000000000
2026/09/29 18:47:22.317, 1410, 1215, 62.57, 36, 0x0000000000000000
2026/09/29 18:47:22.567, 1095, 1215, 64.58, 36, 0x0000000000000000
2026/09/29 18:47:22.817, 1095, 1215, 49.68, 36, 0x0000000000000000
2026/09/29 18:47:23.067, 1095, 1215, 48.20, 36, 0x0000000000000000
2026/09/29 18:47:23.317, 1095, 1215, 47.98, 35, 0x0000000000000000
2026/09/29 18:47:23.567, 1095, 1215, 47.93, 35, 0x0000000000000000
2026/09/29 18:47:23.818, 1095, 1215, 50.59, 35, 0x0000000000000000
2026/09/29 18:47:24.068, 1095, 1215, 49.13, 35, 0x0000000000000000
2026/09/29 18:47:24.318, 1095, 1215, 48.20, 35, 0x0000000000000000
2026/09/29 18:47:24.568, 1095, 1215, 48.20, 35, 0x0000000000000000
2026/09/29 18:47:24.818, 1095, 1215, 49.40, 35, 0x0000000000000000
2026/09/29 18:47:25.068, 1095, 1215, 51.14, 35, 0x0000000000000000
2026/09/29 18:47:25.318, 1095, 1215, 48.25, 35, 0x0000000000000000
2026/09/29 18:47:25.568, 1095, 1215, 48.20, 35, 0x0000000000000000
2026/09/29 18:47:25.819, 1095, 1215, 49.40, 35, 0x0000000000000000
2026/09/29 18:47:26.069, 1095, 1215, 48.25, 35, 0x0000000000000000
2026/09/29 18:47:26.319, 1095, 1215, 50.59, 35, 0x0000000000000000
2026/09/29 18:47:26.569, 1095, 1215, 48.53, 35, 0x0000000000000000
2026/09/29 18:47:26.819, 1095, 1215, 48.25, 35, 0x0000000000000000
2026/09/29 18:47:27.069, 1095, 1215, 47.98, 35, 0x0000000000000000
2026/09/29 18:47:27.320, 1095, 1215, 48.53, 35, 0x0000000000000000
2026/09/29 18:47:27.570, 1095, 1215, 48.20, 35, 0x0000000000000000
2026/09/29 18:47:27.820, 1095, 1215, 51.20, 35, 0x0000000000000000
2026/09/29 18:47:28.070, 1095, 1215, 49.68, 35, 0x0000000000000000
2026/09/29 18:47:28.320, 1095, 1215, 48.20, 35, 0x0000000000000000
2026/09/29 18:47:28.570, 1095, 1215, 48.85, 35, 0x0000000000000000
2026/09/29 18:47:28.821, 1095, 1215, 50.54, 35, 0x0000000000000000
2026/09/29 18:47:29.071, 1095, 1215, 48.20, 35, 0x0000000000000000
2026/09/29 18:47:29.321, 1095, 1215, 47.93, 35, 0x0000000000000000
2026/09/29 18:47:29.571, 1095, 1215, 50.00, 35, 0x0000000000000000
2026/09/29 18:47:29.821, 1095, 1215, 48.53, 35, 0x0000000000000000
2026/09/29 18:47:30.071, 1095, 1215, 48.25, 35, 0x0000000000000000
2026/09/29 18:47:30.321, 1095, 1215, 48.80, 35, 0x0000000000000000
2026/09/29 18:47:30.571, 1095, 1215, 48.58, 35, 0x0000000000000000
2026/09/29 18:47:30.822, 1095, 1215, 48.20, 35, 0x0000000000000000
2026/09/29 18:47:31.072, 1095, 1215, 48.20, 35, 0x0000000000000000
2026/09/29 18:47:31.322, 1095, 1215, 47.93, 35, 0x0000000000000000
2026/09/29 18:47:31.572, 1095, 1215, 49.68, 35, 0x0000000000000000
2026/09/29 18:47:31.822, 1095, 1215, 48.80, 35, 0x0000000000000000
2026/09/29 18:47:32.072, 1095, 1215, 50.87, 35, 0x0000000000000000
2026/09/29 18:47:32.322, 1095, 1215, 50.27, 35, 0x0000000000000000
2026/09/29 18:47:32.573, 1095, 1215, 50.00, 35, 0x0000000000000000
2026/09/29 18:47:32.823, 1095, 1215, 47.93, 35, 0x0000000000000000
2026/09/29 18:47:33.073, 1095, 1215, 47.93, 35, 0x0000000000000000
2026/09/29 18:47:33.323, 1095, 1215, 50.32, 35, 0x0000000000000000
2026/09/29 18:47:33.573, 1095, 1215, 47.98, 35, 0x0000000000000000
2026/09/29 18:47:33.823, 1095, 1215, 47.93, 35, 0x0000000000000000
2026/09/29 18:47:34.074, 1095, 1215, 47.98, 35, 0x0000000000000000
2026/09/29 18:47:34.324, 1095, 1215, 47.93, 35, 0x0000000000000000
2026/09/29 18:47:34.574, 1095, 1215, 47.93, 35, 0x0000000000000000
2026/09/29 18:47:34.824, 1095, 1215, 48.25, 35, 0x0000000000000000
2026/09/29 18:47:35.074, 1095, 1215, 47.66, 35, 0x0000000000000000
2026/09/29 18:47:35.324, 1095, 1215, 47.66, 35, 0x0000000000000000
2026/09/29 18:47:35.574, 1095, 1215, 50.00, 35, 0x0000000000000000
2026/09/29 18:47:35.825, 1095, 1215, 47.93, 35, 0x0000000000000000
2026/09/29 18:47:36.075, 1095, 1215, 50.27, 35, 0x0000000000000000
2026/09/29 18:47:36.325, 1095, 1215, 49.68, 35, 0x0000000000000000
2026/09/29 18:47:36.575, 1095, 1215, 47.66, 35, 0x0000000000000000
2026/09/29 18:47:36.825, 1095, 1215, 47.98, 35, 0x0000000000000000
2026/09/29 18:47:37.075, 1095, 1215, 48.20, 35, 0x0000000000000000
2026/09/29 18:47:37.325, 1095, 1215, 49.13, 35, 0x0000000000000000
2026/09/29 18:47:37.576, 1095, 1215, 48.80, 35, 0x0000000000000000
2026/09/29 18:47:37.826, 1095, 1215, 47.98, 35, 0x0000000000000000
2026/09/29 18:47:38.076, 1095, 1215, 48.53, 35, 0x0000000000000000
2026/09/29 18:47:38.326, 1095, 1215, 48.58, 34, 0x0000000000000000
2026/09/29 18:47:38.576, 1095, 1215, 47.98, 34, 0x0000000000000000
2026/09/29 18:47:38.826, 1095, 1215, 48.53, 34, 0x0000000000000000
2026/09/29 18:47:39.077, 1095, 1215, 49.68, 34, 0x0000000000000000
2026/09/29 18:47:39.327, 1095, 1215, 47.93, 34, 0x0000000000000000
2026/09/29 18:47:39.577, 1095, 1215, 48.53, 34, 0x0000000000000000
2026/09/29 18:47:39.827, 1095, 1215, 47.93, 34, 0x0000000000000000
2026/09/29 18:47:40.077, 1095, 1215, 47.98, 34, 0x0000000000000000
2026/09/29 18:47:40.327, 1095, 1215, 50.27, 34, 0x0000000000000000
2026/09/29 18:47:40.577, 1095, 1215, 47.98, 34, 0x0000000000000000
2026/09/29 18:47:40.828, 1095, 1215, 50.54, 34, 0x0000000000000000
2026/09/29 18:47:41.078, 1095, 1215, 49.40, 34, 0x0000000000000000
2026/09/29 18:47:41.328, 1095, 1215, 47.66, 34, 0x0000000000000000
2026/09/29 18:47:41.578, 1095, 1215, 47.66, 34, 0x0000000000000000
2026/09/29 18:47:41.828, 1095, 1215, 47.71, 34, 0x0000000000000000
2026/09/29 18:47:42.078, 1095, 1215, 49.68, 34, 0x0000000000000000
2026/09/29 18:47:42.328, 1095, 1215, 47.66, 34, 0x0000000000000000
2026/09/29 18:47:42.578, 1095, 1215, 49.40, 34, 0x0000000000000000
2026/09/29 18:47:42.829, 1095, 1215, 48.80, 34, 0x0000000000000000
2026/09/29 18:47:43.079, 1095, 1215, 47.66, 34, 0x0000000000000000
2026/09/29 18:47:43.329, 1095, 1215, 47.71, 34, 0x0000000000000000
2026/09/29 18:47:43.579, 1095, 1215, 47.66, 34, 0x0000000000000000
2026/09/29 18:47:43.829, 1095, 1215, 47.66, 34, 0x0000000000000000
2026/09/29 18:47:44.079, 1095, 1215, 47.71, 34, 0x0000000000000000
2026/09/29 18:47:44.329, 1095, 1215, 47.66, 34, 0x0000000000000000
2026/09/29 18:47:44.580, 1095, 1215, 47.71, 34, 0x0000000000000000
2026/09/29 18:47:44.830, 1095, 1215, 47.71, 34, 0x0000000000000000
2026/09/29 18:47:45.080, 1095, 1215, 47.93, 34, 0x0000000000000000
2026/09/29 18:47:45.330, 1095, 1215, 47.98, 34, 0x0000000000000000
2026/09/29 18:47:45.580, 1095, 1215, 47.98, 34, 0x0000000000000000
2026/09/29 18:47:45.830, 1095, 1215, 47.93, 34, 0x0000000000000000
2026/09/29 18:47:46.081, 1095, 1215, 47.98, 34, 0x0000000000000000
2026/09/29 18:47:46.331, 1095, 1215, 47.93, 34, 0x0000000000000000
2026/09/29 18:47:46.581, 1095, 1215, 47.93, 34, 0x0000000000000000
2026/09/29 18:47:46.831, 1095, 1215, 47.66, 34, 0x0000000000000000
2026/09/29 18:47:47.081, 1095, 1215, 47.93, 34, 0x0000000000000000
2026/09/29 18:47:47.331, 1095, 1215, 47.66, 34, 0x0000000000000000
2026/09/29 18:47:47.581, 1095, 1215, 47.66, 34, 0x0000000000000000
2026/09/29 18:47:47.832, 1095, 1215, 47.66, 34, 0x0000000000000000
2026/09/29 18:47:48.082, 1095, 1215, 47.66, 34, 0x0000000000000000
2026/09/29 18:47:48.332, 1095, 1215, 47.71, 34, 0x0000000000000000
2026/09/29 18:47:48.582, 1095, 1215, 47.66, 34, 0x0000000000000000
2026/09/29 18:47:48.832, 1095, 1215, 47.66, 34, 0x0000000000000000
2026/09/29 18:47:49.082, 1095, 1215, 47.71, 34, 0x0000000000000000
2026/09/29 18:47:49.332, 1095, 1215, 47.66, 34, 0x0000000000000000
2026/09/29 18:47:49.583, 1095, 1215, 47.71, 34, 0x0000000000000000
2026/09/29 18:47:49.833, 1095, 1215, 47.66, 34, 0x0000000000000000
2026/09/29 18:47:50.083, 1095, 1215, 47.66, 34, 0x0000000000000000
2026/09/29 18:47:50.333, 1095, 1215, 47.38, 34, 0x0000000000000000
2026/09/29 18:47:50.583, 1095, 1215, 47.33, 34, 0x0000000000000000
2026/09/29 18:47:50.833, 1095, 1215, 47.38, 34, 0x0000000000000000
2026/09/29 18:47:51.083, 1095, 1215, 47.38, 34, 0x0000000000000000
2026/09/29 18:47:51.334, 1095, 1215, 47.33, 34, 0x0000000000000000
2026/09/29 18:47:51.584, 1095, 1215, 47.38, 34, 0x0000000000000000
2026/09/29 18:47:51.834, 1095, 1215, 47.33, 34, 0x0000000000000000
2026/09/29 18:47:52.084, 1095, 1215, 65.77, 34, 0x0000000000000000
2026/09/29 18:47:52.334, 1095, 1215, 47.38, 34, 0x0000000000000000
2026/09/29 18:47:52.584, 1095, 1215, 47.66, 34, 0x0000000000000000
2026/09/29 18:47:52.835, 1095, 1215, 47.33, 34, 0x0000000000000000
2026/09/29 18:47:53.085, 1095, 1215, 47.38, 34, 0x0000000000000000
2026/09/29 18:47:53.335, 1095, 1215, 47.33, 34, 0x0000000000000000
2026/09/29 18:47:53.585, 1095, 1215, 47.33, 34, 0x0000000000000000
2026/09/29 18:47:53.835, 1095, 1215, 47.38, 34, 0x0000000000000000
2026/09/29 18:47:54.085, 1095, 1215, 47.33, 34, 0x0000000000000000
2026/09/29 18:47:54.335, 1095, 1215, 47.38, 34, 0x0000000000000000
2026/09/29 18:47:54.586, 1095, 1215, 47.38, 34, 0x0000000000000000
2026/09/29 18:47:54.836, 1095, 1215, 47.33, 34, 0x0000000000000000
2026/09/29 18:47:55.086, 1095, 1215, 47.33, 34, 0x0000000000000000
2026/09/29 18:47:55.336, 1095, 1215, 47.33, 34, 0x0000000000000000
2026/09/29 18:47:55.586, 1095, 1215, 47.33, 34, 0x0000000000000000
2026/09/29 18:47:55.837, 1095, 1215, 60.22, 34, 0x0000000000000000
2026/09/29 18:47:56.087, 1095, 1215, 47.33, 34, 0x0000000000000000
2026/09/29 18:47:56.337, 1095, 1215, 53.87, 34, 0x0000000000000000
2026/09/29 18:47:56.587, 1095, 1215, 58.22, 34, 0x0000000000000000
2026/09/29 18:47:56.837, 1095, 1215, 47.33, 34, 0x0000000000000000
2026/09/29 18:47:57.090, 1095, 1215, 47.33, 34, 0x0000000000000000
2026/09/29 18:47:57.340, 1095, 1215, 47.33, 34, 0x0000000000000000
2026/09/29 18:47:57.590, 1095, 1215, 47.33, 34, 0x0000000000000000
2026/09/29 18:47:57.840, 1095, 1215, 47.33, 34, 0x0000000000000000
2026/09/29 18:47:58.091, 1095, 1215, 47.33, 34, 0x0000000000000000
2026/09/29 18:47:58.341, 1095, 1215, 47.33, 34, 0x0000000000000000
2026/09/29 18:47:58.591, 1095, 1215, 47.38, 34, 0x0000000000000000
2026/09/29 18:47:58.841, 1095, 1215, 47.33, 34, 0x0000000000000000
2026/09/29 18:47:59.091, 1095, 1215, 47.33, 34, 0x0000000000000000
2026/09/29 18:47:59.342, 1095, 1215, 47.38, 34, 0x0000000000000000
2026/09/29 18:47:59.592, 1095, 1215, 47.38, 34, 0x0000000000000000
2026/09/29 18:47:59.842, 1095, 1215, 47.38, 34, 0x0000000000000000
2026/09/29 18:48:00.092, 1095, 1215, 47.38, 34, 0x0000000000000000
2026/09/29 18:48:00.342, 1095, 1215, 47.33, 34, 0x0000000000000000
2026/09/29 18:48:00.593, 1095, 1215, 47.38, 34, 0x0000000000000000
2026/09/29 18:48:00.843, 1095, 1215, 47.33, 34, 0x0000000000000000
2026/09/29 18:48:01.093, 1095, 1215, 47.33, 34, 0x0000000000000000
2026/09/29 18:48:01.343, 1095, 1215, 50.59, 34, 0x0000000000000000
2026/09/29 18:48:01.593, 1095, 1215, 47.66, 34, 0x0000000000000000
2026/09/29 18:48:01.843, 1095, 1215, 50.27, 34, 0x0000000000000000
2026/09/29 18:48:02.094, 1095, 1215, 47.33, 34, 0x0000000000000000
2026/09/29 18:48:02.344, 1095, 1215, 47.33, 34, 0x0000000000000000
2026/09/29 18:48:02.594, 1095, 1215, 47.33, 34, 0x0000000000000000
2026/09/29 18:48:02.844, 1095, 1215, 47.93, 34, 0x0000000000000000
2026/09/29 18:48:03.094, 1095, 1215, 47.33, 34, 0x0000000000000000
2026/09/29 18:48:03.344, 1095, 1215, 47.66, 34, 0x0000000000000000
2026/09/29 18:48:03.595, 1095, 1215, 47.33, 34, 0x0000000000000000
2026/09/29 18:48:03.845, 1095, 1215, 47.33, 34, 0x0000000000000000
2026/09/29 18:48:04.095, 1095, 1215, 47.71, 34, 0x0000000000000000
2026/09/29 18:48:04.345, 1095, 1215, 47.93, 34, 0x0000000000000000
2026/09/29 18:48:04.595, 1095, 1215, 48.53, 34, 0x0000000000000000
2026/09/29 18:48:04.846, 1095, 1215, 47.71, 34, 0x0000000000000000
2026/09/29 18:48:05.096, 1095, 1215, 47.66, 34, 0x0000000000000000
2026/09/29 18:48:05.346, 1095, 1215, 47.66, 34, 0x0000000000000000
2026/09/29 18:48:05.596, 1095, 1215, 47.66, 34, 0x0000000000000000
2026/09/29 18:48:05.846, 1095, 1215, 47.33, 34, 0x0000000000000000
2026/09/29 18:48:06.097, 1095, 1215, 47.38, 33, 0x0000000000000000
2026/09/29 18:48:06.347, 1095, 1215, 47.38, 34, 0x0000000000000000
2026/09/29 18:48:06.597, 1095, 1215, 47.33, 34, 0x0000000000000000
2026/09/29 18:48:06.847, 1095, 1215, 47.38, 34, 0x0000000000000000
2026/09/29 18:48:07.098, 1095, 1215, 47.38, 33, 0x0000000000000000
2026/09/29 18:48:07.348, 1095, 1215, 47.33, 33, 0x0000000000000000
2026/09/29 18:48:07.598, 1095, 1215, 47.38, 33, 0x0000000000000000
2026/09/29 18:48:07.849, 1095, 1215, 47.38, 33, 0x0000000000000000
2026/09/29 18:48:08.099, 1095, 1215, 47.33, 33, 0x0000000000000000
2026/09/29 18:48:08.349, 1095, 1215, 47.38, 33, 0x0000000000000000
2026/09/29 18:48:08.600, 1095, 1215, 47.38, 33, 0x0000000000000000
2026/09/29 18:48:08.850, 1095, 1215, 47.33, 33, 0x0000000000000000
2026/09/29 18:48:09.100, 1095, 1215, 47.38, 33, 0x0000000000000000
2026/09/29 18:48:09.350, 1095, 1215, 47.33, 33, 0x0000000000000000
2026/09/29 18:48:09.600, 1095, 1215, 47.33, 33, 0x0000000000000000
2026/09/29 18:48:09.850, 1095, 1215, 47.38, 33, 0x0000000000000000
2026/09/29 18:48:10.101, 1095, 1215, 47.38, 33, 0x0000000000000000
2026/09/29 18:48:10.351, 1095, 1215, 47.33, 33, 0x0000000000000000
2026/09/29 18:48:10.601, 1095, 1215, 47.38, 33, 0x0000000000000000
2026/09/29 18:48:10.851, 1095, 1215, 47.33, 33, 0x0000000000000000
2026/09/29 18:48:11.101, 1095, 1215, 47.33, 33, 0x0000000000000000
2026/09/29 18:48:11.352, 1095, 1215, 47.38, 33, 0x0000000000000000
2026/09/29 18:48:11.602, 1095, 1215, 47.33, 33, 0x0000000000000000
2026/09/29 18:48:11.852, 1095, 1215, 47.38, 33, 0x0000000000000000
2026/09/29 18:48:12.102, 1095, 1215, 47.38, 33, 0x0000000000000000
2026/09/29 18:48:12.352, 1095, 1215, 47.33, 33, 0x0000000000000000
2026/09/29 18:48:12.602, 1095, 1215, 47.38, 33, 0x0000000000000000
2026/09/29 18:48:12.852, 1095, 1215, 47.33, 33, 0x0000000000000000
2026/09/29 18:48:13.103, 1095, 1215, 47.38, 33, 0x0000000000000000
2026/09/29 18:48:13.353, 1095, 1215, 47.38, 33, 0x0000000000000000
2026/09/29 18:48:13.603, 1095, 1215, 47.33, 33, 0x0000000000000000
2026/09/29 18:48:13.853, 1095, 1215, 47.66, 33, 0x0000000000000000
2026/09/29 18:48:14.103, 1095, 1215, 47.98, 33, 0x0000000000000000
2026/09/29 18:48:14.353, 1095, 1215, 50.00, 33, 0x0000000000000000
2026/09/29 18:48:14.604, 1095, 1215, 47.38, 33, 0x0000000000000000
2026/09/29 18:48:14.854, 1095, 1215, 47.38, 33, 0x0000000000000000
2026/09/29 18:48:15.104, 1095, 1215, 47.33, 33, 0x0000000000000000
2026/09/29 18:48:15.354, 1095, 1215, 47.38, 33, 0x0000000000000000
2026/09/29 18:48:15.604, 1095, 1215, 47.33, 33, 0x0000000000000000
2026/09/29 18:48:15.854, 1095, 1215, 47.33, 33, 0x0000000000000000
2026/09/29 18:48:16.105, 1095, 1215, 47.38, 33, 0x0000000000000000
2026/09/29 18:48:16.355, 1095, 1215, 47.33, 33, 0x0000000000000000
2026/09/29 18:48:16.605, 1095, 1215, 47.33, 33, 0x0000000000000000
2026/09/29 18:48:16.855, 1095, 1215, 47.38, 33, 0x0000000000000000
2026/09/29 18:48:17.105, 1095, 1215, 47.33, 33, 0x0000000000000000
2026/09/29 18:48:17.355, 1095, 1215, 47.06, 33, 0x0000000000000000
2026/09/29 18:48:17.605, 1095, 1215, 47.11, 33, 0x0000000000000000
2026/09/29 18:48:17.856, 1095, 1215, 47.06, 33, 0x0000000000000000
2026/09/29 18:48:18.106, 1095, 1215, 47.11, 33, 0x0000000000000000
2026/09/29 18:48:18.356, 1095, 1215, 47.38, 33, 0x0000000000000000
2026/09/29 18:48:18.606, 1095, 1215, 47.06, 33, 0x0000000000000000
2026/09/29 18:48:18.856, 1095, 1215, 47.38, 33, 0x0000000000000000
2026/09/29 18:48:19.106, 1095, 1215, 47.38, 33, 0x0000000000000000
2026/09/29 18:48:19.357, 1095, 1215, 47.33, 33, 0x0000000000000000
2026/09/29 18:48:19.607, 1095, 1215, 47.38, 33, 0x0000000000000000
2026/09/29 18:48:19.857, 1095, 1215, 49.40, 33, 0x0000000000000000
2026/09/29 18:48:20.107, 1095, 1215, 47.38, 33, 0x0000000000000000
2026/09/29 18:48:20.357, 1095, 1215, 47.38, 33, 0x0000000000000000
2026/09/29 18:48:20.607, 1095, 1215, 47.06, 33, 0x0000000000000000
2026/09/29 18:48:20.857, 1095, 1215, 47.66, 33, 0x0000000000000000
2026/09/29 18:48:21.108, 1095, 1215, 47.33, 33, 0x0000000000000000
2026/09/29 18:48:21.358, 1095, 1215, 47.33, 33, 0x0000000000000000
2026/09/29 18:48:21.608, 1095, 1215, 47.38, 33, 0x0000000000000000
2026/09/29 18:48:21.858, 1095, 1215, 47.06, 33, 0x0000000000000000
2026/09/29 18:48:22.108, 1095, 1215, 47.11, 33, 0x0000000000000000
2026/09/29 18:48:22.358, 1095, 1215, 47.33, 33, 0x0000000000000000
2026/09/29 18:48:22.609, 1095, 1215, 47.06, 33, 0x0000000000000000
2026/09/29 18:48:22.859, 1095, 1215, 47.11, 33, 0x0000000000000000
2026/09/29 18:48:23.109, 1095, 1215, 47.33, 33, 0x0000000000000000
2026/09/29 18:48:23.359, 1095, 1215, 47.38, 33, 0x0000000000000000
2026/09/29 18:48:23.609, 1095, 1215, 47.11, 33, 0x0000000000000000
2026/09/29 18:48:23.859, 1095, 1215, 47.38, 33, 0x0000000000000000
2026/09/29 18:48:24.109, 1095, 1215, 47.33, 33, 0x0000000000000000
2026/09/29 18:48:24.360, 1095, 1215, 47.33, 33, 0x0000000000000000
2026/09/29 18:48:24.610, 1095, 1215, 47.38, 33, 0x0000000000000000
2026/09/29 18:48:24.860, 1095, 1215, 47.38, 33, 0x0000000000000000
2026/09/29 18:48:25.110, 1095, 1215, 47.38, 33, 0x0000000000000000
2026/09/29 18:48:25.360, 1095, 1215, 47.38, 33, 0x0000000000000000
2026/09/29 18:48:25.610, 1095, 1215, 47.33, 33, 0x0000000000000000
2026/09/29 18:48:25.861, 1095, 1215, 47.38, 33, 0x0000000000000000
2026/09/29 18:48:26.111, 1095, 1215, 47.33, 33, 0x0000000000000000
2026/09/29 18:48:26.361, 1095, 1215, 47.33, 33, 0x0000000000000000
2026/09/29 18:48:26.611, 1095, 1215, 47.38, 33, 0x0000000000000000
2026/09/29 18:48:26.862, 1095, 1215, 47.33, 33, 0x0000000000000000
2026/09/29 18:48:27.112, 1095, 1215, 47.11, 33, 0x0000000000000000
2026/09/29 18:48:27.362, 1095, 1215, 47.38, 33, 0x0000000000000000
2026/09/29 18:48:27.612, 1095, 1215, 47.33, 33, 0x0000000000000000
2026/09/29 18:48:27.863, 1095, 1215, 47.33, 33, 0x0000000000000000
2026/09/29 18:48:28.113, 1095, 1215, 47.38, 33, 0x0000000000000000
2026/09/29 18:48:28.363, 1095, 1215, 47.33, 33, 0x0000000000000000
2026/09/29 18:48:28.613, 1095, 1215, 47.38, 33, 0x0000000000000000
2026/09/29 18:48:28.863, 1095, 1215, 47.38, 33, 0x0000000000000000
2026/09/29 18:48:29.114, 1095, 1215, 47.33, 33, 0x0000000000000000
2026/09/29 18:48:29.364, 1095, 1215, 47.11, 33, 0x0000000000000000
2026/09/29 18:48:29.614, 1095, 1215, 47.33, 33, 0x0000000000000000
2026/09/29 18:48:29.864, 1095, 1215, 47.33, 33, 0x0000000000000000
2026/09/29 18:48:30.114, 1095, 1215, 47.38, 33, 0x0000000000000000
2026/09/29 18:48:30.365, 1095, 1215, 47.06, 33, 0x0000000000000000
2026/09/29 18:48:30.615, 1095, 1215, 47.33, 33, 0x0000000000000000
2026/09/29 18:48:30.865, 1095, 1215, 47.38, 33, 0x0000000000000000
2026/09/29 18:48:31.115, 1095, 1215, 48.53, 33, 0x0000000000000000
2026/09/29 18:48:31.365, 1095, 1215, 47.38, 33, 0x0000000000000000
2026/09/29 18:48:31.616, 1095, 1215, 47.38, 33, 0x0000000000000000
2026/09/29 18:48:31.866, 1095, 1215, 47.06, 33, 0x0000000000000000
2026/09/29 18:48:32.116, 1095, 1215, 47.38, 33, 0x0000000000000000
2026/09/29 18:48:32.366, 1095, 1215, 50.00, 33, 0x0000000000000000
2026/09/29 18:48:32.616, 1095, 1215, 47.06, 33, 0x0000000000000000
2026/09/29 18:48:32.866, 1095, 1215, 47.11, 33, 0x0000000000000000
2026/09/29 18:48:33.117, 1095, 1215, 47.06, 33, 0x0000000000000000
2026/09/29 18:48:33.367, 1095, 1215, 47.33, 33, 0x0000000000000000
2026/09/29 18:48:33.617, 1095, 1215, 47.06, 33, 0x0000000000000000
2026/09/29 18:48:33.867, 1095, 1215, 47.33, 33, 0x0000000000000000
2026/09/29 18:48:34.117, 1095, 1215, 47.11, 33, 0x0000000000000000
2026/09/29 18:48:34.368, 1095, 1215, 47.11, 33, 0x0000000000000000
2026/09/29 18:48:34.618, 1095, 1215, 47.06, 33, 0x0000000000000000
2026/09/29 18:48:34.868, 1095, 1215, 47.11, 33, 0x0000000000000000
2026/09/29 18:48:35.118, 1095, 1215, 47.11, 33, 0x0000000000000000
2026/09/29 18:48:35.368, 1095, 1215, 47.06, 33, 0x0000000000000000
2026/09/29 18:48:35.619, 1095, 1215, 47.11, 33, 0x0000000000000000
2026/09/29 18:48:35.869, 1095, 1215, 47.11, 33, 0x0000000000000000
2026/09/29 18:48:36.119, 1095, 1215, 47.33, 33, 0x0000000000000000
2026/09/29 18:48:36.369, 1095, 1215, 47.11, 33, 0x0000000000000000
2026/09/29 18:48:36.619, 1095, 1215, 47.11, 33, 0x0000000000000000
2026/09/29 18:48:36.869, 1095, 1215, 47.06, 33, 0x0000000000000000
2026/09/29 18:48:37.120, 1095, 1215, 47.98, 33, 0x0000000000000000
2026/09/29 18:48:37.370, 1095, 1215, 47.33, 33, 0x0000000000000000
2026/09/29 18:48:37.621, 1095, 1215, 47.11, 33, 0x0000000000000000
2026/09/29 18:48:37.871, 1095, 1215, 47.11, 33, 0x0000000000000000
2026/09/29 18:48:38.122, 1095, 1215, 47.33, 33, 0x0000000000000000
2026/09/29 18:48:38.372, 1095, 1215, 47.11, 33, 0x0000000000000000
2026/09/29 18:48:38.622, 1095, 1215, 47.11, 33, 0x0000000000000000
2026/09/29 18:48:38.872, 1095, 1215, 47.06, 33, 0x0000000000000000
2026/09/29 18:48:39.122, 1095, 1215, 47.11, 33, 0x0000000000000000
2026/09/29 18:48:39.373, 1095, 1215, 47.11, 33, 0x0000000000000000
2026/09/29 18:48:39.623, 1095, 1215, 47.11, 33, 0x0000000000000000
2026/09/29 18:48:39.873, 1095, 1215, 47.11, 33, 0x0000000000000000
2026/09/29 18:48:40.123, 1095, 1215, 47.06, 33, 0x0000000000000000
2026/09/29 18:48:40.373, 1095, 1215, 47.06, 33, 0x0000000000000000
2026/09/29 18:48:40.624, 1095, 1215, 47.38, 33, 0x0000000000000000
2026/09/29 18:48:40.874, 1095, 1215, 47.06, 33, 0x0000000000000000
2026/09/29 18:48:41.124, 1095, 1215, 47.11, 33, 0x0000000000000000
2026/09/29 18:48:41.374, 1095, 1215, 47.11, 33, 0x0000000000000000
2026/09/29 18:48:41.624, 1095, 1215, 47.33, 33, 0x0000000000000000
2026/09/29 18:48:41.875, 1095, 1215, 47.06, 33, 0x0000000000000000
2026/09/29 18:48:42.125, 1095, 1215, 47.11, 33, 0x0000000000000000
2026/09/29 18:48:42.375, 1095, 1215, 47.06, 33, 0x0000000000000000
2026/09/29 18:48:42.625, 1095, 1215, 47.06, 33, 0x0000000000000000
2026/09/29 18:48:42.876, 1095, 1215, 47.38, 33, 0x0000000000000000
2026/09/29 18:48:43.126, 1095, 1215, 47.66, 33, 0x0000000000000000
2026/09/29 18:48:43.376, 1095, 1215, 47.71, 33, 0x0000000000000000
2026/09/29 18:48:43.626, 1095, 1215, 47.38, 33, 0x0000000000000000
2026/09/29 18:48:43.876, 1095, 1215, 47.33, 33, 0x0000000000000000
2026/09/29 18:48:44.127, 1095, 1215, 47.38, 33, 0x0000000000000000
2026/09/29 18:48:44.377, 1095, 1215, 47.93, 33, 0x0000000000000000
2026/09/29 18:48:44.627, 1095, 1215, 47.33, 33, 0x0000000000000000
2026/09/29 18:48:44.877, 1095, 1215, 47.38, 33, 0x0000000000000000
2026/09/29 18:48:45.127, 1095, 1215, 47.33, 33, 0x0000000000000000
2026/09/29 18:48:45.378, 1095, 1215, 47.38, 33, 0x0000000000000000
2026/09/29 18:48:45.628, 1095, 1215, 47.38, 33, 0x0000000000000000
2026/09/29 18:48:45.878, 1095, 1215, 47.33, 33, 0x0000000000000000
2026/09/29 18:48:46.128, 1095, 1215, 47.38, 33, 0x0000000000000000
2026/09/29 18:48:46.378, 1095, 1215, 47.33, 33, 0x0000000000000000
2026/09/29 18:48:46.628, 1095, 1215, 47.11, 33, 0x0000000000000000
2026/09/29 18:48:46.879, 1095, 1215, 47.06, 33, 0x0000000000000000
2026/09/29 18:48:47.129, 1095, 1215, 47.38, 33, 0x0000000000000000
2026/09/29 18:48:47.379, 1095, 1215, 47.38, 33, 0x0000000000000000
2026/09/29 18:48:47.629, 1095, 1215, 47.33, 33, 0x0000000000000000
2026/09/29 18:48:47.879, 1095, 1215, 47.33, 33, 0x0000000000000000
2026/09/29 18:48:48.130, 1095, 1215, 47.38, 33, 0x0000000000000000
2026/09/29 18:48:48.380, 1095, 1215, 47.33, 33, 0x0000000000000000
2026/09/29 18:48:48.630, 1095, 1215, 47.33, 33, 0x0000000000000000
2026/09/29 18:48:48.880, 1095, 1215, 47.11, 33, 0x0000000000000000
2026/09/29 18:48:49.130, 1095, 1215, 47.33, 33, 0x0000000000000000
2026/09/29 18:48:49.381, 1095, 1215, 47.33, 33, 0x0000000000000000
2026/09/29 18:48:49.631, 1095, 1215, 47.38, 33, 0x0000000000000000
2026/09/29 18:48:49.881, 1095, 1215, 47.06, 33, 0x0000000000000000
2026/09/29 18:48:50.131, 1095, 1215, 47.11, 33, 0x0000000000000000
2026/09/29 18:48:50.381, 1095, 1215, 47.38, 33, 0x0000000000000000
2026/09/29 18:48:50.632, 1095, 1215, 47.33, 33, 0x0000000000000000
2026/09/29 18:48:50.882, 1095, 1215, 47.11, 33, 0x0000000000000000
2026/09/29 18:48:51.132, 1095, 1215, 47.38, 33, 0x0000000000000000
2026/09/29 18:48:51.382, 1095, 1215, 47.38, 33, 0x0000000000000000
2026/09/29 18:48:51.632, 1095, 1215, 47.38, 33, 0x0000000000000000
2026/09/29 18:48:51.883, 1095, 1215, 47.11, 33, 0x0000000000000000
2026/09/29 18:48:52.133, 1095, 1215, 47.06, 33, 0x0000000000000000
2026/09/29 18:48:52.383, 1095, 1215, 47.38, 33, 0x0000000000000000
2026/09/29 18:48:52.633, 1095, 1215, 47.11, 33, 0x0000000000000000
2026/09/29 18:48:52.883, 1095, 1215, 47.06, 33, 0x0000000000000000
2026/09/29 18:48:53.134, 1095, 1215, 47.11, 33, 0x0000000000000000
2026/09/29 18:48:53.384, 1095, 1215, 47.06, 33, 0x0000000000000000
2026/09/29 18:48:53.634, 1095, 1215, 47.11, 33, 0x0000000000000000
2026/09/29 18:48:53.884, 1095, 1215, 47.33, 33, 0x0000000000000000
2026/09/29 18:48:54.134, 1095, 1215, 47.11, 33, 0x0000000000000000
2026/09/29 18:48:54.384, 1095, 1215, 47.06, 33, 0x0000000000000000
2026/09/29 18:48:54.635, 1095, 1215, 47.38, 33, 0x0000000000000000
2026/09/29 18:48:54.885, 1095, 1215, 47.33, 33, 0x0000000000000000
2026/09/29 18:48:55.135, 1095, 1215, 47.11, 33, 0x0000000000000000
2026/09/29 18:48:55.385, 1095, 1215, 47.06, 33, 0x0000000000000000
2026/09/29 18:48:55.635, 1095, 1215, 47.06, 33, 0x0000000000000000
2026/09/29 18:48:55.885, 1095, 1215, 47.38, 33, 0x0000000000000000
2026/09/29 18:48:56.136, 1095, 1215, 47.06, 33, 0x0000000000000000
2026/09/29 18:48:56.386, 1095, 1215, 47.06, 33, 0x0000000000000000
2026/09/29 18:48:56.636, 1095, 1215, 47.11, 33, 0x0000000000000000
2026/09/29 18:48:56.886, 1095, 1215, 47.33, 33, 0x0000000000000000
2026/09/29 18:48:57.136, 1095, 1215, 47.11, 33, 0x0000000000000000
2026/09/29 18:48:57.386, 1095, 1215, 47.11, 33, 0x0000000000000000
2026/09/29 18:48:57.637, 1095, 1215, 47.06, 33, 0x0000000000000000
2026/09/29 18:48:57.887, 1095, 1215, 47.11, 33, 0x0000000000000000
2026/09/29 18:48:58.137, 1095, 1215, 47.11, 33, 0x0000000000000000
2026/09/29 18:48:58.387, 1095, 1215, 47.06, 33, 0x0000000000000000
2026/09/29 18:48:58.637, 1095, 1215, 47.11, 33, 0x0000000000000000
2026/09/29 18:48:58.887, 1095, 1215, 47.11, 33, 0x0000000000000000
2026/09/29 18:48:59.138, 1095, 1215, 47.06, 33, 0x0000000000000000
2026/09/29 18:48:59.388, 1095, 1215, 47.11, 33, 0x0000000000000000
2026/09/29 18:48:59.638, 1095, 1215, 47.11, 33, 0x0000000000000000
2026/09/29 18:48:59.888, 1095, 1215, 47.06, 33, 0x0000000000000000
2026/09/29 18:49:00.138, 1095, 1215, 47.11, 33, 0x0000000000000000
2026/09/29 18:49:00.388, 1095, 1215, 47.11, 33, 0x0000000000000000
2026/09/29 18:49:00.639, 1095, 1215, 47.06, 33, 0x0000000000000000
2026/09/29 18:49:00.889, 1095, 1215, 47.11, 33, 0x0000000000000000
2026/09/29 18:49:01.139, 1095, 1215, 47.06, 33, 0x0000000000000000
2026/09/29 18:49:01.389, 1095, 1215, 47.06, 33, 0x0000000000000000
2026/09/29 18:49:01.639, 1095, 1215, 47.11, 33, 0x0000000000000000
2026/09/29 18:49:01.890, 1095, 1215, 47.06, 33, 0x0000000000000000
2026/09/29 18:49:02.140, 1095, 1215, 47.11, 33, 0x0000000000000000
2026/09/29 18:49:02.390, 1095, 1215, 47.38, 33, 0x0000000000000000
2026/09/29 18:49:02.640, 1095, 1215, 47.33, 33, 0x0000000000000000
2026/09/29 18:49:02.890, 1095, 1215, 47.11, 33, 0x0000000000000000
2026/09/29 18:49:03.141, 1095, 1215, 47.11, 33, 0x0000000000000000
2026/09/29 18:49:03.391, 1095, 1215, 47.11, 33, 0x0000000000000000
2026/09/29 18:49:03.641, 1095, 1215, 47.11, 33, 0x0000000000000000
2026/09/29 18:49:03.891, 1095, 1215, 47.11, 33, 0x0000000000000000
2026/09/29 18:49:04.141, 1095, 1215, 47.11, 33, 0x0000000000000000
2026/09/29 18:49:04.391, 1095, 1215, 47.11, 33, 0x0000000000000000
2026/09/29 18:49:04.642, 1095, 1215, 47.11, 33, 0x0000000000000000
2026/09/29 18:49:04.892, 1095, 1215, 47.11, 33, 0x0000000000000000
2026/09/29 18:49:05.142, 1095, 1215, 47.11, 33, 0x0000000000000000
2026/09/29 18:49:05.392, 1095, 1215, 47.11, 33, 0x0000000000000000
2026/09/29 18:49:05.642, 1095, 1215, 47.11, 33, 0x0000000000000000
2026/09/29 18:49:05.892, 1095, 1215, 47.11, 33, 0x0000000000000000
2026/09/29 18:49:06.143, 1095, 1215, 47.06, 33, 0x0000000000000000
2026/09/29 18:49:06.393, 1095, 1215, 47.11, 33, 0x0000000000000000
2026/09/29 18:49:06.643, 1095, 1215, 47.11, 33, 0x0000000000000000
2026/09/29 18:49:06.893, 1095, 1215, 47.06, 33, 0x0000000000000000
2026/09/29 18:49:07.144, 1095, 1215, 47.11, 33, 0x0000000000000000
2026/09/29 18:49:07.394, 1095, 1215, 50.05, 33, 0x0000000000000000
2026/09/29 18:49:07.644, 1095, 1215, 50.05, 33, 0x0000000000000000
