timestamp, index, clocks.current.sm [MHz], clocks.current.memory [MHz], power.draw [W], temperature.gpu, utilization.gpu [%], memory.used [MiB]
2026/09/26 12:54:01.581, 0, 210 MHz, 405 MHz, 22.99 W, 26, 0 %, 1 MiB
2026/09/26 12:54:01.599, 1, 210 MHz, 405 MHz, 23.75 W, 26, 0 %, 1 MiB
2026/09/26 12:54:01.616, 2, 210 MHz, 405 MHz, 27.57 W, 26, 0 %, 1 MiB
2026/09/26 12:54:01.631, 3, 210 MHz, 405 MHz, 30.32 W, 25, 0 %, 1 MiB
2026/09/26 12:54:06.647, 0, 1950 MHz, 7601 MHz, 98.36 W, 30, 0 %, 1990 MiB
2026/09/26 12:54:06.648, 1, 750 MHz, 810 MHz, 31.10 W, 27, 0 %, 5 MiB
2026/09/26 12:54:06.648, 2, 210 MHz, 405 MHz, 32.95 W, 26, 0 %, 5 MiB
2026/09/26 12:54:06.648, 3, 765 MHz, 810 MHz, 41.24 W, 25, 0 %, 5 MiB
2026/09/26 12:54:11.648, 0, 1785 MHz, 7601 MHz, 211.51 W, 37, 55 %, 2052 MiB
2026/09/26 12:54:11.648, 1, 210 MHz, 405 MHz, 23.99 W, 26, 0 %, 5 MiB
2026/09/26 12:54:11.649, 2, 210 MHz, 405 MHz, 27.67 W, 26, 0 %, 5 MiB
2026/09/26 12:54:11.649, 3, 210 MHz, 405 MHz, 30.48 W, 25, 0 %, 5 MiB
2026/09/26 12:54:16.650, 0, 1935 MHz, 7601 MHz, 117.19 W, 35, 3 %, 1412 MiB
2026/09/26 12:54:16.650, 1, 210 MHz, 405 MHz, 23.40 W, 26, 0 %, 5 MiB
2026/09/26 12:54:16.650, 2, 210 MHz, 405 MHz, 27.46 W, 26, 0 %, 5 MiB
2026/09/26 12:54:16.650, 3, 210 MHz, 405 MHz, 30.50 W, 25, 0 %, 5 MiB
2026/09/26 12:54:21.651, 0, 1800 MHz, 8001 MHz, 75.56 W, 34, 0 %, 1 MiB
2026/09/26 12:54:21.652, 1, 210 MHz, 405 MHz, 26.20 W, 27, 0 %, 1 MiB
2026/09/26 12:54:21.652, 2, 210 MHz, 405 MHz, 32.56 W, 27, 0 %, 1 MiB
2026/09/26 12:54:21.652, 3, 210 MHz, 405 MHz, 35.40 W, 25, 0 %, 1 MiB
2026/09/26 12:54:26.652, 0, 210 MHz, 405 MHz, 27.14 W, 32, 0 %, 5 MiB
2026/09/26 12:54:26.653, 1, 210 MHz, 405 MHz, 24.85 W, 27, 0 %, 5 MiB
2026/09/26 12:54:26.653, 2, 210 MHz, 405 MHz, 28.81 W, 26, 0 %, 5 MiB
2026/09/26 12:54:26.653, 3, 765 MHz, 810 MHz, 31.64 W, 25, 0 %, 5 MiB
2026/09/26 12:54:31.653, 0, 1800 MHz, 7601 MHz, 75.16 W, 33, 25 %, 17754 MiB
2026/09/26 12:54:31.653, 1, 210 MHz, 405 MHz, 23.73 W, 26, 0 %, 5 MiB
2026/09/26 12:54:31.654, 2, 210 MHz, 405 MHz, 27.29 W, 26, 0 %, 5 MiB
2026/09/26 12:54:31.654, 3, 210 MHz, 405 MHz, 30.14 W, 25, 0 %, 5 MiB
2026/09/26 12:54:36.654, 0, 1800 MHz, 7601 MHz, 75.04 W, 34, 26 %, 40834 MiB
2026/09/26 12:54:36.654, 1, 210 MHz, 405 MHz, 23.70 W, 26, 0 %, 5 MiB
2026/09/26 12:54:36.655, 2, 210 MHz, 405 MHz, 27.52 W, 26, 0 %, 5 MiB
2026/09/26 12:54:36.655, 3, 210 MHz, 405 MHz, 30.42 W, 25, 0 %, 5 MiB
2026/09/26 12:54:41.655, 0, 1800 MHz, 7601 MHz, 73.11 W, 34, 0 %, 44554 MiB
2026/09/26 12:54:41.655, 1, 1800 MHz, 7601 MHz, 69.03 W, 29, 25 %, 18514 MiB
2026/09/26 12:54:41.656, 2, 210 MHz, 405 MHz, 27.51 W, 26, 0 %, 5 MiB
2026/09/26 12:54:41.656, 3, 210 MHz, 405 MHz, 30.28 W, 25, 0 %, 5 MiB
2026/09/26 12:54:46.656, 0, 1935 MHz, 7601 MHz, 145.90 W, 38, 1 %, 44620 MiB
2026/09/26 12:54:46.657, 1, 1800 MHz, 7601 MHz, 96.16 W, 31, 0 %, 18576 MiB
2026/09/26 12:54:46.657, 2, 1800 MHz, 7601 MHz, 74.18 W, 28, 0 %, 272 MiB
2026/09/26 12:54:46.657, 3, 1800 MHz, 7601 MHz, 76.91 W, 27, 0 %, 272 MiB
2026/09/26 12:54:51.657, 0, 1920 MHz, 7601 MHz, 217.31 W, 43, 70 %, 44630 MiB
2026/09/26 12:54:51.658, 1, 1800 MHz, 7601 MHz, 117.23 W, 34, 32 %, 18578 MiB
2026/09/26 12:54:51.658, 2, 1800 MHz, 7601 MHz, 74.21 W, 29, 0 %, 272 MiB
2026/09/26 12:54:51.658, 3, 1800 MHz, 7601 MHz, 76.99 W, 28, 0 %, 272 MiB
2026/09/26 12:54:56.658, 0, 1920 MHz, 7601 MHz, 216.16 W, 44, 67 %, 44712 MiB
2026/09/26 12:54:56.659, 1, 1800 MHz, 7601 MHz, 116.64 W, 33, 19 %, 18598 MiB
2026/09/26 12:54:56.659, 2, 1800 MHz, 7601 MHz, 74.34 W, 30, 0 %, 272 MiB
2026/09/26 12:54:56.659, 3, 1800 MHz, 7601 MHz, 77.36 W, 28, 0 %, 272 MiB
2026/09/26 12:55:01.659, 0, 1620 MHz, 7601 MHz, 209.66 W, 48, 42 %, 44866 MiB
2026/09/26 12:55:01.660, 1, 1650 MHz, 7601 MHz, 112.79 W, 35, 37 %, 18658 MiB
2026/09/26 12:55:01.660, 2, 330 MHz, 810 MHz, 65.86 W, 28, 0 %, 272 MiB
2026/09/26 12:55:01.660, 3, 255 MHz, 405 MHz, 63.84 W, 27, 0 %, 272 MiB
2026/09/26 12:55:06.661, 0, 1920 MHz, 7601 MHz, 242.89 W, 50, 65 %, 45166 MiB
2026/09/26 12:55:06.661, 1, 1800 MHz, 7601 MHz, 127.76 W, 37, 16 %, 18778 MiB
2026/09/26 12:55:06.661, 2, 210 MHz, 405 MHz, 27.58 W, 28, 0 %, 272 MiB
2026/09/26 12:55:06.661, 3, 210 MHz, 405 MHz, 30.61 W, 27, 0 %, 272 MiB
2026/09/26 12:55:11.662, 0, 1920 MHz, 7601 MHz, 228.44 W, 51, 61 %, 45266 MiB
2026/09/26 12:55:11.662, 1, 1800 MHz, 7601 MHz, 120.26 W, 38, 23 %, 18820 MiB
2026/09/26 12:55:11.662, 2, 210 MHz, 405 MHz, 27.51 W, 28, 0 %, 272 MiB
2026/09/26 12:55:11.662, 3, 210 MHz, 405 MHz, 30.80 W, 26, 0 %, 272 MiB
2026/09/26 12:55:16.663, 0, 1935 MHz, 7601 MHz, 228.17 W, 52, 60 %, 45766 MiB
2026/09/26 12:55:16.663, 1, 1800 MHz, 7601 MHz, 120.71 W, 37, 10 %, 18980 MiB
2026/09/26 12:55:16.663, 2, 210 MHz, 405 MHz, 27.60 W, 28, 0 %, 272 MiB
2026/09/26 12:55:16.663, 3, 210 MHz, 405 MHz, 30.70 W, 26, 0 %, 272 MiB
2026/09/26 12:55:21.664, 0, 1845 MHz, 7601 MHz, 284.60 W, 54, 100 %, 45846 MiB
2026/09/26 12:55:21.664, 1, 1590 MHz, 7601 MHz, 115.19 W, 41, 0 %, 19180 MiB
2026/09/26 12:55:21.664, 2, 210 MHz, 405 MHz, 27.45 W, 27, 0 %, 272 MiB
2026/09/26 12:55:21.664, 3, 210 MHz, 405 MHz, 30.63 W, 26, 0 %, 272 MiB
2026/09/26 12:55:26.665, 0, 1935 MHz, 7601 MHz, 171.54 W, 54, 68 %, 45858 MiB
2026/09/26 12:55:26.665, 1, 1905 MHz, 7601 MHz, 182.20 W, 40, 31 %, 19192 MiB
2026/09/26 12:55:26.665, 2, 1800 MHz, 7601 MHz, 33.99 W, 29, 0 %, 284 MiB
2026/09/26 12:55:26.666, 3, 1800 MHz, 7601 MHz, 35.81 W, 27, 0 %, 284 MiB
2026/09/26 12:55:31.667, 0, 1800 MHz, 7601 MHz, 90.02 W, 49, 0 %, 45858 MiB
2026/09/26 12:55:31.667, 1, 1800 MHz, 7601 MHz, 70.64 W, 37, 0 %, 19192 MiB
2026/09/26 12:55:31.667, 2, 1800 MHz, 7601 MHz, 74.17 W, 30, 0 %, 284 MiB
2026/09/26 12:55:31.667, 3, 1800 MHz, 7601 MHz, 77.49 W, 28, 0 %, 284 MiB
2026/09/26 12:55:36.668, 0, 1800 MHz, 7601 MHz, 79.61 W, 48, 0 %, 45858 MiB
2026/09/26 12:55:36.668, 1, 1800 MHz, 7601 MHz, 70.40 W, 37, 0 %, 19192 MiB
2026/09/26 12:55:36.669, 2, 1800 MHz, 7601 MHz, 74.10 W, 30, 0 %, 284 MiB
2026/09/26 12:55:36.669, 3, 1800 MHz, 7601 MHz, 77.29 W, 29, 0 %, 284 MiB
2026/09/26 12:55:41.669, 0, 1920 MHz, 7601 MHz, 234.57 W, 54, 59 %, 45858 MiB
2026/09/26 12:55:41.670, 1, 1800 MHz, 7601 MHz, 123.14 W, 39, 5 %, 19192 MiB
2026/09/26 12:55:41.670, 2, 1800 MHz, 7601 MHz, 75.41 W, 31, 0 %, 284 MiB
2026/09/26 12:55:41.670, 3, 1800 MHz, 7601 MHz, 77.65 W, 29, 0 %, 284 MiB
2026/09/26 12:55:46.671, 0, 1905 MHz, 7601 MHz, 234.51 W, 56, 59 %, 45858 MiB
2026/09/26 12:55:46.671, 1, 1800 MHz, 7601 MHz, 124.90 W, 39, 18 %, 19192 MiB
2026/09/26 12:55:46.671, 2, 210 MHz, 405 MHz, 27.43 W, 29, 0 %, 284 MiB
2026/09/26 12:55:46.671, 3, 210 MHz, 405 MHz, 30.36 W, 28, 0 %, 284 MiB
2026/09/26 12:55:51.672, 0, 1905 MHz, 7601 MHz, 238.15 W, 56, 58 %, 45858 MiB
2026/09/26 12:55:51.672, 1, 1800 MHz, 7601 MHz, 127.62 W, 40, 33 %, 19192 MiB
2026/09/26 12:55:51.672, 2, 210 MHz, 405 MHz, 27.34 W, 29, 0 %, 284 MiB
2026/09/26 12:55:51.672, 3, 210 MHz, 405 MHz, 30.21 W, 27, 0 %, 284 MiB
2026/09/26 12:55:56.673, 0, 1905 MHz, 7601 MHz, 244.65 W, 58, 76 %, 45858 MiB
2026/09/26 12:55:56.674, 1, 1800 MHz, 7601 MHz, 129.94 W, 41, 39 %, 19192 MiB
2026/09/26 12:55:56.674, 2, 210 MHz, 405 MHz, 27.37 W, 28, 0 %, 284 MiB
2026/09/26 12:55:56.674, 3, 210 MHz, 405 MHz, 30.30 W, 27, 0 %, 284 MiB
2026/09/26 12:56:01.674, 0, 1920 MHz, 7601 MHz, 243.46 W, 59, 83 %, 45858 MiB
2026/09/26 12:56:01.675, 1, 1800 MHz, 7601 MHz, 130.09 W, 41, 39 %, 19192 MiB
2026/09/26 12:56:01.675, 2, 210 MHz, 405 MHz, 27.28 W, 28, 0 %, 284 MiB
2026/09/26 12:56:01.675, 3, 210 MHz, 405 MHz, 30.28 W, 26, 0 %, 284 MiB
2026/09/26 12:56:06.676, 0, 1800 MHz, 7601 MHz, 91.34 W, 54, 0 %, 45858 MiB
2026/09/26 12:56:06.676, 1, 1800 MHz, 7601 MHz, 71.70 W, 39, 0 %, 19192 MiB
2026/09/26 12:56:06.676, 2, 210 MHz, 405 MHz, 27.50 W, 28, 0 %, 284 MiB
2026/09/26 12:56:06.676, 3, 210 MHz, 405 MHz, 30.00 W, 26, 0 %, 284 MiB
2026/09/26 12:56:11.677, 0, 1800 MHz, 7601 MHz, 82.12 W, 53, 0 %, 45858 MiB
2026/09/26 12:56:11.677, 1, 1800 MHz, 7601 MHz, 71.44 W, 39, 0 %, 19192 MiB
2026/09/26 12:56:11.677, 2, 210 MHz, 405 MHz, 27.63 W, 28, 0 %, 284 MiB
2026/09/26 12:56:11.677, 3, 210 MHz, 405 MHz, 30.08 W, 26, 0 %, 284 MiB
2026/09/26 12:56:16.678, 0, 1635 MHz, 7601 MHz, 254.99 W, 58, 86 %, 45860 MiB
2026/09/26 12:56:16.679, 1, 1890 MHz, 7601 MHz, 154.98 W, 42, 35 %, 19192 MiB
2026/09/26 12:56:16.679, 2, 210 MHz, 405 MHz, 27.49 W, 28, 0 %, 284 MiB
2026/09/26 12:56:16.679, 3, 210 MHz, 405 MHz, 30.39 W, 26, 0 %, 284 MiB
2026/09/26 12:56:21.679, 0, 1590 MHz, 7601 MHz, 253.43 W, 59, 66 %, 45860 MiB
2026/09/26 12:56:21.679, 1, 1890 MHz, 7601 MHz, 148.46 W, 42, 22 %, 19192 MiB
2026/09/26 12:56:21.680, 2, 210 MHz, 405 MHz, 27.22 W, 28, 0 %, 284 MiB
2026/09/26 12:56:21.680, 3, 210 MHz, 405 MHz, 30.38 W, 26, 0 %, 284 MiB
2026/09/26 12:56:26.680, 0, 1905 MHz, 7601 MHz, 243.07 W, 60, 65 %, 45860 MiB
2026/09/26 12:56:26.680, 1, 1800 MHz, 7601 MHz, 136.04 W, 43, 38 %, 19192 MiB
2026/09/26 12:56:26.681, 2, 210 MHz, 405 MHz, 27.35 W, 28, 0 %, 284 MiB
2026/09/26 12:56:26.681, 3, 210 MHz, 405 MHz, 30.26 W, 26, 0 %, 284 MiB
2026/09/26 12:56:31.681, 0, 1845 MHz, 7601 MHz, 250.09 W, 62, 55 %, 45860 MiB
2026/09/26 12:56:31.681, 1, 1875 MHz, 7601 MHz, 148.44 W, 45, 6 %, 19192 MiB
2026/09/26 12:56:31.681, 2, 210 MHz, 405 MHz, 27.22 W, 27, 0 %, 284 MiB
2026/09/26 12:56:31.682, 3, 210 MHz, 405 MHz, 30.17 W, 26, 0 %, 284 MiB
2026/09/26 12:56:36.682, 0, 1725 MHz, 7601 MHz, 257.04 W, 61, 72 %, 45860 MiB
2026/09/26 12:56:36.682, 1, 1815 MHz, 7601 MHz, 145.81 W, 45, 40 %, 19192 MiB
2026/09/26 12:56:36.683, 2, 210 MHz, 405 MHz, 27.55 W, 27, 0 %, 284 MiB
2026/09/26 12:56:36.683, 3, 210 MHz, 405 MHz, 30.36 W, 26, 0 %, 284 MiB
2026/09/26 12:56:41.683, 0, 1815 MHz, 7601 MHz, 248.69 W, 64, 53 %, 45860 MiB
2026/09/26 12:56:41.684, 1, 1650 MHz, 7601 MHz, 154.77 W, 46, 37 %, 19192 MiB
2026/09/26 12:56:41.684, 2, 210 MHz, 405 MHz, 27.18 W, 27, 0 %, 284 MiB
2026/09/26 12:56:41.684, 3, 210 MHz, 405 MHz, 30.11 W, 25, 0 %, 284 MiB
2026/09/26 12:56:46.684, 0, 1770 MHz, 7601 MHz, 258.07 W, 62, 54 %, 45860 MiB
2026/09/26 12:56:46.685, 1, 1890 MHz, 7601 MHz, 146.40 W, 46, 18 %, 19192 MiB
2026/09/26 12:56:46.685, 2, 210 MHz, 405 MHz, 27.28 W, 27, 0 %, 284 MiB
2026/09/26 12:56:46.685, 3, 210 MHz, 405 MHz, 30.04 W, 25, 0 %, 284 MiB
2026/09/26 12:56:51.686, 0, 1785 MHz, 7601 MHz, 251.25 W, 65, 69 %, 45860 MiB
2026/09/26 12:56:51.686, 1, 1800 MHz, 7601 MHz, 149.35 W, 45, 36 %, 19192 MiB
2026/09/26 12:56:51.686, 2, 210 MHz, 405 MHz, 27.34 W, 27, 0 %, 284 MiB
2026/09/26 12:56:51.686, 3, 210 MHz, 405 MHz, 30.32 W, 25, 0 %, 284 MiB
2026/09/26 12:56:56.687, 0, 1890 MHz, 7601 MHz, 253.42 W, 66, 56 %, 45860 MiB
2026/09/26 12:56:56.687, 1, 1890 MHz, 7601 MHz, 156.11 W, 47, 10 %, 19192 MiB
2026/09/26 12:56:56.687, 2, 210 MHz, 405 MHz, 27.40 W, 27, 0 %, 284 MiB
2026/09/26 12:56:56.687, 3, 210 MHz, 405 MHz, 30.24 W, 25, 0 %, 284 MiB
2026/09/26 12:57:01.688, 0, 1905 MHz, 7601 MHz, 238.17 W, 67, 82 %, 45860 MiB
2026/09/26 12:57:01.688, 1, 1890 MHz, 7601 MHz, 163.00 W, 48, 36 %, 19192 MiB
2026/09/26 12:57:01.688, 2, 210 MHz, 405 MHz, 27.39 W, 27, 0 %, 284 MiB
2026/09/26 12:57:01.689, 3, 210 MHz, 405 MHz, 30.27 W, 25, 0 %, 284 MiB
2026/09/26 12:57:06.689, 0, 1905 MHz, 7601 MHz, 251.76 W, 67, 70 %, 45860 MiB
2026/09/26 12:57:06.689, 1, 1890 MHz, 7601 MHz, 149.21 W, 49, 35 %, 19192 MiB
2026/09/26 12:57:06.690, 2, 210 MHz, 405 MHz, 27.22 W, 27, 0 %, 284 MiB
2026/09/26 12:57:06.690, 3, 210 MHz, 405 MHz, 30.32 W, 25, 0 %, 284 MiB
2026/09/26 12:57:11.690, 0, 1890 MHz, 7601 MHz, 253.96 W, 67, 88 %, 45860 MiB
2026/09/26 12:57:11.691, 1, 1800 MHz, 7601 MHz, 143.96 W, 50, 0 %, 19192 MiB
2026/09/26 12:57:11.691, 2, 210 MHz, 405 MHz, 27.13 W, 27, 0 %, 284 MiB
2026/09/26 12:57:11.691, 3, 210 MHz, 405 MHz, 30.58 W, 25, 0 %, 284 MiB
2026/09/26 12:57:16.691, 0, 1710 MHz, 7601 MHz, 248.75 W, 68, 54 %, 45860 MiB
2026/09/26 12:57:16.692, 1, 1890 MHz, 7601 MHz, 150.03 W, 48, 22 %, 19192 MiB
2026/09/26 12:57:16.692, 2, 210 MHz, 405 MHz, 27.19 W, 27, 0 %, 284 MiB
2026/09/26 12:57:16.692, 3, 210 MHz, 405 MHz, 30.64 W, 25, 0 %, 284 MiB
2026/09/26 12:57:21.693, 0, 1755 MHz, 7601 MHz, 252.13 W, 69, 55 %, 45860 MiB
2026/09/26 12:57:21.693, 1, 1800 MHz, 7601 MHz, 150.62 W, 48, 33 %, 19192 MiB
2026/09/26 12:57:21.693, 2, 210 MHz, 405 MHz, 27.13 W, 27, 0 %, 284 MiB
2026/09/26 12:57:21.693, 3, 210 MHz, 405 MHz, 30.65 W, 25, 0 %, 284 MiB
2026/09/26 12:57:26.694, 0, 1815 MHz, 7601 MHz, 248.76 W, 67, 55 %, 45860 MiB
2026/09/26 12:57:26.694, 1, 1785 MHz, 7601 MHz, 142.85 W, 47, 9 %, 19192 MiB
2026/09/26 12:57:26.694, 2, 210 MHz, 405 MHz, 27.07 W, 27, 0 %, 284 MiB
2026/09/26 12:57:26.694, 3, 210 MHz, 405 MHz, 30.55 W, 25, 0 %, 284 MiB
2026/09/26 12:57:31.695, 0, 1725 MHz, 7601 MHz, 258.20 W, 70, 86 %, 45860 MiB
2026/09/26 12:57:31.695, 1, 1800 MHz, 7601 MHz, 146.10 W, 49, 67 %, 19192 MiB
2026/09/26 12:57:31.695, 2, 210 MHz, 405 MHz, 27.02 W, 27, 0 %, 284 MiB
2026/09/26 12:57:31.695, 3, 210 MHz, 405 MHz, 30.62 W, 25, 0 %, 284 MiB
2026/09/26 12:57:36.696, 0, 1875 MHz, 7601 MHz, 253.82 W, 69, 57 %, 45860 MiB
2026/09/26 12:57:36.696, 1, 1800 MHz, 7601 MHz, 157.72 W, 49, 35 %, 19192 MiB
2026/09/26 12:57:36.696, 2, 210 MHz, 405 MHz, 27.04 W, 27, 0 %, 284 MiB
2026/09/26 12:57:36.696, 3, 210 MHz, 405 MHz, 30.70 W, 25, 0 %, 284 MiB
2026/09/26 12:57:41.697, 0, 1890 MHz, 7601 MHz, 255.64 W, 69, 55 %, 45860 MiB
2026/09/26 12:57:41.697, 1, 1800 MHz, 7601 MHz, 144.27 W, 49, 16 %, 19192 MiB
2026/09/26 12:57:41.697, 2, 210 MHz, 405 MHz, 26.89 W, 27, 0 %, 284 MiB
2026/09/26 12:57:41.698, 3, 210 MHz, 405 MHz, 30.74 W, 25, 0 %, 284 MiB
2026/09/26 12:57:46.698, 0, 1590 MHz, 7601 MHz, 260.19 W, 70, 62 %, 45860 MiB
2026/09/26 12:57:46.698, 1, 1800 MHz, 7601 MHz, 145.78 W, 48, 42 %, 19192 MiB
2026/09/26 12:57:46.698, 2, 210 MHz, 405 MHz, 26.81 W, 27, 0 %, 284 MiB
2026/09/26 12:57:46.699, 3, 210 MHz, 405 MHz, 30.90 W, 25, 0 %, 284 MiB
2026/09/26 12:57:51.699, 0, 1560 MHz, 7601 MHz, 253.94 W, 71, 0 %, 45860 MiB
2026/09/26 12:57:51.699, 1, 1890 MHz, 7601 MHz, 150.03 W, 48, 91 %, 19192 MiB
2026/09/26 12:57:51.699, 2, 210 MHz, 405 MHz, 27.01 W, 27, 0 %, 284 MiB
2026/09/26 12:57:51.699, 3, 210 MHz, 405 MHz, 30.51 W, 25, 0 %, 284 MiB
2026/09/26 12:57:56.700, 0, 1890 MHz, 7601 MHz, 251.34 W, 70, 85 %, 45860 MiB
2026/09/26 12:57:56.700, 1, 1800 MHz, 7601 MHz, 150.44 W, 49, 33 %, 19192 MiB
2026/09/26 12:57:56.700, 2, 210 MHz, 405 MHz, 27.24 W, 27, 0 %, 284 MiB
2026/09/26 12:57:56.701, 3, 210 MHz, 405 MHz, 30.55 W, 25, 0 %, 284 MiB
2026/09/26 12:58:01.701, 0, 1695 MHz, 7601 MHz, 258.06 W, 71, 57 %, 45860 MiB
2026/09/26 12:58:01.702, 1, 1890 MHz, 7601 MHz, 156.86 W, 50, 20 %, 19192 MiB
2026/09/26 12:58:01.702, 2, 210 MHz, 405 MHz, 27.14 W, 27, 0 %, 284 MiB
2026/09/26 12:58:01.702, 3, 210 MHz, 405 MHz, 30.73 W, 25, 0 %, 284 MiB
2026/09/26 12:58:06.702, 0, 1560 MHz, 7601 MHz, 255.57 W, 71, 99 %, 45860 MiB
2026/09/26 12:58:06.703, 1, 1800 MHz, 7601 MHz, 139.01 W, 48, 38 %, 19192 MiB
2026/09/26 12:58:06.703, 2, 210 MHz, 405 MHz, 26.92 W, 27, 0 %, 284 MiB
2026/09/26 12:58:06.703, 3, 210 MHz, 405 MHz, 30.62 W, 25, 0 %, 284 MiB
2026/09/26 12:58:11.704, 0, 1815 MHz, 7601 MHz, 257.93 W, 69, 57 %, 45860 MiB
2026/09/26 12:58:11.704, 1, 1755 MHz, 7601 MHz, 159.20 W, 50, 17 %, 19192 MiB
2026/09/26 12:58:11.704, 2, 210 MHz, 405 MHz, 27.26 W, 27, 0 %, 284 MiB
2026/09/26 12:58:11.704, 3, 210 MHz, 405 MHz, 30.61 W, 25, 0 %, 284 MiB
2026/09/26 12:58:16.705, 0, 1830 MHz, 7601 MHz, 261.09 W, 70, 99 %, 45860 MiB
2026/09/26 12:58:16.706, 1, 1635 MHz, 7601 MHz, 150.57 W, 52, 16 %, 19192 MiB
2026/09/26 12:58:16.706, 2, 210 MHz, 405 MHz, 27.14 W, 27, 0 %, 284 MiB
2026/09/26 12:58:16.706, 3, 210 MHz, 405 MHz, 30.54 W, 25, 0 %, 284 MiB
2026/09/26 12:58:21.707, 0, 1740 MHz, 7601 MHz, 255.35 W, 72, 99 %, 45860 MiB
2026/09/26 12:58:21.707, 1, 1800 MHz, 7601 MHz, 143.71 W, 51, 0 %, 19192 MiB
2026/09/26 12:58:21.707, 2, 210 MHz, 405 MHz, 26.99 W, 27, 0 %, 284 MiB
2026/09/26 12:58:21.707, 3, 210 MHz, 405 MHz, 30.36 W, 25, 0 %, 284 MiB
2026/09/26 12:58:26.708, 0, 1875 MHz, 7601 MHz, 254.17 W, 70, 55 %, 45860 MiB
2026/09/26 12:58:26.708, 1, 1800 MHz, 7601 MHz, 141.92 W, 49, 35 %, 19192 MiB
2026/09/26 12:58:26.708, 2, 210 MHz, 405 MHz, 27.03 W, 27, 0 %, 284 MiB
2026/09/26 12:58:26.709, 3, 210 MHz, 405 MHz, 30.59 W, 25, 0 %, 284 MiB
2026/09/26 12:58:31.709, 0, 1860 MHz, 7601 MHz, 240.72 W, 72, 68 %, 45860 MiB
2026/09/26 12:58:31.709, 1, 1830 MHz, 7601 MHz, 161.31 W, 50, 65 %, 19192 MiB
2026/09/26 12:58:31.710, 2, 210 MHz, 405 MHz, 27.08 W, 27, 0 %, 284 MiB
2026/09/26 12:58:31.710, 3, 210 MHz, 405 MHz, 30.70 W, 25, 0 %, 284 MiB
2026/09/26 12:58:36.710, 0, 1875 MHz, 7601 MHz, 253.65 W, 70, 59 %, 45860 MiB
2026/09/26 12:58:36.711, 1, 1890 MHz, 7601 MHz, 152.50 W, 51, 49 %, 19192 MiB
2026/09/26 12:58:36.711, 2, 210 MHz, 405 MHz, 27.36 W, 27, 0 %, 284 MiB
2026/09/26 12:58:36.711, 3, 210 MHz, 405 MHz, 30.72 W, 25, 0 %, 284 MiB
2026/09/26 12:58:41.712, 0, 1725 MHz, 7601 MHz, 262.89 W, 72, 99 %, 45860 MiB
2026/09/26 12:58:41.712, 1, 1800 MHz, 7601 MHz, 150.64 W, 51, 34 %, 19192 MiB
2026/09/26 12:58:41.712, 2, 210 MHz, 405 MHz, 27.10 W, 27, 0 %, 284 MiB
2026/09/26 12:58:41.712, 3, 210 MHz, 405 MHz, 30.75 W, 25, 0 %, 284 MiB
2026/09/26 12:58:46.713, 0, 1800 MHz, 7601 MHz, 93.89 W, 65, 7 %, 45860 MiB
2026/09/26 12:58:46.713, 1, 1800 MHz, 7601 MHz, 77.60 W, 47, 0 %, 19192 MiB
2026/09/26 12:58:46.713, 2, 210 MHz, 405 MHz, 27.48 W, 27, 0 %, 284 MiB
2026/09/26 12:58:46.713, 3, 210 MHz, 405 MHz, 30.40 W, 25, 0 %, 284 MiB
2026/09/26 12:58:51.714, 0, 1800 MHz, 7601 MHz, 91.90 W, 63, 7 %, 45860 MiB
2026/09/26 12:58:51.714, 1, 1800 MHz, 7601 MHz, 76.80 W, 46, 0 %, 19192 MiB
2026/09/26 12:58:51.714, 2, 210 MHz, 405 MHz, 27.36 W, 27, 0 %, 284 MiB
2026/09/26 12:58:51.714, 3, 210 MHz, 405 MHz, 30.73 W, 25, 0 %, 284 MiB
2026/09/26 12:58:56.715, 0, 1800 MHz, 7601 MHz, 89.98 W, 61, 7 %, 45860 MiB
2026/09/26 12:58:56.715, 1, 1800 MHz, 7601 MHz, 76.36 W, 45, 0 %, 19192 MiB
2026/09/26 12:58:56.715, 2, 210 MHz, 405 MHz, 27.18 W, 27, 0 %, 284 MiB
2026/09/26 12:58:56.715, 3, 210 MHz, 405 MHz, 30.67 W, 25, 0 %, 284 MiB
2026/09/26 12:59:01.716, 0, 1800 MHz, 7601 MHz, 88.73 W, 60, 7 %, 45860 MiB
2026/09/26 12:59:01.716, 1, 210 MHz, 405 MHz, 40.16 W, 42, 0 %, 19192 MiB
2026/09/26 12:59:01.716, 2, 210 MHz, 405 MHz, 27.45 W, 27, 0 %, 284 MiB
2026/09/26 12:59:01.716, 3, 210 MHz, 405 MHz, 30.64 W, 25, 0 %, 284 MiB
2026/09/26 12:59:06.717, 0, 1800 MHz, 7601 MHz, 87.92 W, 58, 7 %, 45860 MiB
2026/09/26 12:59:06.717, 1, 210 MHz, 405 MHz, 24.07 W, 40, 0 %, 19192 MiB
2026/09/26 12:59:06.717, 2, 210 MHz, 405 MHz, 27.51 W, 27, 0 %, 284 MiB
2026/09/26 12:59:06.717, 3, 210 MHz, 405 MHz, 30.44 W, 25, 0 %, 284 MiB
2026/09/26 12:59:11.718, 0, 1800 MHz, 7601 MHz, 86.98 W, 57, 7 %, 45860 MiB
2026/09/26 12:59:11.718, 1, 210 MHz, 405 MHz, 24.09 W, 39, 0 %, 19192 MiB
2026/09/26 12:59:11.718, 2, 210 MHz, 405 MHz, 27.43 W, 27, 0 %, 284 MiB
2026/09/26 12:59:11.718, 3, 210 MHz, 405 MHz, 30.60 W, 25, 0 %, 284 MiB
2026/09/26 12:59:16.719, 0, 1800 MHz, 7601 MHz, 85.27 W, 56, 0 %, 45860 MiB
2026/09/26 12:59:16.719, 1, 1800 MHz, 7601 MHz, 73.11 W, 40, 7 %, 19192 MiB
2026/09/26 12:59:16.720, 2, 210 MHz, 405 MHz, 27.43 W, 27, 0 %, 284 MiB
2026/09/26 12:59:16.720, 3, 210 MHz, 405 MHz, 30.45 W, 25, 0 %, 284 MiB
2026/09/26 12:59:21.720, 0, 1800 MHz, 7601 MHz, 84.42 W, 55, 0 %, 45860 MiB
2026/09/26 12:59:21.721, 1, 1800 MHz, 7601 MHz, 73.22 W, 40, 7 %, 19192 MiB
2026/09/26 12:59:21.721, 2, 210 MHz, 405 MHz, 27.51 W, 27, 0 %, 284 MiB
2026/09/26 12:59:21.721, 3, 210 MHz, 405 MHz, 30.43 W, 25, 0 %, 284 MiB
2026/09/26 12:59:26.722, 0, 1800 MHz, 7601 MHz, 83.54 W, 54, 0 %, 45860 MiB
2026/09/26 12:59:26.722, 1, 1800 MHz, 7601 MHz, 72.82 W, 40, 7 %, 19192 MiB
2026/09/26 12:59:26.722, 2, 210 MHz, 405 MHz, 27.50 W, 27, 0 %, 284 MiB
2026/09/26 12:59:26.722, 3, 210 MHz, 405 MHz, 30.60 W, 25, 0 %, 284 MiB
2026/09/26 12:59:31.723, 0, 1920 MHz, 7601 MHz, 215.23 W, 58, 94 %, 3568 MiB
2026/09/26 12:59:31.723, 1, 1905 MHz, 7601 MHz, 82.07 W, 41, 0 %, 3184 MiB
2026/09/26 12:59:31.723, 2, 210 MHz, 405 MHz, 27.36 W, 27, 0 %, 284 MiB
2026/09/26 12:59:31.723, 3, 210 MHz, 405 MHz, 30.99 W, 25, 0 %, 284 MiB
2026/09/26 12:59:36.723, 0, 1920 MHz, 7601 MHz, 212.21 W, 59, 92 %, 7274 MiB
2026/09/26 12:59:36.724, 1, 1800 MHz, 7601 MHz, 72.72 W, 40, 0 %, 3184 MiB
2026/09/26 12:59:36.724, 2, 210 MHz, 405 MHz, 27.50 W, 27, 0 %, 284 MiB
2026/09/26 12:59:36.724, 3, 210 MHz, 405 MHz, 30.78 W, 25, 0 %, 284 MiB
2026/09/26 12:59:41.724, 0, 1920 MHz, 7601 MHz, 212.36 W, 60, 85 %, 10862 MiB
2026/09/26 12:59:41.725, 1, 1800 MHz, 7601 MHz, 72.50 W, 40, 0 %, 3184 MiB
2026/09/26 12:59:41.725, 2, 210 MHz, 405 MHz, 27.27 W, 27, 0 %, 284 MiB
2026/09/26 12:59:41.725, 3, 210 MHz, 405 MHz, 30.67 W, 25, 0 %, 284 MiB
2026/09/26 12:59:46.725, 0, 1920 MHz, 7601 MHz, 212.90 W, 61, 89 %, 14420 MiB
2026/09/26 12:59:46.726, 1, 1800 MHz, 7601 MHz, 72.36 W, 39, 0 %, 3184 MiB
2026/09/26 12:59:46.726, 2, 210 MHz, 405 MHz, 27.23 W, 27, 0 %, 284 MiB
2026/09/26 12:59:46.726, 3, 210 MHz, 405 MHz, 30.74 W, 25, 0 %, 284 MiB
2026/09/26 12:59:51.726, 0, 1920 MHz, 7601 MHz, 213.98 W, 61, 81 %, 18176 MiB
2026/09/26 12:59:51.726, 1, 210 MHz, 405 MHz, 28.40 W, 37, 0 %, 3184 MiB
2026/09/26 12:59:51.727, 2, 210 MHz, 405 MHz, 27.08 W, 27, 0 %, 284 MiB
2026/09/26 12:59:51.727, 3, 210 MHz, 405 MHz, 30.58 W, 25, 0 %, 284 MiB
2026/09/26 12:59:56.727, 0, 1905 MHz, 7601 MHz, 214.27 W, 62, 83 %, 21694 MiB
2026/09/26 12:59:56.727, 1, 210 MHz, 405 MHz, 28.28 W, 36, 0 %, 3184 MiB
2026/09/26 12:59:56.727, 2, 210 MHz, 405 MHz, 27.32 W, 27, 0 %, 284 MiB
2026/09/26 12:59:56.727, 3, 210 MHz, 405 MHz, 30.62 W, 25, 0 %, 284 MiB
2026/09/26 13:00:01.728, 0, 1800 MHz, 7601 MHz, 86.33 W, 57, 0 %, 22558 MiB
2026/09/26 13:00:01.728, 1, 1905 MHz, 7601 MHz, 190.47 W, 43, 81 %, 4984 MiB
2026/09/26 13:00:01.728, 2, 210 MHz, 405 MHz, 27.14 W, 27, 0 %, 284 MiB
2026/09/26 13:00:01.728, 3, 210 MHz, 405 MHz, 30.70 W, 25, 0 %, 284 MiB
2026/09/26 13:00:06.729, 0, 1800 MHz, 7601 MHz, 85.17 W, 56, 0 %, 22558 MiB
2026/09/26 13:00:06.729, 1, 1890 MHz, 7601 MHz, 190.99 W, 45, 87 %, 8664 MiB
2026/09/26 13:00:06.729, 2, 210 MHz, 405 MHz, 27.18 W, 27, 0 %, 284 MiB
2026/09/26 13:00:06.729, 3, 210 MHz, 405 MHz, 30.50 W, 25, 0 %, 284 MiB
2026/09/26 13:00:11.730, 0, 1800 MHz, 7601 MHz, 84.31 W, 55, 0 %, 22558 MiB
2026/09/26 13:00:11.730, 1, 1890 MHz, 7601 MHz, 191.05 W, 47, 83 %, 12164 MiB
2026/09/26 13:00:11.730, 2, 210 MHz, 405 MHz, 27.41 W, 27, 0 %, 284 MiB
2026/09/26 13:00:11.730, 3, 210 MHz, 405 MHz, 30.32 W, 25, 0 %, 284 MiB
2026/09/26 13:00:16.731, 0, 210 MHz, 405 MHz, 34.76 W, 52, 0 %, 22558 MiB
2026/09/26 13:00:16.731, 1, 1890 MHz, 7601 MHz, 192.21 W, 47, 91 %, 15828 MiB
2026/09/26 13:00:16.731, 2, 210 MHz, 405 MHz, 27.12 W, 27, 0 %, 284 MiB
2026/09/26 13:00:16.731, 3, 210 MHz, 405 MHz, 30.25 W, 25, 0 %, 284 MiB
2026/09/26 13:00:21.732, 0, 210 MHz, 405 MHz, 33.86 W, 50, 0 %, 22558 MiB
2026/09/26 13:00:21.732, 1, 1890 MHz, 7601 MHz, 192.16 W, 49, 89 %, 19464 MiB
2026/09/26 13:00:21.733, 2, 210 MHz, 405 MHz, 27.29 W, 27, 0 %, 284 MiB
2026/09/26 13:00:21.733, 3, 210 MHz, 405 MHz, 30.41 W, 25, 0 %, 284 MiB
2026/09/26 13:00:26.734, 0, 1800 MHz, 7601 MHz, 125.03 W, 53, 19 %, 22318 MiB
2026/09/26 13:00:26.734, 1, 1890 MHz, 7601 MHz, 146.72 W, 49, 12 %, 21838 MiB
2026/09/26 13:00:26.734, 2, 210 MHz, 405 MHz, 27.57 W, 27, 0 %, 284 MiB
2026/09/26 13:00:26.734, 3, 210 MHz, 405 MHz, 30.41 W, 25, 0 %, 284 MiB
2026/09/26 13:00:31.735, 0, 1800 MHz, 7601 MHz, 153.79 W, 55, 25 %, 22318 MiB
2026/09/26 13:00:31.735, 1, 1800 MHz, 7601 MHz, 155.23 W, 49, 26 %, 21838 MiB
2026/09/26 13:00:31.735, 2, 210 MHz, 405 MHz, 27.28 W, 27, 0 %, 284 MiB
2026/09/26 13:00:31.735, 3, 210 MHz, 405 MHz, 30.33 W, 25, 0 %, 284 MiB
2026/09/26 13:00:36.736, 0, 1935 MHz, 7601 MHz, 191.07 W, 55, 21 %, 22324 MiB
2026/09/26 13:00:36.736, 1, 1860 MHz, 7601 MHz, 177.35 W, 49, 27 %, 21844 MiB
2026/09/26 13:00:36.736, 2, 210 MHz, 405 MHz, 27.32 W, 27, 0 %, 284 MiB
2026/09/26 13:00:36.737, 3, 210 MHz, 405 MHz, 30.42 W, 25, 0 %, 284 MiB
2026/09/26 13:00:41.737, 0, 1800 MHz, 7601 MHz, 163.68 W, 55, 43 %, 22376 MiB
2026/09/26 13:00:41.737, 1, 1800 MHz, 7601 MHz, 172.57 W, 50, 39 %, 21894 MiB
2026/09/26 13:00:41.738, 2, 210 MHz, 405 MHz, 27.28 W, 27, 0 %, 284 MiB
2026/09/26 13:00:41.738, 3, 210 MHz, 405 MHz, 30.03 W, 25, 0 %, 284 MiB
2026/09/26 13:00:46.739, 0, 1890 MHz, 7601 MHz, 199.99 W, 57, 33 %, 22428 MiB
2026/09/26 13:00:46.739, 1, 1890 MHz, 7601 MHz, 198.92 W, 52, 30 %, 21926 MiB
2026/09/26 13:00:46.739, 2, 210 MHz, 405 MHz, 27.23 W, 27, 0 %, 284 MiB
2026/09/26 13:00:46.739, 3, 210 MHz, 405 MHz, 30.11 W, 25, 0 %, 284 MiB
2026/09/26 13:00:51.740, 0, 1920 MHz, 7601 MHz, 202.63 W, 59, 29 %, 22668 MiB
2026/09/26 13:00:51.740, 1, 1890 MHz, 7601 MHz, 206.05 W, 54, 48 %, 22166 MiB
2026/09/26 13:00:51.740, 2, 210 MHz, 405 MHz, 27.08 W, 27, 0 %, 284 MiB
2026/09/26 13:00:51.740, 3, 210 MHz, 405 MHz, 30.32 W, 25, 0 %, 284 MiB
2026/09/26 13:00:56.741, 0, 1905 MHz, 7601 MHz, 210.92 W, 60, 46 %, 22708 MiB
2026/09/26 13:00:56.741, 1, 1905 MHz, 7601 MHz, 209.46 W, 53, 43 %, 22190 MiB
2026/09/26 13:00:56.741, 2, 210 MHz, 405 MHz, 27.25 W, 27, 0 %, 284 MiB
2026/09/26 13:00:56.741, 3, 210 MHz, 405 MHz, 30.17 W, 25, 0 %, 284 MiB
2026/09/26 13:01:01.742, 0, 1920 MHz, 7601 MHz, 217.15 W, 61, 28 %, 23048 MiB
2026/09/26 13:01:01.742, 1, 1755 MHz, 7601 MHz, 204.31 W, 55, 61 %, 22490 MiB
2026/09/26 13:01:01.742, 2, 210 MHz, 405 MHz, 27.18 W, 27, 0 %, 284 MiB
2026/09/26 13:01:01.743, 3, 210 MHz, 405 MHz, 30.31 W, 25, 0 %, 284 MiB
2026/09/26 13:01:06.743, 0, 1650 MHz, 7601 MHz, 239.43 W, 63, 100 %, 23108 MiB
2026/09/26 13:01:06.743, 1, 1695 MHz, 7601 MHz, 203.44 W, 57, 99 %, 22570 MiB
2026/09/26 13:01:06.743, 2, 210 MHz, 405 MHz, 27.18 W, 27, 0 %, 284 MiB
2026/09/26 13:01:06.744, 3, 210 MHz, 405 MHz, 30.15 W, 25, 0 %, 284 MiB
2026/09/26 13:01:11.744, 0, 1905 MHz, 7601 MHz, 227.04 W, 59, 0 %, 23108 MiB
2026/09/26 13:01:11.744, 1, 1905 MHz, 7601 MHz, 110.07 W, 52, 0 %, 22570 MiB
2026/09/26 13:01:11.745, 2, 210 MHz, 405 MHz, 27.44 W, 27, 0 %, 284 MiB
2026/09/26 13:01:11.745, 3, 210 MHz, 405 MHz, 30.42 W, 25, 0 %, 284 MiB
2026/09/26 13:01:16.746, 0, 1800 MHz, 7601 MHz, 157.04 W, 59, 37 %, 23108 MiB
2026/09/26 13:01:16.746, 1, 1905 MHz, 7601 MHz, 169.45 W, 54, 19 %, 22570 MiB
2026/09/26 13:01:16.747, 2, 210 MHz, 405 MHz, 27.22 W, 27, 0 %, 284 MiB
2026/09/26 13:01:16.747, 3, 210 MHz, 405 MHz, 30.11 W, 25, 0 %, 284 MiB
2026/09/26 13:01:21.747, 0, 1800 MHz, 7601 MHz, 85.20 W, 56, 0 %, 23108 MiB
2026/09/26 13:01:21.748, 1, 1800 MHz, 7601 MHz, 77.44 W, 50, 0 %, 22570 MiB
2026/09/26 13:01:21.748, 2, 210 MHz, 405 MHz, 27.44 W, 27, 0 %, 284 MiB
2026/09/26 13:01:21.748, 3, 210 MHz, 405 MHz, 30.06 W, 24, 0 %, 284 MiB
2026/09/26 13:01:26.749, 0, 1800 MHz, 7601 MHz, 83.87 W, 55, 0 %, 23108 MiB
2026/09/26 13:01:26.749, 1, 1800 MHz, 7601 MHz, 78.70 W, 49, 0 %, 22570 MiB
2026/09/26 13:01:26.749, 2, 210 MHz, 405 MHz, 27.33 W, 27, 0 %, 284 MiB
2026/09/26 13:01:26.749, 3, 210 MHz, 405 MHz, 30.31 W, 25, 0 %, 284 MiB
2026/09/26 13:01:31.750, 0, 1800 MHz, 7601 MHz, 83.01 W, 54, 0 %, 23108 MiB
2026/09/26 13:01:31.750, 1, 1800 MHz, 7601 MHz, 78.06 W, 48, 0 %, 22570 MiB
2026/09/26 13:01:31.750, 2, 210 MHz, 405 MHz, 27.32 W, 27, 0 %, 284 MiB
2026/09/26 13:01:31.750, 3, 210 MHz, 405 MHz, 30.12 W, 24, 0 %, 284 MiB
2026/09/26 13:01:36.751, 0, 1860 MHz, 7601 MHz, 216.17 W, 58, 39 %, 23108 MiB
2026/09/26 13:01:36.751, 1, 1830 MHz, 7601 MHz, 208.75 W, 52, 48 %, 22570 MiB
2026/09/26 13:01:36.752, 2, 210 MHz, 405 MHz, 27.13 W, 27, 0 %, 284 MiB
2026/09/26 13:01:36.752, 3, 210 MHz, 405 MHz, 30.11 W, 25, 0 %, 284 MiB
2026/09/26 13:01:41.752, 0, 1710 MHz, 7601 MHz, 219.80 W, 59, 51 %, 23108 MiB
2026/09/26 13:01:41.753, 1, 1845 MHz, 7601 MHz, 206.37 W, 55, 55 %, 22570 MiB
2026/09/26 13:01:41.753, 2, 210 MHz, 405 MHz, 26.82 W, 27, 0 %, 284 MiB
2026/09/26 13:01:41.753, 3, 210 MHz, 405 MHz, 29.94 W, 24, 0 %, 284 MiB
2026/09/26 13:01:46.753, 0, 1725 MHz, 7601 MHz, 224.05 W, 61, 69 %, 23108 MiB
2026/09/26 13:01:46.753, 1, 1890 MHz, 7601 MHz, 203.94 W, 56, 74 %, 22570 MiB
2026/09/26 13:01:46.754, 2, 210 MHz, 405 MHz, 27.05 W, 27, 0 %, 284 MiB
2026/09/26 13:01:46.754, 3, 210 MHz, 405 MHz, 30.04 W, 24, 0 %, 284 MiB
2026/09/26 13:01:51.754, 0, 1830 MHz, 7601 MHz, 221.40 W, 60, 69 %, 23108 MiB
2026/09/26 13:01:51.755, 1, 1905 MHz, 7601 MHz, 202.86 W, 57, 75 %, 22570 MiB
2026/09/26 13:01:51.755, 2, 210 MHz, 405 MHz, 27.05 W, 27, 0 %, 284 MiB
2026/09/26 13:01:51.755, 3, 210 MHz, 405 MHz, 29.98 W, 24, 0 %, 284 MiB
2026/09/26 13:01:56.755, 0, 1890 MHz, 7601 MHz, 217.79 W, 61, 61 %, 23108 MiB
2026/09/26 13:01:56.756, 1, 1905 MHz, 7601 MHz, 208.41 W, 56, 58 %, 22570 MiB
2026/09/26 13:01:56.756, 2, 210 MHz, 405 MHz, 27.19 W, 27, 0 %, 284 MiB
2026/09/26 13:01:56.756, 3, 210 MHz, 405 MHz, 30.22 W, 24, 0 %, 284 MiB
2026/09/26 13:02:01.756, 0, 1830 MHz, 7601 MHz, 216.54 W, 61, 53 %, 23108 MiB
2026/09/26 13:02:01.757, 1, 1740 MHz, 7601 MHz, 209.90 W, 57, 51 %, 22570 MiB
2026/09/26 13:02:01.757, 2, 210 MHz, 405 MHz, 26.87 W, 27, 0 %, 284 MiB
2026/09/26 13:02:01.757, 3, 210 MHz, 405 MHz, 30.37 W, 24, 0 %, 284 MiB
2026/09/26 13:02:06.758, 0, 1800 MHz, 7601 MHz, 85.84 W, 57, 0 %, 23108 MiB
2026/09/26 13:02:06.758, 1, 1800 MHz, 7601 MHz, 78.60 W, 51, 0 %, 22570 MiB
2026/09/26 13:02:06.758, 2, 210 MHz, 405 MHz, 27.18 W, 27, 0 %, 284 MiB
2026/09/26 13:02:06.758, 3, 210 MHz, 405 MHz, 30.34 W, 24, 0 %, 284 MiB
2026/09/26 13:02:11.759, 0, 1710 MHz, 7601 MHz, 223.61 W, 63, 92 %, 23108 MiB
2026/09/26 13:02:11.759, 1, 1875 MHz, 7601 MHz, 201.62 W, 55, 35 %, 22570 MiB
2026/09/26 13:02:11.760, 2, 210 MHz, 405 MHz, 27.11 W, 27, 0 %, 284 MiB
2026/09/26 13:02:11.760, 3, 210 MHz, 405 MHz, 30.18 W, 24, 0 %, 284 MiB
2026/09/26 13:02:16.761, 0, 1800 MHz, 7601 MHz, 209.99 W, 63, 30 %, 23108 MiB
2026/09/26 13:02:16.761, 1, 1905 MHz, 7601 MHz, 194.26 W, 58, 16 %, 22570 MiB
2026/09/26 13:02:16.761, 2, 210 MHz, 405 MHz, 27.23 W, 27, 0 %, 284 MiB
2026/09/26 13:02:16.761, 3, 210 MHz, 405 MHz, 30.37 W, 24, 0 %, 284 MiB
2026/09/26 13:02:21.762, 0, 1890 MHz, 7601 MHz, 217.26 W, 62, 64 %, 23108 MiB
2026/09/26 13:02:21.762, 1, 1770 MHz, 7601 MHz, 211.15 W, 56, 87 %, 22570 MiB
2026/09/26 13:02:21.762, 2, 210 MHz, 405 MHz, 27.20 W, 27, 0 %, 284 MiB
2026/09/26 13:02:21.762, 3, 210 MHz, 405 MHz, 30.23 W, 24, 0 %, 284 MiB
2026/09/26 13:02:26.763, 0, 1665 MHz, 7601 MHz, 220.50 W, 64, 77 %, 23108 MiB
2026/09/26 13:02:26.763, 1, 1905 MHz, 7601 MHz, 200.76 W, 57, 1 %, 22570 MiB
2026/09/26 13:02:26.763, 2, 210 MHz, 405 MHz, 27.19 W, 27, 0 %, 284 MiB
2026/09/26 13:02:26.764, 3, 210 MHz, 405 MHz, 30.31 W, 24, 0 %, 284 MiB
2026/09/26 13:02:31.764, 0, 1905 MHz, 7601 MHz, 218.03 W, 62, 36 %, 23108 MiB
2026/09/26 13:02:31.764, 1, 1695 MHz, 7601 MHz, 207.98 W, 59, 99 %, 22570 MiB
2026/09/26 13:02:31.765, 2, 210 MHz, 405 MHz, 27.21 W, 27, 0 %, 284 MiB
2026/09/26 13:02:31.765, 3, 210 MHz, 405 MHz, 30.22 W, 24, 0 %, 284 MiB
2026/09/26 13:02:36.765, 0, 1905 MHz, 7601 MHz, 218.56 W, 62, 32 %, 23108 MiB
2026/09/26 13:02:36.765, 1, 1890 MHz, 7601 MHz, 207.13 W, 57, 67 %, 22570 MiB
2026/09/26 13:02:36.766, 2, 210 MHz, 405 MHz, 27.19 W, 27, 0 %, 284 MiB
2026/09/26 13:02:36.766, 3, 210 MHz, 405 MHz, 30.52 W, 24, 0 %, 284 MiB
2026/09/26 13:02:41.766, 0, 1710 MHz, 7601 MHz, 226.62 W, 66, 100 %, 23108 MiB
2026/09/26 13:02:41.767, 1, 1890 MHz, 7601 MHz, 189.98 W, 56, 0 %, 22570 MiB
2026/09/26 13:02:41.768, 2, 210 MHz, 405 MHz, 27.13 W, 26, 0 %, 284 MiB
2026/09/26 13:02:41.768, 3, 210 MHz, 405 MHz, 30.25 W, 24, 0 %, 284 MiB
2026/09/26 13:02:46.768, 0, 1845 MHz, 7601 MHz, 214.98 W, 65, 79 %, 23108 MiB
2026/09/26 13:02:46.769, 1, 1785 MHz, 7601 MHz, 214.52 W, 60, 65 %, 22570 MiB
2026/09/26 13:02:46.769, 2, 210 MHz, 405 MHz, 27.28 W, 27, 0 %, 284 MiB
2026/09/26 13:02:46.769, 3, 210 MHz, 405 MHz, 30.43 W, 24, 0 %, 284 MiB
2026/09/26 13:02:51.769, 0, 1905 MHz, 7601 MHz, 215.03 W, 64, 74 %, 23108 MiB
2026/09/26 13:02:51.770, 1, 1755 MHz, 7601 MHz, 202.17 W, 60, 80 %, 22570 MiB
2026/09/26 13:02:51.770, 2, 210 MHz, 405 MHz, 27.08 W, 27, 0 %, 284 MiB
2026/09/26 13:02:51.770, 3, 210 MHz, 405 MHz, 30.37 W, 24, 0 %, 284 MiB
2026/09/26 13:02:56.770, 0, 1740 MHz, 7601 MHz, 211.05 W, 66, 54 %, 23108 MiB
2026/09/26 13:02:56.771, 1, 1815 MHz, 7601 MHz, 201.38 W, 60, 20 %, 22570 MiB
2026/09/26 13:02:56.771, 2, 210 MHz, 405 MHz, 26.96 W, 26, 0 %, 284 MiB
2026/09/26 13:02:56.771, 3, 210 MHz, 405 MHz, 30.53 W, 24, 0 %, 284 MiB
2026/09/26 13:03:01.771, 0, 1695 MHz, 7601 MHz, 211.67 W, 66, 30 %, 23108 MiB
2026/09/26 13:03:01.772, 1, 1890 MHz, 7601 MHz, 200.10 W, 57, 15 %, 22570 MiB
2026/09/26 13:03:01.772, 2, 210 MHz, 405 MHz, 27.17 W, 27, 0 %, 284 MiB
2026/09/26 13:03:01.772, 3, 210 MHz, 405 MHz, 30.68 W, 24, 0 %, 284 MiB
2026/09/26 13:03:06.772, 0, 1755 MHz, 7601 MHz, 214.82 W, 66, 24 %, 23108 MiB
2026/09/26 13:03:06.773, 1, 1890 MHz, 7601 MHz, 202.21 W, 58, 21 %, 22570 MiB
2026/09/26 13:03:06.773, 2, 210 MHz, 405 MHz, 26.91 W, 27, 0 %, 284 MiB
2026/09/26 13:03:06.773, 3, 210 MHz, 405 MHz, 30.41 W, 24, 0 %, 284 MiB
2026/09/26 13:03:11.774, 0, 1695 MHz, 7601 MHz, 214.19 W, 66, 37 %, 23108 MiB
2026/09/26 13:03:11.774, 1, 1755 MHz, 7601 MHz, 201.21 W, 61, 30 %, 22570 MiB
2026/09/26 13:03:11.774, 2, 210 MHz, 405 MHz, 27.02 W, 27, 0 %, 284 MiB
2026/09/26 13:03:11.774, 3, 210 MHz, 405 MHz, 30.45 W, 24, 0 %, 284 MiB
2026/09/26 13:03:16.775, 0, 1905 MHz, 7601 MHz, 207.14 W, 64, 7 %, 23108 MiB
2026/09/26 13:03:16.775, 1, 1860 MHz, 7601 MHz, 204.08 W, 59, 68 %, 22570 MiB
2026/09/26 13:03:16.775, 2, 210 MHz, 405 MHz, 27.02 W, 26, 0 %, 284 MiB
2026/09/26 13:03:16.775, 3, 210 MHz, 405 MHz, 30.50 W, 24, 0 %, 284 MiB
2026/09/26 13:03:21.776, 0, 1890 MHz, 7601 MHz, 209.20 W, 65, 69 %, 23108 MiB
2026/09/26 13:03:21.776, 1, 1815 MHz, 7601 MHz, 206.62 W, 61, 74 %, 22570 MiB
2026/09/26 13:03:21.776, 2, 210 MHz, 405 MHz, 27.07 W, 26, 0 %, 284 MiB
2026/09/26 13:03:21.776, 3, 210 MHz, 405 MHz, 30.59 W, 24, 0 %, 284 MiB
2026/09/26 13:03:26.777, 0, 1785 MHz, 7601 MHz, 213.35 W, 65, 31 %, 23108 MiB
2026/09/26 13:03:26.777, 1, 1890 MHz, 7601 MHz, 205.89 W, 59, 38 %, 22570 MiB
2026/09/26 13:03:26.777, 2, 210 MHz, 405 MHz, 27.08 W, 26, 0 %, 284 MiB
2026/09/26 13:03:26.777, 3, 210 MHz, 405 MHz, 30.55 W, 24, 0 %, 284 MiB
2026/09/26 13:03:31.778, 0, 1725 MHz, 7601 MHz, 214.91 W, 67, 20 %, 23108 MiB
2026/09/26 13:03:31.778, 1, 1890 MHz, 7601 MHz, 203.85 W, 59, 32 %, 22570 MiB
2026/09/26 13:03:31.779, 2, 210 MHz, 405 MHz, 27.23 W, 26, 0 %, 284 MiB
2026/09/26 13:03:31.779, 3, 210 MHz, 405 MHz, 30.79 W, 24, 0 %, 284 MiB
2026/09/26 13:03:36.779, 0, 1905 MHz, 7601 MHz, 217.72 W, 64, 11 %, 23108 MiB
2026/09/26 13:03:36.779, 1, 1890 MHz, 7601 MHz, 212.47 W, 60, 69 %, 22570 MiB
2026/09/26 13:03:36.780, 2, 210 MHz, 405 MHz, 27.34 W, 26, 0 %, 284 MiB
2026/09/26 13:03:36.780, 3, 210 MHz, 405 MHz, 30.59 W, 24, 0 %, 284 MiB
2026/09/26 13:03:41.780, 0, 1680 MHz, 7601 MHz, 212.57 W, 66, 19 %, 23108 MiB
2026/09/26 13:03:41.781, 1, 1815 MHz, 7601 MHz, 204.10 W, 61, 36 %, 22570 MiB
2026/09/26 13:03:41.781, 2, 210 MHz, 405 MHz, 27.06 W, 26, 0 %, 284 MiB
2026/09/26 13:03:41.781, 3, 210 MHz, 405 MHz, 30.41 W, 24, 0 %, 284 MiB
2026/09/26 13:03:46.782, 0, 1755 MHz, 7601 MHz, 207.62 W, 66, 23 %, 23108 MiB
2026/09/26 13:03:46.782, 1, 1890 MHz, 7601 MHz, 215.80 W, 60, 52 %, 22570 MiB
2026/09/26 13:03:46.782, 2, 210 MHz, 405 MHz, 27.13 W, 26, 0 %, 284 MiB
2026/09/26 13:03:46.782, 3, 210 MHz, 405 MHz, 30.45 W, 24, 0 %, 284 MiB
2026/09/26 13:03:51.783, 0, 1905 MHz, 7601 MHz, 218.95 W, 65, 0 %, 23108 MiB
2026/09/26 13:03:51.783, 1, 1755 MHz, 7601 MHz, 208.42 W, 63, 99 %, 22570 MiB
2026/09/26 13:03:51.783, 2, 210 MHz, 405 MHz, 27.21 W, 26, 0 %, 284 MiB
2026/09/26 13:03:51.783, 3, 210 MHz, 405 MHz, 30.35 W, 24, 0 %, 284 MiB
2026/09/26 13:03:56.784, 0, 1905 MHz, 7601 MHz, 219.92 W, 65, 57 %, 23108 MiB
2026/09/26 13:03:56.784, 1, 1875 MHz, 7601 MHz, 213.98 W, 60, 87 %, 22570 MiB
2026/09/26 13:03:56.784, 2, 210 MHz, 405 MHz, 27.06 W, 26, 0 %, 284 MiB
2026/09/26 13:03:56.784, 3, 210 MHz, 405 MHz, 30.44 W, 24, 0 %, 284 MiB
2026/09/26 13:04:01.785, 0, 1905 MHz, 7601 MHz, 215.21 W, 66, 71 %, 23108 MiB
2026/09/26 13:04:01.785, 1, 1845 MHz, 7601 MHz, 209.48 W, 62, 81 %, 22570 MiB
2026/09/26 13:04:01.786, 2, 210 MHz, 405 MHz, 27.38 W, 27, 0 %, 284 MiB
2026/09/26 13:04:01.786, 3, 210 MHz, 405 MHz, 30.50 W, 24, 0 %, 284 MiB
2026/09/26 13:04:06.786, 0, 1905 MHz, 7601 MHz, 214.51 W, 66, 65 %, 23108 MiB
2026/09/26 13:04:06.786, 1, 1845 MHz, 7601 MHz, 212.55 W, 61, 89 %, 22570 MiB
2026/09/26 13:04:06.787, 2, 210 MHz, 405 MHz, 27.19 W, 26, 0 %, 284 MiB
2026/09/26 13:04:06.787, 3, 210 MHz, 405 MHz, 30.59 W, 24, 0 %, 284 MiB
2026/09/26 13:04:11.787, 0, 1905 MHz, 7601 MHz, 222.44 W, 65, 16 %, 23108 MiB
2026/09/26 13:04:11.787, 1, 1740 MHz, 7601 MHz, 198.43 W, 63, 99 %, 22570 MiB
2026/09/26 13:04:11.788, 2, 210 MHz, 405 MHz, 27.31 W, 26, 0 %, 284 MiB
2026/09/26 13:04:11.788, 3, 210 MHz, 405 MHz, 30.48 W, 24, 0 %, 284 MiB
2026/09/26 13:04:16.788, 0, 1695 MHz, 7601 MHz, 207.57 W, 65, 35 %, 23108 MiB
2026/09/26 13:04:16.789, 1, 1890 MHz, 7601 MHz, 209.11 W, 60, 43 %, 22570 MiB
2026/09/26 13:04:16.789, 2, 210 MHz, 405 MHz, 27.11 W, 26, 0 %, 284 MiB
2026/09/26 13:04:16.789, 3, 210 MHz, 405 MHz, 30.38 W, 24, 0 %, 284 MiB
2026/09/26 13:04:21.789, 0, 1890 MHz, 7601 MHz, 215.94 W, 67, 81 %, 23108 MiB
2026/09/26 13:04:21.790, 1, 1680 MHz, 7601 MHz, 210.11 W, 63, 69 %, 22570 MiB
2026/09/26 13:04:21.790, 2, 210 MHz, 405 MHz, 27.07 W, 26, 0 %, 284 MiB
2026/09/26 13:04:21.790, 3, 210 MHz, 405 MHz, 30.30 W, 24, 0 %, 284 MiB
2026/09/26 13:04:26.791, 0, 1905 MHz, 7601 MHz, 215.87 W, 65, 0 %, 23108 MiB
2026/09/26 13:04:26.791, 1, 1830 MHz, 7601 MHz, 211.95 W, 63, 99 %, 22570 MiB
2026/09/26 13:04:26.791, 2, 210 MHz, 405 MHz, 27.12 W, 26, 0 %, 284 MiB
2026/09/26 13:04:26.791, 3, 210 MHz, 405 MHz, 30.25 W, 24, 0 %, 284 MiB
2026/09/26 13:04:31.792, 0, 1905 MHz, 7601 MHz, 212.54 W, 66, 58 %, 23108 MiB
2026/09/26 13:04:31.792, 1, 1890 MHz, 7601 MHz, 210.81 W, 61, 73 %, 22570 MiB
2026/09/26 13:04:31.792, 2, 210 MHz, 405 MHz, 27.21 W, 26, 0 %, 284 MiB
2026/09/26 13:04:31.792, 3, 210 MHz, 405 MHz, 30.15 W, 24, 0 %, 284 MiB
2026/09/26 13:04:36.793, 0, 1905 MHz, 7601 MHz, 224.68 W, 66, 61 %, 23108 MiB
2026/09/26 13:04:36.793, 1, 1815 MHz, 7601 MHz, 209.58 W, 63, 94 %, 22570 MiB
2026/09/26 13:04:36.793, 2, 210 MHz, 405 MHz, 27.14 W, 26, 0 %, 284 MiB
2026/09/26 13:04:36.794, 3, 210 MHz, 405 MHz, 30.10 W, 24, 0 %, 284 MiB
2026/09/26 13:04:41.794, 0, 1905 MHz, 7601 MHz, 219.31 W, 67, 68 %, 23108 MiB
2026/09/26 13:04:41.795, 1, 1890 MHz, 7601 MHz, 209.70 W, 62, 81 %, 22570 MiB
2026/09/26 13:04:41.795, 2, 210 MHz, 405 MHz, 27.14 W, 26, 0 %, 284 MiB
2026/09/26 13:04:41.795, 3, 210 MHz, 405 MHz, 30.43 W, 24, 0 %, 284 MiB
2026/09/26 13:04:46.796, 0, 1680 MHz, 7601 MHz, 213.81 W, 65, 0 %, 23108 MiB
2026/09/26 13:04:46.796, 1, 1890 MHz, 7601 MHz, 207.58 W, 61, 68 %, 22570 MiB
2026/09/26 13:04:46.796, 2, 210 MHz, 405 MHz, 27.37 W, 26, 0 %, 284 MiB
2026/09/26 13:04:46.796, 3, 210 MHz, 405 MHz, 30.31 W, 24, 0 %, 284 MiB
2026/09/26 13:04:51.797, 0, 1710 MHz, 7601 MHz, 209.09 W, 69, 57 %, 23108 MiB
2026/09/26 13:04:51.797, 1, 1695 MHz, 7601 MHz, 208.85 W, 60, 0 %, 22570 MiB
2026/09/26 13:04:51.797, 2, 210 MHz, 405 MHz, 27.34 W, 26, 0 %, 284 MiB
2026/09/26 13:04:51.797, 3, 210 MHz, 405 MHz, 30.23 W, 24, 0 %, 284 MiB
2026/09/26 13:04:56.798, 0, 1905 MHz, 7601 MHz, 217.27 W, 66, 31 %, 23108 MiB
2026/09/26 13:04:56.798, 1, 1890 MHz, 7601 MHz, 209.31 W, 62, 92 %, 22570 MiB
2026/09/26 13:04:56.798, 2, 210 MHz, 405 MHz, 27.18 W, 26, 0 %, 284 MiB
2026/09/26 13:04:56.798, 3, 210 MHz, 405 MHz, 30.09 W, 24, 0 %, 284 MiB
2026/09/26 13:05:01.799, 0, 1740 MHz, 7601 MHz, 219.53 W, 66, 9 %, 23108 MiB
2026/09/26 13:05:01.799, 1, 1890 MHz, 7601 MHz, 210.37 W, 61, 68 %, 22570 MiB
2026/09/26 13:05:01.799, 2, 210 MHz, 405 MHz, 27.27 W, 26, 0 %, 284 MiB
2026/09/26 13:05:01.799, 3, 210 MHz, 405 MHz, 30.10 W, 24, 0 %, 284 MiB
2026/09/26 13:05:06.800, 0, 1725 MHz, 7601 MHz, 172.62 W, 68, 18 %, 23108 MiB
2026/09/26 13:05:06.800, 1, 1890 MHz, 7601 MHz, 243.54 W, 61, 43 %, 22570 MiB
2026/09/26 13:05:06.800, 2, 210 MHz, 405 MHz, 26.99 W, 26, 0 %, 284 MiB
2026/09/26 13:05:06.800, 3, 210 MHz, 405 MHz, 30.14 W, 24, 0 %, 284 MiB
2026/09/26 13:05:11.800, 0, 1650 MHz, 7601 MHz, 214.46 W, 68, 32 %, 23108 MiB
2026/09/26 13:05:11.801, 1, 1890 MHz, 7601 MHz, 203.74 W, 60, 14 %, 22570 MiB
2026/09/26 13:05:11.801, 2, 210 MHz, 405 MHz, 26.97 W, 26, 0 %, 284 MiB
2026/09/26 13:05:11.801, 3, 210 MHz, 405 MHz, 30.24 W, 24, 0 %, 284 MiB
2026/09/26 13:05:16.801, 0, 1680 MHz, 7601 MHz, 215.04 W, 66, 44 %, 23108 MiB
2026/09/26 13:05:16.802, 1, 1890 MHz, 7601 MHz, 209.58 W, 61, 56 %, 22570 MiB
2026/09/26 13:05:16.802, 2, 210 MHz, 405 MHz, 27.06 W, 26, 0 %, 284 MiB
2026/09/26 13:05:16.802, 3, 210 MHz, 405 MHz, 30.22 W, 24, 0 %, 284 MiB
2026/09/26 13:05:21.803, 0, 1905 MHz, 7601 MHz, 212.45 W, 66, 34 %, 23108 MiB
2026/09/26 13:05:21.803, 1, 1890 MHz, 7601 MHz, 207.74 W, 64, 99 %, 22570 MiB
2026/09/26 13:05:21.803, 2, 210 MHz, 405 MHz, 26.98 W, 26, 0 %, 284 MiB
2026/09/26 13:05:21.803, 3, 210 MHz, 405 MHz, 30.11 W, 24, 0 %, 284 MiB
2026/09/26 13:05:26.805, 0, 1905 MHz, 8001 MHz, 100.91 W, 63, 0 %, 1 MiB
2026/09/26 13:05:26.805, 1, 1890 MHz, 8001 MHz, 89.65 W, 57, 0 %, 1 MiB
2026/09/26 13:05:26.805, 2, 210 MHz, 405 MHz, 32.35 W, 27, 0 %, 1 MiB
2026/09/26 13:05:26.805, 3, 210 MHz, 405 MHz, 35.78 W, 25, 0 %, 1 MiB
2026/09/26 13:05:31.806, 0, 210 MHz, 405 MHz, 33.15 W, 59, 0 %, 5 MiB
2026/09/26 13:05:31.806, 1, 210 MHz, 405 MHz, 28.28 W, 53, 0 %, 5 MiB
2026/09/26 13:05:31.806, 2, 210 MHz, 405 MHz, 27.03 W, 26, 0 %, 5 MiB
2026/09/26 13:05:31.806, 3, 210 MHz, 405 MHz, 31.16 W, 25, 0 %, 5 MiB
2026/09/26 13:05:36.807, 0, 1920 MHz, 7601 MHz, 211.31 W, 63, 69 %, 4614 MiB
2026/09/26 13:05:36.807, 1, 210 MHz, 405 MHz, 24.09 W, 51, 0 %, 5 MiB
2026/09/26 13:05:36.807, 2, 210 MHz, 405 MHz, 26.97 W, 26, 0 %, 5 MiB
2026/09/26 13:05:36.807, 3, 210 MHz, 405 MHz, 30.29 W, 24, 0 %, 5 MiB
2026/09/26 13:05:41.808, 0, 1920 MHz, 7601 MHz, 212.55 W, 63, 95 %, 7614 MiB
2026/09/26 13:05:41.808, 1, 210 MHz, 405 MHz, 23.71 W, 48, 0 %, 5 MiB
2026/09/26 13:05:41.810, 2, 210 MHz, 405 MHz, 26.95 W, 26, 0 %, 5 MiB
2026/09/26 13:05:41.810, 3, 210 MHz, 405 MHz, 30.45 W, 24, 0 %, 5 MiB
2026/09/26 13:05:46.811, 0, 1920 MHz, 7601 MHz, 215.18 W, 64, 83 %, 10954 MiB
2026/09/26 13:05:46.811, 1, 210 MHz, 405 MHz, 23.68 W, 46, 0 %, 5 MiB
2026/09/26 13:05:46.811, 2, 210 MHz, 405 MHz, 26.97 W, 27, 0 %, 5 MiB
2026/09/26 13:05:46.812, 3, 210 MHz, 405 MHz, 30.23 W, 24, 0 %, 5 MiB
2026/09/26 13:05:51.812, 0, 1920 MHz, 7601 MHz, 211.76 W, 65, 79 %, 14554 MiB
2026/09/26 13:05:51.812, 1, 210 MHz, 405 MHz, 23.82 W, 44, 0 %, 5 MiB
2026/09/26 13:05:51.812, 2, 210 MHz, 405 MHz, 27.16 W, 26, 0 %, 5 MiB
2026/09/26 13:05:51.812, 3, 210 MHz, 405 MHz, 30.18 W, 24, 0 %, 5 MiB
2026/09/26 13:05:56.813, 0, 1905 MHz, 7601 MHz, 215.59 W, 65, 84 %, 17960 MiB
2026/09/26 13:05:56.813, 1, 210 MHz, 405 MHz, 23.54 W, 43, 0 %, 5 MiB
2026/09/26 13:05:56.813, 2, 210 MHz, 405 MHz, 27.16 W, 26, 0 %, 5 MiB
2026/09/26 13:05:56.813, 3, 210 MHz, 405 MHz, 30.18 W, 24, 0 %, 5 MiB
2026/09/26 13:06:01.814, 0, 1905 MHz, 7601 MHz, 213.23 W, 65, 67 %, 21496 MiB
2026/09/26 13:06:01.814, 1, 210 MHz, 405 MHz, 23.42 W, 41, 0 %, 5 MiB
2026/09/26 13:06:01.814, 2, 210 MHz, 405 MHz, 27.08 W, 26, 0 %, 5 MiB
2026/09/26 13:06:01.814, 3, 210 MHz, 405 MHz, 30.22 W, 24, 0 %, 5 MiB
2026/09/26 13:06:06.815, 0, 1905 MHz, 7601 MHz, 212.73 W, 65, 87 %, 24810 MiB
2026/09/26 13:06:06.815, 1, 210 MHz, 405 MHz, 23.69 W, 40, 0 %, 5 MiB
2026/09/26 13:06:06.815, 2, 210 MHz, 405 MHz, 27.16 W, 26, 0 %, 5 MiB
2026/09/26 13:06:06.815, 3, 210 MHz, 405 MHz, 30.26 W, 24, 0 %, 5 MiB
2026/09/26 13:06:11.816, 0, 1905 MHz, 7601 MHz, 216.70 W, 65, 87 %, 28286 MiB
2026/09/26 13:06:11.816, 1, 210 MHz, 405 MHz, 23.88 W, 39, 0 %, 5 MiB
2026/09/26 13:06:11.816, 2, 210 MHz, 405 MHz, 27.06 W, 27, 0 %, 5 MiB
2026/09/26 13:06:11.816, 3, 210 MHz, 405 MHz, 30.34 W, 24, 0 %, 5 MiB
2026/09/26 13:06:16.817, 0, 1905 MHz, 7601 MHz, 213.72 W, 66, 93 %, 31762 MiB
2026/09/26 13:06:16.817, 1, 210 MHz, 405 MHz, 23.84 W, 38, 0 %, 5 MiB
2026/09/26 13:06:16.818, 2, 210 MHz, 405 MHz, 27.07 W, 26, 0 %, 5 MiB
2026/09/26 13:06:16.818, 3, 210 MHz, 405 MHz, 30.34 W, 24, 0 %, 5 MiB
2026/09/26 13:06:21.818, 0, 1905 MHz, 7601 MHz, 211.82 W, 66, 94 %, 35260 MiB
2026/09/26 13:06:21.818, 1, 210 MHz, 405 MHz, 23.63 W, 37, 0 %, 5 MiB
2026/09/26 13:06:21.818, 2, 210 MHz, 405 MHz, 27.02 W, 26, 0 %, 5 MiB
2026/09/26 13:06:21.819, 3, 210 MHz, 405 MHz, 30.07 W, 24, 0 %, 5 MiB
2026/09/26 13:06:26.819, 0, 1905 MHz, 7601 MHz, 213.64 W, 66, 94 %, 38534 MiB
2026/09/26 13:06:26.819, 1, 210 MHz, 405 MHz, 23.79 W, 36, 0 %, 5 MiB
2026/09/26 13:06:26.819, 2, 210 MHz, 405 MHz, 27.05 W, 26, 0 %, 5 MiB
2026/09/26 13:06:26.820, 3, 210 MHz, 405 MHz, 30.02 W, 24, 0 %, 5 MiB
2026/09/26 13:06:31.820, 0, 1905 MHz, 7601 MHz, 213.39 W, 66, 94 %, 42010 MiB
2026/09/26 13:06:31.820, 1, 210 MHz, 405 MHz, 24.01 W, 35, 0 %, 5 MiB
2026/09/26 13:06:31.821, 2, 210 MHz, 405 MHz, 26.98 W, 26, 0 %, 5 MiB
2026/09/26 13:06:31.821, 3, 210 MHz, 405 MHz, 30.07 W, 24, 0 %, 5 MiB
2026/09/26 13:06:36.821, 0, 1800 MHz, 7601 MHz, 94.11 W, 62, 0 %, 43638 MiB
2026/09/26 13:06:36.821, 1, 210 MHz, 405 MHz, 24.69 W, 34, 0 %, 5 MiB
2026/09/26 13:06:36.822, 2, 210 MHz, 405 MHz, 27.10 W, 26, 0 %, 5 MiB
2026/09/26 13:06:36.822, 3, 210 MHz, 405 MHz, 30.12 W, 24, 0 %, 5 MiB
2026/09/26 13:06:41.822, 0, 1740 MHz, 7601 MHz, 299.24 W, 67, 95 %, 43340 MiB
2026/09/26 13:06:41.823, 1, 210 MHz, 405 MHz, 22.81 W, 34, 0 %, 5 MiB
2026/09/26 13:06:41.823, 2, 210 MHz, 405 MHz, 27.18 W, 26, 0 %, 5 MiB
2026/09/26 13:06:41.823, 3, 210 MHz, 405 MHz, 31.36 W, 24, 0 %, 5 MiB
2026/09/26 13:06:46.823, 0, 1680 MHz, 7601 MHz, 298.85 W, 69, 97 %, 43382 MiB
2026/09/26 13:06:46.824, 1, 210 MHz, 405 MHz, 23.16 W, 33, 0 %, 5 MiB
2026/09/26 13:06:46.824, 2, 210 MHz, 405 MHz, 26.79 W, 26, 0 %, 5 MiB
2026/09/26 13:06:46.824, 3, 210 MHz, 405 MHz, 30.46 W, 24, 0 %, 5 MiB
2026/09/26 13:06:51.824, 0, 1665 MHz, 7601 MHz, 299.11 W, 70, 98 %, 43518 MiB
2026/09/26 13:06:51.825, 1, 210 MHz, 405 MHz, 23.19 W, 33, 0 %, 5 MiB
2026/09/26 13:06:51.826, 2, 210 MHz, 405 MHz, 26.97 W, 26, 0 %, 5 MiB
2026/09/26 13:06:51.827, 3, 210 MHz, 405 MHz, 30.11 W, 24, 0 %, 5 MiB
2026/09/26 13:06:56.827, 0, 1695 MHz, 7601 MHz, 299.28 W, 71, 100 %, 43978 MiB
2026/09/26 13:06:56.827, 1, 210 MHz, 405 MHz, 23.01 W, 32, 0 %, 5 MiB
2026/09/26 13:06:56.828, 2, 210 MHz, 405 MHz, 27.11 W, 26, 0 %, 5 MiB
2026/09/26 13:06:56.828, 3, 210 MHz, 405 MHz, 30.28 W, 24, 0 %, 5 MiB
2026/09/26 13:07:01.828, 0, 1710 MHz, 7601 MHz, 299.11 W, 72, 100 %, 44086 MiB
2026/09/26 13:07:01.828, 1, 210 MHz, 405 MHz, 23.24 W, 32, 0 %, 5 MiB
2026/09/26 13:07:01.829, 2, 210 MHz, 405 MHz, 26.78 W, 26, 0 %, 5 MiB
2026/09/26 13:07:01.829, 3, 210 MHz, 405 MHz, 30.61 W, 24, 0 %, 5 MiB
2026/09/26 13:07:06.829, 0, 1680 MHz, 7601 MHz, 299.45 W, 73, 99 %, 44546 MiB
2026/09/26 13:07:06.829, 1, 210 MHz, 405 MHz, 23.46 W, 31, 0 %, 5 MiB
2026/09/26 13:07:06.830, 2, 210 MHz, 405 MHz, 26.87 W, 26, 0 %, 5 MiB
2026/09/26 13:07:06.830, 3, 210 MHz, 405 MHz, 30.31 W, 24, 0 %, 5 MiB
2026/09/26 13:07:11.830, 0, 1650 MHz, 7601 MHz, 299.08 W, 73, 100 %, 44846 MiB
2026/09/26 13:07:11.830, 1, 210 MHz, 405 MHz, 23.52 W, 31, 0 %, 5 MiB
2026/09/26 13:07:11.831, 2, 210 MHz, 405 MHz, 27.16 W, 26, 0 %, 5 MiB
2026/09/26 13:07:11.831, 3, 210 MHz, 405 MHz, 30.37 W, 24, 0 %, 5 MiB
2026/09/26 13:07:16.831, 0, 1605 MHz, 7601 MHz, 298.93 W, 74, 100 %, 44846 MiB
2026/09/26 13:07:16.831, 1, 210 MHz, 405 MHz, 24.00 W, 31, 0 %, 5 MiB
2026/09/26 13:07:16.832, 2, 210 MHz, 405 MHz, 27.36 W, 26, 0 %, 5 MiB
2026/09/26 13:07:16.832, 3, 210 MHz, 405 MHz, 30.62 W, 24, 0 %, 5 MiB
2026/09/26 13:07:21.832, 0, 1680 MHz, 7601 MHz, 225.15 W, 74, 94 %, 44846 MiB
2026/09/26 13:07:21.833, 1, 210 MHz, 405 MHz, 24.17 W, 30, 0 %, 5 MiB
2026/09/26 13:07:21.834, 2, 210 MHz, 405 MHz, 27.10 W, 26, 0 %, 5 MiB
2026/09/26 13:07:21.834, 3, 210 MHz, 405 MHz, 30.35 W, 24, 0 %, 5 MiB
2026/09/26 13:07:26.834, 0, 1680 MHz, 7601 MHz, 298.88 W, 74, 99 %, 44846 MiB
2026/09/26 13:07:26.835, 1, 210 MHz, 405 MHz, 22.96 W, 30, 0 %, 5 MiB
2026/09/26 13:07:26.835, 2, 210 MHz, 405 MHz, 27.01 W, 26, 0 %, 5 MiB
2026/09/26 13:07:26.835, 3, 210 MHz, 405 MHz, 30.45 W, 24, 0 %, 5 MiB
2026/09/26 13:07:31.835, 0, 1680 MHz, 7601 MHz, 299.03 W, 75, 99 %, 44846 MiB
2026/09/26 13:07:31.836, 1, 210 MHz, 405 MHz, 23.00 W, 30, 0 %, 5 MiB
2026/09/26 13:07:31.836, 2, 210 MHz, 405 MHz, 27.11 W, 26, 0 %, 5 MiB
2026/09/26 13:07:31.836, 3, 210 MHz, 405 MHz, 30.31 W, 24, 0 %, 5 MiB
2026/09/26 13:07:36.836, 0, 1680 MHz, 7601 MHz, 298.84 W, 75, 99 %, 44846 MiB
2026/09/26 13:07:36.837, 1, 210 MHz, 405 MHz, 23.00 W, 29, 0 %, 5 MiB
2026/09/26 13:07:36.837, 2, 210 MHz, 405 MHz, 27.08 W, 26, 0 %, 5 MiB
2026/09/26 13:07:36.837, 3, 210 MHz, 405 MHz, 30.03 W, 24, 0 %, 5 MiB
2026/09/26 13:07:41.837, 0, 1665 MHz, 7601 MHz, 299.14 W, 75, 100 %, 44846 MiB
2026/09/26 13:07:41.837, 1, 210 MHz, 405 MHz, 23.07 W, 29, 0 %, 5 MiB
2026/09/26 13:07:41.838, 2, 210 MHz, 405 MHz, 26.96 W, 26, 0 %, 5 MiB
2026/09/26 13:07:41.838, 3, 210 MHz, 405 MHz, 30.45 W, 24, 0 %, 5 MiB
2026/09/26 13:07:46.838, 0, 1680 MHz, 7601 MHz, 298.57 W, 75, 100 %, 44846 MiB
2026/09/26 13:07:46.838, 1, 210 MHz, 405 MHz, 23.17 W, 29, 0 %, 5 MiB
2026/09/26 13:07:46.839, 2, 210 MHz, 405 MHz, 27.09 W, 26, 0 %, 5 MiB
2026/09/26 13:07:46.839, 3, 210 MHz, 405 MHz, 30.28 W, 24, 0 %, 5 MiB
2026/09/26 13:07:51.839, 0, 1665 MHz, 7601 MHz, 299.01 W, 75, 100 %, 44846 MiB
2026/09/26 13:07:51.839, 1, 210 MHz, 405 MHz, 23.06 W, 29, 0 %, 5 MiB
2026/09/26 13:07:51.841, 2, 210 MHz, 405 MHz, 27.17 W, 26, 0 %, 5 MiB
2026/09/26 13:07:51.841, 3, 210 MHz, 405 MHz, 30.46 W, 24, 0 %, 5 MiB
2026/09/26 13:07:56.842, 0, 1725 MHz, 7601 MHz, 298.61 W, 75, 100 %, 44846 MiB
2026/09/26 13:07:56.842, 1, 210 MHz, 405 MHz, 23.44 W, 28, 0 %, 5 MiB
2026/09/26 13:07:56.842, 2, 210 MHz, 405 MHz, 27.06 W, 26, 0 %, 5 MiB
2026/09/26 13:07:56.843, 3, 210 MHz, 405 MHz, 30.43 W, 24, 0 %, 5 MiB
2026/09/26 13:08:01.843, 0, 1665 MHz, 7601 MHz, 298.65 W, 75, 97 %, 44846 MiB
2026/09/26 13:08:01.843, 1, 210 MHz, 405 MHz, 23.43 W, 28, 0 %, 5 MiB
2026/09/26 13:08:01.844, 2, 210 MHz, 405 MHz, 27.22 W, 26, 0 %, 5 MiB
2026/09/26 13:08:01.844, 3, 210 MHz, 405 MHz, 30.44 W, 24, 0 %, 5 MiB
2026/09/26 13:08:06.844, 0, 1725 MHz, 7601 MHz, 298.06 W, 75, 98 %, 44846 MiB
2026/09/26 13:08:06.844, 1, 210 MHz, 405 MHz, 23.26 W, 28, 0 %, 5 MiB
2026/09/26 13:08:06.845, 2, 210 MHz, 405 MHz, 27.25 W, 26, 0 %, 5 MiB
2026/09/26 13:08:06.845, 3, 210 MHz, 405 MHz, 30.26 W, 24, 0 %, 5 MiB
2026/09/26 13:08:11.845, 0, 1695 MHz, 7601 MHz, 298.87 W, 75, 100 %, 44846 MiB
2026/09/26 13:08:11.845, 1, 210 MHz, 405 MHz, 23.23 W, 28, 0 %, 5 MiB
2026/09/26 13:08:11.846, 2, 210 MHz, 405 MHz, 27.07 W, 26, 0 %, 5 MiB
2026/09/26 13:08:11.846, 3, 210 MHz, 405 MHz, 30.34 W, 24, 0 %, 5 MiB
2026/09/26 13:08:16.846, 0, 1680 MHz, 7601 MHz, 298.83 W, 75, 100 %, 44846 MiB
2026/09/26 13:08:16.846, 1, 210 MHz, 405 MHz, 23.15 W, 28, 0 %, 5 MiB
2026/09/26 13:08:16.847, 2, 210 MHz, 405 MHz, 27.11 W, 26, 0 %, 5 MiB
2026/09/26 13:08:16.847, 3, 210 MHz, 405 MHz, 30.36 W, 24, 0 %, 5 MiB
2026/09/26 13:08:21.847, 0, 1650 MHz, 7601 MHz, 299.30 W, 75, 98 %, 44846 MiB
2026/09/26 13:08:21.847, 1, 210 MHz, 405 MHz, 22.85 W, 27, 0 %, 5 MiB
2026/09/26 13:08:21.851, 2, 210 MHz, 405 MHz, 27.41 W, 26, 0 %, 5 MiB
2026/09/26 13:08:21.851, 3, 210 MHz, 405 MHz, 30.43 W, 24, 0 %, 5 MiB
2026/09/26 13:08:26.852, 0, 1635 MHz, 7601 MHz, 299.94 W, 76, 100 %, 44846 MiB
2026/09/26 13:08:26.852, 1, 210 MHz, 405 MHz, 22.97 W, 27, 0 %, 5 MiB
2026/09/26 13:08:26.852, 2, 210 MHz, 405 MHz, 27.34 W, 26, 0 %, 5 MiB
2026/09/26 13:08:26.852, 3, 210 MHz, 405 MHz, 30.38 W, 24, 0 %, 5 MiB
2026/09/26 13:08:31.853, 0, 1650 MHz, 7601 MHz, 299.60 W, 76, 98 %, 44846 MiB
2026/09/26 13:08:31.853, 1, 210 MHz, 405 MHz, 23.17 W, 27, 0 %, 5 MiB
2026/09/26 13:08:31.853, 2, 210 MHz, 405 MHz, 27.24 W, 26, 0 %, 5 MiB
2026/09/26 13:08:31.853, 3, 210 MHz, 405 MHz, 30.44 W, 24, 0 %, 5 MiB
2026/09/26 13:08:36.854, 0, 1590 MHz, 7601 MHz, 298.69 W, 76, 98 %, 44846 MiB
2026/09/26 13:08:36.854, 1, 210 MHz, 405 MHz, 22.85 W, 27, 0 %, 5 MiB
2026/09/26 13:08:36.854, 2, 210 MHz, 405 MHz, 27.17 W, 26, 0 %, 5 MiB
2026/09/26 13:08:36.854, 3, 210 MHz, 405 MHz, 30.30 W, 24, 0 %, 5 MiB
2026/09/26 13:08:41.855, 0, 1650 MHz, 7601 MHz, 299.91 W, 76, 100 %, 44846 MiB
2026/09/26 13:08:41.855, 1, 210 MHz, 405 MHz, 23.27 W, 27, 0 %, 5 MiB
2026/09/26 13:08:41.855, 2, 210 MHz, 405 MHz, 27.39 W, 26, 0 %, 5 MiB
2026/09/26 13:08:41.855, 3, 210 MHz, 405 MHz, 30.38 W, 24, 0 %, 5 MiB
2026/09/26 13:08:46.856, 0, 1725 MHz, 7601 MHz, 297.79 W, 76, 98 %, 44846 MiB
2026/09/26 13:08:46.856, 1, 210 MHz, 405 MHz, 22.77 W, 27, 0 %, 5 MiB
2026/09/26 13:08:46.856, 2, 210 MHz, 405 MHz, 27.34 W, 26, 0 %, 5 MiB
2026/09/26 13:08:46.856, 3, 210 MHz, 405 MHz, 30.38 W, 24, 0 %, 5 MiB
2026/09/26 13:08:51.857, 0, 1710 MHz, 7601 MHz, 298.40 W, 76, 100 %, 44846 MiB
2026/09/26 13:08:51.857, 1, 210 MHz, 405 MHz, 23.19 W, 27, 0 %, 5 MiB
2026/09/26 13:08:51.858, 2, 210 MHz, 405 MHz, 27.23 W, 26, 0 %, 5 MiB
2026/09/26 13:08:51.858, 3, 210 MHz, 405 MHz, 30.34 W, 24, 0 %, 5 MiB
2026/09/26 13:08:56.859, 0, 1635 MHz, 7601 MHz, 299.38 W, 76, 100 %, 44846 MiB
2026/09/26 13:08:56.859, 1, 210 MHz, 405 MHz, 23.23 W, 27, 0 %, 5 MiB
2026/09/26 13:08:56.859, 2, 210 MHz, 405 MHz, 27.27 W, 26, 0 %, 5 MiB
2026/09/26 13:08:56.859, 3, 210 MHz, 405 MHz, 30.22 W, 24, 0 %, 5 MiB
2026/09/26 13:09:01.859, 0, 1665 MHz, 7601 MHz, 298.14 W, 76, 98 %, 44846 MiB
2026/09/26 13:09:01.860, 1, 210 MHz, 405 MHz, 23.17 W, 27, 0 %, 5 MiB
2026/09/26 13:09:01.860, 2, 210 MHz, 405 MHz, 27.22 W, 26, 0 %, 5 MiB
2026/09/26 13:09:01.860, 3, 210 MHz, 405 MHz, 30.52 W, 24, 0 %, 5 MiB
2026/09/26 13:09:06.860, 0, 1665 MHz, 7601 MHz, 299.72 W, 76, 98 %, 44846 MiB
2026/09/26 13:09:06.860, 1, 210 MHz, 405 MHz, 23.27 W, 26, 0 %, 5 MiB
2026/09/26 13:09:06.861, 2, 210 MHz, 405 MHz, 27.13 W, 26, 0 %, 5 MiB
2026/09/26 13:09:06.861, 3, 210 MHz, 405 MHz, 30.29 W, 24, 0 %, 5 MiB
2026/09/26 13:09:11.861, 0, 1665 MHz, 7601 MHz, 298.65 W, 76, 98 %, 44846 MiB
2026/09/26 13:09:11.862, 1, 210 MHz, 405 MHz, 23.34 W, 26, 0 %, 5 MiB
2026/09/26 13:09:11.862, 2, 210 MHz, 405 MHz, 27.08 W, 26, 0 %, 5 MiB
2026/09/26 13:09:11.862, 3, 210 MHz, 405 MHz, 30.33 W, 24, 0 %, 5 MiB
2026/09/26 13:09:16.862, 0, 1710 MHz, 7601 MHz, 296.93 W, 76, 98 %, 44846 MiB
2026/09/26 13:09:16.862, 1, 210 MHz, 405 MHz, 23.25 W, 26, 0 %, 5 MiB
2026/09/26 13:09:16.863, 2, 210 MHz, 405 MHz, 27.35 W, 26, 0 %, 5 MiB
2026/09/26 13:09:16.863, 3, 210 MHz, 405 MHz, 30.24 W, 24, 0 %, 5 MiB
2026/09/26 13:09:21.863, 0, 1695 MHz, 7601 MHz, 298.36 W, 76, 98 %, 44846 MiB
2026/09/26 13:09:21.863, 1, 210 MHz, 405 MHz, 23.25 W, 26, 0 %, 5 MiB
2026/09/26 13:09:21.864, 2, 210 MHz, 405 MHz, 27.20 W, 26, 0 %, 5 MiB
2026/09/26 13:09:21.864, 3, 210 MHz, 405 MHz, 30.26 W, 24, 0 %, 5 MiB
2026/09/26 13:09:26.864, 0, 1725 MHz, 7601 MHz, 299.70 W, 76, 100 %, 44846 MiB
2026/09/26 13:09:26.864, 1, 210 MHz, 405 MHz, 23.45 W, 26, 0 %, 5 MiB
2026/09/26 13:09:26.865, 2, 210 MHz, 405 MHz, 27.27 W, 26, 0 %, 5 MiB
2026/09/26 13:09:26.865, 3, 210 MHz, 405 MHz, 30.15 W, 24, 0 %, 5 MiB
2026/09/26 13:09:31.865, 0, 1725 MHz, 7601 MHz, 298.06 W, 76, 98 %, 44846 MiB
2026/09/26 13:09:31.866, 1, 210 MHz, 405 MHz, 23.17 W, 26, 0 %, 5 MiB
2026/09/26 13:09:31.866, 2, 210 MHz, 405 MHz, 27.18 W, 26, 0 %, 5 MiB
2026/09/26 13:09:31.866, 3, 210 MHz, 405 MHz, 30.18 W, 24, 0 %, 5 MiB
2026/09/26 13:09:36.866, 0, 1725 MHz, 7601 MHz, 297.51 W, 76, 100 %, 44846 MiB
2026/09/26 13:09:36.867, 1, 210 MHz, 405 MHz, 23.23 W, 26, 0 %, 5 MiB
2026/09/26 13:09:36.867, 2, 210 MHz, 405 MHz, 27.24 W, 26, 0 %, 5 MiB
2026/09/26 13:09:36.867, 3, 210 MHz, 405 MHz, 30.54 W, 24, 0 %, 5 MiB
2026/09/26 13:09:41.867, 0, 1695 MHz, 7601 MHz, 298.90 W, 76, 100 %, 44846 MiB
2026/09/26 13:09:41.868, 1, 210 MHz, 405 MHz, 23.10 W, 26, 0 %, 5 MiB
2026/09/26 13:09:41.868, 2, 210 MHz, 405 MHz, 27.15 W, 26, 0 %, 5 MiB
2026/09/26 13:09:41.868, 3, 210 MHz, 405 MHz, 30.38 W, 24, 0 %, 5 MiB
2026/09/26 13:09:46.868, 0, 1695 MHz, 7601 MHz, 298.59 W, 76, 98 %, 44846 MiB
2026/09/26 13:09:46.869, 1, 210 MHz, 405 MHz, 23.00 W, 26, 0 %, 5 MiB
2026/09/26 13:09:46.869, 2, 210 MHz, 405 MHz, 27.26 W, 26, 0 %, 5 MiB
2026/09/26 13:09:46.869, 3, 210 MHz, 405 MHz, 30.23 W, 24, 0 %, 5 MiB
2026/09/26 13:09:51.870, 0, 1695 MHz, 7601 MHz, 298.77 W, 76, 100 %, 44846 MiB
2026/09/26 13:09:51.870, 1, 210 MHz, 405 MHz, 23.01 W, 26, 0 %, 5 MiB
2026/09/26 13:09:51.871, 2, 210 MHz, 405 MHz, 27.29 W, 26, 0 %, 5 MiB
2026/09/26 13:09:51.871, 3, 210 MHz, 405 MHz, 30.16 W, 24, 0 %, 5 MiB
2026/09/26 13:09:56.872, 0, 1710 MHz, 7601 MHz, 298.95 W, 75, 99 %, 44846 MiB
2026/09/26 13:09:56.872, 1, 210 MHz, 405 MHz, 23.20 W, 26, 0 %, 5 MiB
2026/09/26 13:09:56.872, 2, 210 MHz, 405 MHz, 26.94 W, 26, 0 %, 5 MiB
2026/09/26 13:09:56.872, 3, 210 MHz, 405 MHz, 30.25 W, 24, 0 %, 5 MiB
2026/09/26 13:10:01.873, 0, 1680 MHz, 7601 MHz, 299.43 W, 76, 100 %, 44846 MiB
2026/09/26 13:10:01.874, 1, 210 MHz, 405 MHz, 23.04 W, 26, 0 %, 5 MiB
2026/09/26 13:10:01.874, 2, 210 MHz, 405 MHz, 27.15 W, 26, 0 %, 5 MiB
2026/09/26 13:10:01.874, 3, 210 MHz, 405 MHz, 30.25 W, 24, 0 %, 5 MiB
2026/09/26 13:10:06.874, 0, 1635 MHz, 7601 MHz, 299.43 W, 75, 100 %, 44846 MiB
2026/09/26 13:10:06.875, 1, 210 MHz, 405 MHz, 23.16 W, 26, 0 %, 5 MiB
2026/09/26 13:10:06.875, 2, 210 MHz, 405 MHz, 27.37 W, 26, 0 %, 5 MiB
2026/09/26 13:10:06.875, 3, 210 MHz, 405 MHz, 30.38 W, 24, 0 %, 5 MiB
2026/09/26 13:10:11.875, 0, 1695 MHz, 7601 MHz, 298.96 W, 76, 100 %, 44846 MiB
2026/09/26 13:10:11.875, 1, 210 MHz, 405 MHz, 23.07 W, 26, 0 %, 5 MiB
2026/09/26 13:10:11.875, 2, 210 MHz, 405 MHz, 27.13 W, 26, 0 %, 5 MiB
2026/09/26 13:10:11.876, 3, 210 MHz, 405 MHz, 30.29 W, 24, 0 %, 5 MiB
2026/09/26 13:10:16.876, 0, 1650 MHz, 7601 MHz, 299.63 W, 76, 100 %, 44846 MiB
2026/09/26 13:10:16.876, 1, 210 MHz, 405 MHz, 23.07 W, 26, 0 %, 5 MiB
2026/09/26 13:10:16.877, 2, 210 MHz, 405 MHz, 27.22 W, 26, 0 %, 5 MiB
2026/09/26 13:10:16.877, 3, 210 MHz, 405 MHz, 30.17 W, 24, 0 %, 5 MiB
2026/09/26 13:10:21.877, 0, 1710 MHz, 7601 MHz, 298.00 W, 75, 98 %, 44846 MiB
2026/09/26 13:10:21.878, 1, 210 MHz, 405 MHz, 23.25 W, 26, 0 %, 5 MiB
2026/09/26 13:10:21.878, 2, 210 MHz, 405 MHz, 27.15 W, 26, 0 %, 5 MiB
2026/09/26 13:10:21.878, 3, 210 MHz, 405 MHz, 29.94 W, 24, 0 %, 5 MiB
2026/09/26 13:10:26.878, 0, 1740 MHz, 7601 MHz, 297.78 W, 76, 98 %, 44846 MiB
2026/09/26 13:10:26.879, 1, 210 MHz, 405 MHz, 23.14 W, 25, 0 %, 5 MiB
2026/09/26 13:10:26.879, 2, 210 MHz, 405 MHz, 27.08 W, 26, 0 %, 5 MiB
2026/09/26 13:10:26.879, 3, 210 MHz, 405 MHz, 30.53 W, 24, 0 %, 5 MiB
2026/09/26 13:10:31.880, 0, 1635 MHz, 7601 MHz, 299.93 W, 76, 100 %, 44846 MiB
2026/09/26 13:10:31.880, 1, 210 MHz, 405 MHz, 23.17 W, 26, 0 %, 5 MiB
2026/09/26 13:10:31.880, 2, 210 MHz, 405 MHz, 27.06 W, 26, 0 %, 5 MiB
2026/09/26 13:10:31.880, 3, 210 MHz, 405 MHz, 30.07 W, 24, 0 %, 5 MiB
2026/09/26 13:10:36.881, 0, 1665 MHz, 7601 MHz, 299.14 W, 75, 100 %, 44846 MiB
2026/09/26 13:10:36.881, 1, 210 MHz, 405 MHz, 23.08 W, 25, 0 %, 5 MiB
2026/09/26 13:10:36.881, 2, 210 MHz, 405 MHz, 27.11 W, 26, 0 %, 5 MiB
2026/09/26 13:10:36.881, 3, 210 MHz, 405 MHz, 30.11 W, 24, 0 %, 5 MiB
2026/09/26 13:10:41.882, 0, 1650 MHz, 7601 MHz, 298.17 W, 75, 98 %, 44846 MiB
2026/09/26 13:10:41.882, 1, 210 MHz, 405 MHz, 23.18 W, 26, 0 %, 5 MiB
2026/09/26 13:10:41.882, 2, 210 MHz, 405 MHz, 27.18 W, 26, 0 %, 5 MiB
2026/09/26 13:10:41.882, 3, 210 MHz, 405 MHz, 30.20 W, 24, 0 %, 5 MiB
2026/09/26 13:10:46.883, 0, 1620 MHz, 7601 MHz, 299.75 W, 76, 100 %, 44846 MiB
2026/09/26 13:10:46.883, 1, 210 MHz, 405 MHz, 23.14 W, 25, 0 %, 5 MiB
2026/09/26 13:10:46.883, 2, 210 MHz, 405 MHz, 27.02 W, 26, 0 %, 5 MiB
2026/09/26 13:10:46.883, 3, 210 MHz, 405 MHz, 30.27 W, 24, 0 %, 5 MiB
2026/09/26 13:10:51.884, 0, 1665 MHz, 7601 MHz, 299.29 W, 75, 98 %, 44846 MiB
2026/09/26 13:10:51.884, 1, 210 MHz, 405 MHz, 23.12 W, 25, 0 %, 5 MiB
2026/09/26 13:10:51.884, 2, 210 MHz, 405 MHz, 26.96 W, 26, 0 %, 5 MiB
2026/09/26 13:10:51.884, 3, 210 MHz, 405 MHz, 30.36 W, 24, 0 %, 5 MiB
2026/09/26 13:10:56.885, 0, 1650 MHz, 7601 MHz, 299.08 W, 75, 100 %, 44846 MiB
2026/09/26 13:10:56.885, 1, 210 MHz, 405 MHz, 23.35 W, 25, 0 %, 5 MiB
2026/09/26 13:10:56.885, 2, 210 MHz, 405 MHz, 27.14 W, 26, 0 %, 5 MiB
2026/09/26 13:10:56.886, 3, 210 MHz, 405 MHz, 30.03 W, 24, 0 %, 5 MiB
2026/09/26 13:11:01.886, 0, 1650 MHz, 7601 MHz, 299.00 W, 76, 98 %, 44846 MiB
2026/09/26 13:11:01.886, 1, 210 MHz, 405 MHz, 23.09 W, 25, 0 %, 5 MiB
2026/09/26 13:11:01.887, 2, 210 MHz, 405 MHz, 27.05 W, 26, 0 %, 5 MiB
2026/09/26 13:11:01.887, 3, 210 MHz, 405 MHz, 30.08 W, 24, 0 %, 5 MiB
2026/09/26 13:11:06.887, 0, 1710 MHz, 7601 MHz, 298.54 W, 76, 100 %, 44846 MiB
2026/09/26 13:11:06.887, 1, 210 MHz, 405 MHz, 23.19 W, 25, 0 %, 5 MiB
2026/09/26 13:11:06.888, 2, 210 MHz, 405 MHz, 27.09 W, 26, 0 %, 5 MiB
2026/09/26 13:11:06.888, 3, 210 MHz, 405 MHz, 30.11 W, 24, 0 %, 5 MiB
2026/09/26 13:11:11.888, 0, 1665 MHz, 7601 MHz, 300.19 W, 76, 98 %, 44846 MiB
2026/09/26 13:11:11.889, 1, 210 MHz, 405 MHz, 23.09 W, 25, 0 %, 5 MiB
2026/09/26 13:11:11.889, 2, 210 MHz, 405 MHz, 27.10 W, 26, 0 %, 5 MiB
2026/09/26 13:11:11.889, 3, 210 MHz, 405 MHz, 29.88 W, 24, 0 %, 5 MiB
2026/09/26 13:11:16.889, 0, 1890 MHz, 8001 MHz, 109.36 W, 69, 100 %, 1 MiB
2026/09/26 13:11:16.890, 1, 210 MHz, 405 MHz, 25.10 W, 26, 0 %, 1 MiB
2026/09/26 13:11:16.890, 2, 210 MHz, 405 MHz, 30.30 W, 26, 0 %, 1 MiB
2026/09/26 13:11:16.890, 3, 210 MHz, 405 MHz, 33.18 W, 24, 0 %, 1 MiB
2026/09/26 13:11:21.890, 0, 735 MHz, 810 MHz, 41.29 W, 64, 0 %, 5 MiB
2026/09/26 13:11:21.891, 1, 210 MHz, 405 MHz, 23.87 W, 25, 0 %, 5 MiB
2026/09/26 13:11:21.892, 2, 210 MHz, 405 MHz, 27.32 W, 26, 0 %, 2 MiB
2026/09/26 13:11:21.892, 3, 210 MHz, 405 MHz, 30.17 W, 24, 0 %, 1 MiB
2026/09/26 13:11:26.892, 0, 1800 MHz, 7601 MHz, 92.61 W, 63, 26 %, 15594 MiB
2026/09/26 13:11:26.893, 1, 210 MHz, 405 MHz, 24.08 W, 25, 0 %, 5 MiB
2026/09/26 13:11:26.893, 2, 210 MHz, 405 MHz, 27.29 W, 26, 0 %, 5 MiB
2026/09/26 13:11:26.893, 3, 210 MHz, 405 MHz, 30.32 W, 24, 0 %, 5 MiB
2026/09/26 13:11:31.894, 0, 1800 MHz, 7601 MHz, 91.33 W, 61, 26 %, 39494 MiB
2026/09/26 13:11:31.894, 1, 210 MHz, 405 MHz, 23.83 W, 25, 0 %, 5 MiB
2026/09/26 13:11:31.894, 2, 210 MHz, 405 MHz, 27.31 W, 26, 0 %, 5 MiB
2026/09/26 13:11:31.894, 3, 210 MHz, 405 MHz, 30.29 W, 24, 0 %, 5 MiB
2026/09/26 13:11:36.895, 0, 1800 MHz, 7601 MHz, 88.22 W, 60, 0 %, 42834 MiB
2026/09/26 13:11:36.895, 1, 1800 MHz, 7601 MHz, 69.19 W, 28, 14 %, 19454 MiB
2026/09/26 13:11:36.896, 2, 210 MHz, 405 MHz, 27.28 W, 26, 0 %, 5 MiB
2026/09/26 13:11:36.896, 3, 210 MHz, 405 MHz, 30.48 W, 24, 0 %, 5 MiB
2026/09/26 13:11:41.897, 0, 1800 MHz, 7601 MHz, 87.03 W, 58, 0 %, 42834 MiB
2026/09/26 13:11:41.897, 1, 1800 MHz, 7601 MHz, 69.18 W, 29, 26 %, 43354 MiB
2026/09/26 13:11:41.897, 2, 210 MHz, 405 MHz, 27.31 W, 26, 0 %, 5 MiB
2026/09/26 13:11:41.897, 3, 210 MHz, 405 MHz, 30.27 W, 24, 0 %, 5 MiB
2026/09/26 13:11:46.898, 0, 1800 MHz, 7601 MHz, 86.00 W, 57, 0 %, 42834 MiB
2026/09/26 13:11:46.898, 1, 1800 MHz, 7601 MHz, 67.21 W, 30, 0 %, 45474 MiB
2026/09/26 13:11:46.899, 2, 1800 MHz, 7601 MHz, 76.20 W, 28, 26 %, 21574 MiB
2026/09/26 13:11:46.899, 3, 210 MHz, 405 MHz, 30.39 W, 24, 0 %, 5 MiB
2026/09/26 13:11:51.899, 0, 210 MHz, 405 MHz, 25.60 W, 54, 0 %, 42834 MiB
2026/09/26 13:11:51.899, 1, 1800 MHz, 7601 MHz, 67.28 W, 30, 0 %, 45474 MiB
2026/09/26 13:11:51.900, 2, 1800 MHz, 7601 MHz, 76.20 W, 29, 27 %, 45474 MiB
2026/09/26 13:11:51.900, 3, 210 MHz, 405 MHz, 30.19 W, 24, 0 %, 5 MiB
2026/09/26 13:11:56.900, 0, 1800 MHz, 7601 MHz, 105.32 W, 55, 60 %, 42918 MiB
2026/09/26 13:11:56.900, 1, 1800 MHz, 7601 MHz, 91.37 W, 33, 0 %, 45556 MiB
2026/09/26 13:11:56.901, 2, 1860 MHz, 7601 MHz, 112.07 W, 32, 56 %, 45556 MiB
2026/09/26 13:11:56.901, 3, 1800 MHz, 7601 MHz, 81.55 W, 27, 0 %, 6074 MiB
2026/09/26 13:12:01.901, 0, 1800 MHz, 7601 MHz, 133.57 W, 55, 15 %, 42922 MiB
2026/09/26 13:12:01.901, 1, 1800 MHz, 7601 MHz, 124.98 W, 33, 76 %, 45558 MiB
2026/09/26 13:12:01.901, 2, 1800 MHz, 7601 MHz, 129.60 W, 32, 25 %, 45558 MiB
2026/09/26 13:12:01.902, 3, 1800 MHz, 7601 MHz, 85.46 W, 28, 9 %, 6074 MiB
2026/09/26 13:12:06.902, 0, 1800 MHz, 7601 MHz, 134.41 W, 54, 15 %, 42924 MiB
2026/09/26 13:12:06.902, 1, 1800 MHz, 7601 MHz, 124.28 W, 36, 0 %, 45560 MiB
2026/09/26 13:12:06.903, 2, 1800 MHz, 7601 MHz, 132.26 W, 35, 9 %, 45560 MiB
2026/09/26 13:12:06.903, 3, 1800 MHz, 7601 MHz, 85.02 W, 29, 9 %, 6074 MiB
2026/09/26 13:12:11.903, 0, 1800 MHz, 7601 MHz, 132.25 W, 56, 42 %, 42926 MiB
2026/09/26 13:12:11.903, 1, 1800 MHz, 7601 MHz, 125.55 W, 35, 38 %, 45564 MiB
2026/09/26 13:12:11.904, 2, 1800 MHz, 7601 MHz, 131.31 W, 34, 49 %, 45564 MiB
2026/09/26 13:12:11.904, 3, 1800 MHz, 7601 MHz, 85.81 W, 29, 0 %, 6098 MiB
2026/09/26 13:12:16.904, 0, 1800 MHz, 7601 MHz, 129.39 W, 54, 10 %, 42958 MiB
2026/09/26 13:12:16.904, 1, 1800 MHz, 7601 MHz, 128.00 W, 36, 73 %, 45580 MiB
2026/09/26 13:12:16.905, 2, 1800 MHz, 7601 MHz, 128.78 W, 35, 15 %, 45580 MiB
2026/09/26 13:12:16.905, 3, 1800 MHz, 7601 MHz, 85.81 W, 29, 9 %, 6098 MiB
2026/09/26 13:12:21.905, 0, 1800 MHz, 7601 MHz, 133.30 W, 54, 0 %, 42978 MiB
2026/09/26 13:12:21.905, 1, 1800 MHz, 7601 MHz, 128.48 W, 37, 87 %, 45602 MiB
2026/09/26 13:12:21.907, 2, 1800 MHz, 7601 MHz, 131.52 W, 36, 0 %, 45602 MiB
2026/09/26 13:12:21.907, 3, 1800 MHz, 7601 MHz, 85.89 W, 30, 9 %, 6100 MiB
2026/09/26 13:12:26.907, 0, 1800 MHz, 7601 MHz, 135.84 W, 54, 0 %, 43056 MiB
2026/09/26 13:12:26.907, 1, 1800 MHz, 7601 MHz, 130.02 W, 39, 43 %, 45680 MiB
2026/09/26 13:12:26.908, 2, 1800 MHz, 7601 MHz, 136.02 W, 37, 0 %, 45680 MiB
2026/09/26 13:12:26.908, 3, 1800 MHz, 7601 MHz, 85.93 W, 30, 10 %, 6100 MiB
2026/09/26 13:12:31.908, 0, 1800 MHz, 7601 MHz, 131.63 W, 54, 0 %, 43156 MiB
2026/09/26 13:12:31.908, 1, 1800 MHz, 7601 MHz, 136.74 W, 38, 59 %, 45700 MiB
2026/09/26 13:12:31.908, 2, 1800 MHz, 7601 MHz, 132.58 W, 39, 0 %, 45700 MiB
2026/09/26 13:12:31.909, 3, 1800 MHz, 7601 MHz, 87.15 W, 30, 10 %, 6122 MiB
2026/09/26 13:12:36.909, 0, 1800 MHz, 7601 MHz, 137.88 W, 56, 49 %, 43216 MiB
2026/09/26 13:12:36.909, 1, 1800 MHz, 7601 MHz, 134.07 W, 39, 4 %, 45780 MiB
2026/09/26 13:12:36.910, 2, 1800 MHz, 7601 MHz, 140.29 W, 41, 51 %, 45780 MiB
2026/09/26 13:12:36.910, 3, 1800 MHz, 7601 MHz, 87.45 W, 31, 0 %, 6122 MiB
2026/09/26 13:12:41.910, 0, 1800 MHz, 7601 MHz, 142.35 W, 55, 67 %, 43296 MiB
2026/09/26 13:12:41.910, 1, 1800 MHz, 7601 MHz, 138.04 W, 40, 0 %, 45880 MiB
2026/09/26 13:12:41.911, 2, 1800 MHz, 7601 MHz, 145.59 W, 40, 77 %, 45880 MiB
2026/09/26 13:12:41.911, 3, 1800 MHz, 7601 MHz, 85.79 W, 31, 0 %, 6122 MiB
2026/09/26 13:12:46.911, 0, 1800 MHz, 7601 MHz, 159.64 W, 54, 4 %, 43318 MiB
2026/09/26 13:12:46.911, 1, 1890 MHz, 7601 MHz, 152.03 W, 42, 83 %, 45900 MiB
2026/09/26 13:12:46.912, 2, 1920 MHz, 7601 MHz, 163.04 W, 41, 11 %, 45900 MiB
2026/09/26 13:12:46.912, 3, 1800 MHz, 7601 MHz, 87.88 W, 32, 10 %, 6184 MiB
2026/09/26 13:12:51.913, 0, 1800 MHz, 7601 MHz, 143.75 W, 56, 54 %, 43418 MiB
2026/09/26 13:12:51.913, 1, 1800 MHz, 7601 MHz, 144.20 W, 41, 0 %, 45900 MiB
2026/09/26 13:12:51.915, 2, 1800 MHz, 7601 MHz, 147.32 W, 44, 51 %, 45900 MiB
2026/09/26 13:12:51.915, 3, 1800 MHz, 7601 MHz, 86.71 W, 31, 0 %, 6184 MiB
2026/09/26 13:12:56.915, 0, 1800 MHz, 7601 MHz, 145.92 W, 54, 38 %, 43578 MiB
2026/09/26 13:12:56.916, 1, 1800 MHz, 7601 MHz, 139.89 W, 45, 31 %, 46040 MiB
2026/09/26 13:12:56.916, 2, 1800 MHz, 7601 MHz, 150.98 W, 42, 48 %, 46040 MiB
2026/09/26 13:12:56.916, 3, 1800 MHz, 7601 MHz, 86.83 W, 32, 0 %, 6184 MiB
2026/09/26 13:13:01.916, 0, 1800 MHz, 7601 MHz, 137.38 W, 53, 0 %, 43658 MiB
2026/09/26 13:13:01.917, 1, 1890 MHz, 7601 MHz, 144.80 W, 44, 80 %, 46160 MiB
2026/09/26 13:13:01.917, 2, 1860 MHz, 7601 MHz, 151.13 W, 42, 0 %, 46160 MiB
2026/09/26 13:13:01.917, 3, 1800 MHz, 7601 MHz, 88.87 W, 32, 10 %, 6184 MiB
2026/09/26 13:13:06.917, 0, 1530 MHz, 7601 MHz, 191.85 W, 59, 100 %, 43678 MiB
2026/09/26 13:13:06.918, 1, 1890 MHz, 7601 MHz, 142.86 W, 42, 0 %, 46300 MiB
2026/09/26 13:13:06.918, 2, 1905 MHz, 7601 MHz, 148.56 W, 43, 0 %, 46160 MiB
2026/09/26 13:13:06.918, 3, 1800 MHz, 7601 MHz, 86.16 W, 32, 0 %, 6204 MiB
2026/09/26 13:13:11.919, 0, 1545 MHz, 7601 MHz, 111.49 W, 58, 90 %, 43678 MiB
2026/09/26 13:13:11.919, 1, 1890 MHz, 7601 MHz, 118.72 W, 43, 0 %, 46320 MiB
2026/09/26 13:13:11.919, 2, 1845 MHz, 7601 MHz, 239.90 W, 44, 0 %, 46320 MiB
2026/09/26 13:13:11.919, 3, 1800 MHz, 7601 MHz, 96.78 W, 33, 0 %, 6584 MiB
2026/09/26 13:13:16.920, 0, 1920 MHz, 7601 MHz, 94.49 W, 54, 0 %, 43678 MiB
2026/09/26 13:13:16.920, 1, 1890 MHz, 7601 MHz, 193.73 W, 44, 64 %, 46320 MiB
2026/09/26 13:13:16.920, 2, 1440 MHz, 7601 MHz, 255.09 W, 51, 100 %, 46320 MiB
2026/09/26 13:13:16.920, 3, 1800 MHz, 7601 MHz, 80.20 W, 32, 0 %, 6584 MiB
2026/09/26 13:13:21.921, 0, 1800 MHz, 7601 MHz, 123.87 W, 53, 0 %, 43690 MiB
2026/09/26 13:13:21.921, 1, 1800 MHz, 7601 MHz, 132.70 W, 46, 63 %, 46332 MiB
2026/09/26 13:13:21.922, 2, 1800 MHz, 7601 MHz, 128.71 W, 44, 0 %, 46332 MiB
2026/09/26 13:13:21.922, 3, 1800 MHz, 7601 MHz, 85.82 W, 32, 0 %, 6596 MiB
2026/09/26 13:13:26.923, 0, 1800 MHz, 7601 MHz, 81.52 W, 52, 0 %, 43690 MiB
2026/09/26 13:13:26.923, 1, 1800 MHz, 7601 MHz, 73.86 W, 42, 0 %, 46332 MiB
2026/09/26 13:13:26.923, 2, 1800 MHz, 7601 MHz, 82.08 W, 43, 0 %, 46332 MiB
2026/09/26 13:13:26.923, 3, 1800 MHz, 7601 MHz, 79.16 W, 32, 0 %, 6596 MiB
2026/09/26 13:13:31.924, 0, 1800 MHz, 7601 MHz, 80.96 W, 51, 0 %, 43690 MiB
2026/09/26 13:13:31.924, 1, 1800 MHz, 7601 MHz, 73.57 W, 41, 0 %, 46332 MiB
2026/09/26 13:13:31.924, 2, 1800 MHz, 7601 MHz, 81.87 W, 42, 0 %, 46332 MiB
2026/09/26 13:13:31.924, 3, 1800 MHz, 7601 MHz, 79.50 W, 32, 0 %, 6596 MiB
2026/09/26 13:13:36.925, 0, 1800 MHz, 7601 MHz, 148.87 W, 54, 68 %, 43690 MiB
2026/09/26 13:13:36.925, 1, 1845 MHz, 7601 MHz, 156.50 W, 45, 67 %, 46332 MiB
2026/09/26 13:13:36.925, 2, 1845 MHz, 7601 MHz, 161.00 W, 48, 78 %, 46332 MiB
2026/09/26 13:13:36.925, 3, 1800 MHz, 7601 MHz, 88.43 W, 33, 0 %, 6596 MiB
2026/09/26 13:13:41.926, 0, 1800 MHz, 7601 MHz, 136.97 W, 54, 14 %, 43690 MiB
2026/09/26 13:13:41.926, 1, 1890 MHz, 7601 MHz, 154.15 W, 44, 13 %, 46332 MiB
2026/09/26 13:13:41.926, 2, 1845 MHz, 7601 MHz, 158.90 W, 47, 12 %, 46332 MiB
2026/09/26 13:13:41.926, 3, 1800 MHz, 7601 MHz, 90.10 W, 33, 11 %, 6596 MiB
2026/09/26 13:13:46.927, 0, 1800 MHz, 7601 MHz, 142.48 W, 52, 0 %, 43690 MiB
2026/09/26 13:13:46.927, 1, 1800 MHz, 7601 MHz, 142.51 W, 46, 0 %, 46332 MiB
2026/09/26 13:13:46.927, 2, 1800 MHz, 7601 MHz, 150.91 W, 45, 0 %, 46332 MiB
2026/09/26 13:13:46.927, 3, 1800 MHz, 7601 MHz, 90.15 W, 34, 11 %, 6596 MiB
2026/09/26 13:13:51.928, 0, 1800 MHz, 7601 MHz, 136.49 W, 53, 0 %, 43690 MiB
2026/09/26 13:13:51.928, 1, 1800 MHz, 7601 MHz, 151.04 W, 47, 68 %, 46332 MiB
2026/09/26 13:13:51.928, 2, 1800 MHz, 7601 MHz, 159.73 W, 48, 72 %, 46332 MiB
2026/09/26 13:13:51.928, 3, 1800 MHz, 7601 MHz, 88.45 W, 33, 0 %, 6596 MiB
2026/09/26 13:13:56.929, 0, 1800 MHz, 7601 MHz, 149.47 W, 54, 38 %, 43690 MiB
2026/09/26 13:13:56.929, 1, 1800 MHz, 7601 MHz, 144.68 W, 47, 34 %, 46332 MiB
2026/09/26 13:13:56.929, 2, 1845 MHz, 7601 MHz, 153.34 W, 49, 31 %, 46332 MiB
2026/09/26 13:13:56.929, 3, 1800 MHz, 7601 MHz, 90.54 W, 33, 0 %, 6596 MiB
2026/09/26 13:14:01.930, 0, 1800 MHz, 7601 MHz, 146.78 W, 52, 63 %, 43690 MiB
2026/09/26 13:14:01.930, 1, 1800 MHz, 7601 MHz, 140.92 W, 45, 0 %, 46332 MiB
2026/09/26 13:14:01.930, 2, 1800 MHz, 7601 MHz, 147.64 W, 47, 0 %, 46332 MiB
2026/09/26 13:14:01.930, 3, 1800 MHz, 7601 MHz, 90.86 W, 34, 11 %, 6596 MiB
2026/09/26 13:14:06.931, 0, 1800 MHz, 7601 MHz, 136.19 W, 53, 0 %, 43690 MiB
2026/09/26 13:14:06.931, 1, 1800 MHz, 7601 MHz, 149.95 W, 46, 48 %, 46332 MiB
2026/09/26 13:14:06.931, 2, 1800 MHz, 7601 MHz, 160.62 W, 48, 49 %, 46332 MiB
2026/09/26 13:14:06.931, 3, 1800 MHz, 7601 MHz, 88.64 W, 34, 0 %, 6596 MiB
2026/09/26 13:14:11.932, 0, 1800 MHz, 7601 MHz, 146.53 W, 55, 13 %, 43690 MiB
2026/09/26 13:14:11.932, 1, 1800 MHz, 7601 MHz, 151.07 W, 49, 56 %, 46332 MiB
2026/09/26 13:14:11.932, 2, 1800 MHz, 7601 MHz, 155.09 W, 51, 53 %, 46332 MiB
2026/09/26 13:14:11.932, 3, 1800 MHz, 7601 MHz, 90.29 W, 34, 0 %, 6596 MiB
2026/09/26 13:14:16.933, 0, 1800 MHz, 7601 MHz, 149.22 W, 52, 74 %, 43690 MiB
2026/09/26 13:14:16.933, 1, 1800 MHz, 7601 MHz, 138.53 W, 47, 0 %, 46332 MiB
2026/09/26 13:14:16.933, 2, 1800 MHz, 7601 MHz, 145.43 W, 48, 0 %, 46332 MiB
2026/09/26 13:14:16.933, 3, 1800 MHz, 7601 MHz, 90.61 W, 34, 11 %, 6596 MiB
2026/09/26 13:14:21.934, 0, 1860 MHz, 7601 MHz, 117.44 W, 56, 34 %, 43690 MiB
2026/09/26 13:14:21.934, 1, 1845 MHz, 7601 MHz, 96.38 W, 45, 0 %, 46332 MiB
2026/09/26 13:14:21.934, 2, 1800 MHz, 7601 MHz, 82.68 W, 47, 0 %, 46332 MiB
2026/09/26 13:14:21.934, 3, 1800 MHz, 7601 MHz, 79.94 W, 34, 0 %, 6596 MiB
2026/09/26 13:14:26.935, 0, 1800 MHz, 7601 MHz, 160.04 W, 54, 0 %, 43690 MiB
2026/09/26 13:14:26.935, 1, 1890 MHz, 7601 MHz, 160.00 W, 47, 11 %, 46332 MiB
2026/09/26 13:14:26.935, 2, 1920 MHz, 7601 MHz, 173.78 W, 50, 64 %, 46332 MiB
2026/09/26 13:14:26.935, 3, 1800 MHz, 7601 MHz, 89.22 W, 34, 0 %, 6596 MiB
2026/09/26 13:14:31.936, 0, 1575 MHz, 7601 MHz, 172.33 W, 56, 100 %, 43690 MiB
2026/09/26 13:14:31.936, 1, 1605 MHz, 7601 MHz, 177.30 W, 51, 57 %, 46332 MiB
2026/09/26 13:14:31.936, 2, 1920 MHz, 7601 MHz, 169.01 W, 49, 0 %, 46332 MiB
2026/09/26 13:14:31.936, 3, 1800 MHz, 7601 MHz, 92.40 W, 34, 12 %, 6596 MiB
2026/09/26 13:14:36.937, 0, 1590 MHz, 7601 MHz, 158.99 W, 53, 56 %, 43690 MiB
2026/09/26 13:14:36.937, 1, 1890 MHz, 7601 MHz, 157.00 W, 48, 0 %, 46332 MiB
2026/09/26 13:14:36.938, 2, 1890 MHz, 7601 MHz, 160.21 W, 50, 0 %, 46332 MiB
2026/09/26 13:14:36.938, 3, 1800 MHz, 7601 MHz, 90.82 W, 34, 10 %, 6596 MiB
2026/09/26 13:14:41.939, 0, 1920 MHz, 7601 MHz, 157.27 W, 54, 32 %, 43690 MiB
2026/09/26 13:14:41.939, 1, 1890 MHz, 7601 MHz, 160.29 W, 48, 65 %, 46332 MiB
2026/09/26 13:14:41.939, 2, 1905 MHz, 7601 MHz, 168.39 W, 51, 5 %, 46332 MiB
2026/09/26 13:14:41.939, 3, 1800 MHz, 7601 MHz, 90.55 W, 35, 10 %, 6596 MiB
2026/09/26 13:14:46.940, 0, 1800 MHz, 7601 MHz, 153.62 W, 55, 0 %, 43690 MiB
2026/09/26 13:14:46.940, 1, 1875 MHz, 7601 MHz, 167.39 W, 49, 73 %, 46332 MiB
2026/09/26 13:14:46.940, 2, 1890 MHz, 7601 MHz, 172.60 W, 52, 74 %, 46332 MiB
2026/09/26 13:14:46.940, 3, 1800 MHz, 7601 MHz, 88.24 W, 34, 0 %, 6596 MiB
2026/09/26 13:14:51.941, 0, 1770 MHz, 7601 MHz, 170.46 W, 54, 44 %, 43690 MiB
2026/09/26 13:14:51.941, 1, 1875 MHz, 7601 MHz, 158.31 W, 49, 0 %, 46332 MiB
2026/09/26 13:14:51.941, 2, 1920 MHz, 7601 MHz, 167.67 W, 51, 0 %, 46332 MiB
2026/09/26 13:14:51.941, 3, 1800 MHz, 7601 MHz, 91.17 W, 35, 10 %, 6596 MiB
2026/09/26 13:14:56.942, 0, 1800 MHz, 7601 MHz, 155.31 W, 55, 0 %, 43690 MiB
2026/09/26 13:14:56.942, 1, 1890 MHz, 7601 MHz, 157.94 W, 49, 20 %, 46332 MiB
2026/09/26 13:14:56.942, 2, 1920 MHz, 7601 MHz, 172.90 W, 52, 44 %, 46332 MiB
2026/09/26 13:14:56.942, 3, 1800 MHz, 7601 MHz, 88.61 W, 34, 0 %, 6596 MiB
2026/09/26 13:15:01.943, 0, 1800 MHz, 7601 MHz, 154.38 W, 55, 35 %, 43690 MiB
2026/09/26 13:15:01.943, 1, 1740 MHz, 7601 MHz, 165.29 W, 53, 53 %, 46332 MiB
2026/09/26 13:15:01.943, 2, 1710 MHz, 7601 MHz, 168.09 W, 55, 26 %, 46332 MiB
2026/09/26 13:15:01.944, 3, 1800 MHz, 7601 MHz, 90.36 W, 34, 0 %, 6596 MiB
2026/09/26 13:15:06.944, 0, 1920 MHz, 7601 MHz, 158.32 W, 55, 0 %, 43690 MiB
2026/09/26 13:15:06.944, 1, 1890 MHz, 7601 MHz, 158.71 W, 50, 83 %, 46332 MiB
2026/09/26 13:15:06.946, 2, 1920 MHz, 7601 MHz, 185.38 W, 54, 64 %, 46332 MiB
2026/09/26 13:15:06.946, 3, 1800 MHz, 7601 MHz, 90.24 W, 34, 0 %, 6596 MiB
2026/09/26 13:15:11.947, 0, 1860 MHz, 7601 MHz, 164.25 W, 58, 55 %, 43690 MiB
2026/09/26 13:15:11.947, 1, 1830 MHz, 7601 MHz, 141.94 W, 50, 0 %, 46332 MiB
2026/09/26 13:15:11.947, 2, 1860 MHz, 7601 MHz, 160.61 W, 52, 0 %, 46332 MiB
2026/09/26 13:15:11.947, 3, 1800 MHz, 7601 MHz, 90.70 W, 34, 10 %, 6596 MiB
2026/09/26 13:15:16.948, 0, 1920 MHz, 7601 MHz, 166.38 W, 55, 0 %, 43690 MiB
2026/09/26 13:15:16.948, 1, 1560 MHz, 7601 MHz, 159.07 W, 53, 0 %, 46332 MiB
2026/09/26 13:15:16.948, 2, 1905 MHz, 7601 MHz, 172.75 W, 55, 99 %, 46332 MiB
2026/09/26 13:15:16.948, 3, 1800 MHz, 7601 MHz, 88.04 W, 34, 0 %, 6596 MiB
2026/09/26 13:15:21.949, 0, 1785 MHz, 7601 MHz, 154.79 W, 57, 45 %, 43690 MiB
2026/09/26 13:15:21.949, 1, 1875 MHz, 7601 MHz, 157.83 W, 50, 0 %, 46332 MiB
2026/09/26 13:15:21.949, 2, 1920 MHz, 7601 MHz, 165.01 W, 53, 0 %, 46332 MiB
2026/09/26 13:15:21.949, 3, 1800 MHz, 7601 MHz, 91.38 W, 35, 9 %, 6596 MiB
2026/09/26 13:15:26.950, 0, 1920 MHz, 7601 MHz, 166.34 W, 56, 44 %, 43690 MiB
2026/09/26 13:15:26.950, 1, 1755 MHz, 7601 MHz, 162.35 W, 53, 99 %, 46332 MiB
2026/09/26 13:15:26.950, 2, 1890 MHz, 7601 MHz, 167.87 W, 56, 27 %, 46332 MiB
2026/09/26 13:15:26.950, 3, 1800 MHz, 7601 MHz, 90.15 W, 34, 3 %, 6596 MiB
2026/09/26 13:15:31.951, 0, 1560 MHz, 7601 MHz, 176.23 W, 59, 100 %, 43690 MiB
2026/09/26 13:15:31.951, 1, 1890 MHz, 7601 MHz, 172.64 W, 53, 79 %, 46332 MiB
2026/09/26 13:15:31.951, 2, 1905 MHz, 7601 MHz, 164.26 W, 53, 0 %, 46332 MiB
2026/09/26 13:15:31.952, 3, 1800 MHz, 7601 MHz, 89.23 W, 34, 0 %, 6596 MiB
2026/09/26 13:15:36.952, 0, 1920 MHz, 7601 MHz, 159.16 W, 55, 0 %, 43690 MiB
2026/09/26 13:15:36.952, 1, 1905 MHz, 7601 MHz, 157.31 W, 51, 42 %, 46332 MiB
2026/09/26 13:15:36.953, 2, 1890 MHz, 7601 MHz, 180.32 W, 55, 68 %, 46332 MiB
2026/09/26 13:15:36.953, 3, 1800 MHz, 7601 MHz, 89.45 W, 34, 0 %, 6596 MiB
2026/09/26 13:15:41.954, 0, 1920 MHz, 7601 MHz, 162.81 W, 58, 16 %, 43690 MiB
2026/09/26 13:15:41.954, 1, 1905 MHz, 7601 MHz, 141.17 W, 51, 0 %, 46332 MiB
2026/09/26 13:15:41.954, 2, 1875 MHz, 7601 MHz, 169.51 W, 54, 21 %, 46332 MiB
2026/09/26 13:15:41.955, 3, 1800 MHz, 7601 MHz, 89.42 W, 34, 0 %, 6596 MiB
2026/09/26 13:15:46.955, 0, 1920 MHz, 7601 MHz, 160.03 W, 56, 1 %, 43690 MiB
2026/09/26 13:15:46.955, 1, 1905 MHz, 7601 MHz, 150.79 W, 51, 1 %, 46332 MiB
2026/09/26 13:15:46.955, 2, 1920 MHz, 7601 MHz, 166.60 W, 55, 35 %, 46332 MiB
2026/09/26 13:15:46.956, 3, 1800 MHz, 7601 MHz, 91.21 W, 35, 10 %, 6596 MiB
2026/09/26 13:15:51.956, 0, 1905 MHz, 7601 MHz, 159.32 W, 57, 70 %, 43690 MiB
2026/09/26 13:15:51.956, 1, 1830 MHz, 7601 MHz, 171.71 W, 54, 24 %, 46332 MiB
2026/09/26 13:15:51.956, 2, 1770 MHz, 7601 MHz, 168.12 W, 55, 81 %, 46332 MiB
2026/09/26 13:15:51.956, 3, 1800 MHz, 7601 MHz, 90.26 W, 35, 0 %, 6596 MiB
2026/09/26 13:15:56.957, 0, 1890 MHz, 7601 MHz, 165.20 W, 59, 70 %, 43690 MiB
2026/09/26 13:15:56.957, 1, 1890 MHz, 7601 MHz, 161.51 W, 51, 35 %, 46332 MiB
2026/09/26 13:15:56.957, 2, 1860 MHz, 7601 MHz, 177.04 W, 54, 77 %, 46332 MiB
2026/09/26 13:15:56.958, 3, 1800 MHz, 7601 MHz, 89.88 W, 35, 0 %, 6596 MiB
2026/09/26 13:16:01.958, 0, 1920 MHz, 7601 MHz, 161.70 W, 55, 0 %, 43690 MiB
2026/09/26 13:16:01.958, 1, 1590 MHz, 7601 MHz, 158.17 W, 51, 0 %, 46332 MiB
2026/09/26 13:16:01.958, 2, 1905 MHz, 7601 MHz, 169.85 W, 55, 0 %, 46332 MiB
2026/09/26 13:16:01.959, 3, 1800 MHz, 7601 MHz, 90.25 W, 35, 12 %, 6596 MiB
2026/09/26 13:16:06.960, 0, 1920 MHz, 7601 MHz, 144.98 W, 56, 0 %, 43690 MiB
2026/09/26 13:16:06.961, 1, 1905 MHz, 7601 MHz, 154.90 W, 51, 52 %, 46332 MiB
2026/09/26 13:16:06.961, 2, 1890 MHz, 7601 MHz, 189.07 W, 58, 25 %, 46332 MiB
2026/09/26 13:16:06.962, 3, 1800 MHz, 7601 MHz, 88.88 W, 35, 0 %, 6596 MiB
2026/09/26 13:16:11.962, 0, 1920 MHz, 7601 MHz, 153.38 W, 57, 13 %, 43690 MiB
2026/09/26 13:16:11.962, 1, 1905 MHz, 7601 MHz, 159.26 W, 54, 56 %, 46332 MiB
2026/09/26 13:16:11.963, 2, 1905 MHz, 7601 MHz, 171.55 W, 58, 21 %, 46332 MiB
2026/09/26 13:16:11.963, 3, 1800 MHz, 7601 MHz, 89.78 W, 35, 0 %, 6596 MiB
2026/09/26 13:16:16.963, 0, 1860 MHz, 7601 MHz, 140.37 W, 56, 0 %, 43690 MiB
2026/09/26 13:16:16.963, 1, 1905 MHz, 7601 MHz, 166.79 W, 51, 0 %, 46332 MiB
2026/09/26 13:16:16.964, 2, 1905 MHz, 7601 MHz, 177.47 W, 56, 0 %, 46332 MiB
2026/09/26 13:16:16.964, 3, 1800 MHz, 7601 MHz, 92.16 W, 35, 10 %, 6596 MiB
2026/09/26 13:16:21.964, 0, 1800 MHz, 7601 MHz, 157.34 W, 58, 8 %, 43690 MiB
2026/09/26 13:16:21.964, 1, 1905 MHz, 7601 MHz, 157.05 W, 51, 0 %, 46332 MiB
2026/09/26 13:16:21.965, 2, 1905 MHz, 7601 MHz, 169.35 W, 55, 12 %, 46332 MiB
2026/09/26 13:16:21.965, 3, 1800 MHz, 7601 MHz, 91.27 W, 35, 10 %, 6596 MiB
2026/09/26 13:16:26.965, 0, 1800 MHz, 7601 MHz, 148.84 W, 56, 0 %, 43690 MiB
2026/09/26 13:16:26.966, 1, 1905 MHz, 7601 MHz, 161.43 W, 51, 83 %, 46332 MiB
2026/09/26 13:16:26.966, 2, 1905 MHz, 7601 MHz, 165.79 W, 57, 0 %, 46332 MiB
2026/09/26 13:16:26.966, 3, 1800 MHz, 7601 MHz, 91.47 W, 35, 13 %, 6596 MiB
2026/09/26 13:16:31.966, 0, 1800 MHz, 7601 MHz, 147.36 W, 56, 0 %, 43690 MiB
2026/09/26 13:16:31.967, 1, 1890 MHz, 7601 MHz, 168.48 W, 53, 64 %, 46332 MiB
2026/09/26 13:16:31.967, 2, 1860 MHz, 7601 MHz, 165.48 W, 57, 0 %, 46332 MiB
2026/09/26 13:16:31.967, 3, 1800 MHz, 7601 MHz, 91.50 W, 35, 10 %, 6596 MiB
2026/09/26 13:16:36.967, 0, 1800 MHz, 7601 MHz, 147.13 W, 56, 0 %, 43690 MiB
2026/09/26 13:16:36.967, 1, 1890 MHz, 7601 MHz, 167.36 W, 53, 41 %, 46332 MiB
2026/09/26 13:16:36.968, 2, 1905 MHz, 7601 MHz, 165.52 W, 57, 0 %, 46332 MiB
2026/09/26 13:16:36.968, 3, 1800 MHz, 7601 MHz, 92.37 W, 35, 10 %, 6596 MiB
2026/09/26 13:16:41.968, 0, 1920 MHz, 7601 MHz, 138.88 W, 56, 0 %, 43690 MiB
2026/09/26 13:16:41.968, 1, 1905 MHz, 7601 MHz, 153.42 W, 51, 31 %, 46332 MiB
2026/09/26 13:16:41.969, 2, 1905 MHz, 7601 MHz, 188.92 W, 58, 0 %, 46332 MiB
2026/09/26 13:16:41.969, 3, 1800 MHz, 7601 MHz, 91.74 W, 35, 12 %, 6596 MiB
2026/09/26 13:16:46.969, 0, 1920 MHz, 7601 MHz, 171.14 W, 57, 33 %, 43690 MiB
2026/09/26 13:16:46.969, 1, 1905 MHz, 7601 MHz, 172.72 W, 54, 0 %, 46332 MiB
2026/09/26 13:16:46.970, 2, 1890 MHz, 7601 MHz, 183.00 W, 59, 49 %, 46332 MiB
2026/09/26 13:16:46.970, 3, 1800 MHz, 7601 MHz, 89.52 W, 35, 0 %, 6596 MiB
2026/09/26 13:16:51.970, 0, 1920 MHz, 7601 MHz, 164.90 W, 57, 26 %, 43690 MiB
2026/09/26 13:16:51.971, 1, 1905 MHz, 7601 MHz, 173.29 W, 55, 0 %, 46332 MiB
2026/09/26 13:16:51.971, 2, 1875 MHz, 7601 MHz, 185.18 W, 58, 50 %, 46332 MiB
2026/09/26 13:16:51.971, 3, 1800 MHz, 7601 MHz, 89.78 W, 35, 0 %, 6596 MiB
2026/09/26 13:16:56.971, 0, 1920 MHz, 7601 MHz, 161.74 W, 56, 0 %, 43690 MiB
2026/09/26 13:16:56.972, 1, 1590 MHz, 7601 MHz, 160.62 W, 55, 0 %, 46332 MiB
2026/09/26 13:16:56.972, 2, 1905 MHz, 7601 MHz, 171.77 W, 57, 0 %, 46332 MiB
2026/09/26 13:16:56.972, 3, 1800 MHz, 7601 MHz, 91.25 W, 35, 16 %, 6596 MiB
2026/09/26 13:17:01.972, 0, 1920 MHz, 7601 MHz, 181.49 W, 57, 0 %, 43690 MiB
2026/09/26 13:17:01.972, 1, 1905 MHz, 7601 MHz, 140.23 W, 51, 50 %, 46332 MiB
2026/09/26 13:17:01.973, 2, 1905 MHz, 7601 MHz, 132.99 W, 58, 12 %, 46332 MiB
2026/09/26 13:17:01.973, 3, 1800 MHz, 7601 MHz, 87.12 W, 35, 0 %, 6596 MiB
2026/09/26 13:17:06.973, 0, 1860 MHz, 7601 MHz, 165.03 W, 56, 0 %, 43690 MiB
2026/09/26 13:17:06.973, 1, 1620 MHz, 7601 MHz, 154.10 W, 52, 9 %, 46332 MiB
2026/09/26 13:17:06.974, 2, 1905 MHz, 7601 MHz, 171.21 W, 56, 0 %, 46332 MiB
2026/09/26 13:17:06.974, 3, 1800 MHz, 7601 MHz, 90.16 W, 35, 12 %, 6596 MiB
2026/09/26 13:17:11.974, 0, 1635 MHz, 7601 MHz, 151.84 W, 58, 0 %, 43690 MiB
2026/09/26 13:17:11.975, 1, 1620 MHz, 7601 MHz, 154.33 W, 52, 99 %, 46332 MiB
2026/09/26 13:17:11.975, 2, 1905 MHz, 7601 MHz, 164.72 W, 56, 0 %, 46332 MiB
2026/09/26 13:17:11.975, 3, 1800 MHz, 7601 MHz, 91.67 W, 35, 13 %, 6596 MiB
2026/09/26 13:17:16.975, 0, 1800 MHz, 7601 MHz, 163.09 W, 58, 72 %, 43690 MiB
2026/09/26 13:17:16.976, 1, 1755 MHz, 7601 MHz, 170.69 W, 55, 22 %, 46332 MiB
2026/09/26 13:17:16.976, 2, 1845 MHz, 7601 MHz, 178.41 W, 57, 77 %, 46332 MiB
2026/09/26 13:17:16.976, 3, 1800 MHz, 7601 MHz, 89.07 W, 35, 0 %, 6596 MiB
2026/09/26 13:17:21.976, 0, 1605 MHz, 7601 MHz, 155.68 W, 59, 21 %, 43690 MiB
2026/09/26 13:17:21.977, 1, 1905 MHz, 7601 MHz, 167.43 W, 52, 0 %, 46332 MiB
2026/09/26 13:17:21.977, 2, 1875 MHz, 7601 MHz, 162.01 W, 56, 0 %, 46332 MiB
2026/09/26 13:17:21.977, 3, 1800 MHz, 7601 MHz, 90.80 W, 35, 6 %, 6596 MiB
2026/09/26 13:17:26.977, 0, 1920 MHz, 7601 MHz, 172.68 W, 59, 74 %, 43690 MiB
2026/09/26 13:17:26.978, 1, 1905 MHz, 7601 MHz, 163.87 W, 53, 0 %, 46332 MiB
2026/09/26 13:17:26.978, 2, 1755 MHz, 7601 MHz, 183.48 W, 59, 82 %, 46332 MiB
2026/09/26 13:17:26.978, 3, 1800 MHz, 7601 MHz, 88.72 W, 35, 0 %, 6596 MiB
2026/09/26 13:17:31.979, 0, 1920 MHz, 7601 MHz, 176.66 W, 57, 0 %, 43690 MiB
2026/09/26 13:17:31.979, 1, 1875 MHz, 7601 MHz, 148.24 W, 52, 25 %, 46332 MiB
2026/09/26 13:17:31.981, 2, 1560 MHz, 7601 MHz, 172.59 W, 60, 99 %, 46332 MiB
2026/09/26 13:17:31.981, 3, 1800 MHz, 7601 MHz, 87.13 W, 35, 0 %, 6596 MiB
2026/09/26 13:17:36.982, 0, 1920 MHz, 7601 MHz, 148.90 W, 57, 33 %, 43690 MiB
2026/09/26 13:17:36.982, 1, 1890 MHz, 7601 MHz, 163.32 W, 55, 0 %, 46332 MiB
2026/09/26 13:17:36.982, 2, 1905 MHz, 7601 MHz, 191.92 W, 57, 51 %, 46332 MiB
2026/09/26 13:17:36.982, 3, 1800 MHz, 7601 MHz, 90.12 W, 35, 0 %, 6596 MiB
2026/09/26 13:17:41.983, 0, 1920 MHz, 7601 MHz, 162.13 W, 58, 29 %, 43690 MiB
2026/09/26 13:17:41.983, 1, 1890 MHz, 7601 MHz, 143.87 W, 54, 0 %, 46332 MiB
2026/09/26 13:17:41.983, 2, 1905 MHz, 7601 MHz, 170.96 W, 57, 39 %, 46332 MiB
2026/09/26 13:17:41.983, 3, 1800 MHz, 7601 MHz, 94.05 W, 35, 0 %, 6596 MiB
2026/09/26 13:17:46.984, 0, 1770 MHz, 7601 MHz, 157.79 W, 57, 0 %, 43690 MiB
2026/09/26 13:17:46.984, 1, 1890 MHz, 7601 MHz, 156.30 W, 53, 14 %, 46332 MiB
2026/09/26 13:17:46.984, 2, 1905 MHz, 7601 MHz, 166.81 W, 56, 0 %, 46332 MiB
2026/09/26 13:17:46.984, 3, 1800 MHz, 7601 MHz, 90.99 W, 35, 10 %, 6596 MiB
2026/09/26 13:17:51.985, 0, 1920 MHz, 7601 MHz, 161.03 W, 58, 65 %, 43690 MiB
2026/09/26 13:17:51.985, 1, 1905 MHz, 7601 MHz, 164.94 W, 56, 0 %, 46332 MiB
2026/09/26 13:17:51.985, 2, 1845 MHz, 7601 MHz, 169.66 W, 57, 72 %, 46332 MiB
2026/09/26 13:17:51.985, 3, 1800 MHz, 7601 MHz, 90.49 W, 35, 0 %, 6596 MiB
2026/09/26 13:17:56.986, 0, 1920 MHz, 7601 MHz, 148.75 W, 57, 0 %, 43690 MiB
2026/09/26 13:17:56.986, 1, 1605 MHz, 7601 MHz, 164.24 W, 55, 0 %, 46332 MiB
2026/09/26 13:17:56.987, 2, 1905 MHz, 7601 MHz, 168.56 W, 57, 10 %, 46332 MiB
2026/09/26 13:17:56.987, 3, 1800 MHz, 7601 MHz, 89.49 W, 36, 11 %, 6596 MiB
2026/09/26 13:18:01.987, 0, 1920 MHz, 7601 MHz, 160.21 W, 57, 0 %, 43690 MiB
2026/09/26 13:18:01.987, 1, 1905 MHz, 7601 MHz, 150.39 W, 53, 3 %, 46332 MiB
2026/09/26 13:18:01.988, 2, 1905 MHz, 7601 MHz, 164.54 W, 57, 31 %, 46332 MiB
2026/09/26 13:18:01.988, 3, 1800 MHz, 7601 MHz, 88.83 W, 35, 0 %, 6596 MiB
2026/09/26 13:18:06.988, 0, 1800 MHz, 7601 MHz, 166.98 W, 58, 51 %, 43690 MiB
2026/09/26 13:18:06.988, 1, 1890 MHz, 7601 MHz, 168.05 W, 55, 0 %, 46332 MiB
2026/09/26 13:18:06.989, 2, 1890 MHz, 7601 MHz, 183.90 W, 58, 74 %, 46332 MiB
2026/09/26 13:18:06.989, 3, 1800 MHz, 7601 MHz, 89.55 W, 35, 0 %, 6596 MiB
2026/09/26 13:18:11.989, 0, 1755 MHz, 7601 MHz, 162.26 W, 57, 0 %, 43690 MiB
2026/09/26 13:18:11.989, 1, 1905 MHz, 7601 MHz, 164.12 W, 53, 48 %, 46332 MiB
2026/09/26 13:18:11.990, 2, 1905 MHz, 7601 MHz, 171.37 W, 56, 0 %, 46332 MiB
2026/09/26 13:18:11.990, 3, 1800 MHz, 7601 MHz, 90.23 W, 35, 10 %, 6596 MiB
2026/09/26 13:18:16.990, 0, 1920 MHz, 7601 MHz, 158.31 W, 57, 0 %, 43690 MiB
2026/09/26 13:18:16.990, 1, 1905 MHz, 7601 MHz, 157.80 W, 54, 0 %, 46332 MiB
2026/09/26 13:18:16.991, 2, 1875 MHz, 7601 MHz, 163.47 W, 57, 0 %, 46332 MiB
2026/09/26 13:18:16.991, 3, 1800 MHz, 7601 MHz, 91.61 W, 35, 10 %, 6596 MiB
2026/09/26 13:18:21.991, 0, 1845 MHz, 7601 MHz, 164.35 W, 57, 0 %, 43690 MiB
2026/09/26 13:18:21.992, 1, 1905 MHz, 7601 MHz, 164.61 W, 53, 62 %, 46332 MiB
2026/09/26 13:18:21.992, 2, 1905 MHz, 7601 MHz, 171.24 W, 57, 0 %, 46332 MiB
2026/09/26 13:18:21.992, 3, 1800 MHz, 7601 MHz, 90.27 W, 35, 10 %, 6596 MiB
2026/09/26 13:18:26.993, 0, 1800 MHz, 7601 MHz, 146.35 W, 58, 72 %, 43690 MiB
2026/09/26 13:18:26.993, 1, 1905 MHz, 7601 MHz, 173.03 W, 54, 80 %, 46332 MiB
2026/09/26 13:18:26.993, 2, 1905 MHz, 7601 MHz, 178.93 W, 59, 77 %, 46332 MiB
2026/09/26 13:18:26.993, 3, 1800 MHz, 7601 MHz, 88.83 W, 35, 0 %, 6596 MiB
2026/09/26 13:18:31.994, 0, 1560 MHz, 7601 MHz, 148.51 W, 57, 0 %, 43690 MiB
2026/09/26 13:18:31.994, 1, 1905 MHz, 7601 MHz, 157.10 W, 53, 61 %, 46332 MiB
2026/09/26 13:18:31.994, 2, 1905 MHz, 7601 MHz, 177.93 W, 57, 0 %, 46332 MiB
2026/09/26 13:18:31.994, 3, 1800 MHz, 7601 MHz, 91.12 W, 35, 10 %, 6596 MiB
2026/09/26 13:18:36.995, 0, 1920 MHz, 7601 MHz, 160.53 W, 58, 47 %, 43690 MiB
2026/09/26 13:18:36.995, 1, 1905 MHz, 7601 MHz, 174.54 W, 53, 18 %, 46332 MiB
2026/09/26 13:18:36.995, 2, 1905 MHz, 7601 MHz, 178.05 W, 58, 64 %, 46332 MiB
2026/09/26 13:18:36.996, 3, 1800 MHz, 7601 MHz, 91.41 W, 35, 0 %, 6596 MiB
2026/09/26 13:18:41.996, 0, 1845 MHz, 7601 MHz, 168.52 W, 60, 32 %, 43690 MiB
2026/09/26 13:18:41.996, 1, 1800 MHz, 7601 MHz, 174.79 W, 54, 0 %, 46332 MiB
2026/09/26 13:18:41.997, 2, 1680 MHz, 7601 MHz, 170.37 W, 60, 29 %, 46332 MiB
2026/09/26 13:18:41.997, 3, 1800 MHz, 7601 MHz, 91.65 W, 35, 0 %, 6596 MiB
2026/09/26 13:18:46.997, 0, 1920 MHz, 7601 MHz, 157.82 W, 58, 14 %, 43690 MiB
2026/09/26 13:18:46.997, 1, 1905 MHz, 7601 MHz, 161.61 W, 52, 32 %, 46332 MiB
2026/09/26 13:18:46.998, 2, 1905 MHz, 7601 MHz, 170.86 W, 57, 26 %, 46332 MiB
2026/09/26 13:18:46.998, 3, 1800 MHz, 7601 MHz, 90.13 W, 35, 0 %, 6596 MiB
2026/09/26 13:18:51.998, 0, 1920 MHz, 7601 MHz, 163.60 W, 59, 0 %, 43690 MiB
2026/09/26 13:18:51.998, 1, 1890 MHz, 7601 MHz, 158.74 W, 53, 97 %, 46332 MiB
2026/09/26 13:18:51.999, 2, 1560 MHz, 7601 MHz, 172.03 W, 60, 69 %, 46332 MiB
2026/09/26 13:18:51.999, 3, 1800 MHz, 7601 MHz, 89.54 W, 35, 0 %, 6596 MiB
2026/09/26 13:18:57.000, 0, 1920 MHz, 7601 MHz, 161.97 W, 60, 25 %, 43690 MiB
2026/09/26 13:18:57.000, 1, 1830 MHz, 7601 MHz, 164.80 W, 55, 0 %, 46332 MiB
2026/09/26 13:18:57.000, 2, 1740 MHz, 7601 MHz, 169.34 W, 60, 40 %, 46332 MiB
2026/09/26 13:18:57.001, 3, 1800 MHz, 7601 MHz, 90.35 W, 35, 0 %, 6596 MiB
2026/09/26 13:19:02.001, 0, 1575 MHz, 7601 MHz, 168.03 W, 59, 76 %, 43690 MiB
2026/09/26 13:19:02.001, 1, 1905 MHz, 7601 MHz, 165.31 W, 53, 35 %, 46332 MiB
2026/09/26 13:19:02.001, 2, 1905 MHz, 7601 MHz, 158.82 W, 57, 0 %, 46332 MiB
2026/09/26 13:19:02.002, 3, 1800 MHz, 7601 MHz, 90.57 W, 35, 0 %, 6596 MiB
2026/09/26 13:19:07.002, 0, 1560 MHz, 7601 MHz, 178.07 W, 61, 78 %, 43690 MiB
2026/09/26 13:19:07.004, 1, 1875 MHz, 7601 MHz, 181.15 W, 54, 53 %, 46332 MiB
2026/09/26 13:19:07.004, 2, 1905 MHz, 7601 MHz, 167.02 W, 57, 0 %, 46332 MiB
2026/09/26 13:19:07.004, 3, 1800 MHz, 7601 MHz, 92.34 W, 35, 0 %, 6596 MiB
2026/09/26 13:19:12.005, 0, 1800 MHz, 7601 MHz, 164.88 W, 59, 0 %, 43690 MiB
2026/09/26 13:19:12.005, 1, 1905 MHz, 7601 MHz, 166.00 W, 54, 0 %, 46332 MiB
2026/09/26 13:19:12.005, 2, 1905 MHz, 7601 MHz, 179.93 W, 59, 84 %, 46332 MiB
2026/09/26 13:19:12.005, 3, 1800 MHz, 7601 MHz, 89.92 W, 35, 0 %, 6596 MiB
2026/09/26 13:19:17.006, 0, 1920 MHz, 7601 MHz, 147.75 W, 60, 1 %, 43690 MiB
2026/09/26 13:19:17.006, 1, 1890 MHz, 7601 MHz, 177.77 W, 53, 0 %, 46332 MiB
2026/09/26 13:19:17.006, 2, 1560 MHz, 7601 MHz, 197.24 W, 60, 35 %, 46332 MiB
2026/09/26 13:19:17.006, 3, 1800 MHz, 7601 MHz, 91.19 W, 35, 0 %, 6596 MiB
2026/09/26 13:19:22.007, 0, 1800 MHz, 7601 MHz, 85.52 W, 55, 7 %, 43690 MiB
2026/09/26 13:19:22.007, 1, 1800 MHz, 7601 MHz, 79.17 W, 50, 0 %, 46332 MiB
2026/09/26 13:19:22.007, 2, 1800 MHz, 7601 MHz, 90.19 W, 55, 0 %, 46332 MiB
2026/09/26 13:19:22.007, 3, 1800 MHz, 7601 MHz, 80.16 W, 35, 0 %, 6596 MiB
2026/09/26 13:19:27.008, 0, 1800 MHz, 7601 MHz, 84.24 W, 54, 7 %, 43690 MiB
2026/09/26 13:19:27.008, 1, 1800 MHz, 7601 MHz, 78.35 W, 49, 0 %, 46332 MiB
2026/09/26 13:19:27.008, 2, 1800 MHz, 7601 MHz, 85.79 W, 54, 0 %, 46332 MiB
2026/09/26 13:19:27.008, 3, 1800 MHz, 7601 MHz, 80.21 W, 35, 0 %, 6596 MiB
2026/09/26 13:19:32.010, 0, 1800 MHz, 7601 MHz, 83.71 W, 53, 7 %, 43690 MiB
2026/09/26 13:19:32.010, 1, 1800 MHz, 7601 MHz, 77.76 W, 48, 0 %, 46332 MiB
2026/09/26 13:19:32.010, 2, 1800 MHz, 7601 MHz, 84.59 W, 52, 0 %, 46332 MiB
2026/09/26 13:19:32.010, 3, 1800 MHz, 7601 MHz, 80.28 W, 34, 0 %, 6596 MiB
2026/09/26 13:19:37.011, 0, 1800 MHz, 7601 MHz, 82.75 W, 52, 7 %, 43690 MiB
2026/09/26 13:19:37.011, 1, 210 MHz, 405 MHz, 49.79 W, 45, 0 %, 46332 MiB
2026/09/26 13:19:37.012, 2, 225 MHz, 405 MHz, 55.08 W, 50, 0 %, 46332 MiB
2026/09/26 13:19:37.013, 3, 210 MHz, 405 MHz, 46.20 W, 33, 0 %, 6596 MiB
2026/09/26 13:19:42.013, 0, 1800 MHz, 7601 MHz, 82.02 W, 51, 7 %, 43690 MiB
2026/09/26 13:19:42.013, 1, 210 MHz, 405 MHz, 24.01 W, 43, 0 %, 46332 MiB
2026/09/26 13:19:42.014, 2, 210 MHz, 405 MHz, 28.01 W, 48, 0 %, 46332 MiB
2026/09/26 13:19:42.014, 3, 210 MHz, 405 MHz, 30.18 W, 32, 0 %, 6596 MiB
2026/09/26 13:19:47.014, 0, 1800 MHz, 7601 MHz, 81.73 W, 51, 7 %, 43690 MiB
2026/09/26 13:19:47.014, 1, 210 MHz, 405 MHz, 23.92 W, 41, 0 %, 46332 MiB
2026/09/26 13:19:47.015, 2, 210 MHz, 405 MHz, 27.68 W, 46, 0 %, 46332 MiB
2026/09/26 13:19:47.015, 3, 210 MHz, 405 MHz, 30.00 W, 31, 0 %, 6596 MiB
2026/09/26 13:19:52.015, 0, 1800 MHz, 7601 MHz, 80.73 W, 50, 0 %, 43690 MiB
2026/09/26 13:19:52.016, 1, 1800 MHz, 7601 MHz, 74.75 W, 42, 7 %, 46332 MiB
2026/09/26 13:19:52.016, 2, 210 MHz, 405 MHz, 27.33 W, 45, 0 %, 46332 MiB
2026/09/26 13:19:52.016, 3, 210 MHz, 405 MHz, 30.04 W, 30, 0 %, 6596 MiB
2026/09/26 13:19:57.017, 0, 1800 MHz, 7601 MHz, 81.80 W, 49, 0 %, 43690 MiB
2026/09/26 13:19:57.017, 1, 1800 MHz, 7601 MHz, 74.74 W, 42, 7 %, 46332 MiB
2026/09/26 13:19:57.017, 2, 210 MHz, 405 MHz, 27.33 W, 43, 0 %, 46332 MiB
2026/09/26 13:19:57.017, 3, 210 MHz, 405 MHz, 30.25 W, 30, 0 %, 6596 MiB
2026/09/26 13:20:02.018, 0, 1800 MHz, 7601 MHz, 81.60 W, 49, 0 %, 43690 MiB
2026/09/26 13:20:02.019, 1, 1800 MHz, 7601 MHz, 74.64 W, 41, 7 %, 46332 MiB
2026/09/26 13:20:02.019, 2, 210 MHz, 405 MHz, 27.61 W, 42, 0 %, 46332 MiB
2026/09/26 13:20:02.019, 3, 210 MHz, 405 MHz, 29.98 W, 29, 0 %, 6596 MiB
2026/09/26 13:20:07.020, 0, 210 MHz, 405 MHz, 45.21 W, 46, 0 %, 43690 MiB
2026/09/26 13:20:07.020, 1, 1800 MHz, 7601 MHz, 74.20 W, 41, 7 %, 46332 MiB
2026/09/26 13:20:07.021, 2, 210 MHz, 405 MHz, 27.89 W, 41, 0 %, 46332 MiB
2026/09/26 13:20:07.021, 3, 210 MHz, 405 MHz, 29.91 W, 29, 0 %, 6596 MiB
2026/09/26 13:20:12.022, 0, 210 MHz, 405 MHz, 23.83 W, 45, 0 %, 43690 MiB
2026/09/26 13:20:12.022, 1, 1800 MHz, 7601 MHz, 74.12 W, 41, 7 %, 46332 MiB
2026/09/26 13:20:12.022, 2, 210 MHz, 405 MHz, 27.99 W, 40, 0 %, 46332 MiB
2026/09/26 13:20:12.023, 3, 210 MHz, 405 MHz, 30.15 W, 29, 0 %, 6596 MiB
2026/09/26 13:20:17.023, 0, 210 MHz, 405 MHz, 23.52 W, 43, 0 %, 43690 MiB
2026/09/26 13:20:17.023, 1, 1800 MHz, 7601 MHz, 73.66 W, 40, 7 %, 46332 MiB
2026/09/26 13:20:17.024, 2, 210 MHz, 405 MHz, 27.90 W, 39, 0 %, 46332 MiB
2026/09/26 13:20:17.024, 3, 210 MHz, 405 MHz, 30.21 W, 28, 0 %, 6596 MiB
2026/09/26 13:20:22.024, 0, 210 MHz, 405 MHz, 23.74 W, 42, 0 %, 43690 MiB
2026/09/26 13:20:22.024, 1, 1800 MHz, 7601 MHz, 73.11 W, 40, 0 %, 46332 MiB
2026/09/26 13:20:22.025, 2, 1800 MHz, 7601 MHz, 80.72 W, 40, 7 %, 46332 MiB
2026/09/26 13:20:22.025, 3, 210 MHz, 405 MHz, 30.12 W, 28, 0 %, 6596 MiB
2026/09/26 13:20:27.025, 0, 210 MHz, 405 MHz, 23.36 W, 41, 0 %, 43690 MiB
2026/09/26 13:20:27.025, 1, 1800 MHz, 7601 MHz, 72.33 W, 40, 0 %, 46332 MiB
2026/09/26 13:20:27.026, 2, 1800 MHz, 7601 MHz, 80.38 W, 40, 7 %, 46332 MiB
2026/09/26 13:20:27.026, 3, 210 MHz, 405 MHz, 29.87 W, 28, 0 %, 6596 MiB
2026/09/26 13:20:32.026, 0, 210 MHz, 405 MHz, 23.29 W, 40, 0 %, 43690 MiB
2026/09/26 13:20:32.027, 1, 1800 MHz, 7601 MHz, 71.78 W, 39, 0 %, 46332 MiB
2026/09/26 13:20:32.027, 2, 1800 MHz, 7601 MHz, 80.62 W, 40, 7 %, 46332 MiB
2026/09/26 13:20:32.027, 3, 210 MHz, 405 MHz, 30.20 W, 27, 0 %, 6596 MiB
2026/09/26 13:20:37.027, 0, 210 MHz, 405 MHz, 23.41 W, 39, 0 %, 43690 MiB
2026/09/26 13:20:37.028, 1, 1800 MHz, 7601 MHz, 71.93 W, 39, 0 %, 46332 MiB
2026/09/26 13:20:37.029, 2, 1800 MHz, 7601 MHz, 80.71 W, 40, 7 %, 46332 MiB
2026/09/26 13:20:37.029, 3, 210 MHz, 405 MHz, 30.13 W, 27, 0 %, 6596 MiB
2026/09/26 13:20:42.030, 0, 210 MHz, 405 MHz, 23.19 W, 38, 0 %, 43690 MiB
2026/09/26 13:20:42.030, 1, 210 MHz, 405 MHz, 24.60 W, 37, 0 %, 46332 MiB
2026/09/26 13:20:42.031, 2, 1800 MHz, 7601 MHz, 80.43 W, 40, 7 %, 46332 MiB
2026/09/26 13:20:42.031, 3, 210 MHz, 405 MHz, 30.11 W, 27, 0 %, 6596 MiB
2026/09/26 13:20:47.031, 0, 210 MHz, 405 MHz, 23.11 W, 37, 0 %, 43690 MiB
2026/09/26 13:20:47.032, 1, 210 MHz, 405 MHz, 24.75 W, 35, 0 %, 46332 MiB
2026/09/26 13:20:47.032, 2, 1800 MHz, 7601 MHz, 80.51 W, 40, 7 %, 46332 MiB
2026/09/26 13:20:47.032, 3, 210 MHz, 405 MHz, 30.00 W, 27, 0 %, 6596 MiB
2026/09/26 13:20:52.032, 0, 210 MHz, 405 MHz, 23.15 W, 37, 0 %, 43690 MiB
2026/09/26 13:20:52.033, 1, 210 MHz, 405 MHz, 24.77 W, 34, 0 %, 46332 MiB
2026/09/26 13:20:52.033, 2, 1800 MHz, 7601 MHz, 80.35 W, 40, 7 %, 46332 MiB
2026/09/26 13:20:52.033, 3, 210 MHz, 405 MHz, 30.06 W, 27, 0 %, 6596 MiB
2026/09/26 13:20:57.033, 0, 1935 MHz, 7601 MHz, 33.21 W, 38, 100 %, 390 MiB
2026/09/26 13:20:57.034, 1, 210 MHz, 405 MHz, 24.84 W, 34, 0 %, 20632 MiB
2026/09/26 13:20:57.034, 2, 1800 MHz, 7601 MHz, 79.56 W, 40, 0 %, 46332 MiB
2026/09/26 13:20:57.034, 3, 1800 MHz, 7601 MHz, 79.28 W, 29, 0 %, 6596 MiB
2026/09/26 13:21:02.035, 0, 1935 MHz, 7601 MHz, 203.05 W, 44, 88 %, 5162 MiB
2026/09/26 13:21:02.035, 1, 225 MHz, 810 MHz, 47.32 W, 34, 0 %, 384 MiB
2026/09/26 13:21:02.035, 2, 1800 MHz, 7601 MHz, 79.45 W, 40, 0 %, 384 MiB
2026/09/26 13:21:02.035, 3, 1950 MHz, 7601 MHz, 89.52 W, 31, 0 %, 4746 MiB
2026/09/26 13:21:07.036, 0, 1920 MHz, 7601 MHz, 204.35 W, 46, 93 %, 7418 MiB
2026/09/26 13:21:07.036, 1, 210 MHz, 405 MHz, 23.99 W, 33, 0 %, 384 MiB
2026/09/26 13:21:07.037, 2, 1800 MHz, 7601 MHz, 79.56 W, 40, 0 %, 384 MiB
2026/09/26 13:21:07.037, 3, 1800 MHz, 7601 MHz, 78.65 W, 31, 0 %, 4746 MiB
2026/09/26 13:21:12.038, 0, 1920 MHz, 7601 MHz, 205.57 W, 48, 93 %, 11142 MiB
2026/09/26 13:21:12.038, 1, 210 MHz, 405 MHz, 24.07 W, 33, 0 %, 384 MiB
2026/09/26 13:21:12.038, 2, 210 MHz, 405 MHz, 28.53 W, 38, 0 %, 384 MiB
2026/09/26 13:21:12.038, 3, 1800 MHz, 7601 MHz, 79.00 W, 31, 0 %, 4746 MiB
2026/09/26 13:21:17.038, 0, 1905 MHz, 7601 MHz, 208.60 W, 49, 90 %, 14998 MiB
2026/09/26 13:21:17.039, 1, 210 MHz, 405 MHz, 23.85 W, 32, 0 %, 384 MiB
2026/09/26 13:21:17.039, 2, 210 MHz, 405 MHz, 27.42 W, 37, 0 %, 384 MiB
2026/09/26 13:21:17.039, 3, 360 MHz, 810 MHz, 76.14 W, 31, 0 %, 4746 MiB
2026/09/26 13:21:22.040, 0, 1905 MHz, 7601 MHz, 206.60 W, 51, 92 %, 18696 MiB
2026/09/26 13:21:22.040, 1, 210 MHz, 405 MHz, 23.89 W, 31, 0 %, 384 MiB
2026/09/26 13:21:22.040, 2, 210 MHz, 405 MHz, 27.70 W, 36, 0 %, 384 MiB
2026/09/26 13:21:22.040, 3, 210 MHz, 405 MHz, 35.82 W, 29, 0 %, 4746 MiB
2026/09/26 13:21:27.041, 0, 1905 MHz, 7601 MHz, 208.01 W, 53, 93 %, 22412 MiB
2026/09/26 13:21:27.041, 1, 210 MHz, 405 MHz, 23.70 W, 31, 0 %, 384 MiB
2026/09/26 13:21:27.041, 2, 210 MHz, 405 MHz, 27.23 W, 35, 0 %, 384 MiB
2026/09/26 13:21:27.041, 3, 210 MHz, 405 MHz, 35.63 W, 29, 0 %, 4746 MiB
2026/09/26 13:21:32.042, 0, 1905 MHz, 7601 MHz, 209.21 W, 54, 92 %, 25668 MiB
2026/09/26 13:21:32.042, 1, 210 MHz, 405 MHz, 23.83 W, 31, 0 %, 934 MiB
2026/09/26 13:21:32.043, 2, 210 MHz, 405 MHz, 27.25 W, 35, 0 %, 384 MiB
2026/09/26 13:21:32.043, 3, 210 MHz, 405 MHz, 35.60 W, 28, 0 %, 4746 MiB
2026/09/26 13:21:37.043, 0, 1800 MHz, 7601 MHz, 81.34 W, 49, 0 %, 25668 MiB
2026/09/26 13:21:37.043, 1, 1920 MHz, 7601 MHz, 192.09 W, 39, 91 %, 5042 MiB
2026/09/26 13:21:37.043, 2, 210 MHz, 405 MHz, 26.99 W, 34, 0 %, 384 MiB
2026/09/26 13:21:37.043, 3, 210 MHz, 405 MHz, 35.72 W, 28, 0 %, 4746 MiB
2026/09/26 13:21:42.044, 0, 1800 MHz, 7601 MHz, 80.81 W, 48, 0 %, 25668 MiB
2026/09/26 13:21:42.044, 1, 1905 MHz, 7601 MHz, 190.92 W, 41, 91 %, 8820 MiB
2026/09/26 13:21:42.044, 2, 210 MHz, 405 MHz, 26.90 W, 34, 0 %, 384 MiB
2026/09/26 13:21:42.044, 3, 210 MHz, 405 MHz, 35.66 W, 28, 0 %, 4746 MiB
2026/09/26 13:21:47.045, 0, 1800 MHz, 7601 MHz, 80.63 W, 47, 0 %, 25668 MiB
2026/09/26 13:21:47.045, 1, 1905 MHz, 7601 MHz, 192.16 W, 43, 74 %, 12414 MiB
2026/09/26 13:21:47.045, 2, 210 MHz, 405 MHz, 27.01 W, 33, 0 %, 384 MiB
2026/09/26 13:21:47.045, 3, 210 MHz, 405 MHz, 35.52 W, 28, 0 %, 4746 MiB
2026/09/26 13:21:52.046, 0, 210 MHz, 405 MHz, 32.63 W, 44, 0 %, 25668 MiB
2026/09/26 13:21:52.046, 1, 1905 MHz, 7601 MHz, 191.81 W, 44, 77 %, 16210 MiB
2026/09/26 13:21:52.046, 2, 210 MHz, 405 MHz, 27.08 W, 33, 0 %, 384 MiB
2026/09/26 13:21:52.046, 3, 210 MHz, 405 MHz, 35.76 W, 27, 0 %, 4746 MiB
2026/09/26 13:21:57.047, 0, 210 MHz, 405 MHz, 32.22 W, 43, 0 %, 25668 MiB
2026/09/26 13:21:57.047, 1, 1890 MHz, 7601 MHz, 192.64 W, 45, 76 %, 20028 MiB
2026/09/26 13:21:57.047, 2, 210 MHz, 405 MHz, 27.19 W, 32, 0 %, 384 MiB
2026/09/26 13:21:57.048, 3, 210 MHz, 405 MHz, 35.42 W, 27, 0 %, 4746 MiB
2026/09/26 13:22:02.048, 0, 210 MHz, 405 MHz, 32.27 W, 41, 0 %, 25668 MiB
2026/09/26 13:22:02.049, 1, 1890 MHz, 7601 MHz, 192.88 W, 47, 87 %, 23504 MiB
2026/09/26 13:22:02.049, 2, 210 MHz, 405 MHz, 27.05 W, 32, 0 %, 384 MiB
2026/09/26 13:22:02.049, 3, 210 MHz, 405 MHz, 35.57 W, 27, 0 %, 4746 MiB
2026/09/26 13:22:07.049, 0, 210 MHz, 405 MHz, 31.88 W, 40, 0 %, 25668 MiB
2026/09/26 13:22:07.050, 1, 1800 MHz, 7601 MHz, 74.07 W, 42, 0 %, 23804 MiB
2026/09/26 13:22:07.050, 2, 1935 MHz, 7601 MHz, 199.15 W, 40, 91 %, 4562 MiB
2026/09/26 13:22:07.050, 3, 210 MHz, 405 MHz, 35.63 W, 27, 0 %, 4746 MiB
2026/09/26 13:22:12.050, 0, 210 MHz, 405 MHz, 31.62 W, 39, 0 %, 25668 MiB
2026/09/26 13:22:12.050, 1, 1800 MHz, 7601 MHz, 73.72 W, 41, 0 %, 23804 MiB
2026/09/26 13:22:12.051, 2, 1935 MHz, 7601 MHz, 202.21 W, 42, 88 %, 8456 MiB
2026/09/26 13:22:12.051, 3, 210 MHz, 405 MHz, 35.73 W, 27, 0 %, 4746 MiB
2026/09/26 13:22:17.051, 0, 210 MHz, 405 MHz, 31.63 W, 39, 0 %, 25668 MiB
2026/09/26 13:22:17.052, 1, 1800 MHz, 7601 MHz, 73.40 W, 41, 0 %, 23804 MiB
2026/09/26 13:22:17.052, 2, 1920 MHz, 7601 MHz, 202.51 W, 44, 92 %, 12134 MiB
2026/09/26 13:22:17.052, 3, 210 MHz, 405 MHz, 35.63 W, 27, 0 %, 4746 MiB
2026/09/26 13:22:22.052, 0, 210 MHz, 405 MHz, 31.36 W, 38, 0 %, 25668 MiB
2026/09/26 13:22:22.052, 1, 210 MHz, 405 MHz, 28.81 W, 38, 0 %, 23804 MiB
2026/09/26 13:22:22.053, 2, 1920 MHz, 7601 MHz, 203.35 W, 46, 92 %, 15990 MiB
2026/09/26 13:22:22.053, 3, 210 MHz, 405 MHz, 35.73 W, 27, 0 %, 4746 MiB
2026/09/26 13:22:27.053, 0, 210 MHz, 405 MHz, 31.10 W, 37, 0 %, 25668 MiB
2026/09/26 13:22:27.053, 1, 210 MHz, 405 MHz, 28.32 W, 37, 0 %, 23804 MiB
2026/09/26 13:22:27.054, 2, 1920 MHz, 7601 MHz, 208.78 W, 47, 91 %, 19386 MiB
2026/09/26 13:22:27.054, 3, 210 MHz, 405 MHz, 35.73 W, 26, 0 %, 4746 MiB
2026/09/26 13:22:32.054, 0, 210 MHz, 405 MHz, 31.15 W, 37, 0 %, 25668 MiB
2026/09/26 13:22:32.054, 1, 210 MHz, 405 MHz, 28.26 W, 36, 0 %, 23804 MiB
2026/09/26 13:22:32.055, 2, 1905 MHz, 7601 MHz, 205.60 W, 47, 73 %, 23262 MiB
2026/09/26 13:22:32.055, 3, 210 MHz, 405 MHz, 35.41 W, 26, 0 %, 4746 MiB
2026/09/26 13:22:37.055, 0, 210 MHz, 405 MHz, 31.00 W, 36, 0 %, 25668 MiB
2026/09/26 13:22:37.055, 1, 210 MHz, 405 MHz, 24.50 W, 35, 0 %, 23804 MiB
2026/09/26 13:22:37.057, 2, 1800 MHz, 7601 MHz, 82.03 W, 44, 0 %, 23846 MiB
2026/09/26 13:22:37.057, 3, 1950 MHz, 7601 MHz, 203.64 W, 34, 92 %, 6006 MiB
2026/09/26 13:22:42.057, 0, 210 MHz, 405 MHz, 31.01 W, 35, 0 %, 25668 MiB
2026/09/26 13:22:42.057, 1, 210 MHz, 405 MHz, 24.40 W, 34, 0 %, 23804 MiB
2026/09/26 13:22:42.058, 2, 1800 MHz, 7601 MHz, 81.77 W, 43, 0 %, 23846 MiB
2026/09/26 13:22:42.058, 3, 1950 MHz, 7601 MHz, 205.24 W, 35, 90 %, 9726 MiB
2026/09/26 13:22:47.058, 0, 210 MHz, 405 MHz, 30.85 W, 35, 0 %, 25668 MiB
2026/09/26 13:22:47.058, 1, 210 MHz, 405 MHz, 24.49 W, 33, 0 %, 23804 MiB
2026/09/26 13:22:47.058, 2, 1800 MHz, 7601 MHz, 80.96 W, 42, 0 %, 23846 MiB
2026/09/26 13:22:47.059, 3, 1950 MHz, 7601 MHz, 208.14 W, 38, 88 %, 13386 MiB
2026/09/26 13:22:52.059, 0, 210 MHz, 405 MHz, 30.93 W, 35, 0 %, 25668 MiB
2026/09/26 13:22:52.059, 1, 210 MHz, 405 MHz, 24.26 W, 33, 0 %, 23804 MiB
2026/09/26 13:22:52.059, 2, 210 MHz, 405 MHz, 34.37 W, 40, 0 %, 23846 MiB
2026/09/26 13:22:52.059, 3, 1935 MHz, 7601 MHz, 206.21 W, 40, 92 %, 17206 MiB
2026/09/26 13:22:57.060, 0, 210 MHz, 405 MHz, 30.92 W, 34, 0 %, 25668 MiB
2026/09/26 13:22:57.060, 1, 210 MHz, 405 MHz, 24.18 W, 32, 0 %, 23804 MiB
2026/09/26 13:22:57.060, 2, 210 MHz, 405 MHz, 33.91 W, 39, 0 %, 23846 MiB
2026/09/26 13:22:57.060, 3, 1935 MHz, 7601 MHz, 207.47 W, 41, 92 %, 20826 MiB
2026/09/26 13:23:02.061, 0, 210 MHz, 405 MHz, 30.84 W, 34, 0 %, 25668 MiB
2026/09/26 13:23:02.061, 1, 210 MHz, 405 MHz, 24.19 W, 32, 0 %, 23804 MiB
2026/09/26 13:23:02.061, 2, 210 MHz, 405 MHz, 33.52 W, 38, 0 %, 23846 MiB
2026/09/26 13:23:02.061, 3, 1935 MHz, 7601 MHz, 207.15 W, 43, 91 %, 24306 MiB
2026/09/26 13:23:07.062, 0, 1800 MHz, 7601 MHz, 136.67 W, 40, 0 %, 25306 MiB
2026/09/26 13:23:07.062, 1, 1800 MHz, 7601 MHz, 130.83 W, 37, 0 %, 23314 MiB
2026/09/26 13:23:07.064, 2, 1800 MHz, 7601 MHz, 140.85 W, 41, 27 %, 23356 MiB
2026/09/26 13:23:07.064, 3, 1800 MHz, 7601 MHz, 147.80 W, 41, 0 %, 24996 MiB
2026/09/26 13:23:12.065, 0, 1800 MHz, 7601 MHz, 137.41 W, 39, 41 %, 25306 MiB
2026/09/26 13:23:12.065, 1, 1800 MHz, 7601 MHz, 133.35 W, 37, 36 %, 23314 MiB
2026/09/26 13:23:12.065, 2, 1800 MHz, 7601 MHz, 142.20 W, 44, 38 %, 23356 MiB
2026/09/26 13:23:12.065, 3, 1800 MHz, 7601 MHz, 147.97 W, 41, 40 %, 24996 MiB
2026/09/26 13:23:17.066, 0, 1800 MHz, 7601 MHz, 133.15 W, 40, 35 %, 25306 MiB
2026/09/26 13:23:17.066, 1, 1800 MHz, 7601 MHz, 133.33 W, 38, 16 %, 23318 MiB
2026/09/26 13:23:17.066, 2, 1800 MHz, 7601 MHz, 150.55 W, 43, 39 %, 23356 MiB
2026/09/26 13:23:17.066, 3, 1800 MHz, 7601 MHz, 146.26 W, 41, 25 %, 24998 MiB
2026/09/26 13:23:22.067, 0, 1710 MHz, 7601 MHz, 142.40 W, 41, 42 %, 25330 MiB
2026/09/26 13:23:22.067, 1, 1800 MHz, 7601 MHz, 138.99 W, 39, 37 %, 23344 MiB
2026/09/26 13:23:22.067, 2, 1695 MHz, 7601 MHz, 139.05 W, 44, 12 %, 23384 MiB
2026/09/26 13:23:22.067, 3, 1800 MHz, 7601 MHz, 152.31 W, 42, 41 %, 25026 MiB
2026/09/26 13:23:27.068, 0, 1890 MHz, 7601 MHz, 145.85 W, 45, 36 %, 25368 MiB
2026/09/26 13:23:27.068, 1, 1905 MHz, 7601 MHz, 138.38 W, 40, 7 %, 23360 MiB
2026/09/26 13:23:27.068, 2, 1920 MHz, 7601 MHz, 149.59 W, 46, 47 %, 23400 MiB
2026/09/26 13:23:27.068, 3, 1920 MHz, 7601 MHz, 143.31 W, 42, 15 %, 25038 MiB
2026/09/26 13:23:32.069, 0, 1695 MHz, 7601 MHz, 145.41 W, 43, 43 %, 25388 MiB
2026/09/26 13:23:32.069, 1, 1800 MHz, 7601 MHz, 131.88 W, 40, 46 %, 23360 MiB
2026/09/26 13:23:32.069, 2, 1665 MHz, 7601 MHz, 141.44 W, 46, 0 %, 23400 MiB
2026/09/26 13:23:32.069, 3, 1800 MHz, 7601 MHz, 156.22 W, 43, 52 %, 25040 MiB
2026/09/26 13:23:37.070, 0, 1800 MHz, 7601 MHz, 137.21 W, 44, 1 %, 25408 MiB
2026/09/26 13:23:37.070, 1, 1800 MHz, 7601 MHz, 141.38 W, 41, 9 %, 23360 MiB
2026/09/26 13:23:37.071, 2, 1800 MHz, 7601 MHz, 140.95 W, 45, 0 %, 23400 MiB
2026/09/26 13:23:37.071, 3, 1800 MHz, 7601 MHz, 150.21 W, 44, 25 %, 25040 MiB
2026/09/26 13:23:42.072, 0, 1650 MHz, 7601 MHz, 122.33 W, 44, 69 %, 25510 MiB
2026/09/26 13:23:42.072, 1, 1890 MHz, 7601 MHz, 114.66 W, 41, 0 %, 23444 MiB
2026/09/26 13:23:42.073, 2, 1650 MHz, 7601 MHz, 154.26 W, 45, 0 %, 23486 MiB
2026/09/26 13:23:42.073, 3, 1920 MHz, 7601 MHz, 154.67 W, 43, 59 %, 25106 MiB
2026/09/26 13:23:47.073, 0, 1800 MHz, 7601 MHz, 143.24 W, 47, 0 %, 25510 MiB
2026/09/26 13:23:47.073, 1, 1785 MHz, 7601 MHz, 138.54 W, 44, 64 %, 23444 MiB
2026/09/26 13:23:47.074, 2, 1800 MHz, 7601 MHz, 144.08 W, 48, 67 %, 23486 MiB
2026/09/26 13:23:47.074, 3, 1800 MHz, 7601 MHz, 148.09 W, 42, 0 %, 25106 MiB
2026/09/26 13:23:52.074, 0, 1800 MHz, 7601 MHz, 142.18 W, 48, 45 %, 25650 MiB
2026/09/26 13:23:52.074, 1, 1800 MHz, 7601 MHz, 130.88 W, 44, 29 %, 23484 MiB
2026/09/26 13:23:52.074, 2, 1695 MHz, 7601 MHz, 140.03 W, 49, 31 %, 23526 MiB
2026/09/26 13:23:52.075, 3, 1800 MHz, 7601 MHz, 149.28 W, 43, 7 %, 25146 MiB
2026/09/26 13:23:57.075, 0, 1800 MHz, 7601 MHz, 136.51 W, 46, 36 %, 25790 MiB
2026/09/26 13:23:57.075, 1, 1800 MHz, 7601 MHz, 138.66 W, 42, 0 %, 23604 MiB
2026/09/26 13:23:57.076, 2, 1800 MHz, 7601 MHz, 145.76 W, 46, 0 %, 23646 MiB
2026/09/26 13:23:57.076, 3, 1800 MHz, 7601 MHz, 148.86 W, 45, 74 %, 25286 MiB
2026/09/26 13:24:02.076, 0, 1800 MHz, 7601 MHz, 143.63 W, 47, 0 %, 25870 MiB
2026/09/26 13:24:02.076, 1, 1800 MHz, 7601 MHz, 137.81 W, 44, 41 %, 23684 MiB
2026/09/26 13:24:02.077, 2, 1800 MHz, 7601 MHz, 144.21 W, 47, 35 %, 23726 MiB
2026/09/26 13:24:02.077, 3, 1665 MHz, 7601 MHz, 148.41 W, 42, 0 %, 25406 MiB
2026/09/26 13:24:07.077, 0, 1680 MHz, 7601 MHz, 151.90 W, 51, 59 %, 25870 MiB
2026/09/26 13:24:07.078, 1, 1680 MHz, 7601 MHz, 147.04 W, 47, 41 %, 23686 MiB
2026/09/26 13:24:07.079, 2, 1905 MHz, 7601 MHz, 144.93 W, 47, 0 %, 23728 MiB
2026/09/26 13:24:07.079, 3, 1920 MHz, 7601 MHz, 148.88 W, 46, 72 %, 25406 MiB
2026/09/26 13:24:12.080, 0, 1800 MHz, 7601 MHz, 78.89 W, 46, 0 %, 25950 MiB
2026/09/26 13:24:12.080, 1, 1800 MHz, 7601 MHz, 79.76 W, 43, 0 %, 23966 MiB
2026/09/26 13:24:12.081, 2, 1905 MHz, 7601 MHz, 125.18 W, 47, 0 %, 24008 MiB
2026/09/26 13:24:12.081, 3, 1605 MHz, 7601 MHz, 179.62 W, 49, 100 %, 25506 MiB
2026/09/26 13:24:17.081, 0, 1665 MHz, 7601 MHz, 209.25 W, 54, 100 %, 25950 MiB
2026/09/26 13:24:17.082, 1, 1800 MHz, 7601 MHz, 77.42 W, 42, 0 %, 23966 MiB
2026/09/26 13:24:17.082, 2, 1905 MHz, 7601 MHz, 122.66 W, 47, 0 %, 24008 MiB
2026/09/26 13:24:17.082, 3, 1920 MHz, 7601 MHz, 183.88 W, 43, 0 %, 25506 MiB
2026/09/26 13:24:22.082, 0, 1935 MHz, 7601 MHz, 221.47 W, 48, 0 %, 25950 MiB
2026/09/26 13:24:22.083, 1, 1665 MHz, 7601 MHz, 157.55 W, 51, 100 %, 23966 MiB
2026/09/26 13:24:22.083, 2, 1800 MHz, 7601 MHz, 89.99 W, 46, 0 %, 24008 MiB
2026/09/26 13:24:22.083, 3, 1920 MHz, 7601 MHz, 123.95 W, 43, 0 %, 25506 MiB
2026/09/26 13:24:27.084, 0, 1740 MHz, 7601 MHz, 137.31 W, 50, 27 %, 25950 MiB
2026/09/26 13:24:27.084, 1, 1800 MHz, 7601 MHz, 139.20 W, 45, 36 %, 23966 MiB
2026/09/26 13:24:27.084, 2, 1800 MHz, 7601 MHz, 145.45 W, 48, 0 %, 24008 MiB
2026/09/26 13:24:27.084, 3, 1800 MHz, 7601 MHz, 158.46 W, 46, 39 %, 25506 MiB
2026/09/26 13:24:32.085, 0, 1800 MHz, 7601 MHz, 78.80 W, 46, 0 %, 25950 MiB
2026/09/26 13:24:32.085, 1, 1800 MHz, 7601 MHz, 73.87 W, 42, 0 %, 23966 MiB
2026/09/26 13:24:32.085, 2, 1800 MHz, 7601 MHz, 82.90 W, 46, 0 %, 24008 MiB
2026/09/26 13:24:32.085, 3, 1800 MHz, 7601 MHz, 83.02 W, 41, 0 %, 25506 MiB
2026/09/26 13:24:37.086, 0, 1800 MHz, 7601 MHz, 79.70 W, 45, 0 %, 25950 MiB
2026/09/26 13:24:37.086, 1, 1800 MHz, 7601 MHz, 73.26 W, 42, 0 %, 23966 MiB
2026/09/26 13:24:37.086, 2, 1800 MHz, 7601 MHz, 82.49 W, 45, 0 %, 24008 MiB
2026/09/26 13:24:37.088, 3, 1800 MHz, 7601 MHz, 82.98 W, 40, 0 %, 25506 MiB
2026/09/26 13:24:42.089, 0, 1800 MHz, 7601 MHz, 79.48 W, 45, 0 %, 25950 MiB
2026/09/26 13:24:42.089, 1, 1800 MHz, 7601 MHz, 73.14 W, 41, 0 %, 23966 MiB
2026/09/26 13:24:42.089, 2, 1800 MHz, 7601 MHz, 82.07 W, 45, 0 %, 24008 MiB
2026/09/26 13:24:42.089, 3, 1800 MHz, 7601 MHz, 82.64 W, 40, 0 %, 25506 MiB
2026/09/26 13:24:47.090, 0, 210 MHz, 405 MHz, 30.75 W, 42, 0 %, 25950 MiB
2026/09/26 13:24:47.090, 1, 210 MHz, 405 MHz, 30.67 W, 39, 0 %, 23966 MiB
2026/09/26 13:24:47.090, 2, 210 MHz, 405 MHz, 40.58 W, 42, 0 %, 24008 MiB
2026/09/26 13:24:47.091, 3, 210 MHz, 405 MHz, 34.62 W, 37, 0 %, 25506 MiB
2026/09/26 13:24:52.091, 0, 210 MHz, 405 MHz, 23.67 W, 40, 1 %, 25950 MiB
2026/09/26 13:24:52.091, 1, 1800 MHz, 7601 MHz, 42.97 W, 41, 63 %, 23966 MiB
2026/09/26 13:24:52.091, 2, 210 MHz, 7601 MHz, 28.09 W, 40, 0 %, 24008 MiB
2026/09/26 13:24:52.092, 3, 210 MHz, 405 MHz, 30.85 W, 36, 0 %, 25506 MiB
2026/09/26 13:24:57.092, 0, 1800 MHz, 7601 MHz, 142.23 W, 45, 0 %, 25950 MiB
2026/09/26 13:24:57.092, 1, 1800 MHz, 7601 MHz, 136.85 W, 42, 62 %, 23966 MiB
2026/09/26 13:24:57.093, 2, 1800 MHz, 7601 MHz, 144.38 W, 45, 53 %, 24008 MiB
2026/09/26 13:24:57.093, 3, 1680 MHz, 7601 MHz, 145.48 W, 39, 69 %, 25506 MiB
2026/09/26 13:25:02.093, 0, 1800 MHz, 7601 MHz, 142.45 W, 45, 0 %, 25950 MiB
2026/09/26 13:25:02.093, 1, 1800 MHz, 7601 MHz, 136.92 W, 43, 62 %, 23966 MiB
2026/09/26 13:25:02.094, 2, 1800 MHz, 7601 MHz, 144.61 W, 46, 53 %, 24008 MiB
2026/09/26 13:25:02.094, 3, 1680 MHz, 7601 MHz, 146.56 W, 40, 70 %, 25506 MiB
2026/09/26 13:25:07.094, 0, 1800 MHz, 7601 MHz, 142.78 W, 46, 0 %, 25950 MiB
2026/09/26 13:25:07.095, 1, 1800 MHz, 7601 MHz, 137.16 W, 44, 61 %, 23966 MiB
2026/09/26 13:25:07.095, 2, 1800 MHz, 7601 MHz, 144.59 W, 47, 0 %, 24008 MiB
2026/09/26 13:25:07.095, 3, 1680 MHz, 7601 MHz, 146.87 W, 40, 70 %, 25506 MiB
2026/09/26 13:25:12.095, 0, 1800 MHz, 7601 MHz, 143.65 W, 47, 0 %, 25950 MiB
2026/09/26 13:25:12.095, 1, 1800 MHz, 7601 MHz, 137.91 W, 44, 64 %, 23966 MiB
2026/09/26 13:25:12.096, 2, 1800 MHz, 7601 MHz, 144.88 W, 47, 0 %, 24008 MiB
2026/09/26 13:25:12.096, 3, 1680 MHz, 7601 MHz, 146.65 W, 40, 68 %, 25506 MiB
2026/09/26 13:25:17.096, 0, 1800 MHz, 7601 MHz, 144.61 W, 47, 0 %, 25950 MiB
2026/09/26 13:25:17.097, 1, 1800 MHz, 7601 MHz, 138.94 W, 45, 65 %, 23966 MiB
2026/09/26 13:25:17.097, 2, 1800 MHz, 7601 MHz, 144.57 W, 48, 0 %, 24008 MiB
2026/09/26 13:25:17.097, 3, 1680 MHz, 7601 MHz, 145.59 W, 41, 65 %, 25506 MiB
2026/09/26 13:25:22.097, 0, 1800 MHz, 7601 MHz, 141.23 W, 47, 0 %, 25950 MiB
2026/09/26 13:25:22.098, 1, 1800 MHz, 7601 MHz, 138.50 W, 45, 65 %, 23966 MiB
2026/09/26 13:25:22.098, 2, 1800 MHz, 7601 MHz, 144.76 W, 48, 0 %, 24008 MiB
2026/09/26 13:25:22.098, 3, 1680 MHz, 7601 MHz, 147.29 W, 41, 59 %, 25506 MiB
2026/09/26 13:25:27.098, 0, 1800 MHz, 7601 MHz, 141.15 W, 48, 0 %, 25950 MiB
2026/09/26 13:25:27.099, 1, 1800 MHz, 7601 MHz, 137.49 W, 45, 65 %, 23966 MiB
2026/09/26 13:25:27.099, 2, 1800 MHz, 7601 MHz, 145.97 W, 49, 0 %, 24008 MiB
2026/09/26 13:25:27.099, 3, 1680 MHz, 7601 MHz, 145.93 W, 41, 50 %, 25506 MiB
2026/09/26 13:25:32.099, 0, 1800 MHz, 7601 MHz, 142.20 W, 48, 0 %, 25950 MiB
2026/09/26 13:25:32.099, 1, 1800 MHz, 7601 MHz, 140.02 W, 47, 56 %, 23966 MiB
2026/09/26 13:25:32.100, 2, 1800 MHz, 7601 MHz, 145.43 W, 49, 0 %, 24008 MiB
2026/09/26 13:25:32.100, 3, 1680 MHz, 7601 MHz, 146.36 W, 42, 48 %, 25506 MiB
2026/09/26 13:25:37.100, 0, 1800 MHz, 7601 MHz, 142.06 W, 48, 0 %, 25950 MiB
2026/09/26 13:25:37.101, 1, 1800 MHz, 7601 MHz, 138.64 W, 46, 58 %, 23966 MiB
2026/09/26 13:25:37.101, 2, 1800 MHz, 7601 MHz, 145.76 W, 50, 0 %, 24008 MiB
2026/09/26 13:25:37.102, 3, 1680 MHz, 7601 MHz, 146.78 W, 42, 50 %, 25506 MiB
2026/09/26 13:25:42.102, 0, 1800 MHz, 7601 MHz, 142.20 W, 49, 0 %, 25950 MiB
2026/09/26 13:25:42.102, 1, 1800 MHz, 7601 MHz, 138.40 W, 48, 66 %, 23966 MiB
2026/09/26 13:25:42.103, 2, 1800 MHz, 7601 MHz, 145.82 W, 50, 0 %, 24008 MiB
2026/09/26 13:25:42.103, 3, 1680 MHz, 7601 MHz, 146.55 W, 42, 49 %, 25506 MiB
2026/09/26 13:25:47.103, 0, 1800 MHz, 7601 MHz, 142.85 W, 49, 0 %, 25950 MiB
2026/09/26 13:25:47.103, 1, 1800 MHz, 7601 MHz, 139.74 W, 48, 65 %, 23966 MiB
2026/09/26 13:25:47.104, 2, 1800 MHz, 7601 MHz, 145.24 W, 50, 0 %, 24008 MiB
2026/09/26 13:25:47.104, 3, 1665 MHz, 7601 MHz, 146.12 W, 43, 46 %, 25506 MiB
2026/09/26 13:25:52.104, 0, 1935 MHz, 7601 MHz, 143.21 W, 51, 63 %, 25950 MiB
2026/09/26 13:25:52.104, 1, 1890 MHz, 7601 MHz, 134.27 W, 45, 0 %, 23966 MiB
2026/09/26 13:25:52.105, 2, 1740 MHz, 7601 MHz, 143.15 W, 48, 83 %, 24008 MiB
2026/09/26 13:25:52.105, 3, 1920 MHz, 7601 MHz, 175.63 W, 44, 0 %, 25506 MiB
2026/09/26 13:25:57.106, 0, 1740 MHz, 7601 MHz, 165.66 W, 55, 100 %, 25950 MiB
2026/09/26 13:25:57.106, 1, 1845 MHz, 7601 MHz, 154.93 W, 51, 100 %, 23966 MiB
2026/09/26 13:25:57.106, 2, 1905 MHz, 7601 MHz, 147.84 W, 48, 0 %, 24008 MiB
2026/09/26 13:25:57.107, 3, 1920 MHz, 7601 MHz, 150.69 W, 43, 0 %, 25506 MiB
2026/09/26 13:26:02.107, 0, 1935 MHz, 7601 MHz, 150.28 W, 51, 9 %, 25950 MiB
2026/09/26 13:26:02.107, 1, 1890 MHz, 7601 MHz, 144.04 W, 46, 0 %, 23966 MiB
2026/09/26 13:26:02.108, 2, 1725 MHz, 7601 MHz, 149.38 W, 51, 99 %, 24008 MiB
2026/09/26 13:26:02.108, 3, 1905 MHz, 7601 MHz, 161.13 W, 43, 0 %, 25506 MiB
2026/09/26 13:26:07.108, 0, 1920 MHz, 7601 MHz, 157.19 W, 54, 79 %, 25950 MiB
2026/09/26 13:26:07.108, 1, 1875 MHz, 7601 MHz, 148.60 W, 46, 0 %, 23966 MiB
2026/09/26 13:26:07.110, 2, 1770 MHz, 7601 MHz, 149.67 W, 49, 59 %, 24008 MiB
2026/09/26 13:26:07.110, 3, 1920 MHz, 7601 MHz, 165.23 W, 44, 0 %, 25506 MiB
2026/09/26 13:26:12.111, 0, 1890 MHz, 7601 MHz, 162.31 W, 52, 52 %, 25950 MiB
2026/09/26 13:26:12.111, 1, 1890 MHz, 7601 MHz, 141.04 W, 46, 0 %, 23966 MiB
2026/09/26 13:26:12.111, 2, 1710 MHz, 7601 MHz, 159.59 W, 49, 73 %, 24008 MiB
2026/09/26 13:26:12.111, 3, 1920 MHz, 7601 MHz, 146.81 W, 44, 0 %, 25506 MiB
2026/09/26 13:26:17.112, 0, 1935 MHz, 7601 MHz, 156.09 W, 51, 0 %, 25950 MiB
2026/09/26 13:26:17.112, 1, 1845 MHz, 7601 MHz, 134.58 W, 50, 40 %, 23966 MiB
2026/09/26 13:26:17.113, 2, 1920 MHz, 7601 MHz, 154.28 W, 50, 0 %, 24008 MiB
2026/09/26 13:26:17.113, 3, 1740 MHz, 7601 MHz, 148.33 W, 48, 34 %, 25506 MiB
2026/09/26 13:26:22.113, 0, 1935 MHz, 7601 MHz, 159.12 W, 52, 0 %, 25950 MiB
2026/09/26 13:26:22.113, 1, 1890 MHz, 7601 MHz, 139.45 W, 46, 0 %, 23966 MiB
2026/09/26 13:26:22.113, 2, 1680 MHz, 7601 MHz, 159.46 W, 53, 73 %, 24008 MiB
2026/09/26 13:26:22.114, 3, 1800 MHz, 7601 MHz, 148.93 W, 44, 0 %, 25506 MiB
2026/09/26 13:26:27.114, 0, 1935 MHz, 7601 MHz, 157.68 W, 55, 89 %, 25950 MiB
2026/09/26 13:26:27.114, 1, 1890 MHz, 7601 MHz, 151.95 W, 47, 0 %, 23966 MiB
2026/09/26 13:26:27.114, 2, 1725 MHz, 7601 MHz, 152.90 W, 54, 67 %, 24008 MiB
2026/09/26 13:26:27.115, 3, 1920 MHz, 7601 MHz, 150.83 W, 44, 0 %, 25506 MiB
2026/09/26 13:26:32.115, 0, 1650 MHz, 7601 MHz, 143.75 W, 53, 3 %, 25950 MiB
2026/09/26 13:26:32.115, 1, 1890 MHz, 7601 MHz, 131.17 W, 47, 0 %, 23966 MiB
2026/09/26 13:26:32.115, 2, 1650 MHz, 7601 MHz, 148.04 W, 53, 22 %, 24008 MiB
2026/09/26 13:26:32.116, 3, 1920 MHz, 7601 MHz, 165.61 W, 46, 24 %, 25506 MiB
2026/09/26 13:26:37.117, 0, 1740 MHz, 7601 MHz, 152.68 W, 53, 0 %, 25950 MiB
2026/09/26 13:26:37.117, 1, 1710 MHz, 7601 MHz, 137.24 W, 46, 0 %, 23966 MiB
2026/09/26 13:26:37.117, 2, 1935 MHz, 7601 MHz, 152.63 W, 50, 0 %, 24008 MiB
2026/09/26 13:26:37.117, 3, 1920 MHz, 7601 MHz, 154.78 W, 45, 39 %, 25506 MiB
2026/09/26 13:26:42.118, 0, 1920 MHz, 7601 MHz, 144.41 W, 52, 0 %, 25950 MiB
2026/09/26 13:26:42.118, 1, 1890 MHz, 7601 MHz, 139.18 W, 51, 3 %, 23966 MiB
2026/09/26 13:26:42.118, 2, 1830 MHz, 7601 MHz, 135.72 W, 50, 0 %, 24008 MiB
2026/09/26 13:26:42.118, 3, 1770 MHz, 7601 MHz, 156.46 W, 49, 68 %, 25506 MiB
2026/09/26 13:26:47.119, 0, 1935 MHz, 7601 MHz, 161.79 W, 53, 0 %, 25950 MiB
2026/09/26 13:26:47.119, 1, 1890 MHz, 7601 MHz, 131.34 W, 47, 0 %, 23966 MiB
2026/09/26 13:26:47.119, 2, 1875 MHz, 7601 MHz, 160.70 W, 54, 77 %, 24008 MiB
2026/09/26 13:26:47.119, 3, 1920 MHz, 7601 MHz, 139.09 W, 44, 0 %, 25506 MiB
2026/09/26 13:26:52.120, 0, 1905 MHz, 7601 MHz, 142.93 W, 53, 10 %, 25950 MiB
2026/09/26 13:26:52.120, 1, 1680 MHz, 7601 MHz, 158.86 W, 50, 99 %, 23966 MiB
2026/09/26 13:26:52.120, 2, 1875 MHz, 7601 MHz, 141.89 W, 51, 0 %, 24008 MiB
2026/09/26 13:26:52.120, 3, 1650 MHz, 7601 MHz, 181.92 W, 49, 36 %, 25506 MiB
2026/09/26 13:26:57.121, 0, 1710 MHz, 7601 MHz, 159.17 W, 56, 79 %, 25950 MiB
2026/09/26 13:26:57.121, 1, 1890 MHz, 7601 MHz, 146.42 W, 48, 0 %, 23966 MiB
2026/09/26 13:26:57.121, 2, 1920 MHz, 7601 MHz, 143.20 W, 51, 0 %, 24008 MiB
2026/09/26 13:26:57.121, 3, 1905 MHz, 7601 MHz, 143.87 W, 46, 0 %, 25506 MiB
2026/09/26 13:27:02.122, 0, 1650 MHz, 7601 MHz, 125.15 W, 53, 0 %, 25950 MiB
2026/09/26 13:27:02.122, 1, 1875 MHz, 7601 MHz, 132.67 W, 48, 0 %, 23966 MiB
2026/09/26 13:27:02.122, 2, 1935 MHz, 7601 MHz, 156.33 W, 51, 0 %, 24008 MiB
2026/09/26 13:27:02.122, 3, 1920 MHz, 7601 MHz, 175.60 W, 46, 43 %, 25506 MiB
2026/09/26 13:27:07.122, 0, 1755 MHz, 7601 MHz, 142.86 W, 54, 15 %, 25950 MiB
2026/09/26 13:27:07.123, 1, 1890 MHz, 7601 MHz, 138.85 W, 48, 0 %, 23966 MiB
2026/09/26 13:27:07.123, 2, 1875 MHz, 7601 MHz, 141.99 W, 52, 0 %, 24008 MiB
2026/09/26 13:27:07.123, 3, 1920 MHz, 7601 MHz, 164.51 W, 46, 13 %, 25506 MiB
2026/09/26 13:27:12.123, 0, 1920 MHz, 7601 MHz, 157.07 W, 54, 0 %, 25950 MiB
2026/09/26 13:27:12.124, 1, 1890 MHz, 7601 MHz, 132.15 W, 48, 12 %, 23966 MiB
2026/09/26 13:27:12.124, 2, 1830 MHz, 7601 MHz, 151.00 W, 55, 84 %, 24008 MiB
2026/09/26 13:27:12.124, 3, 1920 MHz, 7601 MHz, 149.73 W, 45, 0 %, 25506 MiB
2026/09/26 13:27:17.125, 0, 1680 MHz, 7601 MHz, 159.31 W, 57, 43 %, 25950 MiB
2026/09/26 13:27:17.125, 1, 1680 MHz, 7601 MHz, 149.29 W, 51, 100 %, 23966 MiB
2026/09/26 13:27:17.125, 2, 1935 MHz, 7601 MHz, 147.70 W, 51, 0 %, 24008 MiB
2026/09/26 13:27:17.126, 3, 1920 MHz, 7601 MHz, 151.27 W, 46, 0 %, 25506 MiB
2026/09/26 13:27:22.127, 0, 1920 MHz, 7601 MHz, 166.57 W, 53, 0 %, 25950 MiB
2026/09/26 13:27:22.127, 1, 1890 MHz, 7601 MHz, 159.02 W, 47, 0 %, 23966 MiB
2026/09/26 13:27:22.127, 2, 1905 MHz, 7601 MHz, 165.57 W, 54, 63 %, 24008 MiB
2026/09/26 13:27:22.127, 3, 1920 MHz, 7601 MHz, 100.11 W, 45, 0 %, 25506 MiB
2026/09/26 13:27:27.128, 0, 1920 MHz, 7601 MHz, 149.35 W, 54, 0 %, 25950 MiB
2026/09/26 13:27:27.128, 1, 1890 MHz, 7601 MHz, 142.61 W, 51, 20 %, 23966 MiB
2026/09/26 13:27:27.128, 2, 1920 MHz, 7601 MHz, 148.09 W, 52, 0 %, 24008 MiB
2026/09/26 13:27:27.128, 3, 1740 MHz, 7601 MHz, 160.05 W, 48, 24 %, 25506 MiB
2026/09/26 13:27:32.129, 0, 1920 MHz, 7601 MHz, 165.05 W, 53, 0 %, 25950 MiB
2026/09/26 13:27:32.129, 1, 1890 MHz, 7601 MHz, 138.37 W, 48, 0 %, 23966 MiB
2026/09/26 13:27:32.129, 2, 1665 MHz, 7601 MHz, 155.93 W, 57, 100 %, 24008 MiB
2026/09/26 13:27:32.129, 3, 1920 MHz, 7601 MHz, 127.95 W, 45, 0 %, 25506 MiB
2026/09/26 13:27:37.130, 0, 1920 MHz, 7601 MHz, 163.86 W, 53, 0 %, 25950 MiB
2026/09/26 13:27:37.130, 1, 1890 MHz, 7601 MHz, 135.05 W, 48, 0 %, 23966 MiB
2026/09/26 13:27:37.130, 2, 1815 MHz, 7601 MHz, 159.01 W, 56, 100 %, 24008 MiB
2026/09/26 13:27:37.130, 3, 1920 MHz, 7601 MHz, 130.50 W, 45, 0 %, 25506 MiB
2026/09/26 13:27:42.131, 0, 1845 MHz, 7601 MHz, 157.10 W, 54, 0 %, 25950 MiB
2026/09/26 13:27:42.131, 1, 1860 MHz, 7601 MHz, 143.26 W, 50, 0 %, 23966 MiB
2026/09/26 13:27:42.132, 2, 1920 MHz, 7601 MHz, 156.64 W, 52, 0 %, 24008 MiB
2026/09/26 13:27:42.132, 3, 1905 MHz, 7601 MHz, 159.02 W, 47, 62 %, 25506 MiB
2026/09/26 13:27:47.133, 0, 1755 MHz, 7601 MHz, 146.48 W, 53, 0 %, 25950 MiB
2026/09/26 13:27:47.133, 1, 1860 MHz, 7601 MHz, 137.36 W, 49, 0 %, 23966 MiB
2026/09/26 13:27:47.133, 2, 1920 MHz, 7601 MHz, 155.22 W, 52, 0 %, 24008 MiB
2026/09/26 13:27:47.133, 3, 1905 MHz, 7601 MHz, 159.15 W, 47, 34 %, 25506 MiB
2026/09/26 13:27:52.135, 0, 1920 MHz, 7601 MHz, 145.40 W, 54, 0 %, 25950 MiB
2026/09/26 13:27:52.135, 1, 1725 MHz, 7601 MHz, 152.12 W, 53, 74 %, 23966 MiB
2026/09/26 13:27:52.135, 2, 1920 MHz, 7601 MHz, 144.91 W, 53, 19 %, 24008 MiB
2026/09/26 13:27:52.135, 3, 1725 MHz, 7601 MHz, 183.45 W, 48, 5 %, 25506 MiB
2026/09/26 13:27:57.136, 0, 1920 MHz, 7601 MHz, 152.27 W, 54, 0 %, 25950 MiB
2026/09/26 13:27:57.136, 1, 1740 MHz, 7601 MHz, 145.71 W, 52, 36 %, 23966 MiB
2026/09/26 13:27:57.136, 2, 1920 MHz, 7601 MHz, 152.36 W, 53, 40 %, 24008 MiB
2026/09/26 13:27:57.136, 3, 1665 MHz, 7601 MHz, 161.30 W, 46, 0 %, 25506 MiB
2026/09/26 13:28:02.137, 0, 1920 MHz, 7601 MHz, 156.71 W, 55, 0 %, 25950 MiB
2026/09/26 13:28:02.137, 1, 1650 MHz, 7601 MHz, 132.19 W, 51, 14 %, 23966 MiB
2026/09/26 13:28:02.137, 2, 1875 MHz, 7601 MHz, 157.09 W, 55, 92 %, 24008 MiB
2026/09/26 13:28:02.137, 3, 1920 MHz, 7601 MHz, 149.82 W, 46, 0 %, 25506 MiB
2026/09/26 13:28:07.138, 0, 1920 MHz, 7601 MHz, 161.51 W, 58, 29 %, 25950 MiB
2026/09/26 13:28:07.138, 1, 1890 MHz, 7601 MHz, 152.21 W, 48, 0 %, 23966 MiB
2026/09/26 13:28:07.138, 2, 1920 MHz, 7601 MHz, 142.72 W, 52, 0 %, 24008 MiB
2026/09/26 13:28:07.138, 3, 1920 MHz, 7601 MHz, 154.26 W, 46, 0 %, 25506 MiB
2026/09/26 13:28:12.139, 0, 1830 MHz, 7601 MHz, 117.69 W, 54, 0 %, 25950 MiB
2026/09/26 13:28:12.139, 1, 1890 MHz, 7601 MHz, 123.37 W, 49, 18 %, 23966 MiB
2026/09/26 13:28:12.140, 2, 1920 MHz, 7601 MHz, 165.52 W, 53, 0 %, 24008 MiB
2026/09/26 13:28:12.141, 3, 1710 MHz, 7601 MHz, 178.38 W, 50, 49 %, 25506 MiB
2026/09/26 13:28:17.142, 0, 1920 MHz, 7601 MHz, 150.02 W, 54, 30 %, 25950 MiB
2026/09/26 13:28:17.142, 1, 1890 MHz, 7601 MHz, 151.00 W, 49, 0 %, 23966 MiB
2026/09/26 13:28:17.142, 2, 1920 MHz, 7601 MHz, 141.71 W, 53, 0 %, 24008 MiB
2026/09/26 13:28:17.142, 3, 1905 MHz, 7601 MHz, 195.76 W, 50, 88 %, 25506 MiB
2026/09/26 13:28:22.143, 0, 1920 MHz, 7601 MHz, 164.32 W, 56, 0 %, 25950 MiB
2026/09/26 13:28:22.143, 1, 1890 MHz, 7601 MHz, 128.63 W, 48, 0 %, 23966 MiB
2026/09/26 13:28:22.143, 2, 1695 MHz, 7601 MHz, 149.83 W, 56, 67 %, 24008 MiB
2026/09/26 13:28:22.143, 3, 1920 MHz, 7601 MHz, 143.65 W, 46, 0 %, 25506 MiB
2026/09/26 13:28:27.144, 0, 1920 MHz, 7601 MHz, 162.43 W, 57, 0 %, 25950 MiB
2026/09/26 13:28:27.144, 1, 1890 MHz, 7601 MHz, 136.12 W, 48, 0 %, 23966 MiB
2026/09/26 13:28:27.144, 2, 1875 MHz, 7601 MHz, 158.77 W, 56, 64 %, 24008 MiB
2026/09/26 13:28:27.144, 3, 1920 MHz, 7601 MHz, 150.48 W, 46, 0 %, 25506 MiB
2026/09/26 13:28:32.145, 0, 1920 MHz, 7601 MHz, 157.23 W, 58, 14 %, 25950 MiB
2026/09/26 13:28:32.145, 1, 1890 MHz, 7601 MHz, 134.76 W, 48, 0 %, 23966 MiB
2026/09/26 13:28:32.145, 2, 1800 MHz, 7601 MHz, 152.70 W, 56, 48 %, 24008 MiB
2026/09/26 13:28:32.146, 3, 1920 MHz, 7601 MHz, 154.06 W, 46, 0 %, 25506 MiB
2026/09/26 13:28:37.146, 0, 1920 MHz, 7601 MHz, 150.67 W, 58, 0 %, 25950 MiB
2026/09/26 13:28:37.146, 1, 1890 MHz, 7601 MHz, 140.29 W, 49, 4 %, 23966 MiB
2026/09/26 13:28:37.146, 2, 1845 MHz, 7601 MHz, 165.18 W, 56, 67 %, 24008 MiB
2026/09/26 13:28:37.146, 3, 1920 MHz, 7601 MHz, 152.38 W, 46, 0 %, 25506 MiB
2026/09/26 13:28:42.147, 0, 1920 MHz, 7601 MHz, 176.49 W, 55, 0 %, 25950 MiB
2026/09/26 13:28:42.147, 1, 1905 MHz, 7601 MHz, 152.36 W, 49, 0 %, 23966 MiB
2026/09/26 13:28:42.149, 2, 1710 MHz, 7601 MHz, 130.18 W, 55, 27 %, 24008 MiB
2026/09/26 13:28:42.149, 3, 1800 MHz, 7601 MHz, 143.47 W, 45, 0 %, 25506 MiB
2026/09/26 13:28:47.150, 0, 1890 MHz, 7601 MHz, 165.01 W, 59, 42 %, 25950 MiB
2026/09/26 13:28:47.150, 1, 1890 MHz, 7601 MHz, 148.41 W, 49, 0 %, 23966 MiB
2026/09/26 13:28:47.150, 2, 1875 MHz, 7601 MHz, 132.95 W, 52, 0 %, 24008 MiB
2026/09/26 13:28:47.150, 3, 1920 MHz, 7601 MHz, 153.01 W, 46, 0 %, 25506 MiB
2026/09/26 13:28:52.150, 0, 1875 MHz, 7601 MHz, 136.88 W, 58, 49 %, 25950 MiB
2026/09/26 13:28:52.151, 1, 1890 MHz, 7601 MHz, 126.88 W, 49, 0 %, 23966 MiB
2026/09/26 13:28:52.151, 2, 1920 MHz, 7601 MHz, 160.82 W, 52, 0 %, 24008 MiB
2026/09/26 13:28:52.151, 3, 1935 MHz, 7601 MHz, 162.27 W, 46, 0 %, 25506 MiB
2026/09/26 13:28:57.151, 0, 1800 MHz, 7601 MHz, 158.68 W, 55, 0 %, 25950 MiB
2026/09/26 13:28:57.151, 1, 1725 MHz, 7601 MHz, 148.68 W, 53, 72 %, 23966 MiB
2026/09/26 13:28:57.152, 2, 1920 MHz, 7601 MHz, 159.39 W, 54, 23 %, 24008 MiB
2026/09/26 13:28:57.152, 3, 1770 MHz, 7601 MHz, 145.51 W, 47, 2 %, 25506 MiB
2026/09/26 13:29:02.153, 0, 1920 MHz, 7601 MHz, 146.21 W, 55, 0 %, 25950 MiB
2026/09/26 13:29:02.153, 1, 1725 MHz, 7601 MHz, 156.88 W, 53, 99 %, 23966 MiB
2026/09/26 13:29:02.153, 2, 1875 MHz, 7601 MHz, 153.86 W, 53, 0 %, 24008 MiB
2026/09/26 13:29:02.154, 3, 1845 MHz, 7601 MHz, 155.45 W, 50, 34 %, 25506 MiB
2026/09/26 13:29:07.154, 0, 1905 MHz, 7601 MHz, 147.45 W, 56, 15 %, 25950 MiB
2026/09/26 13:29:07.154, 1, 1875 MHz, 7601 MHz, 146.99 W, 49, 4 %, 23966 MiB
2026/09/26 13:29:07.154, 2, 1860 MHz, 7601 MHz, 145.98 W, 53, 0 %, 24008 MiB
2026/09/26 13:29:07.155, 3, 1920 MHz, 7601 MHz, 161.54 W, 50, 68 %, 25506 MiB
2026/09/26 13:29:12.155, 0, 1920 MHz, 7601 MHz, 160.46 W, 55, 0 %, 25950 MiB
2026/09/26 13:29:12.155, 1, 1890 MHz, 7601 MHz, 140.51 W, 48, 0 %, 23966 MiB
2026/09/26 13:29:12.155, 2, 1905 MHz, 7601 MHz, 153.38 W, 58, 100 %, 24008 MiB
2026/09/26 13:29:12.156, 3, 1920 MHz, 7601 MHz, 132.15 W, 45, 0 %, 25506 MiB
2026/09/26 13:29:17.156, 0, 1680 MHz, 7601 MHz, 151.15 W, 58, 42 %, 25950 MiB
2026/09/26 13:29:17.156, 1, 1890 MHz, 7601 MHz, 157.54 W, 51, 64 %, 23966 MiB
2026/09/26 13:29:17.156, 2, 1920 MHz, 7601 MHz, 137.49 W, 53, 0 %, 24008 MiB
2026/09/26 13:29:17.156, 3, 1935 MHz, 7601 MHz, 160.19 W, 51, 86 %, 25506 MiB
2026/09/26 13:29:22.157, 0, 1920 MHz, 7601 MHz, 147.86 W, 55, 0 %, 25950 MiB
2026/09/26 13:29:22.157, 1, 1890 MHz, 7601 MHz, 150.33 W, 49, 28 %, 23966 MiB
2026/09/26 13:29:22.157, 2, 1905 MHz, 7601 MHz, 149.11 W, 54, 15 %, 24008 MiB
2026/09/26 13:29:22.157, 3, 1755 MHz, 7601 MHz, 151.52 W, 49, 10 %, 25506 MiB
2026/09/26 13:29:27.158, 0, 1650 MHz, 7601 MHz, 149.87 W, 58, 25 %, 25950 MiB
2026/09/26 13:29:27.158, 1, 1860 MHz, 7601 MHz, 140.63 W, 49, 0 %, 23966 MiB
2026/09/26 13:29:27.158, 2, 1920 MHz, 7601 MHz, 156.28 W, 53, 0 %, 24008 MiB
2026/09/26 13:29:27.158, 3, 1905 MHz, 7601 MHz, 159.30 W, 49, 83 %, 25506 MiB
2026/09/26 13:29:32.159, 0, 1920 MHz, 7601 MHz, 165.96 W, 56, 0 %, 25950 MiB
2026/09/26 13:29:32.159, 1, 1890 MHz, 7601 MHz, 134.64 W, 49, 0 %, 23966 MiB
2026/09/26 13:29:32.159, 2, 1710 MHz, 7601 MHz, 146.49 W, 57, 33 %, 24008 MiB
2026/09/26 13:29:32.159, 3, 1920 MHz, 7601 MHz, 140.90 W, 46, 0 %, 25506 MiB
2026/09/26 13:29:37.160, 0, 1860 MHz, 7601 MHz, 150.80 W, 55, 0 %, 25950 MiB
2026/09/26 13:29:37.160, 1, 1740 MHz, 7601 MHz, 144.90 W, 52, 30 %, 23966 MiB
2026/09/26 13:29:37.160, 2, 1920 MHz, 7601 MHz, 162.13 W, 56, 81 %, 24008 MiB
2026/09/26 13:29:37.160, 3, 1920 MHz, 7601 MHz, 153.50 W, 46, 0 %, 25506 MiB
2026/09/26 13:29:42.162, 0, 1920 MHz, 7601 MHz, 144.13 W, 55, 0 %, 25950 MiB
2026/09/26 13:29:42.162, 1, 1860 MHz, 7601 MHz, 150.64 W, 51, 68 %, 23966 MiB
2026/09/26 13:29:42.162, 2, 1920 MHz, 7601 MHz, 144.68 W, 54, 30 %, 24008 MiB
2026/09/26 13:29:42.162, 3, 1710 MHz, 7601 MHz, 172.77 W, 46, 94 %, 25506 MiB
2026/09/26 13:29:47.164, 0, 1905 MHz, 7601 MHz, 151.21 W, 57, 65 %, 25950 MiB
2026/09/26 13:29:47.164, 1, 1890 MHz, 7601 MHz, 137.05 W, 49, 0 %, 23966 MiB
2026/09/26 13:29:47.164, 2, 1725 MHz, 7601 MHz, 172.70 W, 53, 0 %, 24008 MiB
2026/09/26 13:29:47.164, 3, 1875 MHz, 7601 MHz, 153.40 W, 47, 0 %, 25506 MiB
2026/09/26 13:29:52.164, 0, 1920 MHz, 7601 MHz, 151.47 W, 55, 0 %, 25950 MiB
2026/09/26 13:29:52.165, 1, 1875 MHz, 7601 MHz, 136.13 W, 48, 0 %, 23966 MiB
2026/09/26 13:29:52.165, 2, 1920 MHz, 7601 MHz, 153.26 W, 54, 0 %, 24008 MiB
2026/09/26 13:29:52.165, 3, 1695 MHz, 7601 MHz, 142.62 W, 50, 100 %, 25506 MiB
2026/09/26 13:29:57.165, 0, 1920 MHz, 7601 MHz, 178.48 W, 56, 0 %, 25950 MiB
2026/09/26 13:29:57.165, 1, 1905 MHz, 7601 MHz, 157.03 W, 49, 0 %, 23966 MiB
2026/09/26 13:29:57.166, 2, 1920 MHz, 7601 MHz, 138.89 W, 53, 36 %, 24008 MiB
2026/09/26 13:29:57.166, 3, 1920 MHz, 7601 MHz, 138.86 W, 46, 0 %, 25506 MiB
2026/09/26 13:30:02.167, 0, 1815 MHz, 7601 MHz, 214.52 W, 60, 100 %, 25950 MiB
2026/09/26 13:30:02.167, 1, 1710 MHz, 7601 MHz, 157.48 W, 54, 100 %, 23966 MiB
2026/09/26 13:30:02.167, 2, 1920 MHz, 7601 MHz, 119.61 W, 53, 0 %, 24008 MiB
2026/09/26 13:30:02.168, 3, 1920 MHz, 7601 MHz, 130.98 W, 46, 0 %, 25506 MiB
2026/09/26 13:30:07.169, 0, 1920 MHz, 7601 MHz, 153.96 W, 56, 49 %, 25950 MiB
2026/09/26 13:30:07.169, 1, 1875 MHz, 7601 MHz, 159.86 W, 52, 61 %, 23966 MiB
2026/09/26 13:30:07.169, 2, 1890 MHz, 7601 MHz, 153.24 W, 57, 15 %, 24008 MiB
2026/09/26 13:30:07.169, 3, 1920 MHz, 7601 MHz, 161.06 W, 47, 10 %, 25506 MiB
2026/09/26 13:30:12.170, 0, 1725 MHz, 7601 MHz, 143.74 W, 59, 78 %, 25950 MiB
2026/09/26 13:30:12.170, 1, 1890 MHz, 7601 MHz, 141.40 W, 50, 12 %, 23966 MiB
2026/09/26 13:30:12.171, 2, 1920 MHz, 7601 MHz, 137.01 W, 53, 0 %, 24008 MiB
2026/09/26 13:30:12.171, 3, 1935 MHz, 7601 MHz, 178.59 W, 48, 0 %, 25506 MiB
2026/09/26 13:30:17.172, 0, 1920 MHz, 7601 MHz, 154.45 W, 55, 0 %, 25950 MiB
2026/09/26 13:30:17.172, 1, 1890 MHz, 7601 MHz, 132.40 W, 48, 0 %, 23966 MiB
2026/09/26 13:30:17.173, 2, 1905 MHz, 7601 MHz, 155.38 W, 54, 0 %, 24008 MiB
2026/09/26 13:30:17.173, 3, 1740 MHz, 7601 MHz, 144.39 W, 49, 100 %, 25506 MiB
2026/09/26 13:30:22.174, 0, 1920 MHz, 7601 MHz, 152.42 W, 56, 0 %, 25950 MiB
2026/09/26 13:30:22.174, 1, 1860 MHz, 7601 MHz, 151.48 W, 52, 60 %, 23966 MiB
2026/09/26 13:30:22.174, 2, 1920 MHz, 7601 MHz, 157.54 W, 56, 0 %, 24008 MiB
2026/09/26 13:30:22.174, 3, 1920 MHz, 7601 MHz, 158.23 W, 46, 31 %, 25506 MiB
2026/09/26 13:30:27.175, 0, 1920 MHz, 7601 MHz, 170.60 W, 56, 0 %, 25950 MiB
2026/09/26 13:30:27.175, 1, 1905 MHz, 7601 MHz, 161.55 W, 49, 0 %, 23966 MiB
2026/09/26 13:30:27.175, 2, 1695 MHz, 7601 MHz, 137.73 W, 53, 86 %, 24008 MiB
2026/09/26 13:30:27.175, 3, 1830 MHz, 7601 MHz, 132.27 W, 45, 0 %, 25506 MiB
2026/09/26 13:30:32.176, 0, 1920 MHz, 7601 MHz, 173.60 W, 55, 0 %, 25950 MiB
2026/09/26 13:30:32.176, 1, 1890 MHz, 7601 MHz, 146.51 W, 49, 0 %, 23966 MiB
2026/09/26 13:30:32.176, 2, 1755 MHz, 7601 MHz, 166.58 W, 58, 100 %, 24008 MiB
2026/09/26 13:30:32.176, 3, 1905 MHz, 7601 MHz, 125.32 W, 46, 0 %, 25506 MiB
2026/09/26 13:30:37.177, 0, 1920 MHz, 7601 MHz, 154.50 W, 57, 40 %, 25950 MiB
2026/09/26 13:30:37.177, 1, 1650 MHz, 7601 MHz, 143.78 W, 49, 0 %, 23966 MiB
2026/09/26 13:30:37.177, 2, 1860 MHz, 7601 MHz, 151.80 W, 55, 61 %, 24008 MiB
2026/09/26 13:30:37.177, 3, 1920 MHz, 7601 MHz, 155.20 W, 47, 0 %, 25506 MiB
2026/09/26 13:30:42.178, 0, 1920 MHz, 7601 MHz, 156.37 W, 56, 0 %, 25950 MiB
2026/09/26 13:30:42.178, 1, 1890 MHz, 7601 MHz, 145.65 W, 52, 66 %, 23966 MiB
2026/09/26 13:30:42.178, 2, 1890 MHz, 7601 MHz, 154.37 W, 55, 0 %, 24008 MiB
2026/09/26 13:30:42.178, 3, 1740 MHz, 7601 MHz, 152.10 W, 46, 53 %, 25506 MiB
2026/09/26 13:30:47.179, 0, 1920 MHz, 7601 MHz, 152.77 W, 55, 0 %, 25950 MiB
2026/09/26 13:30:47.179, 1, 1695 MHz, 7601 MHz, 137.26 W, 52, 57 %, 23966 MiB
2026/09/26 13:30:47.179, 2, 1920 MHz, 7601 MHz, 148.76 W, 54, 0 %, 24008 MiB
2026/09/26 13:30:47.179, 3, 1695 MHz, 7601 MHz, 163.21 W, 49, 96 %, 25506 MiB
2026/09/26 13:30:52.179, 0, 1920 MHz, 7601 MHz, 144.58 W, 55, 0 %, 25950 MiB
2026/09/26 13:30:52.180, 1, 1800 MHz, 7601 MHz, 156.70 W, 53, 89 %, 23966 MiB
2026/09/26 13:30:52.180, 2, 1920 MHz, 7601 MHz, 145.78 W, 54, 0 %, 24008 MiB
2026/09/26 13:30:52.180, 3, 1905 MHz, 7601 MHz, 164.20 W, 48, 59 %, 25506 MiB
2026/09/26 13:30:57.180, 0, 1725 MHz, 7601 MHz, 127.66 W, 59, 34 %, 25950 MiB
2026/09/26 13:30:57.180, 1, 1890 MHz, 7601 MHz, 122.11 W, 49, 0 %, 23966 MiB
2026/09/26 13:30:57.181, 2, 1650 MHz, 7601 MHz, 171.50 W, 54, 45 %, 24008 MiB
2026/09/26 13:30:57.181, 3, 1920 MHz, 7601 MHz, 160.17 W, 47, 0 %, 25506 MiB
2026/09/26 13:31:02.181, 0, 1920 MHz, 7601 MHz, 152.06 W, 57, 55 %, 25950 MiB
2026/09/26 13:31:02.181, 1, 1860 MHz, 7601 MHz, 154.22 W, 53, 51 %, 23966 MiB
2026/09/26 13:31:02.182, 2, 1920 MHz, 7601 MHz, 151.82 W, 57, 26 %, 24008 MiB
2026/09/26 13:31:02.182, 3, 1920 MHz, 7601 MHz, 161.95 W, 50, 0 %, 25506 MiB
2026/09/26 13:31:07.182, 0, 1920 MHz, 7601 MHz, 168.31 W, 56, 0 %, 25950 MiB
2026/09/26 13:31:07.182, 1, 1890 MHz, 7601 MHz, 159.94 W, 49, 0 %, 23966 MiB
2026/09/26 13:31:07.182, 2, 1725 MHz, 7601 MHz, 140.54 W, 57, 100 %, 24008 MiB
2026/09/26 13:31:07.183, 3, 1830 MHz, 7601 MHz, 130.26 W, 45, 0 %, 25506 MiB
2026/09/26 13:31:12.183, 0, 1725 MHz, 7601 MHz, 153.77 W, 59, 49 %, 25950 MiB
2026/09/26 13:31:12.183, 1, 1890 MHz, 7601 MHz, 141.87 W, 49, 0 %, 23966 MiB
2026/09/26 13:31:12.183, 2, 1845 MHz, 7601 MHz, 145.89 W, 56, 17 %, 24008 MiB
2026/09/26 13:31:12.183, 3, 1905 MHz, 7601 MHz, 159.90 W, 47, 0 %, 25506 MiB
2026/09/26 13:31:17.184, 0, 1920 MHz, 7601 MHz, 156.01 W, 55, 0 %, 25950 MiB
2026/09/26 13:31:17.184, 1, 1650 MHz, 7601 MHz, 144.89 W, 52, 7 %, 23966 MiB
2026/09/26 13:31:17.185, 2, 1920 MHz, 7601 MHz, 154.97 W, 54, 0 %, 24008 MiB
2026/09/26 13:31:17.185, 3, 1650 MHz, 7601 MHz, 147.54 W, 49, 38 %, 25506 MiB
2026/09/26 13:31:22.186, 0, 1905 MHz, 7601 MHz, 146.37 W, 56, 19 %, 25950 MiB
2026/09/26 13:31:22.186, 1, 1725 MHz, 7601 MHz, 154.96 W, 49, 0 %, 23966 MiB
2026/09/26 13:31:22.186, 2, 1875 MHz, 7601 MHz, 144.88 W, 55, 39 %, 24008 MiB
2026/09/26 13:31:22.186, 3, 1920 MHz, 7601 MHz, 176.17 W, 46, 0 %, 25506 MiB
2026/09/26 13:31:27.188, 0, 1755 MHz, 7601 MHz, 124.66 W, 57, 25 %, 25950 MiB
2026/09/26 13:31:27.188, 1, 1890 MHz, 7601 MHz, 119.76 W, 49, 0 %, 23966 MiB
2026/09/26 13:31:27.188, 2, 1905 MHz, 7601 MHz, 157.35 W, 55, 3 %, 24008 MiB
2026/09/26 13:31:27.188, 3, 1920 MHz, 7601 MHz, 160.10 W, 47, 4 %, 25506 MiB
2026/09/26 13:31:32.188, 0, 1815 MHz, 7601 MHz, 155.62 W, 59, 52 %, 25950 MiB
2026/09/26 13:31:32.189, 1, 1800 MHz, 7601 MHz, 148.67 W, 49, 0 %, 23966 MiB
2026/09/26 13:31:32.189, 2, 1665 MHz, 7601 MHz, 153.81 W, 56, 61 %, 24008 MiB
2026/09/26 13:31:32.189, 3, 1920 MHz, 7601 MHz, 161.19 W, 47, 0 %, 25506 MiB
2026/09/26 13:31:37.190, 0, 1920 MHz, 7601 MHz, 159.55 W, 56, 25 %, 25950 MiB
2026/09/26 13:31:37.190, 1, 1830 MHz, 7601 MHz, 142.41 W, 49, 48 %, 23966 MiB
2026/09/26 13:31:37.191, 2, 1875 MHz, 7601 MHz, 154.46 W, 55, 46 %, 24008 MiB
2026/09/26 13:31:37.191, 3, 1920 MHz, 7601 MHz, 149.75 W, 46, 0 %, 25506 MiB
2026/09/26 13:31:42.191, 0, 1920 MHz, 7601 MHz, 142.46 W, 58, 78 %, 25950 MiB
2026/09/26 13:31:42.191, 1, 1875 MHz, 7601 MHz, 137.29 W, 49, 26 %, 23966 MiB
2026/09/26 13:31:42.191, 2, 1770 MHz, 7601 MHz, 139.66 W, 57, 73 %, 24008 MiB
2026/09/26 13:31:42.192, 3, 1920 MHz, 7601 MHz, 198.01 W, 46, 0 %, 25506 MiB
2026/09/26 13:31:47.192, 0, 1725 MHz, 7601 MHz, 112.65 W, 55, 0 %, 25950 MiB
2026/09/26 13:31:47.192, 1, 1860 MHz, 7601 MHz, 120.12 W, 51, 0 %, 23966 MiB
2026/09/26 13:31:47.192, 2, 1920 MHz, 7601 MHz, 136.42 W, 53, 0 %, 24008 MiB
2026/09/26 13:31:47.193, 3, 1905 MHz, 7601 MHz, 187.49 W, 48, 59 %, 25506 MiB
2026/09/26 13:31:52.193, 0, 1920 MHz, 7601 MHz, 165.47 W, 58, 77 %, 25950 MiB
2026/09/26 13:31:52.193, 1, 1890 MHz, 7601 MHz, 143.65 W, 49, 26 %, 23966 MiB
2026/09/26 13:31:52.193, 2, 1755 MHz, 7601 MHz, 160.99 W, 57, 76 %, 24008 MiB
2026/09/26 13:31:52.193, 3, 1860 MHz, 7601 MHz, 148.55 W, 46, 0 %, 25506 MiB
2026/09/26 13:31:57.194, 0, 1725 MHz, 7601 MHz, 177.99 W, 60, 100 %, 25950 MiB
2026/09/26 13:31:57.194, 1, 1890 MHz, 7601 MHz, 159.84 W, 54, 31 %, 23966 MiB
2026/09/26 13:31:57.194, 2, 1920 MHz, 7601 MHz, 137.82 W, 53, 0 %, 24008 MiB
2026/09/26 13:31:57.194, 3, 1920 MHz, 7601 MHz, 140.03 W, 46, 0 %, 25506 MiB
2026/09/26 13:32:02.195, 0, 1920 MHz, 7601 MHz, 149.82 W, 58, 82 %, 25950 MiB
2026/09/26 13:32:02.195, 1, 1890 MHz, 7601 MHz, 147.77 W, 49, 34 %, 23966 MiB
2026/09/26 13:32:02.195, 2, 1755 MHz, 7601 MHz, 154.40 W, 57, 62 %, 24008 MiB
2026/09/26 13:32:02.195, 3, 1920 MHz, 7601 MHz, 157.31 W, 46, 0 %, 25506 MiB
2026/09/26 13:32:07.196, 0, 1770 MHz, 7601 MHz, 145.96 W, 55, 0 %, 25950 MiB
2026/09/26 13:32:07.196, 1, 1860 MHz, 7601 MHz, 139.07 W, 50, 0 %, 23966 MiB
2026/09/26 13:32:07.196, 2, 1860 MHz, 7601 MHz, 140.48 W, 53, 0 %, 24008 MiB
2026/09/26 13:32:07.196, 3, 1920 MHz, 7601 MHz, 165.40 W, 48, 62 %, 25506 MiB
2026/09/26 13:32:12.197, 0, 1920 MHz, 7601 MHz, 157.64 W, 59, 84 %, 25950 MiB
2026/09/26 13:32:12.197, 1, 1890 MHz, 7601 MHz, 131.43 W, 49, 0 %, 23966 MiB
2026/09/26 13:32:12.198, 2, 1740 MHz, 7601 MHz, 148.54 W, 57, 54 %, 24008 MiB
2026/09/26 13:32:12.198, 3, 1890 MHz, 7601 MHz, 158.23 W, 46, 0 %, 25506 MiB
2026/09/26 13:32:17.200, 0, 1920 MHz, 7601 MHz, 146.01 W, 55, 0 %, 25950 MiB
2026/09/26 13:32:17.200, 1, 1890 MHz, 7601 MHz, 152.88 W, 50, 0 %, 23966 MiB
2026/09/26 13:32:17.200, 2, 1920 MHz, 7601 MHz, 145.95 W, 53, 0 %, 24008 MiB
2026/09/26 13:32:17.200, 3, 1890 MHz, 7601 MHz, 157.38 W, 49, 79 %, 25506 MiB
2026/09/26 13:32:22.201, 0, 1800 MHz, 7601 MHz, 87.38 W, 54, 0 %, 25950 MiB
2026/09/26 13:32:22.201, 1, 1800 MHz, 7601 MHz, 80.95 W, 47, 0 %, 23966 MiB
2026/09/26 13:32:22.201, 2, 1800 MHz, 7601 MHz, 87.04 W, 52, 0 %, 24008 MiB
2026/09/26 13:32:22.201, 3, 1800 MHz, 7601 MHz, 87.09 W, 45, 0 %, 25506 MiB
2026/09/26 13:32:27.202, 0, 390 MHz, 810 MHz, 88.99 W, 54, 0 %, 1 MiB
2026/09/26 13:32:27.202, 1, 465 MHz, 810 MHz, 52.64 W, 45, 0 %, 1 MiB
2026/09/26 13:32:27.203, 2, 390 MHz, 810 MHz, 89.59 W, 51, 0 %, 1 MiB
2026/09/26 13:32:27.203, 3, 390 MHz, 810 MHz, 89.57 W, 44, 0 %, 1 MiB
2026/09/26 13:32:32.203, 0, 1800 MHz, 7601 MHz, 81.09 W, 51, 0 %, 274 MiB
2026/09/26 13:32:32.204, 1, 210 MHz, 405 MHz, 28.27 W, 42, 0 %, 5 MiB
2026/09/26 13:32:32.204, 2, 1905 MHz, 7601 MHz, 92.06 W, 50, 10 %, 4538 MiB
2026/09/26 13:32:32.204, 3, 210 MHz, 405 MHz, 36.01 W, 40, 0 %, 5 MiB
2026/09/26 13:32:37.204, 0, 1935 MHz, 7601 MHz, 206.05 W, 56, 46 %, 5228 MiB
2026/09/26 13:32:37.205, 1, 210 MHz, 405 MHz, 23.66 W, 40, 0 %, 5 MiB
2026/09/26 13:32:37.205, 2, 1800 MHz, 7601 MHz, 87.06 W, 49, 0 %, 4678 MiB
2026/09/26 13:32:37.205, 3, 210 MHz, 405 MHz, 31.23 W, 39, 0 %, 5 MiB
2026/09/26 13:32:42.205, 0, 1920 MHz, 7601 MHz, 204.00 W, 57, 94 %, 8508 MiB
2026/09/26 13:32:42.206, 1, 210 MHz, 405 MHz, 23.91 W, 39, 0 %, 5 MiB
2026/09/26 13:32:42.208, 2, 1800 MHz, 7601 MHz, 83.38 W, 48, 0 %, 4678 MiB
2026/09/26 13:32:42.208, 3, 210 MHz, 405 MHz, 31.32 W, 37, 0 %, 5 MiB
2026/09/26 13:32:47.208, 0, 1920 MHz, 7601 MHz, 204.10 W, 58, 94 %, 11776 MiB
2026/09/26 13:32:47.209, 1, 210 MHz, 405 MHz, 24.07 W, 38, 0 %, 5 MiB
2026/09/26 13:32:47.209, 2, 1800 MHz, 7601 MHz, 83.51 W, 48, 0 %, 4678 MiB
2026/09/26 13:32:47.209, 3, 210 MHz, 405 MHz, 31.21 W, 36, 0 %, 5 MiB
2026/09/26 13:32:52.209, 0, 1920 MHz, 7601 MHz, 204.84 W, 59, 49 %, 15352 MiB
2026/09/26 13:32:52.210, 1, 210 MHz, 405 MHz, 24.02 W, 37, 0 %, 5 MiB
2026/09/26 13:32:52.210, 2, 210 MHz, 405 MHz, 39.61 W, 45, 0 %, 4678 MiB
2026/09/26 13:32:52.210, 3, 210 MHz, 405 MHz, 31.30 W, 35, 0 %, 5 MiB
2026/09/26 13:32:57.210, 0, 1920 MHz, 7601 MHz, 206.52 W, 59, 95 %, 18986 MiB
2026/09/26 13:32:57.211, 1, 210 MHz, 405 MHz, 24.21 W, 36, 0 %, 5 MiB
2026/09/26 13:32:57.211, 2, 210 MHz, 405 MHz, 28.00 W, 43, 0 %, 4678 MiB
2026/09/26 13:32:57.211, 3, 210 MHz, 405 MHz, 31.15 W, 34, 0 %, 5 MiB
2026/09/26 13:33:02.211, 0, 1920 MHz, 7601 MHz, 209.22 W, 60, 95 %, 22280 MiB
2026/09/26 13:33:02.211, 1, 210 MHz, 405 MHz, 24.32 W, 35, 0 %, 5 MiB
2026/09/26 13:33:02.212, 2, 210 MHz, 405 MHz, 28.00 W, 42, 0 %, 4678 MiB
2026/09/26 13:33:02.212, 3, 210 MHz, 405 MHz, 30.59 W, 33, 0 %, 5 MiB
2026/09/26 13:33:07.212, 0, 1920 MHz, 7601 MHz, 205.28 W, 60, 90 %, 25636 MiB
2026/09/26 13:33:07.212, 1, 210 MHz, 405 MHz, 24.38 W, 34, 0 %, 5 MiB
2026/09/26 13:33:07.213, 2, 210 MHz, 405 MHz, 27.81 W, 41, 0 %, 4678 MiB
2026/09/26 13:33:07.213, 3, 210 MHz, 405 MHz, 30.29 W, 33, 0 %, 5 MiB
2026/09/26 13:33:12.213, 0, 1905 MHz, 7601 MHz, 214.54 W, 61, 94 %, 29310 MiB
2026/09/26 13:33:12.213, 1, 210 MHz, 405 MHz, 24.23 W, 34, 0 %, 5 MiB
2026/09/26 13:33:12.214, 2, 210 MHz, 405 MHz, 28.01 W, 40, 0 %, 4678 MiB
2026/09/26 13:33:12.215, 3, 210 MHz, 405 MHz, 30.75 W, 32, 0 %, 5 MiB
2026/09/26 13:33:17.215, 0, 1905 MHz, 7601 MHz, 213.26 W, 62, 81 %, 33024 MiB
2026/09/26 13:33:17.215, 1, 210 MHz, 405 MHz, 24.15 W, 33, 0 %, 5 MiB
2026/09/26 13:33:17.215, 2, 210 MHz, 405 MHz, 27.93 W, 39, 0 %, 4678 MiB
2026/09/26 13:33:17.216, 3, 210 MHz, 405 MHz, 30.66 W, 31, 0 %, 5 MiB
2026/09/26 13:33:22.217, 0, 1800 MHz, 7601 MHz, 90.26 W, 57, 0 %, 33610 MiB
2026/09/26 13:33:22.217, 1, 1905 MHz, 7601 MHz, 189.13 W, 39, 76 %, 4130 MiB
2026/09/26 13:33:22.217, 2, 210 MHz, 405 MHz, 28.05 W, 38, 0 %, 4678 MiB
2026/09/26 13:33:22.217, 3, 210 MHz, 405 MHz, 30.66 W, 31, 0 %, 5 MiB
2026/09/26 13:33:27.219, 0, 1800 MHz, 7601 MHz, 85.19 W, 56, 0 %, 33610 MiB
2026/09/26 13:33:27.219, 1, 1905 MHz, 7601 MHz, 185.35 W, 43, 95 %, 7364 MiB
2026/09/26 13:33:27.219, 2, 210 MHz, 405 MHz, 27.97 W, 37, 0 %, 4678 MiB
2026/09/26 13:33:27.219, 3, 210 MHz, 405 MHz, 30.16 W, 30, 0 %, 5 MiB
2026/09/26 13:33:32.220, 0, 1800 MHz, 7601 MHz, 83.98 W, 55, 0 %, 33610 MiB
2026/09/26 13:33:32.220, 1, 1890 MHz, 7601 MHz, 186.92 W, 44, 95 %, 11080 MiB
2026/09/26 13:33:32.220, 2, 210 MHz, 405 MHz, 27.57 W, 37, 0 %, 4678 MiB
2026/09/26 13:33:32.220, 3, 210 MHz, 405 MHz, 30.16 W, 30, 0 %, 5 MiB
2026/09/26 13:33:37.222, 0, 210 MHz, 405 MHz, 40.60 W, 52, 0 %, 33610 MiB
2026/09/26 13:33:37.222, 1, 1890 MHz, 7601 MHz, 186.32 W, 45, 67 %, 14496 MiB
2026/09/26 13:33:37.222, 2, 210 MHz, 405 MHz, 27.62 W, 36, 0 %, 4678 MiB
2026/09/26 13:33:37.222, 3, 210 MHz, 405 MHz, 30.25 W, 29, 0 %, 5 MiB
2026/09/26 13:33:42.222, 0, 210 MHz, 405 MHz, 24.27 W, 50, 0 %, 33610 MiB
2026/09/26 13:33:42.223, 1, 1890 MHz, 7601 MHz, 187.39 W, 47, 94 %, 17752 MiB
2026/09/26 13:33:42.224, 2, 210 MHz, 405 MHz, 27.43 W, 35, 0 %, 4678 MiB
2026/09/26 13:33:42.225, 3, 210 MHz, 405 MHz, 30.20 W, 29, 0 %, 5 MiB
2026/09/26 13:33:47.226, 0, 210 MHz, 405 MHz, 24.29 W, 48, 0 %, 33610 MiB
2026/09/26 13:33:47.226, 1, 1890 MHz, 7601 MHz, 188.71 W, 47, 79 %, 21446 MiB
2026/09/26 13:33:47.226, 2, 210 MHz, 405 MHz, 27.45 W, 35, 0 %, 4678 MiB
2026/09/26 13:33:47.226, 3, 210 MHz, 405 MHz, 30.45 W, 29, 0 %, 5 MiB
2026/09/26 13:33:52.227, 0, 210 MHz, 405 MHz, 23.72 W, 46, 0 %, 33610 MiB
2026/09/26 13:33:52.227, 1, 1890 MHz, 7601 MHz, 185.83 W, 49, 94 %, 24840 MiB
2026/09/26 13:33:52.227, 2, 210 MHz, 405 MHz, 27.56 W, 34, 0 %, 4678 MiB
2026/09/26 13:33:52.227, 3, 210 MHz, 405 MHz, 30.50 W, 28, 0 %, 5 MiB
2026/09/26 13:33:57.228, 0, 210 MHz, 405 MHz, 23.81 W, 45, 0 %, 33610 MiB
2026/09/26 13:33:57.228, 1, 1890 MHz, 7601 MHz, 193.53 W, 50, 94 %, 28318 MiB
2026/09/26 13:33:57.228, 2, 210 MHz, 405 MHz, 27.33 W, 34, 0 %, 4678 MiB
2026/09/26 13:33:57.228, 3, 210 MHz, 405 MHz, 30.58 W, 28, 0 %, 5 MiB
2026/09/26 13:34:02.229, 0, 210 MHz, 405 MHz, 23.82 W, 43, 0 %, 33610 MiB
2026/09/26 13:34:02.229, 1, 1890 MHz, 7601 MHz, 187.09 W, 49, 35 %, 31732 MiB
2026/09/26 13:34:02.229, 2, 210 MHz, 405 MHz, 27.40 W, 34, 0 %, 4678 MiB
2026/09/26 13:34:02.229, 3, 210 MHz, 405 MHz, 30.61 W, 28, 0 %, 5 MiB
2026/09/26 13:34:07.230, 0, 210 MHz, 405 MHz, 23.76 W, 42, 0 %, 33610 MiB
2026/09/26 13:34:07.230, 1, 1800 MHz, 7601 MHz, 76.45 W, 45, 0 %, 31732 MiB
2026/09/26 13:34:07.230, 2, 1920 MHz, 7601 MHz, 197.55 W, 41, 93 %, 6758 MiB
2026/09/26 13:34:07.230, 3, 210 MHz, 405 MHz, 30.55 W, 27, 0 %, 5 MiB
2026/09/26 13:34:12.231, 0, 210 MHz, 405 MHz, 23.51 W, 41, 0 %, 33610 MiB
2026/09/26 13:34:12.231, 1, 1800 MHz, 7601 MHz, 75.64 W, 44, 0 %, 31732 MiB
2026/09/26 13:34:12.231, 2, 1920 MHz, 7601 MHz, 201.03 W, 44, 80 %, 10278 MiB
2026/09/26 13:34:12.231, 3, 210 MHz, 405 MHz, 30.53 W, 27, 0 %, 5 MiB
2026/09/26 13:34:17.232, 0, 210 MHz, 405 MHz, 23.32 W, 40, 0 %, 33610 MiB
2026/09/26 13:34:17.232, 1, 1800 MHz, 7601 MHz, 74.55 W, 43, 0 %, 31732 MiB
2026/09/26 13:34:17.232, 2, 1920 MHz, 7601 MHz, 195.87 W, 44, 95 %, 13498 MiB
2026/09/26 13:34:17.232, 3, 210 MHz, 405 MHz, 30.61 W, 27, 0 %, 5 MiB
2026/09/26 13:34:22.233, 0, 210 MHz, 405 MHz, 23.28 W, 39, 0 %, 33610 MiB
2026/09/26 13:34:22.233, 1, 210 MHz, 405 MHz, 24.28 W, 40, 0 %, 31732 MiB
2026/09/26 13:34:22.233, 2, 1920 MHz, 7601 MHz, 196.80 W, 47, 94 %, 17198 MiB
2026/09/26 13:34:22.233, 3, 210 MHz, 405 MHz, 30.12 W, 27, 0 %, 5 MiB
2026/09/26 13:34:27.234, 0, 210 MHz, 405 MHz, 23.40 W, 38, 0 %, 33610 MiB
2026/09/26 13:34:27.234, 1, 210 MHz, 405 MHz, 24.36 W, 38, 0 %, 31732 MiB
2026/09/26 13:34:27.234, 2, 1905 MHz, 7601 MHz, 197.44 W, 49, 47 %, 20618 MiB
2026/09/26 13:34:27.234, 3, 210 MHz, 405 MHz, 30.41 W, 27, 0 %, 5 MiB
2026/09/26 13:34:32.235, 0, 210 MHz, 405 MHz, 23.15 W, 37, 0 %, 33610 MiB
2026/09/26 13:34:32.235, 1, 210 MHz, 405 MHz, 24.27 W, 37, 0 %, 31732 MiB
2026/09/26 13:34:32.235, 2, 1905 MHz, 7601 MHz, 196.58 W, 49, 94 %, 24258 MiB
2026/09/26 13:34:32.235, 3, 210 MHz, 405 MHz, 30.47 W, 26, 0 %, 5 MiB
2026/09/26 13:34:37.236, 0, 210 MHz, 405 MHz, 23.08 W, 37, 0 %, 33610 MiB
2026/09/26 13:34:37.236, 1, 210 MHz, 405 MHz, 24.36 W, 36, 0 %, 31732 MiB
2026/09/26 13:34:37.236, 2, 1905 MHz, 7601 MHz, 200.77 W, 51, 95 %, 27546 MiB
2026/09/26 13:34:37.236, 3, 210 MHz, 405 MHz, 30.30 W, 26, 0 %, 5 MiB
2026/09/26 13:34:42.237, 0, 210 MHz, 405 MHz, 23.08 W, 36, 0 %, 33610 MiB
2026/09/26 13:34:42.237, 1, 210 MHz, 405 MHz, 24.38 W, 35, 0 %, 31732 MiB
2026/09/26 13:34:42.237, 2, 1905 MHz, 7601 MHz, 197.99 W, 51, 49 %, 31002 MiB
2026/09/26 13:34:42.237, 3, 210 MHz, 405 MHz, 30.63 W, 26, 0 %, 5 MiB
2026/09/26 13:34:47.238, 0, 1800 MHz, 7601 MHz, 75.57 W, 38, 0 %, 32888 MiB
2026/09/26 13:34:47.238, 1, 1800 MHz, 7601 MHz, 61.19 W, 36, 0 %, 30982 MiB
2026/09/26 13:34:47.238, 2, 1800 MHz, 7601 MHz, 86.98 W, 47, 0 %, 31438 MiB
2026/09/26 13:34:47.238, 3, 210 MHz, 405 MHz, 30.56 W, 26, 0 %, 5 MiB
2026/09/26 13:34:52.239, 0, 1800 MHz, 7601 MHz, 75.63 W, 38, 1 %, 33148 MiB
2026/09/26 13:34:52.239, 1, 1800 MHz, 7601 MHz, 71.16 W, 37, 0 %, 31242 MiB
2026/09/26 13:34:52.239, 2, 1800 MHz, 7601 MHz, 83.67 W, 46, 0 %, 31678 MiB
2026/09/26 13:34:52.240, 3, 1800 MHz, 8001 MHz, 34.72 W, 27, 0 %, 272 MiB
2026/09/26 13:34:57.240, 0, 1740 MHz, 7601 MHz, 177.63 W, 45, 36 %, 33150 MiB
2026/09/26 13:34:57.240, 1, 1890 MHz, 7601 MHz, 172.40 W, 42, 49 %, 31242 MiB
2026/09/26 13:34:57.241, 2, 1695 MHz, 7601 MHz, 182.09 W, 49, 51 %, 31678 MiB
2026/09/26 13:34:57.241, 3, 1800 MHz, 7601 MHz, 77.57 W, 28, 0 %, 272 MiB
2026/09/26 13:35:02.241, 0, 1755 MHz, 7601 MHz, 177.67 W, 44, 1 %, 33150 MiB
2026/09/26 13:35:02.241, 1, 1770 MHz, 7601 MHz, 171.27 W, 45, 37 %, 31242 MiB
2026/09/26 13:35:02.242, 2, 1770 MHz, 7601 MHz, 183.12 W, 50, 39 %, 31678 MiB
2026/09/26 13:35:02.242, 3, 1800 MHz, 7601 MHz, 77.78 W, 29, 0 %, 272 MiB
2026/09/26 13:35:07.242, 0, 1695 MHz, 7601 MHz, 172.35 W, 48, 18 %, 33156 MiB
2026/09/26 13:35:07.242, 1, 1875 MHz, 7601 MHz, 171.87 W, 45, 49 %, 31254 MiB
2026/09/26 13:35:07.243, 2, 1695 MHz, 7601 MHz, 185.22 W, 51, 53 %, 31690 MiB
2026/09/26 13:35:07.243, 3, 1800 MHz, 7601 MHz, 77.95 W, 29, 0 %, 272 MiB
2026/09/26 13:35:12.243, 0, 1920 MHz, 7601 MHz, 176.35 W, 47, 1 %, 33194 MiB
2026/09/26 13:35:12.243, 1, 1710 MHz, 7601 MHz, 168.21 W, 47, 32 %, 31292 MiB
2026/09/26 13:35:12.245, 2, 1695 MHz, 7601 MHz, 181.01 W, 54, 27 %, 31724 MiB
2026/09/26 13:35:12.245, 3, 210 MHz, 405 MHz, 30.79 W, 28, 0 %, 272 MiB
2026/09/26 13:35:17.246, 0, 1650 MHz, 7601 MHz, 168.87 W, 51, 31 %, 33246 MiB
2026/09/26 13:35:17.246, 1, 1725 MHz, 7601 MHz, 170.24 W, 48, 23 %, 31300 MiB
2026/09/26 13:35:17.247, 2, 1650 MHz, 7601 MHz, 169.78 W, 55, 42 %, 31754 MiB
2026/09/26 13:35:17.247, 3, 210 MHz, 405 MHz, 30.67 W, 27, 0 %, 272 MiB
2026/09/26 13:35:22.247, 0, 1755 MHz, 7601 MHz, 158.32 W, 47, 0 %, 33246 MiB
2026/09/26 13:35:22.248, 1, 1800 MHz, 7601 MHz, 153.15 W, 45, 10 %, 31302 MiB
2026/09/26 13:35:22.248, 2, 1800 MHz, 7601 MHz, 160.02 W, 51, 0 %, 31754 MiB
2026/09/26 13:35:22.248, 3, 210 MHz, 405 MHz, 30.77 W, 27, 0 %, 272 MiB
2026/09/26 13:35:27.248, 0, 1800 MHz, 7601 MHz, 171.17 W, 51, 70 %, 33386 MiB
2026/09/26 13:35:27.248, 1, 1800 MHz, 7601 MHz, 166.20 W, 49, 54 %, 31322 MiB
2026/09/26 13:35:27.249, 2, 1665 MHz, 7601 MHz, 173.67 W, 53, 68 %, 31814 MiB
2026/09/26 13:35:27.249, 3, 210 MHz, 405 MHz, 30.74 W, 26, 0 %, 272 MiB
2026/09/26 13:35:32.249, 0, 1935 MHz, 7601 MHz, 177.45 W, 49, 0 %, 33450 MiB
2026/09/26 13:35:32.249, 1, 1890 MHz, 7601 MHz, 152.43 W, 46, 0 %, 31386 MiB
2026/09/26 13:35:32.250, 2, 1710 MHz, 7601 MHz, 164.28 W, 57, 100 %, 31882 MiB
2026/09/26 13:35:32.250, 3, 210 MHz, 405 MHz, 30.59 W, 26, 0 %, 272 MiB
2026/09/26 13:35:37.250, 0, 1680 MHz, 7601 MHz, 165.32 W, 53, 22 %, 33450 MiB
2026/09/26 13:35:37.250, 1, 1890 MHz, 7601 MHz, 169.66 W, 47, 18 %, 31386 MiB
2026/09/26 13:35:37.251, 2, 1920 MHz, 7601 MHz, 175.14 W, 52, 0 %, 31882 MiB
2026/09/26 13:35:37.251, 3, 210 MHz, 405 MHz, 30.57 W, 26, 0 %, 272 MiB
2026/09/26 13:35:42.251, 0, 1935 MHz, 7601 MHz, 172.95 W, 51, 0 %, 33650 MiB
2026/09/26 13:35:42.252, 1, 1890 MHz, 7601 MHz, 169.01 W, 49, 73 %, 31526 MiB
2026/09/26 13:35:42.253, 2, 1920 MHz, 7601 MHz, 176.83 W, 53, 1 %, 32022 MiB
2026/09/26 13:35:42.253, 3, 210 MHz, 405 MHz, 30.69 W, 26, 0 %, 272 MiB
2026/09/26 13:35:47.253, 0, 1935 MHz, 7601 MHz, 174.41 W, 52, 56 %, 33770 MiB
2026/09/26 13:35:47.254, 1, 1665 MHz, 7601 MHz, 158.07 W, 49, 18 %, 31686 MiB
2026/09/26 13:35:47.254, 2, 1815 MHz, 7601 MHz, 177.06 W, 56, 90 %, 32162 MiB
2026/09/26 13:35:47.254, 3, 210 MHz, 405 MHz, 30.88 W, 26, 0 %, 272 MiB
2026/09/26 13:35:52.254, 0, 1875 MHz, 7601 MHz, 170.41 W, 53, 35 %, 33890 MiB
2026/09/26 13:35:52.255, 1, 1890 MHz, 7601 MHz, 167.68 W, 48, 0 %, 31766 MiB
2026/09/26 13:35:52.255, 2, 1740 MHz, 7601 MHz, 174.00 W, 57, 84 %, 32262 MiB
2026/09/26 13:35:52.255, 3, 210 MHz, 405 MHz, 30.68 W, 26, 0 %, 272 MiB
2026/09/26 13:35:57.256, 0, 1665 MHz, 7601 MHz, 167.88 W, 56, 100 %, 33890 MiB
2026/09/26 13:35:57.256, 1, 1890 MHz, 7601 MHz, 128.73 W, 47, 0 %, 31886 MiB
2026/09/26 13:35:57.256, 2, 1920 MHz, 7601 MHz, 163.76 W, 53, 0 %, 32262 MiB
2026/09/26 13:35:57.256, 3, 210 MHz, 405 MHz, 30.58 W, 26, 0 %, 272 MiB
2026/09/26 13:36:02.257, 0, 1635 MHz, 7601 MHz, 277.71 W, 58, 100 %, 33890 MiB
2026/09/26 13:36:02.257, 1, 1800 MHz, 7601 MHz, 81.29 W, 47, 0 %, 32006 MiB
2026/09/26 13:36:02.257, 2, 1920 MHz, 7601 MHz, 126.53 W, 52, 0 %, 32302 MiB
2026/09/26 13:36:02.257, 3, 210 MHz, 405 MHz, 30.93 W, 25, 0 %, 272 MiB
2026/09/26 13:36:07.258, 0, 1920 MHz, 7601 MHz, 229.26 W, 53, 0 %, 33890 MiB
2026/09/26 13:36:07.258, 1, 1620 MHz, 7601 MHz, 224.31 W, 54, 100 %, 32006 MiB
2026/09/26 13:36:07.258, 2, 1800 MHz, 7601 MHz, 93.48 W, 52, 0 %, 32302 MiB
2026/09/26 13:36:07.259, 3, 210 MHz, 405 MHz, 30.57 W, 25, 0 %, 272 MiB
2026/09/26 13:36:12.259, 0, 1920 MHz, 7601 MHz, 94.71 W, 53, 0 %, 33890 MiB
2026/09/26 13:36:12.259, 1, 1905 MHz, 7601 MHz, 278.32 W, 55, 0 %, 32006 MiB
2026/09/26 13:36:12.260, 2, 1800 MHz, 7601 MHz, 89.62 W, 51, 0 %, 32302 MiB
2026/09/26 13:36:12.260, 3, 210 MHz, 405 MHz, 30.70 W, 25, 0 %, 272 MiB
2026/09/26 13:36:17.260, 0, 1935 MHz, 7601 MHz, 173.65 W, 54, 22 %, 33890 MiB
2026/09/26 13:36:17.260, 1, 1830 MHz, 7601 MHz, 166.07 W, 52, 51 %, 32006 MiB
2026/09/26 13:36:17.260, 2, 1905 MHz, 7601 MHz, 179.40 W, 55, 69 %, 32302 MiB
2026/09/26 13:36:17.261, 3, 210 MHz, 405 MHz, 30.62 W, 25, 0 %, 272 MiB
2026/09/26 13:36:22.261, 0, 1935 MHz, 7601 MHz, 174.81 W, 55, 63 %, 33890 MiB
2026/09/26 13:36:22.261, 1, 1650 MHz, 7601 MHz, 165.71 W, 52, 92 %, 32006 MiB
2026/09/26 13:36:22.262, 2, 1785 MHz, 7601 MHz, 174.72 W, 57, 84 %, 32302 MiB
2026/09/26 13:36:22.262, 3, 210 MHz, 405 MHz, 30.45 W, 25, 0 %, 272 MiB
2026/09/26 13:36:27.262, 0, 1920 MHz, 7601 MHz, 172.58 W, 57, 87 %, 33890 MiB
2026/09/26 13:36:27.262, 1, 1650 MHz, 7601 MHz, 163.72 W, 50, 58 %, 32006 MiB
2026/09/26 13:36:27.263, 2, 1665 MHz, 7601 MHz, 171.69 W, 57, 42 %, 32302 MiB
2026/09/26 13:36:27.263, 3, 210 MHz, 405 MHz, 30.57 W, 25, 0 %, 272 MiB
2026/09/26 13:36:32.263, 0, 1800 MHz, 7601 MHz, 172.48 W, 58, 48 %, 33890 MiB
2026/09/26 13:36:32.263, 1, 1890 MHz, 7601 MHz, 164.76 W, 50, 20 %, 32006 MiB
2026/09/26 13:36:32.264, 2, 1650 MHz, 7601 MHz, 171.21 W, 56, 5 %, 32302 MiB
2026/09/26 13:36:32.264, 3, 210 MHz, 405 MHz, 30.55 W, 25, 0 %, 272 MiB
2026/09/26 13:36:37.264, 0, 1650 MHz, 7601 MHz, 170.70 W, 57, 10 %, 33890 MiB
2026/09/26 13:36:37.264, 1, 1890 MHz, 7601 MHz, 166.35 W, 50, 0 %, 32006 MiB
2026/09/26 13:36:37.265, 2, 1905 MHz, 7601 MHz, 177.88 W, 54, 0 %, 32302 MiB
2026/09/26 13:36:37.265, 3, 210 MHz, 405 MHz, 30.80 W, 25, 0 %, 272 MiB
2026/09/26 13:36:42.265, 0, 1650 MHz, 7601 MHz, 176.77 W, 55, 0 %, 33890 MiB
2026/09/26 13:36:42.265, 1, 1890 MHz, 7601 MHz, 167.94 W, 52, 0 %, 32006 MiB
2026/09/26 13:36:42.266, 2, 1905 MHz, 7601 MHz, 178.34 W, 55, 0 %, 32302 MiB
2026/09/26 13:36:42.266, 3, 210 MHz, 405 MHz, 30.67 W, 25, 0 %, 272 MiB
2026/09/26 13:36:47.266, 0, 1920 MHz, 7601 MHz, 174.10 W, 55, 0 %, 33890 MiB
2026/09/26 13:36:47.266, 1, 1890 MHz, 7601 MHz, 169.74 W, 53, 0 %, 32006 MiB
2026/09/26 13:36:47.267, 2, 1845 MHz, 7601 MHz, 175.49 W, 55, 14 %, 32302 MiB
2026/09/26 13:36:47.267, 3, 210 MHz, 405 MHz, 30.49 W, 25, 0 %, 272 MiB
2026/09/26 13:36:52.267, 0, 1890 MHz, 7601 MHz, 167.74 W, 56, 5 %, 33890 MiB
2026/09/26 13:36:52.267, 1, 1860 MHz, 7601 MHz, 170.10 W, 55, 36 %, 32006 MiB
2026/09/26 13:36:52.268, 2, 1905 MHz, 7601 MHz, 175.49 W, 56, 54 %, 32302 MiB
2026/09/26 13:36:52.268, 3, 210 MHz, 405 MHz, 31.04 W, 25, 0 %, 272 MiB
2026/09/26 13:36:57.268, 0, 1920 MHz, 7601 MHz, 173.57 W, 57, 49 %, 33890 MiB
2026/09/26 13:36:57.268, 1, 1650 MHz, 7601 MHz, 170.17 W, 54, 77 %, 32006 MiB
2026/09/26 13:36:57.269, 2, 1860 MHz, 7601 MHz, 175.79 W, 58, 94 %, 32302 MiB
2026/09/26 13:36:57.269, 3, 210 MHz, 405 MHz, 31.05 W, 25, 0 %, 272 MiB
2026/09/26 13:37:02.269, 0, 1920 MHz, 7601 MHz, 176.78 W, 58, 82 %, 33890 MiB
2026/09/26 13:37:02.270, 1, 1665 MHz, 7601 MHz, 163.51 W, 52, 84 %, 32006 MiB
2026/09/26 13:37:02.270, 2, 1785 MHz, 7601 MHz, 174.59 W, 59, 66 %, 32302 MiB
2026/09/26 13:37:02.270, 3, 210 MHz, 405 MHz, 30.85 W, 25, 0 %, 272 MiB
2026/09/26 13:37:07.270, 0, 1905 MHz, 7601 MHz, 174.64 W, 59, 86 %, 33890 MiB
2026/09/26 13:37:07.270, 1, 1665 MHz, 7601 MHz, 165.88 W, 51, 57 %, 32006 MiB
2026/09/26 13:37:07.271, 2, 1650 MHz, 7601 MHz, 172.18 W, 58, 41 %, 32302 MiB
2026/09/26 13:37:07.271, 3, 210 MHz, 405 MHz, 30.65 W, 25, 0 %, 272 MiB
2026/09/26 13:37:12.271, 0, 1920 MHz, 7601 MHz, 153.34 W, 60, 3 %, 33890 MiB
2026/09/26 13:37:12.271, 1, 1830 MHz, 7601 MHz, 130.58 W, 54, 81 %, 32006 MiB
2026/09/26 13:37:12.272, 2, 1800 MHz, 7601 MHz, 92.87 W, 54, 0 %, 32302 MiB
2026/09/26 13:37:12.272, 3, 210 MHz, 405 MHz, 30.91 W, 25, 0 %, 272 MiB
2026/09/26 13:37:17.272, 0, 1770 MHz, 7601 MHz, 168.97 W, 56, 44 %, 33890 MiB
2026/09/26 13:37:17.272, 1, 1905 MHz, 7601 MHz, 175.85 W, 52, 33 %, 32006 MiB
2026/09/26 13:37:17.273, 2, 1905 MHz, 7601 MHz, 165.69 W, 56, 14 %, 32302 MiB
2026/09/26 13:37:17.273, 3, 210 MHz, 405 MHz, 30.66 W, 25, 0 %, 272 MiB
2026/09/26 13:37:22.273, 0, 1695 MHz, 7601 MHz, 181.25 W, 58, 72 %, 33890 MiB
2026/09/26 13:37:22.274, 1, 1905 MHz, 7601 MHz, 158.08 W, 51, 0 %, 32006 MiB
2026/09/26 13:37:22.274, 2, 1770 MHz, 7601 MHz, 164.25 W, 55, 0 %, 32302 MiB
2026/09/26 13:37:22.274, 3, 210 MHz, 405 MHz, 30.91 W, 25, 0 %, 272 MiB
2026/09/26 13:37:27.274, 0, 1650 MHz, 7601 MHz, 148.21 W, 57, 65 %, 33890 MiB
2026/09/26 13:37:27.275, 1, 1905 MHz, 7601 MHz, 143.05 W, 51, 0 %, 32006 MiB
2026/09/26 13:37:27.275, 2, 1845 MHz, 7601 MHz, 192.38 W, 55, 0 %, 32302 MiB
2026/09/26 13:37:27.275, 3, 210 MHz, 405 MHz, 30.94 W, 24, 0 %, 272 MiB
2026/09/26 13:37:32.275, 0, 1920 MHz, 7601 MHz, 172.40 W, 60, 21 %, 33890 MiB
2026/09/26 13:37:32.276, 1, 1905 MHz, 7601 MHz, 150.89 W, 51, 0 %, 32006 MiB
2026/09/26 13:37:32.276, 2, 1635 MHz, 7601 MHz, 172.91 W, 59, 32 %, 32302 MiB
2026/09/26 13:37:32.276, 3, 210 MHz, 405 MHz, 30.80 W, 24, 0 %, 272 MiB
2026/09/26 13:37:37.276, 0, 1755 MHz, 7601 MHz, 183.26 W, 59, 94 %, 33890 MiB
2026/09/26 13:37:37.277, 1, 1905 MHz, 7601 MHz, 156.75 W, 52, 0 %, 32006 MiB
2026/09/26 13:37:37.277, 2, 1905 MHz, 7601 MHz, 165.99 W, 55, 0 %, 32302 MiB
2026/09/26 13:37:37.277, 3, 210 MHz, 405 MHz, 30.77 W, 24, 0 %, 272 MiB
2026/09/26 13:37:42.277, 0, 1845 MHz, 7601 MHz, 180.16 W, 60, 62 %, 33890 MiB
2026/09/26 13:37:42.278, 1, 1905 MHz, 7601 MHz, 162.13 W, 51, 0 %, 32006 MiB
2026/09/26 13:37:42.278, 2, 1905 MHz, 7601 MHz, 171.11 W, 55, 0 %, 32302 MiB
2026/09/26 13:37:42.278, 3, 210 MHz, 405 MHz, 30.83 W, 24, 0 %, 272 MiB
2026/09/26 13:37:47.278, 0, 1740 MHz, 7601 MHz, 146.71 W, 57, 84 %, 33890 MiB
2026/09/26 13:37:47.279, 1, 1905 MHz, 7601 MHz, 158.10 W, 52, 0 %, 32006 MiB
2026/09/26 13:37:47.279, 2, 1905 MHz, 7601 MHz, 180.23 W, 56, 0 %, 32302 MiB
2026/09/26 13:37:47.279, 3, 210 MHz, 405 MHz, 30.92 W, 24, 0 %, 272 MiB
2026/09/26 13:37:52.279, 0, 1920 MHz, 7601 MHz, 167.51 W, 58, 9 %, 33890 MiB
2026/09/26 13:37:52.280, 1, 1905 MHz, 7601 MHz, 166.97 W, 52, 17 %, 32006 MiB
2026/09/26 13:37:52.280, 2, 1905 MHz, 7601 MHz, 173.32 W, 57, 50 %, 32302 MiB
2026/09/26 13:37:52.280, 3, 210 MHz, 405 MHz, 30.94 W, 24, 0 %, 272 MiB
2026/09/26 13:37:57.281, 0, 1920 MHz, 7601 MHz, 146.92 W, 57, 34 %, 33890 MiB
2026/09/26 13:37:57.281, 1, 1905 MHz, 7601 MHz, 166.55 W, 53, 41 %, 32006 MiB
2026/09/26 13:37:57.281, 2, 1905 MHz, 7601 MHz, 180.93 W, 57, 24 %, 32302 MiB
2026/09/26 13:37:57.281, 3, 210 MHz, 405 MHz, 30.87 W, 24, 0 %, 272 MiB
2026/09/26 13:38:02.282, 0, 1920 MHz, 7601 MHz, 146.04 W, 61, 0 %, 33890 MiB
2026/09/26 13:38:02.282, 1, 1905 MHz, 7601 MHz, 135.94 W, 52, 2 %, 32006 MiB
2026/09/26 13:38:02.282, 2, 1740 MHz, 7601 MHz, 187.98 W, 59, 26 %, 32302 MiB
2026/09/26 13:38:02.283, 3, 210 MHz, 405 MHz, 30.78 W, 24, 0 %, 272 MiB
2026/09/26 13:38:07.283, 0, 1920 MHz, 7601 MHz, 193.45 W, 62, 29 %, 33890 MiB
2026/09/26 13:38:07.283, 1, 1905 MHz, 7601 MHz, 163.68 W, 52, 0 %, 32006 MiB
2026/09/26 13:38:07.284, 2, 1905 MHz, 7601 MHz, 157.04 W, 55, 0 %, 32302 MiB
2026/09/26 13:38:07.284, 3, 210 MHz, 405 MHz, 30.91 W, 24, 0 %, 272 MiB
2026/09/26 13:38:12.284, 0, 1710 MHz, 7601 MHz, 175.76 W, 61, 100 %, 33890 MiB
2026/09/26 13:38:12.284, 1, 1905 MHz, 7601 MHz, 162.86 W, 53, 22 %, 32006 MiB
2026/09/26 13:38:12.285, 2, 1905 MHz, 7601 MHz, 171.68 W, 56, 0 %, 32302 MiB
2026/09/26 13:38:12.285, 3, 210 MHz, 405 MHz, 30.87 W, 24, 0 %, 272 MiB
2026/09/26 13:38:17.285, 0, 1920 MHz, 7601 MHz, 161.83 W, 58, 0 %, 33890 MiB
2026/09/26 13:38:17.285, 1, 1905 MHz, 7601 MHz, 171.27 W, 53, 61 %, 32006 MiB
2026/09/26 13:38:17.286, 2, 1905 MHz, 7601 MHz, 192.24 W, 59, 72 %, 32302 MiB
2026/09/26 13:38:17.286, 3, 210 MHz, 405 MHz, 30.89 W, 24, 0 %, 272 MiB
2026/09/26 13:38:22.286, 0, 1665 MHz, 7601 MHz, 173.54 W, 61, 67 %, 33890 MiB
2026/09/26 13:38:22.286, 1, 1830 MHz, 7601 MHz, 148.09 W, 51, 0 %, 32006 MiB
2026/09/26 13:38:22.287, 2, 1905 MHz, 7601 MHz, 166.93 W, 57, 0 %, 32302 MiB
2026/09/26 13:38:22.287, 3, 210 MHz, 405 MHz, 30.87 W, 24, 0 %, 272 MiB
2026/09/26 13:38:27.287, 0, 1920 MHz, 7601 MHz, 177.72 W, 58, 0 %, 33890 MiB
2026/09/26 13:38:27.288, 1, 1755 MHz, 7601 MHz, 156.75 W, 55, 63 %, 32006 MiB
2026/09/26 13:38:27.288, 2, 1890 MHz, 7601 MHz, 170.84 W, 60, 86 %, 32302 MiB
2026/09/26 13:38:27.288, 3, 210 MHz, 405 MHz, 30.89 W, 24, 0 %, 272 MiB
2026/09/26 13:38:32.288, 0, 1905 MHz, 7601 MHz, 180.52 W, 59, 30 %, 33890 MiB
2026/09/26 13:38:32.289, 1, 1665 MHz, 7601 MHz, 166.75 W, 56, 53 %, 32006 MiB
2026/09/26 13:38:32.289, 2, 1650 MHz, 7601 MHz, 176.32 W, 59, 25 %, 32302 MiB
2026/09/26 13:38:32.289, 3, 210 MHz, 405 MHz, 30.71 W, 24, 0 %, 272 MiB
2026/09/26 13:38:37.290, 0, 1905 MHz, 7601 MHz, 201.09 W, 59, 0 %, 33890 MiB
2026/09/26 13:38:37.290, 1, 1905 MHz, 7601 MHz, 170.95 W, 53, 0 %, 32006 MiB
2026/09/26 13:38:37.290, 2, 1905 MHz, 7601 MHz, 140.93 W, 55, 0 %, 32302 MiB
2026/09/26 13:38:37.290, 3, 210 MHz, 405 MHz, 30.89 W, 24, 0 %, 272 MiB
2026/09/26 13:38:42.291, 0, 1710 MHz, 7601 MHz, 178.43 W, 63, 100 %, 33890 MiB
2026/09/26 13:38:42.291, 1, 1725 MHz, 7601 MHz, 141.64 W, 56, 84 %, 32006 MiB
2026/09/26 13:38:42.291, 2, 1905 MHz, 7601 MHz, 161.94 W, 56, 0 %, 32302 MiB
2026/09/26 13:38:42.291, 3, 210 MHz, 405 MHz, 31.02 W, 24, 0 %, 272 MiB
2026/09/26 13:38:47.292, 0, 1860 MHz, 7601 MHz, 163.67 W, 59, 0 %, 33890 MiB
2026/09/26 13:38:47.292, 1, 1755 MHz, 7601 MHz, 156.34 W, 55, 15 %, 32006 MiB
2026/09/26 13:38:47.294, 2, 1740 MHz, 7601 MHz, 188.92 W, 59, 72 %, 32302 MiB
2026/09/26 13:38:47.294, 3, 210 MHz, 405 MHz, 30.87 W, 24, 0 %, 272 MiB
2026/09/26 13:38:52.294, 0, 1905 MHz, 7601 MHz, 175.20 W, 59, 0 %, 33890 MiB
2026/09/26 13:38:52.294, 1, 1725 MHz, 7601 MHz, 155.49 W, 54, 20 %, 32006 MiB
2026/09/26 13:38:52.295, 2, 1905 MHz, 7601 MHz, 180.99 W, 60, 20 %, 32302 MiB
2026/09/26 13:38:52.295, 3, 210 MHz, 405 MHz, 30.94 W, 24, 0 %, 272 MiB
2026/09/26 13:38:57.295, 0, 1620 MHz, 7601 MHz, 164.45 W, 62, 73 %, 33890 MiB
2026/09/26 13:38:57.296, 1, 1905 MHz, 7601 MHz, 154.85 W, 52, 0 %, 32006 MiB
2026/09/26 13:38:57.296, 2, 1620 MHz, 7601 MHz, 192.72 W, 57, 59 %, 32302 MiB
2026/09/26 13:38:57.296, 3, 210 MHz, 405 MHz, 30.67 W, 24, 0 %, 272 MiB
2026/09/26 13:39:02.296, 0, 1710 MHz, 7601 MHz, 188.39 W, 63, 100 %, 33890 MiB
2026/09/26 13:39:02.296, 1, 1725 MHz, 7601 MHz, 163.08 W, 57, 100 %, 32006 MiB
2026/09/26 13:39:02.297, 2, 1905 MHz, 7601 MHz, 163.28 W, 56, 0 %, 32302 MiB
2026/09/26 13:39:02.297, 3, 210 MHz, 405 MHz, 31.03 W, 24, 0 %, 272 MiB
2026/09/26 13:39:07.297, 0, 1905 MHz, 7601 MHz, 174.03 W, 59, 0 %, 33890 MiB
2026/09/26 13:39:07.297, 1, 1905 MHz, 7601 MHz, 160.68 W, 53, 30 %, 32006 MiB
2026/09/26 13:39:07.297, 2, 1905 MHz, 7601 MHz, 172.50 W, 58, 0 %, 32302 MiB
2026/09/26 13:39:07.298, 3, 210 MHz, 405 MHz, 30.79 W, 24, 0 %, 272 MiB
2026/09/26 13:39:12.298, 0, 1725 MHz, 7601 MHz, 206.45 W, 63, 100 %, 33890 MiB
2026/09/26 13:39:12.298, 1, 1740 MHz, 7601 MHz, 161.48 W, 57, 100 %, 32006 MiB
2026/09/26 13:39:12.298, 2, 1905 MHz, 7601 MHz, 152.85 W, 56, 0 %, 32302 MiB
2026/09/26 13:39:12.299, 3, 210 MHz, 405 MHz, 30.94 W, 24, 0 %, 272 MiB
2026/09/26 13:39:17.299, 0, 1905 MHz, 7601 MHz, 166.38 W, 59, 0 %, 33890 MiB
2026/09/26 13:39:17.300, 1, 1905 MHz, 7601 MHz, 174.54 W, 54, 53 %, 32006 MiB
2026/09/26 13:39:17.300, 2, 1905 MHz, 7601 MHz, 167.59 W, 59, 0 %, 32302 MiB
2026/09/26 13:39:17.301, 3, 210 MHz, 405 MHz, 30.86 W, 24, 0 %, 272 MiB
2026/09/26 13:39:22.301, 0, 1665 MHz, 7601 MHz, 175.53 W, 63, 100 %, 33890 MiB
2026/09/26 13:39:22.301, 1, 1905 MHz, 7601 MHz, 172.99 W, 55, 73 %, 32006 MiB
2026/09/26 13:39:22.301, 2, 1905 MHz, 7601 MHz, 166.48 W, 56, 0 %, 32302 MiB
2026/09/26 13:39:22.302, 3, 210 MHz, 405 MHz, 30.67 W, 24, 0 %, 272 MiB
2026/09/26 13:39:27.302, 0, 1800 MHz, 7601 MHz, 151.07 W, 58, 0 %, 33890 MiB
2026/09/26 13:39:27.302, 1, 1905 MHz, 7601 MHz, 162.26 W, 53, 57 %, 32006 MiB
2026/09/26 13:39:27.302, 2, 1905 MHz, 7601 MHz, 184.92 W, 59, 0 %, 32302 MiB
2026/09/26 13:39:27.303, 3, 210 MHz, 405 MHz, 30.90 W, 24, 0 %, 272 MiB
2026/09/26 13:39:32.303, 0, 1905 MHz, 7601 MHz, 182.26 W, 59, 6 %, 33890 MiB
2026/09/26 13:39:32.303, 1, 1905 MHz, 7601 MHz, 158.04 W, 52, 0 %, 32006 MiB
2026/09/26 13:39:32.303, 2, 1740 MHz, 7601 MHz, 178.54 W, 59, 89 %, 32302 MiB
2026/09/26 13:39:32.304, 3, 210 MHz, 405 MHz, 30.35 W, 24, 0 %, 272 MiB
2026/09/26 13:39:37.304, 0, 1905 MHz, 7601 MHz, 159.06 W, 59, 0 %, 33890 MiB
2026/09/26 13:39:37.304, 1, 1905 MHz, 7601 MHz, 168.75 W, 54, 52 %, 32006 MiB
2026/09/26 13:39:37.304, 2, 1905 MHz, 7601 MHz, 180.75 W, 58, 0 %, 32302 MiB
2026/09/26 13:39:37.305, 3, 210 MHz, 405 MHz, 30.58 W, 24, 0 %, 272 MiB
2026/09/26 13:39:42.305, 0, 1695 MHz, 7601 MHz, 184.97 W, 63, 100 %, 33890 MiB
2026/09/26 13:39:42.305, 1, 1725 MHz, 7601 MHz, 153.51 W, 56, 100 %, 32006 MiB
2026/09/26 13:39:42.306, 2, 1905 MHz, 7601 MHz, 164.08 W, 56, 0 %, 32302 MiB
2026/09/26 13:39:42.306, 3, 210 MHz, 405 MHz, 30.88 W, 24, 0 %, 272 MiB
2026/09/26 13:39:47.306, 0, 1905 MHz, 7601 MHz, 174.37 W, 59, 0 %, 33890 MiB
2026/09/26 13:39:47.307, 1, 1875 MHz, 7601 MHz, 174.34 W, 57, 99 %, 32006 MiB
2026/09/26 13:39:47.307, 2, 1890 MHz, 7601 MHz, 171.21 W, 58, 0 %, 32302 MiB
2026/09/26 13:39:47.308, 3, 210 MHz, 405 MHz, 30.83 W, 24, 0 %, 272 MiB
2026/09/26 13:39:52.308, 0, 1905 MHz, 7601 MHz, 186.90 W, 59, 0 %, 33890 MiB
2026/09/26 13:39:52.309, 1, 1890 MHz, 7601 MHz, 178.93 W, 53, 0 %, 32006 MiB
2026/09/26 13:39:52.309, 2, 1680 MHz, 7601 MHz, 138.92 W, 56, 73 %, 32302 MiB
2026/09/26 13:39:52.309, 3, 210 MHz, 405 MHz, 30.51 W, 24, 0 %, 272 MiB
2026/09/26 13:39:57.309, 0, 1725 MHz, 7601 MHz, 169.25 W, 62, 64 %, 33890 MiB
2026/09/26 13:39:57.310, 1, 1905 MHz, 7601 MHz, 169.90 W, 54, 24 %, 32006 MiB
2026/09/26 13:39:57.310, 2, 1905 MHz, 7601 MHz, 164.79 W, 56, 0 %, 32302 MiB
2026/09/26 13:39:57.310, 3, 210 MHz, 405 MHz, 30.64 W, 24, 0 %, 272 MiB
2026/09/26 13:40:02.311, 0, 1905 MHz, 7601 MHz, 170.89 W, 60, 21 %, 33890 MiB
2026/09/26 13:40:02.311, 1, 1785 MHz, 7601 MHz, 159.37 W, 52, 0 %, 32006 MiB
2026/09/26 13:40:02.311, 2, 1740 MHz, 7601 MHz, 178.95 W, 60, 99 %, 32302 MiB
2026/09/26 13:40:02.311, 3, 210 MHz, 405 MHz, 30.61 W, 24, 0 %, 272 MiB
2026/09/26 13:40:07.312, 0, 1905 MHz, 7601 MHz, 178.07 W, 61, 62 %, 33890 MiB
2026/09/26 13:40:07.312, 1, 1905 MHz, 7601 MHz, 176.52 W, 52, 0 %, 32006 MiB
2026/09/26 13:40:07.312, 2, 1740 MHz, 7601 MHz, 174.27 W, 60, 62 %, 32302 MiB
2026/09/26 13:40:07.312, 3, 210 MHz, 405 MHz, 30.51 W, 24, 0 %, 272 MiB
2026/09/26 13:40:12.313, 0, 1905 MHz, 7601 MHz, 179.96 W, 60, 0 %, 33890 MiB
2026/09/26 13:40:12.313, 1, 1905 MHz, 7601 MHz, 158.52 W, 53, 0 %, 32006 MiB
2026/09/26 13:40:12.313, 2, 1680 MHz, 7601 MHz, 173.19 W, 60, 79 %, 32302 MiB
2026/09/26 13:40:12.313, 3, 210 MHz, 405 MHz, 30.58 W, 24, 0 %, 272 MiB
2026/09/26 13:40:17.314, 0, 1875 MHz, 7601 MHz, 175.40 W, 59, 0 %, 33890 MiB
2026/09/26 13:40:17.314, 1, 1905 MHz, 7601 MHz, 166.96 W, 55, 94 %, 32006 MiB
2026/09/26 13:40:17.316, 2, 1905 MHz, 7601 MHz, 174.76 W, 57, 18 %, 32302 MiB
2026/09/26 13:40:17.316, 3, 210 MHz, 405 MHz, 30.67 W, 24, 0 %, 272 MiB
2026/09/26 13:40:22.316, 0, 1740 MHz, 7601 MHz, 177.74 W, 62, 29 %, 33890 MiB
2026/09/26 13:40:22.317, 1, 1905 MHz, 7601 MHz, 161.39 W, 54, 51 %, 32006 MiB
2026/09/26 13:40:22.317, 2, 1905 MHz, 7601 MHz, 167.53 W, 57, 0 %, 32302 MiB
2026/09/26 13:40:22.317, 3, 210 MHz, 405 MHz, 30.47 W, 24, 0 %, 272 MiB
2026/09/26 13:40:27.318, 0, 1740 MHz, 7601 MHz, 178.51 W, 62, 34 %, 33890 MiB
2026/09/26 13:40:27.318, 1, 1830 MHz, 7601 MHz, 142.33 W, 52, 0 %, 32006 MiB
2026/09/26 13:40:27.318, 2, 1905 MHz, 7601 MHz, 170.86 W, 57, 0 %, 32302 MiB
2026/09/26 13:40:27.318, 3, 210 MHz, 405 MHz, 30.36 W, 24, 0 %, 272 MiB
2026/09/26 13:40:32.319, 0, 1905 MHz, 7601 MHz, 181.20 W, 61, 65 %, 33890 MiB
2026/09/26 13:40:32.319, 1, 1905 MHz, 7601 MHz, 167.51 W, 53, 0 %, 32006 MiB
2026/09/26 13:40:32.319, 2, 1905 MHz, 7601 MHz, 164.88 W, 59, 12 %, 32302 MiB
2026/09/26 13:40:32.319, 3, 210 MHz, 405 MHz, 30.46 W, 24, 0 %, 272 MiB
2026/09/26 13:40:37.320, 0, 1905 MHz, 7601 MHz, 174.34 W, 60, 21 %, 33890 MiB
2026/09/26 13:40:37.320, 1, 1905 MHz, 7601 MHz, 159.12 W, 52, 0 %, 32006 MiB
2026/09/26 13:40:37.320, 2, 1755 MHz, 7601 MHz, 178.90 W, 61, 99 %, 32302 MiB
2026/09/26 13:40:37.320, 3, 210 MHz, 405 MHz, 30.38 W, 24, 0 %, 272 MiB
2026/09/26 13:40:42.321, 0, 1725 MHz, 7601 MHz, 135.27 W, 61, 16 %, 33890 MiB
2026/09/26 13:40:42.321, 1, 1905 MHz, 7601 MHz, 146.01 W, 54, 77 %, 32006 MiB
2026/09/26 13:40:42.321, 2, 1905 MHz, 7601 MHz, 189.73 W, 57, 0 %, 32302 MiB
2026/09/26 13:40:42.321, 3, 210 MHz, 405 MHz, 30.50 W, 24, 0 %, 272 MiB
2026/09/26 13:40:47.322, 0, 1905 MHz, 7601 MHz, 189.72 W, 61, 65 %, 33890 MiB
2026/09/26 13:40:47.322, 1, 1905 MHz, 7601 MHz, 162.95 W, 53, 0 %, 32006 MiB
2026/09/26 13:40:47.322, 2, 1725 MHz, 7601 MHz, 174.71 W, 60, 58 %, 32302 MiB
2026/09/26 13:40:47.322, 3, 210 MHz, 405 MHz, 30.52 W, 24, 0 %, 272 MiB
2026/09/26 13:40:52.323, 0, 1815 MHz, 7601 MHz, 173.47 W, 60, 0 %, 33890 MiB
2026/09/26 13:40:52.323, 1, 1845 MHz, 7601 MHz, 174.30 W, 56, 74 %, 32006 MiB
2026/09/26 13:40:52.323, 2, 1875 MHz, 7601 MHz, 178.67 W, 57, 11 %, 32302 MiB
2026/09/26 13:40:52.323, 3, 210 MHz, 405 MHz, 30.65 W, 24, 0 %, 272 MiB
2026/09/26 13:40:57.324, 0, 1695 MHz, 7601 MHz, 186.36 W, 64, 100 %, 33890 MiB
2026/09/26 13:40:57.324, 1, 1710 MHz, 7601 MHz, 152.43 W, 56, 100 %, 32006 MiB
2026/09/26 13:40:57.324, 2, 1905 MHz, 7601 MHz, 151.98 W, 56, 0 %, 32302 MiB
2026/09/26 13:40:57.324, 3, 210 MHz, 405 MHz, 30.55 W, 24, 0 %, 272 MiB
2026/09/26 13:41:02.325, 0, 1905 MHz, 7601 MHz, 170.14 W, 60, 0 %, 33890 MiB
2026/09/26 13:41:02.325, 1, 1845 MHz, 7601 MHz, 167.79 W, 56, 66 %, 32006 MiB
2026/09/26 13:41:02.326, 2, 1905 MHz, 7601 MHz, 171.41 W, 58, 47 %, 32302 MiB
2026/09/26 13:41:02.326, 3, 210 MHz, 405 MHz, 30.63 W, 24, 0 %, 272 MiB
2026/09/26 13:41:07.326, 0, 1680 MHz, 7601 MHz, 158.11 W, 60, 0 %, 33890 MiB
2026/09/26 13:41:07.327, 1, 1710 MHz, 7601 MHz, 173.89 W, 56, 94 %, 32006 MiB
2026/09/26 13:41:07.327, 2, 1905 MHz, 7601 MHz, 179.54 W, 57, 0 %, 32302 MiB
2026/09/26 13:41:07.327, 3, 210 MHz, 405 MHz, 30.55 W, 24, 0 %, 272 MiB
2026/09/26 13:41:12.328, 0, 1890 MHz, 7601 MHz, 185.76 W, 63, 93 %, 33890 MiB
2026/09/26 13:41:12.328, 1, 1905 MHz, 7601 MHz, 160.19 W, 53, 0 %, 32006 MiB
2026/09/26 13:41:12.328, 2, 1740 MHz, 7601 MHz, 162.30 W, 59, 1 %, 32302 MiB
2026/09/26 13:41:12.328, 3, 210 MHz, 405 MHz, 30.56 W, 24, 0 %, 272 MiB
2026/09/26 13:41:17.328, 0, 1905 MHz, 7601 MHz, 183.33 W, 63, 95 %, 33890 MiB
2026/09/26 13:41:17.329, 1, 1905 MHz, 7601 MHz, 171.42 W, 53, 0 %, 32006 MiB
2026/09/26 13:41:17.329, 2, 1755 MHz, 7601 MHz, 168.29 W, 60, 33 %, 32302 MiB
2026/09/26 13:41:17.329, 3, 210 MHz, 405 MHz, 30.52 W, 24, 0 %, 272 MiB
2026/09/26 13:41:22.330, 0, 1905 MHz, 7601 MHz, 181.96 W, 60, 0 %, 33890 MiB
2026/09/26 13:41:22.330, 1, 1905 MHz, 7601 MHz, 155.01 W, 53, 0 %, 32006 MiB
2026/09/26 13:41:22.330, 2, 1725 MHz, 7601 MHz, 151.50 W, 61, 100 %, 32302 MiB
2026/09/26 13:41:22.330, 3, 210 MHz, 405 MHz, 30.45 W, 24, 0 %, 272 MiB
2026/09/26 13:41:27.331, 0, 1905 MHz, 7601 MHz, 232.14 W, 61, 28 %, 33890 MiB
2026/09/26 13:41:27.331, 1, 1695 MHz, 7601 MHz, 170.03 W, 58, 100 %, 32006 MiB
2026/09/26 13:41:27.331, 2, 1905 MHz, 7601 MHz, 128.42 W, 56, 0 %, 32302 MiB
2026/09/26 13:41:27.331, 3, 210 MHz, 405 MHz, 30.74 W, 24, 0 %, 272 MiB
2026/09/26 13:41:32.332, 0, 1830 MHz, 7601 MHz, 182.92 W, 62, 75 %, 33890 MiB
2026/09/26 13:41:32.332, 1, 1665 MHz, 7601 MHz, 178.71 W, 55, 75 %, 32006 MiB
2026/09/26 13:41:32.332, 2, 1785 MHz, 7601 MHz, 190.05 W, 59, 79 %, 32302 MiB
2026/09/26 13:41:32.332, 3, 210 MHz, 405 MHz, 30.62 W, 24, 0 %, 272 MiB
2026/09/26 13:41:37.333, 0, 1905 MHz, 7601 MHz, 167.72 W, 60, 0 %, 33890 MiB
2026/09/26 13:41:37.333, 1, 1905 MHz, 7601 MHz, 164.23 W, 52, 33 %, 32006 MiB
2026/09/26 13:41:37.333, 2, 1725 MHz, 7601 MHz, 173.66 W, 60, 78 %, 32302 MiB
2026/09/26 13:41:37.333, 3, 210 MHz, 405 MHz, 30.75 W, 24, 0 %, 272 MiB
2026/09/26 13:41:42.334, 0, 1905 MHz, 7601 MHz, 172.24 W, 59, 0 %, 33890 MiB
2026/09/26 13:41:42.334, 1, 1680 MHz, 7601 MHz, 175.12 W, 55, 99 %, 32006 MiB
2026/09/26 13:41:42.334, 2, 1905 MHz, 7601 MHz, 172.76 W, 58, 7 %, 32302 MiB
2026/09/26 13:41:42.335, 3, 210 MHz, 405 MHz, 30.98 W, 24, 0 %, 272 MiB
2026/09/26 13:41:47.335, 0, 1605 MHz, 7601 MHz, 183.58 W, 60, 81 %, 33890 MiB
2026/09/26 13:41:47.335, 1, 1905 MHz, 7601 MHz, 159.00 W, 53, 0 %, 32006 MiB
2026/09/26 13:41:47.337, 2, 1860 MHz, 7601 MHz, 164.45 W, 57, 0 %, 32302 MiB
2026/09/26 13:41:47.337, 3, 210 MHz, 405 MHz, 30.70 W, 24, 0 %, 272 MiB
2026/09/26 13:41:52.337, 0, 1905 MHz, 7601 MHz, 194.95 W, 60, 0 %, 33890 MiB
2026/09/26 13:41:52.338, 1, 1890 MHz, 7601 MHz, 168.22 W, 54, 0 %, 32006 MiB
2026/09/26 13:41:52.338, 2, 1680 MHz, 7601 MHz, 129.86 W, 56, 0 %, 32302 MiB
2026/09/26 13:41:52.338, 3, 210 MHz, 405 MHz, 30.55 W, 24, 0 %, 272 MiB
2026/09/26 13:41:57.339, 0, 1905 MHz, 7601 MHz, 178.45 W, 60, 0 %, 33890 MiB
2026/09/26 13:41:57.339, 1, 1905 MHz, 7601 MHz, 167.84 W, 53, 0 %, 32006 MiB
2026/09/26 13:41:57.339, 2, 1740 MHz, 7601 MHz, 158.30 W, 60, 100 %, 32302 MiB
2026/09/26 13:41:57.339, 3, 210 MHz, 405 MHz, 30.53 W, 24, 0 %, 272 MiB
2026/09/26 13:42:02.340, 0, 1905 MHz, 7601 MHz, 173.41 W, 61, 0 %, 33890 MiB
2026/09/26 13:42:02.340, 1, 1665 MHz, 7601 MHz, 182.62 W, 56, 85 %, 32006 MiB
2026/09/26 13:42:02.340, 2, 1845 MHz, 7601 MHz, 171.53 W, 60, 83 %, 32302 MiB
2026/09/26 13:42:02.341, 3, 210 MHz, 405 MHz, 30.90 W, 24, 0 %, 272 MiB
2026/09/26 13:42:07.341, 0, 1905 MHz, 7601 MHz, 172.32 W, 60, 0 %, 33890 MiB
2026/09/26 13:42:07.342, 1, 1905 MHz, 7601 MHz, 165.04 W, 53, 45 %, 32006 MiB
2026/09/26 13:42:07.342, 2, 1905 MHz, 7601 MHz, 172.88 W, 59, 71 %, 32302 MiB
2026/09/26 13:42:07.342, 3, 210 MHz, 405 MHz, 30.74 W, 24, 0 %, 272 MiB
2026/09/26 13:42:12.342, 0, 1905 MHz, 7601 MHz, 171.55 W, 60, 0 %, 33890 MiB
2026/09/26 13:42:12.342, 1, 1710 MHz, 7601 MHz, 159.98 W, 56, 63 %, 32006 MiB
2026/09/26 13:42:12.343, 2, 1905 MHz, 7601 MHz, 164.55 W, 59, 74 %, 32302 MiB
2026/09/26 13:42:12.343, 3, 210 MHz, 405 MHz, 30.92 W, 24, 0 %, 272 MiB
2026/09/26 13:42:17.343, 0, 1905 MHz, 7601 MHz, 165.43 W, 60, 0 %, 33890 MiB
2026/09/26 13:42:17.343, 1, 1695 MHz, 7601 MHz, 171.07 W, 57, 68 %, 32006 MiB
2026/09/26 13:42:17.344, 2, 1905 MHz, 7601 MHz, 180.06 W, 58, 63 %, 32302 MiB
2026/09/26 13:42:17.344, 3, 210 MHz, 405 MHz, 30.80 W, 24, 0 %, 272 MiB
2026/09/26 13:42:22.344, 0, 1650 MHz, 7601 MHz, 150.98 W, 60, 42 %, 33890 MiB
2026/09/26 13:42:22.344, 1, 1905 MHz, 7601 MHz, 163.78 W, 53, 0 %, 32006 MiB
2026/09/26 13:42:22.344, 2, 1905 MHz, 7601 MHz, 180.50 W, 57, 17 %, 32302 MiB
2026/09/26 13:42:22.344, 3, 210 MHz, 405 MHz, 30.57 W, 24, 0 %, 272 MiB
2026/09/26 13:42:27.346, 0, 1620 MHz, 7601 MHz, 172.12 W, 60, 81 %, 33890 MiB
2026/09/26 13:42:27.346, 1, 1905 MHz, 7601 MHz, 163.95 W, 55, 14 %, 32006 MiB
2026/09/26 13:42:27.346, 2, 1905 MHz, 7601 MHz, 183.13 W, 57, 0 %, 32302 MiB
2026/09/26 13:42:27.346, 3, 210 MHz, 405 MHz, 30.72 W, 24, 0 %, 272 MiB
2026/09/26 13:42:32.347, 0, 1905 MHz, 7601 MHz, 206.90 W, 64, 28 %, 33890 MiB
2026/09/26 13:42:32.347, 1, 1725 MHz, 7601 MHz, 183.70 W, 57, 99 %, 32006 MiB
2026/09/26 13:42:32.347, 2, 1905 MHz, 7601 MHz, 146.34 W, 56, 0 %, 32302 MiB
2026/09/26 13:42:32.347, 3, 210 MHz, 405 MHz, 30.60 W, 24, 0 %, 272 MiB
2026/09/26 13:42:37.348, 0, 1905 MHz, 7601 MHz, 167.12 W, 61, 0 %, 33890 MiB
2026/09/26 13:42:37.348, 1, 1740 MHz, 7601 MHz, 173.76 W, 57, 99 %, 32006 MiB
2026/09/26 13:42:37.348, 2, 1905 MHz, 7601 MHz, 179.93 W, 59, 83 %, 32302 MiB
2026/09/26 13:42:37.349, 3, 210 MHz, 405 MHz, 30.50 W, 24, 0 %, 272 MiB
2026/09/26 13:42:42.349, 0, 1905 MHz, 7601 MHz, 178.21 W, 63, 0 %, 33890 MiB
2026/09/26 13:42:42.349, 1, 1905 MHz, 7601 MHz, 168.51 W, 53, 0 %, 32006 MiB
2026/09/26 13:42:42.349, 2, 1905 MHz, 7601 MHz, 170.99 W, 56, 0 %, 32302 MiB
2026/09/26 13:42:42.350, 3, 210 MHz, 405 MHz, 30.74 W, 24, 0 %, 272 MiB
2026/09/26 13:42:47.350, 0, 1755 MHz, 7601 MHz, 155.50 W, 60, 57 %, 33890 MiB
2026/09/26 13:42:47.350, 1, 1905 MHz, 7601 MHz, 155.41 W, 54, 21 %, 32006 MiB
2026/09/26 13:42:47.351, 2, 1905 MHz, 7601 MHz, 201.43 W, 57, 3 %, 32302 MiB
2026/09/26 13:42:47.351, 3, 210 MHz, 405 MHz, 30.74 W, 24, 0 %, 272 MiB
2026/09/26 13:42:52.351, 0, 1905 MHz, 7601 MHz, 165.82 W, 62, 0 %, 33890 MiB
2026/09/26 13:42:52.351, 1, 1770 MHz, 7601 MHz, 179.11 W, 56, 28 %, 32006 MiB
2026/09/26 13:42:52.352, 2, 1740 MHz, 7601 MHz, 169.87 W, 61, 52 %, 32302 MiB
2026/09/26 13:42:52.352, 3, 210 MHz, 405 MHz, 30.72 W, 24, 0 %, 272 MiB
2026/09/26 13:42:57.352, 0, 1905 MHz, 7601 MHz, 177.17 W, 60, 0 %, 33890 MiB
2026/09/26 13:42:57.352, 1, 1665 MHz, 7601 MHz, 162.59 W, 56, 50 %, 32006 MiB
2026/09/26 13:42:57.353, 2, 1725 MHz, 7601 MHz, 169.18 W, 60, 53 %, 32302 MiB
2026/09/26 13:42:57.353, 3, 210 MHz, 405 MHz, 30.57 W, 24, 0 %, 272 MiB
2026/09/26 13:43:02.353, 0, 1845 MHz, 7601 MHz, 176.44 W, 60, 0 %, 33890 MiB
2026/09/26 13:43:02.354, 1, 1845 MHz, 7601 MHz, 168.08 W, 57, 99 %, 32006 MiB
2026/09/26 13:43:02.354, 2, 1845 MHz, 7601 MHz, 178.34 W, 59, 80 %, 32302 MiB
2026/09/26 13:43:02.354, 3, 210 MHz, 405 MHz, 30.75 W, 24, 0 %, 272 MiB
2026/09/26 13:43:07.354, 0, 1890 MHz, 7601 MHz, 136.53 W, 61, 49 %, 33890 MiB
2026/09/26 13:43:07.355, 1, 1770 MHz, 7601 MHz, 126.65 W, 55, 15 %, 32006 MiB
2026/09/26 13:43:07.355, 2, 1635 MHz, 7601 MHz, 207.50 W, 60, 6 %, 32302 MiB
2026/09/26 13:43:07.355, 3, 210 MHz, 405 MHz, 30.90 W, 24, 0 %, 272 MiB
2026/09/26 13:43:12.355, 0, 1905 MHz, 7601 MHz, 145.93 W, 60, 77 %, 33890 MiB
2026/09/26 13:43:12.356, 1, 1905 MHz, 7601 MHz, 128.70 W, 53, 2 %, 32006 MiB
2026/09/26 13:43:12.356, 2, 1830 MHz, 7601 MHz, 226.82 W, 58, 0 %, 32302 MiB
2026/09/26 13:43:12.356, 3, 210 MHz, 405 MHz, 30.87 W, 24, 0 %, 272 MiB
2026/09/26 13:43:17.356, 0, 1905 MHz, 7601 MHz, 169.74 W, 61, 23 %, 33890 MiB
2026/09/26 13:43:17.356, 1, 1905 MHz, 7601 MHz, 158.51 W, 53, 0 %, 32006 MiB
2026/09/26 13:43:17.357, 2, 1740 MHz, 7601 MHz, 176.58 W, 58, 2 %, 32302 MiB
2026/09/26 13:43:17.357, 3, 210 MHz, 405 MHz, 31.02 W, 24, 0 %, 272 MiB
2026/09/26 13:43:22.357, 0, 1905 MHz, 7601 MHz, 195.62 W, 61, 0 %, 33890 MiB
2026/09/26 13:43:22.358, 1, 1905 MHz, 7601 MHz, 143.56 W, 52, 0 %, 32006 MiB
2026/09/26 13:43:22.358, 2, 1875 MHz, 7601 MHz, 186.40 W, 61, 99 %, 32302 MiB
2026/09/26 13:43:22.359, 3, 210 MHz, 405 MHz, 30.80 W, 24, 0 %, 272 MiB
2026/09/26 13:43:27.359, 0, 1905 MHz, 7601 MHz, 167.74 W, 60, 74 %, 33890 MiB
2026/09/26 13:43:27.360, 1, 1905 MHz, 7601 MHz, 168.77 W, 53, 0 %, 32006 MiB
2026/09/26 13:43:27.360, 2, 1905 MHz, 7601 MHz, 166.71 W, 57, 54 %, 32302 MiB
2026/09/26 13:43:27.360, 3, 210 MHz, 405 MHz, 30.86 W, 24, 0 %, 272 MiB
2026/09/26 13:43:32.360, 0, 1905 MHz, 7601 MHz, 187.93 W, 61, 0 %, 33890 MiB
2026/09/26 13:43:32.361, 1, 1905 MHz, 7601 MHz, 178.01 W, 55, 78 %, 32006 MiB
2026/09/26 13:43:32.361, 2, 1905 MHz, 7601 MHz, 165.14 W, 58, 0 %, 32302 MiB
2026/09/26 13:43:32.361, 3, 210 MHz, 405 MHz, 30.92 W, 24, 0 %, 272 MiB
2026/09/26 13:43:37.362, 0, 1905 MHz, 7601 MHz, 180.58 W, 60, 16 %, 33890 MiB
2026/09/26 13:43:37.362, 1, 1905 MHz, 7601 MHz, 170.06 W, 53, 0 %, 32006 MiB
2026/09/26 13:43:37.362, 2, 1785 MHz, 7601 MHz, 160.68 W, 56, 57 %, 32302 MiB
2026/09/26 13:43:37.362, 3, 210 MHz, 405 MHz, 31.22 W, 24, 0 %, 272 MiB
2026/09/26 13:43:42.363, 0, 1650 MHz, 7601 MHz, 178.28 W, 63, 0 %, 33890 MiB
2026/09/26 13:43:42.363, 1, 1890 MHz, 7601 MHz, 174.99 W, 53, 0 %, 32006 MiB
2026/09/26 13:43:42.363, 2, 1650 MHz, 7601 MHz, 141.40 W, 56, 68 %, 32302 MiB
2026/09/26 13:43:42.363, 3, 210 MHz, 405 MHz, 30.87 W, 24, 0 %, 272 MiB
2026/09/26 13:43:47.364, 0, 1800 MHz, 7601 MHz, 89.27 W, 58, 0 %, 1 MiB
2026/09/26 13:43:47.700, 1, 1800 MHz, 8001 MHz, 82.21 W, 51, 0 %, 1 MiB
2026/09/26 13:43:47.700, 2, 1800 MHz, 7601 MHz, 91.38 W, 55, 0 %, 1 MiB
2026/09/26 13:43:47.700, 3, 210 MHz, 405 MHz, 36.22 W, 25, 0 %, 1 MiB
