2026/09/29 17:57:29.650, 1410, 1215, 71.67, 31, 0x0000000000000001
2026/09/29 17:57:29.906, 1410, 1215, 70.26, 31, 0x0000000000000001
2026/09/29 17:57:30.159, 1410, 1215, 70.33, 31, 0x0000000000000001
2026/09/29 17:57:30.410, 1410, 1215, 70.53, 31, 0x0000000000000001
2026/09/29 17:57:30.660, 1410, 1215, 70.53, 31, 0x0000000000000001
2026/09/29 17:57:30.910, 1410, 1215, 70.60, 31, 0x0000000000000001
2026/09/29 17:57:31.160, 1410, 1215, 70.53, 31, 0x0000000000000001
2026/09/29 17:57:31.410, 285, 1215, 47.43, 31, 0x0000000000000001
2026/09/29 17:57:31.660, 270, 1215, 47.76, 31, 0x0000000000000001
2026/09/29 17:57:31.910, 225, 1215, 47.71, 31, 0x0000000000000001
2026/09/29 17:57:32.161, 210, 1215, 47.43, 31, 0x0000000000000001
2026/09/29 17:57:32.411, 210, 1215, 47.43, 31, 0x0000000000000001
2026/09/29 17:57:32.661, 210, 1215, 47.38, 31, 0x0000000000000001
2026/09/29 17:57:32.911, 210, 1215, 47.43, 31, 0x0000000000000001
2026/09/29 17:57:33.161, 210, 1215, 47.43, 31, 0x0000000000000001
2026/09/29 17:57:33.411, 210, 1215, 47.43, 30, 0x0000000000000001
2026/09/29 17:57:33.662, 210, 1215, 47.43, 30, 0x0000000000000001
2026/09/29 17:57:33.913, 210, 1215, 47.38, 30, 0x0000000000000001
2026/09/29 17:57:34.165, 210, 1215, 47.38, 30, 0x0000000000000001
2026/09/29 17:57:34.416, 210, 1215, 47.43, 30, 0x0000000000000001
2026/09/29 17:57:34.666, 210, 1215, 47.38, 30, 0x0000000000000001
2026/09/29 17:57:34.916, 210, 1215, 47.43, 30, 0x0000000000000001
2026/09/29 17:57:35.166, 210, 1215, 47.43, 30, 0x0000000000000001
2026/09/29 17:57:35.416, 210, 1215, 47.38, 30, 0x0000000000000001
2026/09/29 17:57:35.666, 210, 1215, 47.43, 30, 0x0000000000000001
2026/09/29 17:57:35.917, 210, 1215, 47.43, 30, 0x0000000000000001
2026/09/29 17:57:36.167, 210, 1215, 47.38, 30, 0x0000000000000001
2026/09/29 17:57:36.417, 210, 1215, 47.43, 30, 0x0000000000000001
2026/09/29 17:57:36.667, 210, 1215, 47.43, 30, 0x0000000000000001
2026/09/29 17:57:36.917, 210, 1215, 47.43, 30, 0x0000000000000001
2026/09/29 17:57:37.167, 210, 1215, 69.40, 31, 0x0000000000000001
2026/09/29 17:57:37.417, 1365, 1215, 66.19, 31, 0x0000000000000001
2026/09/29 17:57:37.670, 1365, 1215, 66.19, 31, 0x0000000000000001
2026/09/29 17:57:37.921, 1365, 1215, 66.19, 31, 0x0000000000000001
2026/09/29 17:57:38.171, 1365, 1215, 66.12, 31, 0x0000000000000001
2026/09/29 17:57:38.421, 1365, 1215, 66.51, 31, 0x0000000000000001
2026/09/29 17:57:38.671, 1365, 1215, 66.44, 31, 0x0000000000000001
2026/09/29 17:57:38.921, 285, 1215, 50.65, 31, 0x0000000000000001
2026/09/29 17:57:39.171, 255, 1215, 47.76, 31, 0x0000000000000001
2026/09/29 17:57:39.422, 240, 1215, 47.76, 31, 0x0000000000000001
2026/09/29 17:57:39.672, 210, 1215, 47.71, 31, 0x0000000000000001
2026/09/29 17:57:39.922, 210, 1215, 47.43, 31, 0x0000000000000001
2026/09/29 17:57:40.172, 210, 1215, 47.43, 31, 0x0000000000000001
2026/09/29 17:57:40.422, 210, 1215, 47.38, 31, 0x0000000000000001
2026/09/29 17:57:40.672, 210, 1215, 47.43, 31, 0x0000000000000001
2026/09/29 17:57:40.922, 210, 1215, 47.43, 31, 0x0000000000000001
2026/09/29 17:57:41.173, 210, 1215, 47.38, 31, 0x0000000000000001
2026/09/29 17:57:41.423, 210, 1215, 47.43, 31, 0x0000000000000001
2026/09/29 17:57:41.673, 210, 1215, 47.38, 31, 0x0000000000000001
2026/09/29 17:57:41.923, 210, 1215, 47.43, 31, 0x0000000000000001
2026/09/29 17:57:42.174, 210, 1215, 47.43, 31, 0x0000000000000001
2026/09/29 17:57:42.424, 210, 1215, 47.38, 30, 0x0000000000000001
2026/09/29 17:57:42.674, 210, 1215, 47.43, 30, 0x0000000000000001
2026/09/29 17:57:42.924, 210, 1215, 47.43, 30, 0x0000000000000001
2026/09/29 17:57:43.174, 210, 1215, 47.38, 30, 0x0000000000000001
2026/09/29 17:57:43.424, 210, 1215, 47.43, 30, 0x0000000000000001
2026/09/29 17:57:43.675, 210, 1215, 47.38, 30, 0x0000000000000001
2026/09/29 17:57:43.925, 210, 1215, 47.43, 30, 0x0000000000000001
2026/09/29 17:57:44.176, 210, 1215, 47.43, 30, 0x0000000000000001
2026/09/29 17:57:44.426, 210, 1215, 47.38, 30, 0x0000000000000001
2026/09/29 17:57:44.676, 210, 1215, 47.43, 30, 0x0000000000000001
2026/09/29 17:57:44.926, 210, 1215, 47.43, 30, 0x0000000000000001
2026/09/29 17:57:45.177, 210, 1215, 47.38, 30, 0x0000000000000001
2026/09/29 17:57:45.427, 210, 1215, 47.43, 30, 0x0000000000000001
2026/09/29 17:57:45.677, 210, 1215, 47.43, 30, 0x0000000000000001
2026/09/29 17:57:45.930, 210, 1215, 47.38, 30, 0x0000000000000001
2026/09/29 17:57:46.180, 210, 1215, 47.43, 30, 0x0000000000000001
2026/09/29 17:57:46.430, 210, 1215, 47.38, 30, 0x0000000000000001
2026/09/29 17:57:46.680, 210, 1215, 47.43, 30, 0x0000000000000001
2026/09/29 17:57:46.931, 210, 1215, 47.43, 30, 0x0000000000000001
2026/09/29 17:57:47.181, 210, 1215, 47.38, 30, 0x0000000000000001
2026/09/29 17:57:47.431, 210, 1215, 47.43, 30, 0x0000000000000001
2026/09/29 17:57:47.681, 210, 1215, 47.43, 30, 0x0000000000000001
2026/09/29 17:57:47.932, 210, 1215, 47.38, 30, 0x0000000000000001
2026/09/29 17:57:48.182, 210, 1215, 47.43, 30, 0x0000000000000001
2026/09/29 17:57:48.432, 210, 1215, 47.43, 30, 0x0000000000000001
2026/09/29 17:57:48.682, 210, 1215, 47.38, 30, 0x0000000000000001
2026/09/29 17:57:48.932, 210, 1215, 47.43, 30, 0x0000000000000001
2026/09/29 17:57:49.182, 210, 1215, 47.38, 30, 0x0000000000000001
2026/09/29 17:57:49.432, 210, 1215, 47.43, 30, 0x0000000000000001
2026/09/29 17:57:49.683, 210, 1215, 47.43, 30, 0x0000000000000001
2026/09/29 17:57:49.933, 210, 1215, 47.38, 30, 0x0000000000000001
2026/09/29 17:57:50.183, 210, 1215, 47.43, 30, 0x0000000000000001
2026/09/29 17:57:50.433, 210, 1215, 47.43, 30, 0x0000000000000001
2026/09/29 17:57:50.684, 210, 1215, 47.38, 30, 0x0000000000000001
2026/09/29 17:57:50.934, 210, 1215, 47.43, 30, 0x0000000000000001
2026/09/29 17:57:51.184, 210, 1215, 47.43, 30, 0x0000000000000001
2026/09/29 17:57:51.434, 210, 1215, 47.38, 30, 0x0000000000000001
2026/09/29 17:57:51.684, 210, 1215, 47.43, 30, 0x0000000000000001
2026/09/29 17:57:51.934, 210, 1215, 47.43, 30, 0x0000000000000001
2026/09/29 17:57:52.184, 210, 1215, 47.38, 30, 0x0000000000000001
2026/09/29 17:57:52.435, 210, 1215, 47.43, 30, 0x0000000000000001
2026/09/29 17:57:52.685, 210, 1215, 47.43, 30, 0x0000000000000001
2026/09/29 17:57:52.935, 210, 1215, 47.38, 30, 0x0000000000000001
2026/09/29 17:57:53.185, 210, 1215, 47.43, 30, 0x0000000000000001
2026/09/29 17:57:53.435, 210, 1215, 47.38, 30, 0x0000000000000001
2026/09/29 17:57:53.685, 210, 1215, 47.43, 30, 0x0000000000000001
2026/09/29 17:57:53.936, 210, 1215, 47.43, 30, 0x0000000000000001
2026/09/29 17:57:54.186, 210, 1215, 47.38, 30, 0x0000000000000001
2026/09/29 17:57:54.436, 210, 1215, 47.43, 30, 0x0000000000000001
2026/09/29 17:57:54.686, 210, 1215, 47.43, 30, 0x0000000000000001
2026/09/29 17:57:54.936, 210, 1215, 47.38, 30, 0x0000000000000001
2026/09/29 17:57:55.186, 210, 1215, 47.43, 30, 0x0000000000000001
2026/09/29 17:57:55.437, 210, 1215, 47.43, 30, 0x0000000000000001
2026/09/29 17:57:55.687, 210, 1215, 47.38, 30, 0x0000000000000001
2026/09/29 17:57:55.937, 210, 1215, 47.43, 30, 0x0000000000000001
2026/09/29 17:57:56.187, 210, 1215, 47.43, 30, 0x0000000000000001
2026/09/29 17:57:56.437, 210, 1215, 47.43, 30, 0x0000000000000001
2026/09/29 17:57:56.687, 210, 1215, 47.43, 30, 0x0000000000000001
2026/09/29 17:57:56.937, 210, 1215, 47.38, 30, 0x0000000000000001
2026/09/29 17:57:57.187, 210, 1215, 47.38, 30, 0x0000000000000001
2026/09/29 17:57:57.438, 210, 1215, 47.43, 30, 0x0000000000000001
2026/09/29 17:57:57.688, 210, 1215, 47.43, 30, 0x0000000000000001
2026/09/29 17:57:57.938, 210, 1215, 47.43, 30, 0x0000000000000001
2026/09/29 17:57:58.188, 210, 1215, 47.43, 30, 0x0000000000000001
2026/09/29 17:57:58.438, 210, 1215, 47.38, 30, 0x0000000000000001
2026/09/29 17:57:58.688, 210, 1215, 47.43, 30, 0x0000000000000001
2026/09/29 17:57:58.938, 210, 1215, 47.43, 30, 0x0000000000000001
2026/09/29 17:57:59.188, 210, 1215, 47.38, 30, 0x0000000000000001
2026/09/29 17:57:59.439, 210, 1215, 47.43, 30, 0x0000000000000001
2026/09/29 17:57:59.689, 210, 1215, 47.43, 30, 0x0000000000000001
2026/09/29 17:57:59.939, 210, 1215, 47.43, 30, 0x0000000000000001
2026/09/29 17:58:00.189, 210, 1215, 47.43, 30, 0x0000000000000001
2026/09/29 17:58:00.439, 210, 1215, 47.43, 30, 0x0000000000000001
2026/09/29 17:58:00.689, 210, 1215, 47.38, 30, 0x0000000000000001
2026/09/29 17:58:00.939, 210, 1215, 47.43, 30, 0x0000000000000001
2026/09/29 17:58:01.189, 210, 1215, 47.43, 30, 0x0000000000000001
2026/09/29 17:58:01.439, 210, 1215, 47.43, 30, 0x0000000000000001
2026/09/29 17:58:01.690, 210, 1215, 47.43, 30, 0x0000000000000001
2026/09/29 17:58:01.940, 210, 1215, 47.38, 30, 0x0000000000000001
2026/09/29 17:58:02.190, 210, 1215, 47.43, 30, 0x0000000000000001
2026/09/29 17:58:02.440, 210, 1215, 47.43, 30, 0x0000000000000001
2026/09/29 17:58:02.690, 210, 1215, 47.38, 30, 0x0000000000000001
2026/09/29 17:58:02.940, 210, 1215, 47.43, 30, 0x0000000000000001
2026/09/29 17:58:03.190, 210, 1215, 47.43, 30, 0x0000000000000001
2026/09/29 17:58:03.440, 210, 1215, 47.38, 30, 0x0000000000000001
2026/09/29 17:58:03.691, 210, 1215, 47.43, 30, 0x0000000000000001
2026/09/29 17:58:03.941, 210, 1215, 47.38, 30, 0x0000000000000001
2026/09/29 17:58:04.191, 210, 1215, 47.38, 30, 0x0000000000000001
2026/09/29 17:58:04.441, 210, 1215, 47.43, 30, 0x0000000000000001
2026/09/29 17:58:04.691, 210, 1215, 47.38, 30, 0x0000000000000001
2026/09/29 17:58:04.941, 210, 1215, 47.43, 30, 0x0000000000000001
2026/09/29 17:58:05.191, 210, 1215, 47.43, 30, 0x0000000000000001
2026/09/29 17:58:05.442, 210, 1215, 47.38, 30, 0x0000000000000001
2026/09/29 17:58:05.692, 210, 1215, 47.43, 30, 0x0000000000000001
2026/09/29 17:58:05.942, 210, 1215, 47.43, 30, 0x0000000000000001
2026/09/29 17:58:06.192, 210, 1215, 47.38, 30, 0x0000000000000001
2026/09/29 17:58:06.442, 210, 1215, 47.43, 30, 0x0000000000000001
2026/09/29 17:58:06.692, 210, 1215, 47.43, 30, 0x0000000000000001
2026/09/29 17:58:06.942, 210, 1215, 47.43, 30, 0x0000000000000001
2026/09/29 17:58:07.193, 210, 1215, 47.43, 30, 0x0000000000000001
2026/09/29 17:58:07.444, 210, 1215, 47.43, 30, 0x0000000000000001
2026/09/29 17:58:07.694, 210, 1215, 47.43, 30, 0x0000000000000001
2026/09/29 17:58:07.944, 210, 1215, 47.43, 30, 0x0000000000000001
2026/09/29 17:58:08.195, 210, 1215, 47.38, 30, 0x0000000000000001
2026/09/29 17:58:08.445, 210, 1215, 47.43, 30, 0x0000000000000001
2026/09/29 17:58:08.696, 210, 1215, 47.43, 30, 0x0000000000000001
2026/09/29 17:58:08.946, 210, 1215, 47.38, 30, 0x0000000000000001
2026/09/29 17:58:09.196, 210, 1215, 47.43, 30, 0x0000000000000001
2026/09/29 17:58:09.446, 210, 1215, 47.43, 30, 0x0000000000000001
2026/09/29 17:58:09.696, 210, 1215, 47.38, 30, 0x0000000000000001
2026/09/29 17:58:09.947, 210, 1215, 47.43, 30, 0x0000000000000001
2026/09/29 17:58:10.197, 210, 1215, 47.38, 30, 0x0000000000000001
2026/09/29 17:58:10.450, 210, 1215, 47.43, 30, 0x0000000000000001
2026/09/29 17:58:10.701, 210, 1215, 47.43, 30, 0x0000000000000001
2026/09/29 17:58:10.951, 210, 1215, 47.38, 30, 0x0000000000000001
2026/09/29 17:58:11.201, 210, 1215, 47.43, 30, 0x0000000000000001
2026/09/29 17:58:11.451, 210, 1215, 47.43, 30, 0x0000000000000001
2026/09/29 17:58:11.701, 210, 1215, 47.38, 30, 0x0000000000000001
2026/09/29 17:58:11.953, 210, 1215, 47.43, 30, 0x0000000000000001
2026/09/29 17:58:12.203, 210, 1215, 47.43, 30, 0x0000000000000001
2026/09/29 17:58:12.454, 210, 1215, 47.38, 30, 0x0000000000000001
2026/09/29 17:58:12.704, 210, 1215, 47.43, 30, 0x0000000000000001
2026/09/29 17:58:12.954, 210, 1215, 47.43, 30, 0x0000000000000001
2026/09/29 17:58:13.204, 210, 1215, 47.43, 30, 0x0000000000000001
2026/09/29 17:58:13.454, 210, 1215, 47.43, 30, 0x0000000000000001
2026/09/29 17:58:13.706, 210, 1215, 47.38, 30, 0x0000000000000001
2026/09/29 17:58:13.956, 210, 1215, 47.38, 30, 0x0000000000000001
2026/09/29 17:58:14.206, 210, 1215, 47.43, 30, 0x0000000000000001
2026/09/29 17:58:14.456, 210, 1215, 47.38, 30, 0x0000000000000001
2026/09/29 17:58:14.706, 210, 1215, 47.43, 30, 0x0000000000000001
2026/09/29 17:58:14.957, 210, 1215, 47.43, 30, 0x0000000000000001
2026/09/29 17:58:15.207, 210, 1215, 47.38, 30, 0x0000000000000001
2026/09/29 17:58:15.457, 210, 1215, 47.43, 30, 0x0000000000000001
2026/09/29 17:58:15.708, 210, 1215, 47.43, 30, 0x0000000000000001
2026/09/29 17:58:15.958, 210, 1215, 47.38, 30, 0x0000000000000001
2026/09/29 17:58:16.208, 210, 1215, 47.43, 30, 0x0000000000000001
2026/09/29 17:58:16.458, 210, 1215, 47.38, 30, 0x0000000000000001
2026/09/29 17:58:16.708, 210, 1215, 47.43, 30, 0x0000000000000001
2026/09/29 17:58:16.959, 210, 1215, 47.43, 30, 0x0000000000000001
2026/09/29 17:58:17.209, 210, 1215, 47.38, 30, 0x0000000000000001
2026/09/29 17:58:17.459, 210, 1215, 47.43, 30, 0x0000000000000001
2026/09/29 17:58:17.709, 210, 1215, 47.43, 30, 0x0000000000000001
2026/09/29 17:58:17.959, 210, 1215, 47.38, 30, 0x0000000000000001
2026/09/29 17:58:18.210, 210, 1215, 47.43, 30, 0x0000000000000001
2026/09/29 17:58:18.460, 210, 1215, 47.43, 30, 0x0000000000000001
2026/09/29 17:58:18.710, 210, 1215, 47.43, 30, 0x0000000000000001
2026/09/29 17:58:18.960, 210, 1215, 47.43, 30, 0x0000000000000001
2026/09/29 17:58:19.210, 210, 1215, 47.43, 30, 0x0000000000000001
2026/09/29 17:58:19.460, 210, 1215, 47.38, 30, 0x0000000000000001
2026/09/29 17:58:19.711, 210, 1215, 47.43, 30, 0x0000000000000001
2026/09/29 17:58:19.961, 210, 1215, 47.43, 30, 0x0000000000000001
2026/09/29 17:58:20.211, 210, 1215, 47.38, 30, 0x0000000000000001
2026/09/29 17:58:20.461, 210, 1215, 47.43, 30, 0x0000000000000001
2026/09/29 17:58:20.712, 210, 1215, 47.38, 30, 0x0000000000000001
2026/09/29 17:58:20.962, 210, 1215, 47.38, 30, 0x0000000000000001
2026/09/29 17:58:21.212, 210, 1215, 47.43, 30, 0x0000000000000001
2026/09/29 17:58:21.462, 210, 1215, 47.38, 30, 0x0000000000000001
2026/09/29 17:58:21.712, 210, 1215, 47.43, 30, 0x0000000000000001
2026/09/29 17:58:21.963, 210, 1215, 47.43, 30, 0x0000000000000001
2026/09/29 17:58:22.213, 210, 1215, 47.43, 30, 0x0000000000000001
2026/09/29 17:58:22.463, 210, 1215, 47.43, 30, 0x0000000000000001
2026/09/29 17:58:22.713, 210, 1215, 47.43, 30, 0x0000000000000001
2026/09/29 17:58:22.963, 210, 1215, 47.38, 30, 0x0000000000000001
2026/09/29 17:58:23.213, 210, 1215, 47.43, 30, 0x0000000000000001
2026/09/29 17:58:23.463, 210, 1215, 47.43, 30, 0x0000000000000001
2026/09/29 17:58:23.713, 210, 1215, 47.38, 30, 0x0000000000000001
2026/09/29 17:58:23.964, 210, 1215, 47.43, 30, 0x0000000000000001
2026/09/29 17:58:24.214, 210, 1215, 47.43, 30, 0x0000000000000001
2026/09/29 17:58:24.464, 210, 1215, 47.38, 30, 0x0000000000000001
2026/09/29 17:58:24.714, 210, 1215, 47.43, 30, 0x0000000000000001
2026/09/29 17:58:24.964, 210, 1215, 47.38, 30, 0x0000000000000001
2026/09/29 17:58:25.214, 210, 1215, 47.43, 30, 0x0000000000000001
2026/09/29 17:58:25.464, 210, 1215, 47.43, 30, 0x0000000000000001
2026/09/29 17:58:25.714, 210, 1215, 47.38, 30, 0x0000000000000001
2026/09/29 17:58:25.965, 210, 1215, 47.43, 30, 0x0000000000000001
2026/09/29 17:58:26.215, 210, 1215, 47.43, 30, 0x0000000000000001
2026/09/29 17:58:26.465, 210, 1215, 47.38, 30, 0x0000000000000001
2026/09/29 17:58:26.715, 210, 1215, 47.43, 30, 0x0000000000000001
2026/09/29 17:58:26.965, 210, 1215, 47.38, 30, 0x0000000000000001
2026/09/29 17:58:27.215, 210, 1215, 47.43, 30, 0x0000000000000001
2026/09/29 17:58:27.465, 210, 1215, 47.43, 30, 0x0000000000000001
2026/09/29 17:58:27.715, 210, 1215, 47.38, 30, 0x0000000000000001
2026/09/29 17:58:27.966, 210, 1215, 47.43, 30, 0x0000000000000001
2026/09/29 17:58:28.216, 210, 1215, 47.43, 30, 0x0000000000000001
2026/09/29 17:58:28.466, 210, 1215, 47.38, 30, 0x0000000000000001
2026/09/29 17:58:28.716, 210, 1215, 47.43, 30, 0x0000000000000001
2026/09/29 17:58:28.966, 210, 1215, 47.43, 30, 0x0000000000000001
2026/09/29 17:58:29.216, 210, 1215, 47.38, 30, 0x0000000000000001
2026/09/29 17:58:29.466, 210, 1215, 47.43, 30, 0x0000000000000001
2026/09/29 17:58:29.716, 210, 1215, 47.38, 30, 0x0000000000000001
2026/09/29 17:58:29.967, 210, 1215, 47.38, 30, 0x0000000000000001
2026/09/29 17:58:30.217, 210, 1215, 47.43, 30, 0x0000000000000001
2026/09/29 17:58:30.467, 210, 1215, 47.38, 30, 0x0000000000000001
2026/09/29 17:58:30.717, 210, 1215, 47.43, 30, 0x0000000000000001
2026/09/29 17:58:30.967, 210, 1215, 47.43, 30, 0x0000000000000001
2026/09/29 17:58:31.217, 210, 1215, 47.43, 30, 0x0000000000000001
2026/09/29 17:58:31.467, 210, 1215, 47.43, 30, 0x0000000000000001
2026/09/29 17:58:31.717, 210, 1215, 47.43, 30, 0x0000000000000001
2026/09/29 17:58:31.968, 210, 1215, 47.38, 30, 0x0000000000000001
2026/09/29 17:58:32.218, 210, 1215, 47.43, 30, 0x0000000000000001
2026/09/29 17:58:32.468, 210, 1215, 47.43, 30, 0x0000000000000001
2026/09/29 17:58:32.718, 210, 1215, 47.38, 30, 0x0000000000000001
2026/09/29 17:58:32.968, 210, 1215, 47.43, 30, 0x0000000000000001
2026/09/29 17:58:33.218, 210, 1215, 47.43, 30, 0x0000000000000001
2026/09/29 17:58:33.468, 210, 1215, 47.38, 30, 0x0000000000000001
2026/09/29 17:58:33.718, 210, 1215, 47.43, 30, 0x0000000000000001
2026/09/29 17:58:33.969, 210, 1215, 47.43, 30, 0x0000000000000001
2026/09/29 17:58:34.219, 210, 1215, 47.38, 30, 0x0000000000000001
2026/09/29 17:58:34.469, 210, 1215, 47.43, 30, 0x0000000000000001
2026/09/29 17:58:34.719, 210, 1215, 47.38, 30, 0x0000000000000001
2026/09/29 17:58:34.969, 210, 1215, 47.38, 30, 0x0000000000000001
2026/09/29 17:58:35.219, 210, 1215, 47.43, 30, 0x0000000000000001
2026/09/29 17:58:35.469, 210, 1215, 47.38, 30, 0x0000000000000001
2026/09/29 17:58:35.719, 210, 1215, 47.43, 30, 0x0000000000000001
2026/09/29 17:58:35.970, 210, 1215, 47.43, 30, 0x0000000000000001
2026/09/29 17:58:36.220, 210, 1215, 47.38, 30, 0x0000000000000001
2026/09/29 17:58:36.470, 210, 1215, 47.43, 30, 0x0000000000000001
2026/09/29 17:58:36.720, 210, 1215, 47.43, 30, 0x0000000000000001
2026/09/29 17:58:36.970, 210, 1215, 47.38, 30, 0x0000000000000001
2026/09/29 17:58:37.220, 210, 1215, 47.43, 30, 0x0000000000000001
2026/09/29 17:58:37.470, 210, 1215, 47.38, 30, 0x0000000000000001
2026/09/29 17:58:37.721, 210, 1215, 47.43, 30, 0x0000000000000001
2026/09/29 17:58:37.971, 210, 1215, 47.43, 30, 0x0000000000000001
2026/09/29 17:58:38.221, 210, 1215, 47.38, 30, 0x0000000000000001
2026/09/29 17:58:38.471, 210, 1215, 47.43, 30, 0x0000000000000001
2026/09/29 17:58:38.721, 210, 1215, 47.43, 30, 0x0000000000000001
2026/09/29 17:58:38.971, 210, 1215, 47.38, 30, 0x0000000000000001
2026/09/29 17:58:39.221, 210, 1215, 47.43, 30, 0x0000000000000001
2026/09/29 17:58:39.472, 210, 1215, 47.43, 30, 0x0000000000000001
2026/09/29 17:58:39.722, 210, 1215, 47.38, 30, 0x0000000000000001
2026/09/29 17:58:39.972, 210, 1215, 47.43, 30, 0x0000000000000001
2026/09/29 17:58:40.222, 210, 1215, 47.43, 30, 0x0000000000000001
2026/09/29 17:58:40.472, 210, 1215, 47.38, 30, 0x0000000000000001
2026/09/29 17:58:40.722, 210, 1215, 47.43, 30, 0x0000000000000001
2026/09/29 17:58:40.972, 210, 1215, 47.43, 30, 0x0000000000000001
2026/09/29 17:58:41.223, 210, 1215, 47.43, 30, 0x0000000000000001
2026/09/29 17:58:41.473, 210, 1215, 47.43, 30, 0x0000000000000001
2026/09/29 17:58:41.723, 210, 1215, 47.43, 30, 0x0000000000000001
2026/09/29 17:58:41.973, 210, 1215, 47.43, 30, 0x0000000000000001
2026/09/29 17:58:42.223, 210, 1215, 47.43, 30, 0x0000000000000001
2026/09/29 17:58:42.473, 210, 1215, 47.53, 30, 0x0000000000000001
2026/09/29 17:58:42.723, 210, 1215, 47.58, 30, 0x0000000000000001
2026/09/29 17:58:42.973, 210, 1215, 47.58, 30, 0x0000000000000001
2026/09/29 17:58:43.224, 210, 1215, 47.58, 30, 0x0000000000000001
2026/09/29 17:58:43.474, 210, 1215, 47.63, 30, 0x0000000000000001
2026/09/29 17:58:43.724, 210, 1215, 47.63, 30, 0x0000000000000001
2026/09/29 17:58:43.974, 210, 1215, 47.63, 30, 0x0000000000000001
2026/09/29 17:58:44.224, 210, 1215, 47.36, 30, 0x0000000000000001
2026/09/29 17:58:44.474, 210, 1215, 47.63, 30, 0x0000000000000001
2026/09/29 17:58:44.724, 210, 1215, 47.63, 30, 0x0000000000000001
2026/09/29 17:58:44.975, 210, 1215, 47.58, 30, 0x0000000000000001
2026/09/29 17:58:45.225, 210, 1215, 47.58, 30, 0x0000000000000001
2026/09/29 17:58:45.475, 210, 1215, 47.58, 30, 0x0000000000000001
2026/09/29 17:58:45.725, 210, 1215, 47.53, 30, 0x0000000000000001
2026/09/29 17:58:45.975, 210, 1215, 47.53, 30, 0x0000000000000001
2026/09/29 17:58:46.225, 210, 1215, 47.53, 30, 0x0000000000000001
2026/09/29 17:58:46.475, 210, 1215, 47.53, 30, 0x0000000000000001
2026/09/29 17:58:46.726, 210, 1215, 47.53, 30, 0x0000000000000001
2026/09/29 17:58:46.976, 210, 1215, 47.53, 30, 0x0000000000000001
2026/09/29 17:58:47.226, 210, 1215, 47.48, 30, 0x0000000000000001
2026/09/29 17:58:47.476, 210, 1215, 47.48, 30, 0x0000000000000001
2026/09/29 17:58:47.726, 210, 1215, 47.48, 30, 0x0000000000000001
2026/09/29 17:58:47.976, 210, 1215, 47.43, 30, 0x0000000000000001
2026/09/29 17:58:48.227, 210, 1215, 47.43, 30, 0x0000000000000001
2026/09/29 17:58:48.477, 210, 1215, 47.43, 30, 0x0000000000000001
2026/09/29 17:58:48.727, 210, 1215, 47.38, 30, 0x0000000000000001
2026/09/29 17:58:48.977, 210, 1215, 47.43, 30, 0x0000000000000001
2026/09/29 17:58:49.227, 210, 1215, 47.43, 30, 0x0000000000000001
2026/09/29 17:58:49.477, 210, 1215, 47.38, 30, 0x0000000000000001
2026/09/29 17:58:49.727, 210, 1215, 47.43, 30, 0x0000000000000001
2026/09/29 17:58:49.978, 210, 1215, 47.38, 30, 0x0000000000000001
2026/09/29 17:58:50.228, 210, 1215, 47.43, 30, 0x0000000000000001
2026/09/29 17:58:50.478, 210, 1215, 47.43, 30, 0x0000000000000001
2026/09/29 17:58:50.728, 210, 1215, 47.38, 30, 0x0000000000000001
2026/09/29 17:58:50.978, 210, 1215, 47.43, 30, 0x0000000000000001
2026/09/29 17:58:51.228, 210, 1215, 47.43, 30, 0x0000000000000001
2026/09/29 17:58:51.478, 210, 1215, 47.38, 30, 0x0000000000000001
2026/09/29 17:58:51.728, 210, 1215, 47.43, 30, 0x0000000000000001
2026/09/29 17:58:51.979, 210, 1215, 47.43, 30, 0x0000000000000001
2026/09/29 17:58:52.229, 210, 1215, 47.38, 30, 0x0000000000000001
2026/09/29 17:58:52.479, 210, 1215, 47.43, 30, 0x0000000000000001
2026/09/29 17:58:52.729, 210, 1215, 47.43, 30, 0x0000000000000001
2026/09/29 17:58:52.979, 210, 1215, 47.38, 30, 0x0000000000000001
2026/09/29 17:58:53.229, 210, 1215, 47.43, 30, 0x0000000000000001
2026/09/29 17:58:53.480, 210, 1215, 47.43, 30, 0x0000000000000001
2026/09/29 17:58:53.730, 210, 1215, 47.43, 30, 0x0000000000000001
2026/09/29 17:58:53.980, 210, 1215, 47.38, 30, 0x0000000000000001
2026/09/29 17:58:54.230, 210, 1215, 47.43, 30, 0x0000000000000001
2026/09/29 17:58:54.480, 210, 1215, 47.43, 30, 0x0000000000000001
2026/09/29 17:58:54.730, 210, 1215, 47.43, 30, 0x0000000000000001
2026/09/29 17:58:54.980, 210, 1215, 47.38, 30, 0x0000000000000001
2026/09/29 17:58:55.231, 210, 1215, 47.43, 30, 0x0000000000000001
2026/09/29 17:58:55.481, 210, 1215, 47.43, 30, 0x0000000000000001
2026/09/29 17:58:55.731, 210, 1215, 47.38, 30, 0x0000000000000001
2026/09/29 17:58:55.981, 210, 1215, 47.43, 30, 0x0000000000000001
2026/09/29 17:58:56.231, 210, 1215, 47.38, 30, 0x0000000000000001
2026/09/29 17:58:56.481, 210, 1215, 47.43, 30, 0x0000000000000001
2026/09/29 17:58:56.731, 210, 1215, 47.43, 30, 0x0000000000000001
2026/09/29 17:58:56.982, 210, 1215, 47.43, 30, 0x0000000000000001
2026/09/29 17:58:57.232, 210, 1215, 47.43, 30, 0x0000000000000001
2026/09/29 17:58:57.482, 210, 1215, 47.43, 30, 0x0000000000000001
2026/09/29 17:58:57.732, 210, 1215, 47.38, 30, 0x0000000000000001
2026/09/29 17:58:57.982, 210, 1215, 47.43, 30, 0x0000000000000001
2026/09/29 17:58:58.232, 210, 1215, 47.43, 30, 0x0000000000000001
2026/09/29 17:58:58.482, 210, 1215, 47.38, 30, 0x0000000000000001
2026/09/29 17:58:58.732, 210, 1215, 47.43, 30, 0x0000000000000001
2026/09/29 17:58:58.983, 210, 1215, 47.43, 30, 0x0000000000000001
2026/09/29 17:58:59.233, 210, 1215, 47.43, 30, 0x0000000000000001
2026/09/29 17:58:59.483, 210, 1215, 47.43, 30, 0x0000000000000001
2026/09/29 17:58:59.733, 210, 1215, 47.43, 30, 0x0000000000000001
2026/09/29 17:58:59.983, 210, 1215, 47.38, 30, 0x0000000000000001
2026/09/29 17:59:00.233, 210, 1215, 47.43, 30, 0x0000000000000001
2026/09/29 17:59:00.484, 210, 1215, 47.38, 30, 0x0000000000000001
2026/09/29 17:59:00.734, 210, 1215, 47.43, 30, 0x0000000000000001
2026/09/29 17:59:00.984, 210, 1215, 47.43, 30, 0x0000000000000001
2026/09/29 17:59:01.234, 210, 1215, 47.38, 30, 0x0000000000000001
2026/09/29 17:59:01.484, 210, 1215, 47.43, 30, 0x0000000000000001
2026/09/29 17:59:01.734, 210, 1215, 47.43, 30, 0x0000000000000001
2026/09/29 17:59:01.984, 210, 1215, 47.38, 30, 0x0000000000000001
2026/09/29 17:59:02.235, 210, 1215, 47.43, 30, 0x0000000000000001
2026/09/29 17:59:02.485, 210, 1215, 47.43, 30, 0x0000000000000001
2026/09/29 17:59:02.735, 210, 1215, 47.43, 30, 0x0000000000000001
2026/09/29 17:59:02.985, 210, 1215, 47.43, 30, 0x0000000000000001
2026/09/29 17:59:03.235, 210, 1215, 47.38, 30, 0x0000000000000001
2026/09/29 17:59:03.485, 210, 1215, 47.43, 30, 0x0000000000000001
2026/09/29 17:59:03.735, 210, 1215, 47.43, 30, 0x0000000000000001
2026/09/29 17:59:03.986, 210, 1215, 47.43, 30, 0x0000000000000001
2026/09/29 17:59:04.236, 210, 1215, 47.43, 30, 0x0000000000000001
2026/09/29 17:59:04.486, 210, 1215, 47.43, 30, 0x0000000000000001
2026/09/29 17:59:04.736, 210, 1215, 47.43, 30, 0x0000000000000001
2026/09/29 17:59:04.986, 210, 1215, 47.43, 30, 0x0000000000000001
2026/09/29 17:59:05.236, 210, 1215, 47.43, 30, 0x0000000000000001
2026/09/29 17:59:05.486, 210, 1215, 47.43, 30, 0x0000000000000001
2026/09/29 17:59:05.737, 210, 1215, 47.43, 30, 0x0000000000000001
2026/09/29 17:59:05.987, 210, 1215, 47.43, 30, 0x0000000000000001
2026/09/29 17:59:06.237, 210, 1215, 47.38, 30, 0x0000000000000001
2026/09/29 17:59:06.487, 210, 1215, 47.43, 30, 0x0000000000000001
2026/09/29 17:59:06.737, 210, 1215, 47.43, 30, 0x0000000000000001
2026/09/29 17:59:06.987, 210, 1215, 47.38, 30, 0x0000000000000001
2026/09/29 17:59:07.237, 210, 1215, 47.43, 30, 0x0000000000000001
2026/09/29 17:59:07.488, 210, 1215, 47.43, 30, 0x0000000000000001
2026/09/29 17:59:07.738, 210, 1215, 47.43, 30, 0x0000000000000001
2026/09/29 17:59:07.988, 210, 1215, 47.43, 30, 0x0000000000000001
2026/09/29 17:59:08.238, 210, 1215, 47.38, 30, 0x0000000000000001
2026/09/29 17:59:08.488, 210, 1215, 47.43, 30, 0x0000000000000001
2026/09/29 17:59:08.738, 210, 1215, 47.43, 30, 0x0000000000000001
2026/09/29 17:59:08.989, 210, 1215, 47.38, 30, 0x0000000000000001
2026/09/29 17:59:09.239, 210, 1215, 47.43, 30, 0x0000000000000001
2026/09/29 17:59:09.489, 210, 1215, 47.43, 30, 0x0000000000000001
2026/09/29 17:59:09.739, 210, 1215, 47.38, 30, 0x0000000000000001
2026/09/29 17:59:09.989, 210, 1215, 47.43, 30, 0x0000000000000001
2026/09/29 17:59:10.239, 210, 1215, 47.43, 30, 0x0000000000000001
2026/09/29 17:59:10.490, 210, 1215, 47.38, 30, 0x0000000000000001
2026/09/29 17:59:10.740, 210, 1215, 47.43, 30, 0x0000000000000001
2026/09/29 17:59:10.990, 210, 1215, 47.43, 30, 0x0000000000000001
2026/09/29 17:59:11.240, 210, 1215, 47.43, 30, 0x0000000000000001
2026/09/29 17:59:11.490, 210, 1215, 47.43, 30, 0x0000000000000001
2026/09/29 17:59:11.740, 210, 1215, 47.38, 30, 0x0000000000000001
2026/09/29 17:59:11.991, 210, 1215, 47.38, 30, 0x0000000000000001
2026/09/29 17:59:12.241, 210, 1215, 47.43, 30, 0x0000000000000001
2026/09/29 17:59:12.491, 210, 1215, 47.38, 30, 0x0000000000000001
2026/09/29 17:59:12.741, 210, 1215, 47.43, 30, 0x0000000000000001
2026/09/29 17:59:12.991, 210, 1215, 47.43, 30, 0x0000000000000001
2026/09/29 17:59:13.241, 210, 1215, 47.38, 30, 0x0000000000000001
2026/09/29 17:59:13.492, 210, 1215, 47.43, 30, 0x0000000000000001
2026/09/29 17:59:13.742, 210, 1215, 47.43, 30, 0x0000000000000001
2026/09/29 17:59:13.992, 210, 1215, 47.53, 30, 0x0000000000000001
2026/09/29 17:59:14.242, 210, 1215, 47.58, 30, 0x0000000000000001
2026/09/29 17:59:14.492, 210, 1215, 47.53, 30, 0x0000000000000001
2026/09/29 17:59:14.742, 210, 1215, 47.63, 30, 0x0000000000000001
2026/09/29 17:59:14.993, 210, 1215, 47.36, 30, 0x0000000000000001
2026/09/29 17:59:15.243, 210, 1215, 47.36, 30, 0x0000000000000001
2026/09/29 17:59:15.493, 210, 1215, 47.36, 30, 0x0000000000000001
2026/09/29 17:59:15.745, 210, 1215, 47.36, 30, 0x0000000000000001
2026/09/29 17:59:15.995, 210, 1215, 47.58, 30, 0x0000000000000001
2026/09/29 17:59:16.245, 210, 1215, 47.58, 30, 0x0000000000000001
2026/09/29 17:59:16.495, 210, 1215, 47.58, 30, 0x0000000000000001
2026/09/29 17:59:16.745, 210, 1215, 47.63, 30, 0x0000000000000001
2026/09/29 17:59:16.996, 210, 1215, 47.63, 30, 0x0000000000000001
2026/09/29 17:59:17.246, 210, 1215, 47.68, 30, 0x0000000000000001
2026/09/29 17:59:17.496, 210, 1215, 47.68, 30, 0x0000000000000001
2026/09/29 17:59:17.746, 210, 1215, 47.68, 30, 0x0000000000000001
2026/09/29 17:59:17.996, 210, 1215, 47.73, 30, 0x0000000000000001
2026/09/29 17:59:18.246, 210, 1215, 47.40, 30, 0x0000000000000001
2026/09/29 17:59:18.497, 210, 1215, 47.68, 30, 0x0000000000000001
2026/09/29 17:59:18.747, 210, 1215, 47.40, 30, 0x0000000000000001
2026/09/29 17:59:18.997, 210, 1215, 47.63, 30, 0x0000000000000001
2026/09/29 17:59:19.247, 210, 1215, 47.63, 30, 0x0000000000000001
2026/09/29 17:59:19.497, 210, 1215, 47.63, 30, 0x0000000000000001
2026/09/29 17:59:19.747, 210, 1215, 47.58, 30, 0x0000000000000001
2026/09/29 17:59:19.997, 210, 1215, 47.58, 30, 0x0000000000000001
2026/09/29 17:59:20.248, 210, 1215, 47.58, 30, 0x0000000000000001
2026/09/29 17:59:20.498, 210, 1215, 47.58, 30, 0x0000000000000001
2026/09/29 17:59:20.748, 210, 1215, 47.58, 30, 0x0000000000000001
2026/09/29 17:59:20.998, 210, 1215, 47.53, 30, 0x0000000000000001
2026/09/29 17:59:21.248, 210, 1215, 47.58, 30, 0x0000000000000001
2026/09/29 17:59:21.498, 210, 1215, 47.58, 30, 0x0000000000000001
2026/09/29 17:59:21.748, 210, 1215, 47.53, 30, 0x0000000000000001
2026/09/29 17:59:21.999, 210, 1215, 47.53, 30, 0x0000000000000001
2026/09/29 17:59:22.249, 210, 1215, 47.53, 30, 0x0000000000000001
2026/09/29 17:59:22.499, 210, 1215, 47.48, 30, 0x0000000000000001
2026/09/29 17:59:22.749, 210, 1215, 47.48, 30, 0x0000000000000001
2026/09/29 17:59:22.999, 210, 1215, 47.48, 30, 0x0000000000000001
2026/09/29 17:59:23.249, 210, 1215, 47.48, 30, 0x0000000000000001
2026/09/29 17:59:23.500, 210, 1215, 47.48, 30, 0x0000000000000001
2026/09/29 17:59:23.750, 210, 1215, 47.43, 30, 0x0000000000000001
2026/09/29 17:59:24.000, 210, 1215, 47.43, 30, 0x0000000000000001
2026/09/29 17:59:24.250, 210, 1215, 47.43, 30, 0x0000000000000001
2026/09/29 17:59:24.500, 210, 1215, 47.38, 30, 0x0000000000000001
2026/09/29 17:59:24.750, 210, 1215, 47.43, 30, 0x0000000000000001
2026/09/29 17:59:25.000, 210, 1215, 47.43, 30, 0x0000000000000001
2026/09/29 17:59:25.251, 210, 1215, 47.38, 30, 0x0000000000000001
2026/09/29 17:59:25.501, 210, 1215, 47.43, 30, 0x0000000000000001
2026/09/29 17:59:25.751, 210, 1215, 47.43, 30, 0x0000000000000001
2026/09/29 17:59:26.001, 210, 1215, 47.38, 30, 0x0000000000000001
2026/09/29 17:59:26.251, 210, 1215, 47.43, 30, 0x0000000000000001
2026/09/29 17:59:26.501, 210, 1215, 47.38, 30, 0x0000000000000001
2026/09/29 17:59:26.751, 210, 1215, 47.43, 30, 0x0000000000000001
2026/09/29 17:59:27.001, 210, 1215, 47.43, 30, 0x0000000000000001
2026/09/29 17:59:27.252, 210, 1215, 47.38, 30, 0x0000000000000001
2026/09/29 17:59:27.502, 210, 1215, 47.43, 30, 0x0000000000000001
2026/09/29 17:59:27.752, 210, 1215, 47.43, 30, 0x0000000000000001
2026/09/29 17:59:28.002, 210, 1215, 47.43, 30, 0x0000000000000001
2026/09/29 17:59:28.252, 210, 1215, 47.43, 30, 0x0000000000000001
2026/09/29 17:59:28.502, 210, 1215, 47.38, 30, 0x0000000000000001
2026/09/29 17:59:28.752, 210, 1215, 47.43, 30, 0x0000000000000001
2026/09/29 17:59:29.003, 210, 1215, 47.43, 30, 0x0000000000000001
2026/09/29 17:59:29.253, 210, 1215, 47.38, 30, 0x0000000000000001
2026/09/29 17:59:29.503, 210, 1215, 47.43, 30, 0x0000000000000001
2026/09/29 17:59:29.753, 210, 1215, 47.43, 30, 0x0000000000000001
2026/09/29 17:59:30.003, 210, 1215, 47.38, 30, 0x0000000000000001
2026/09/29 17:59:30.253, 210, 1215, 47.43, 30, 0x0000000000000001
2026/09/29 17:59:30.503, 210, 1215, 47.53, 30, 0x0000000000000001
2026/09/29 17:59:30.754, 210, 1215, 47.53, 30, 0x0000000000000001
2026/09/29 17:59:31.004, 210, 1215, 47.58, 30, 0x0000000000000001
2026/09/29 17:59:31.254, 210, 1215, 47.58, 30, 0x0000000000000001
2026/09/29 17:59:31.504, 210, 1215, 47.63, 30, 0x0000000000000001
2026/09/29 17:59:31.754, 210, 1215, 47.63, 30, 0x0000000000000001
2026/09/29 17:59:32.004, 210, 1215, 47.63, 30, 0x0000000000000001
2026/09/29 17:59:32.254, 210, 1215, 47.36, 30, 0x0000000000000001
2026/09/29 17:59:32.505, 210, 1215, 47.58, 30, 0x0000000000000001
2026/09/29 17:59:32.755, 210, 1215, 47.58, 30, 0x0000000000000001
2026/09/29 17:59:33.005, 210, 1215, 47.40, 30, 0x0000000000000001
2026/09/29 17:59:33.255, 210, 1215, 47.63, 30, 0x0000000000000001
2026/09/29 17:59:33.505, 210, 1215, 47.68, 30, 0x0000000000000001
2026/09/29 17:59:33.755, 210, 1215, 47.40, 30, 0x0000000000000001
2026/09/29 17:59:34.006, 210, 1215, 47.68, 30, 0x0000000000000001
2026/09/29 17:59:34.256, 210, 1215, 47.40, 30, 0x0000000000000001
2026/09/29 17:59:34.506, 210, 1215, 47.40, 30, 0x0000000000000001
2026/09/29 17:59:34.756, 210, 1215, 47.63, 30, 0x0000000000000001
2026/09/29 17:59:35.006, 210, 1215, 47.63, 30, 0x0000000000000001
2026/09/29 17:59:35.256, 210, 1215, 47.63, 30, 0x0000000000000001
2026/09/29 17:59:35.507, 210, 1215, 47.58, 30, 0x0000000000000001
2026/09/29 17:59:35.757, 210, 1215, 47.58, 30, 0x0000000000000001
2026/09/29 17:59:36.007, 210, 1215, 47.58, 30, 0x0000000000000001
2026/09/29 17:59:36.257, 210, 1215, 47.53, 30, 0x0000000000000001
2026/09/29 17:59:36.507, 210, 1215, 47.53, 30, 0x0000000000000001
2026/09/29 17:59:36.757, 210, 1215, 47.53, 30, 0x0000000000000001
2026/09/29 17:59:37.007, 210, 1215, 47.53, 30, 0x0000000000000001
2026/09/29 17:59:37.258, 210, 1215, 47.53, 30, 0x0000000000000001
2026/09/29 17:59:37.508, 210, 1215, 47.48, 30, 0x0000000000000001
2026/09/29 17:59:37.758, 210, 1215, 47.48, 30, 0x0000000000000001
2026/09/29 17:59:38.008, 210, 1215, 47.48, 30, 0x0000000000000001
2026/09/29 17:59:38.258, 210, 1215, 47.43, 30, 0x0000000000000001
2026/09/29 17:59:38.508, 210, 1215, 47.48, 30, 0x0000000000000001
2026/09/29 17:59:38.759, 210, 1215, 47.48, 30, 0x0000000000000001
2026/09/29 17:59:39.009, 210, 1215, 47.43, 30, 0x0000000000000001
2026/09/29 17:59:39.259, 1095, 1215, 51.85, 30, 0x0000000000000000
2026/09/29 17:59:39.509, 1095, 1215, 53.32, 30, 0x0000000000000000
2026/09/29 17:59:39.759, 1095, 1215, 53.87, 31, 0x0000000000000000
2026/09/29 17:59:40.009, 1095, 1215, 55.06, 31, 0x0000000000000000
2026/09/29 17:59:40.259, 1170, 1215, 76.08, 31, 0x0000000000000000
2026/09/29 17:59:40.510, 1410, 1215, 139.31, 32, 0x0000000000000000
2026/09/29 17:59:40.760, 1410, 1215, 80.85, 34, 0x0000000000000000
2026/09/29 17:59:41.010, 1410, 1215, 83.11, 32, 0x0000000000000000
2026/09/29 17:59:41.260, 1410, 1215, 83.80, 32, 0x0000000000000000
2026/09/29 17:59:41.510, 1410, 1215, 167.14, 34, 0x0000000000000000
2026/09/29 17:59:41.760, 1410, 1215, 79.63, 32, 0x0000000000000000
2026/09/29 17:59:42.010, 1410, 1215, 70.87, 32, 0x0000000000000000
2026/09/29 17:59:42.260, 1410, 1215, 70.80, 32, 0x0000000000000000
2026/09/29 17:59:42.511, 1410, 1215, 70.80, 32, 0x0000000000000000
2026/09/29 17:59:42.761, 1410, 1215, 70.87, 32, 0x0000000000000000
2026/09/29 17:59:43.011, 1410, 1215, 70.80, 32, 0x0000000000000000
2026/09/29 17:59:43.261, 1410, 1215, 70.87, 32, 0x0000000000000000
2026/09/29 17:59:43.511, 1095, 1215, 53.59, 31, 0x0000000000000000
2026/09/29 17:59:43.761, 1095, 1215, 53.53, 31, 0x0000000000000000
2026/09/29 17:59:44.012, 1095, 1215, 53.59, 31, 0x0000000000000000
2026/09/29 17:59:44.262, 1095, 1215, 53.59, 31, 0x0000000000000000
2026/09/29 17:59:44.512, 1095, 1215, 53.32, 31, 0x0000000000000000
2026/09/29 17:59:44.762, 1095, 1215, 53.32, 31, 0x0000000000000000
2026/09/29 17:59:45.012, 1095, 1215, 53.32, 31, 0x0000000000000000
2026/09/29 17:59:45.262, 1095, 1215, 53.32, 31, 0x0000000000000000
2026/09/29 17:59:45.512, 1095, 1215, 53.32, 31, 0x0000000000000000
2026/09/29 17:59:45.763, 1095, 1215, 53.26, 31, 0x0000000000000000
2026/09/29 17:59:46.013, 1095, 1215, 53.32, 31, 0x0000000000000000
2026/09/29 17:59:46.263, 1095, 1215, 53.32, 31, 0x0000000000000000
2026/09/29 17:59:46.513, 1095, 1215, 53.26, 31, 0x0000000000000000
2026/09/29 17:59:46.763, 1095, 1215, 53.32, 31, 0x0000000000000000
2026/09/29 17:59:47.013, 1095, 1215, 53.26, 31, 0x0000000000000000
2026/09/29 17:59:47.263, 1095, 1215, 53.26, 31, 0x0000000000000000
2026/09/29 17:59:47.514, 1095, 1215, 53.32, 31, 0x0000000000000000
2026/09/29 17:59:47.764, 1095, 1215, 53.26, 31, 0x0000000000000000
2026/09/29 17:59:48.014, 1095, 1215, 53.32, 31, 0x0000000000000000
2026/09/29 17:59:48.264, 1095, 1215, 53.32, 31, 0x0000000000000000
2026/09/29 17:59:48.514, 1095, 1215, 53.26, 31, 0x0000000000000000
2026/09/29 17:59:48.764, 1095, 1215, 53.32, 31, 0x0000000000000000
2026/09/29 17:59:49.014, 1095, 1215, 53.32, 31, 0x0000000000000000
2026/09/29 17:59:49.265, 1095, 1215, 53.26, 31, 0x0000000000000000
2026/09/29 17:59:49.515, 1095, 1215, 53.32, 31, 0x0000000000000000
2026/09/29 17:59:49.765, 1095, 1215, 53.32, 31, 0x0000000000000000
2026/09/29 17:59:50.015, 1095, 1215, 53.32, 31, 0x0000000000000000
2026/09/29 17:59:50.265, 1095, 1215, 53.59, 31, 0x0000000000000000
2026/09/29 17:59:50.515, 1095, 1215, 53.26, 31, 0x0000000000000000
2026/09/29 17:59:50.765, 1095, 1215, 53.59, 31, 0x0000000000000000
2026/09/29 17:59:51.016, 1095, 1215, 53.32, 31, 0x0000000000000000
2026/09/29 17:59:51.266, 1095, 1215, 53.26, 31, 0x0000000000000000
2026/09/29 17:59:51.516, 1095, 1215, 53.32, 31, 0x0000000000000000
2026/09/29 17:59:51.766, 1095, 1215, 53.32, 31, 0x0000000000000000
2026/09/29 17:59:52.016, 1095, 1215, 53.32, 31, 0x0000000000000000
2026/09/29 17:59:52.266, 1095, 1215, 53.32, 31, 0x0000000000000000
2026/09/29 17:59:52.517, 1095, 1215, 53.53, 31, 0x0000000000000000
2026/09/29 17:59:52.767, 1095, 1215, 53.32, 31, 0x0000000000000000
2026/09/29 17:59:53.017, 1095, 1215, 53.32, 31, 0x0000000000000000
2026/09/29 17:59:53.267, 1095, 1215, 53.32, 31, 0x0000000000000000
2026/09/29 17:59:53.517, 1095, 1215, 53.32, 31, 0x0000000000000000
2026/09/29 17:59:53.767, 1095, 1215, 53.32, 31, 0x0000000000000000
2026/09/29 17:59:54.017, 1095, 1215, 53.26, 31, 0x0000000000000000
2026/09/29 17:59:54.267, 1095, 1215, 53.32, 31, 0x0000000000000000
2026/09/29 17:59:54.518, 1095, 1215, 53.32, 31, 0x0000000000000000
2026/09/29 17:59:54.768, 1095, 1215, 53.26, 31, 0x0000000000000000
2026/09/29 17:59:55.018, 1095, 1215, 53.32, 31, 0x0000000000000000
2026/09/29 17:59:55.268, 1095, 1215, 53.59, 31, 0x0000000000000000
2026/09/29 17:59:55.518, 1095, 1215, 53.59, 31, 0x0000000000000000
2026/09/29 17:59:55.768, 1095, 1215, 53.59, 31, 0x0000000000000000
2026/09/29 17:59:56.019, 1095, 1215, 53.59, 31, 0x0000000000000000
2026/09/29 17:59:56.269, 1095, 1215, 53.59, 31, 0x0000000000000000
2026/09/29 17:59:56.519, 1095, 1215, 53.59, 31, 0x0000000000000000
2026/09/29 17:59:56.769, 1095, 1215, 53.59, 31, 0x0000000000000000
2026/09/29 17:59:57.019, 1095, 1215, 53.59, 31, 0x0000000000000000
2026/09/29 17:59:57.269, 1095, 1215, 53.59, 31, 0x0000000000000000
2026/09/29 17:59:57.519, 1095, 1215, 53.53, 31, 0x0000000000000000
2026/09/29 17:59:57.770, 1095, 1215, 53.59, 31, 0x0000000000000000
2026/09/29 17:59:58.020, 1095, 1215, 53.59, 31, 0x0000000000000000
2026/09/29 17:59:58.270, 1095, 1215, 53.53, 31, 0x0000000000000000
2026/09/29 17:59:58.520, 1095, 1215, 53.59, 31, 0x0000000000000000
2026/09/29 17:59:58.770, 1095, 1215, 53.59, 31, 0x0000000000000000
2026/09/29 17:59:59.020, 1095, 1215, 53.53, 31, 0x0000000000000000
2026/09/29 17:59:59.270, 1095, 1215, 53.59, 31, 0x0000000000000000
2026/09/29 17:59:59.520, 1095, 1215, 53.53, 31, 0x0000000000000000
2026/09/29 17:59:59.771, 1095, 1215, 53.53, 31, 0x0000000000000000
2026/09/29 18:00:00.021, 1095, 1215, 53.59, 31, 0x0000000000000000
2026/09/29 18:00:00.271, 1095, 1215, 53.53, 31, 0x0000000000000000
2026/09/29 18:00:00.521, 1095, 1215, 53.59, 31, 0x0000000000000000
2026/09/29 18:00:00.771, 1095, 1215, 53.32, 31, 0x0000000000000000
2026/09/29 18:00:01.021, 1095, 1215, 53.26, 31, 0x0000000000000000
2026/09/29 18:00:01.271, 1095, 1215, 53.59, 31, 0x0000000000000000
2026/09/29 18:00:01.522, 1095, 1215, 53.32, 31, 0x0000000000000000
2026/09/29 18:00:01.772, 1095, 1215, 53.53, 31, 0x0000000000000000
2026/09/29 18:00:02.022, 1095, 1215, 53.48, 31, 0x0000000000000000
2026/09/29 18:00:02.272, 1095, 1215, 53.48, 31, 0x0000000000000000
2026/09/29 18:00:02.522, 1095, 1215, 53.43, 31, 0x0000000000000000
2026/09/29 18:00:02.772, 1095, 1215, 53.48, 31, 0x0000000000000000
2026/09/29 18:00:03.022, 1095, 1215, 53.54, 31, 0x0000000000000000
2026/09/29 18:00:03.273, 1095, 1215, 53.48, 31, 0x0000000000000000
2026/09/29 18:00:03.523, 1095, 1215, 53.54, 31, 0x0000000000000000
2026/09/29 18:00:03.773, 1095, 1215, 53.54, 31, 0x0000000000000000
2026/09/29 18:00:04.023, 1095, 1215, 53.48, 31, 0x0000000000000000
2026/09/29 18:00:04.273, 1095, 1215, 53.48, 31, 0x0000000000000000
2026/09/29 18:00:04.523, 1095, 1215, 53.43, 31, 0x0000000000000000
2026/09/29 18:00:04.773, 1095, 1215, 53.43, 31, 0x0000000000000000
2026/09/29 18:00:05.024, 1095, 1215, 53.43, 31, 0x0000000000000000
2026/09/29 18:00:05.274, 1095, 1215, 53.43, 31, 0x0000000000000000
2026/09/29 18:00:05.524, 1095, 1215, 53.43, 31, 0x0000000000000000
2026/09/29 18:00:05.774, 1095, 1215, 53.43, 31, 0x0000000000000000
2026/09/29 18:00:06.024, 1095, 1215, 53.37, 31, 0x0000000000000000
2026/09/29 18:00:06.274, 1095, 1215, 53.43, 31, 0x0000000000000000
2026/09/29 18:00:06.524, 1095, 1215, 53.37, 31, 0x0000000000000000
2026/09/29 18:00:06.775, 1095, 1215, 53.37, 31, 0x0000000000000000
2026/09/29 18:00:07.025, 1095, 1215, 53.37, 31, 0x0000000000000000
2026/09/29 18:00:07.275, 1095, 1215, 53.37, 31, 0x0000000000000000
2026/09/29 18:00:07.525, 1095, 1215, 53.59, 31, 0x0000000000000000
2026/09/29 18:00:07.775, 1095, 1215, 53.59, 31, 0x0000000000000000
2026/09/29 18:00:08.025, 1095, 1215, 53.32, 31, 0x0000000000000000
2026/09/29 18:00:08.275, 1095, 1215, 53.32, 31, 0x0000000000000000
2026/09/29 18:00:08.526, 1095, 1215, 53.32, 31, 0x0000000000000000
2026/09/29 18:00:08.776, 1095, 1215, 53.59, 31, 0x0000000000000000
2026/09/29 18:00:09.026, 1095, 1215, 53.32, 31, 0x0000000000000000
2026/09/29 18:00:09.276, 1095, 1215, 53.32, 31, 0x0000000000000000
2026/09/29 18:00:09.526, 1095, 1215, 53.32, 31, 0x0000000000000000
2026/09/29 18:00:09.776, 1095, 1215, 53.32, 31, 0x0000000000000000
2026/09/29 18:00:10.027, 1095, 1215, 53.32, 31, 0x0000000000000000
2026/09/29 18:00:10.277, 1095, 1215, 53.26, 31, 0x0000000000000000
2026/09/29 18:00:10.527, 1095, 1215, 53.32, 31, 0x0000000000000000
2026/09/29 18:00:10.777, 1095, 1215, 53.32, 31, 0x0000000000000000
2026/09/29 18:00:11.027, 1095, 1215, 53.59, 31, 0x0000000000000000
2026/09/29 18:00:11.277, 1095, 1215, 53.32, 31, 0x0000000000000000
2026/09/29 18:00:11.528, 1095, 1215, 53.32, 31, 0x0000000000000000
2026/09/29 18:00:11.778, 1095, 1215, 53.32, 31, 0x0000000000000000
2026/09/29 18:00:12.028, 1095, 1215, 53.48, 31, 0x0000000000000000
2026/09/29 18:00:12.278, 1095, 1215, 53.48, 31, 0x0000000000000000
2026/09/29 18:00:12.528, 1095, 1215, 53.48, 31, 0x0000000000000000
2026/09/29 18:00:12.778, 1095, 1215, 53.48, 31, 0x0000000000000000
2026/09/29 18:00:13.028, 1095, 1215, 53.54, 31, 0x0000000000000000
2026/09/29 18:00:13.279, 1095, 1215, 53.54, 31, 0x0000000000000000
2026/09/29 18:00:13.529, 1095, 1215, 53.54, 31, 0x0000000000000000
2026/09/29 18:00:13.779, 1095, 1215, 53.54, 31, 0x0000000000000000
2026/09/29 18:00:14.029, 1095, 1215, 53.48, 31, 0x0000000000000000
2026/09/29 18:00:14.279, 1095, 1215, 53.48, 31, 0x0000000000000000
2026/09/29 18:00:14.529, 1095, 1215, 53.54, 31, 0x0000000000000000
2026/09/29 18:00:14.780, 1095, 1215, 53.59, 31, 0x0000000000000000
2026/09/29 18:00:15.030, 1095, 1215, 53.59, 31, 0x0000000000000000
2026/09/29 18:00:15.280, 1095, 1215, 53.87, 31, 0x0000000000000000
2026/09/29 18:00:15.530, 1095, 1215, 53.92, 31, 0x0000000000000000
2026/09/29 18:00:15.780, 1095, 1215, 53.87, 31, 0x0000000000000000
2026/09/29 18:00:16.030, 1095, 1215, 53.92, 31, 0x0000000000000000
2026/09/29 18:00:16.281, 1095, 1215, 53.87, 31, 0x0000000000000000
2026/09/29 18:00:16.531, 1095, 1215, 53.87, 31, 0x0000000000000000
2026/09/29 18:00:16.781, 1095, 1215, 53.92, 31, 0x0000000000000000
2026/09/29 18:00:17.031, 1095, 1215, 53.65, 31, 0x0000000000000000
2026/09/29 18:00:17.281, 1095, 1215, 53.87, 31, 0x0000000000000000
2026/09/29 18:00:17.531, 1095, 1215, 53.92, 31, 0x0000000000000000
2026/09/29 18:00:17.781, 1095, 1215, 53.92, 31, 0x0000000000000000
2026/09/29 18:00:18.032, 1095, 1215, 53.81, 31, 0x0000000000000000
2026/09/29 18:00:18.282, 1095, 1215, 53.87, 31, 0x0000000000000000
2026/09/29 18:00:18.532, 1095, 1215, 53.81, 31, 0x0000000000000000
2026/09/29 18:00:18.782, 1095, 1215, 53.81, 31, 0x0000000000000000
2026/09/29 18:00:19.032, 1095, 1215, 53.54, 31, 0x0000000000000000
2026/09/29 18:00:19.282, 1095, 1215, 53.48, 31, 0x0000000000000000
2026/09/29 18:00:19.533, 1095, 1215, 53.81, 31, 0x0000000000000000
2026/09/29 18:00:19.783, 1095, 1215, 53.48, 31, 0x0000000000000000
2026/09/29 18:00:20.033, 1095, 1215, 53.70, 31, 0x0000000000000000
2026/09/29 18:00:20.283, 1095, 1215, 53.76, 31, 0x0000000000000000
2026/09/29 18:00:20.533, 1095, 1215, 53.76, 31, 0x0000000000000000
2026/09/29 18:00:20.783, 1095, 1215, 53.70, 31, 0x0000000000000000
2026/09/29 18:00:21.033, 1095, 1215, 53.70, 31, 0x0000000000000000
2026/09/29 18:00:21.284, 1095, 1215, 53.43, 31, 0x0000000000000000
2026/09/29 18:00:21.534, 1410, 1215, 62.76, 31, 0x0000000000000000
2026/09/29 18:00:21.784, 1410, 1215, 116.34, 32, 0x0000000000000000
2026/09/29 18:00:22.034, 1410, 1215, 71.20, 32, 0x0000000000000000
2026/09/29 18:00:22.284, 1410, 1215, 71.20, 32, 0x0000000000000000
2026/09/29 18:00:22.534, 1410, 1215, 71.20, 32, 0x0000000000000000
2026/09/29 18:00:22.784, 1410, 1215, 71.20, 32, 0x0000000000000000
2026/09/29 18:00:23.035, 1410, 1215, 71.20, 32, 0x0000000000000000
2026/09/29 18:00:23.285, 1410, 1215, 71.20, 32, 0x0000000000000000
2026/09/29 18:00:23.535, 1095, 1215, 53.59, 31, 0x0000000000000000
2026/09/29 18:00:23.785, 1095, 1215, 53.59, 31, 0x0000000000000000
2026/09/29 18:00:24.035, 1095, 1215, 53.59, 31, 0x0000000000000000
2026/09/29 18:00:24.285, 1095, 1215, 53.59, 31, 0x0000000000000000
2026/09/29 18:00:24.535, 1095, 1215, 53.59, 31, 0x0000000000000000
2026/09/29 18:00:24.786, 1095, 1215, 53.59, 31, 0x0000000000000000
2026/09/29 18:00:25.036, 1095, 1215, 53.59, 31, 0x0000000000000000
2026/09/29 18:00:25.286, 1095, 1215, 53.59, 31, 0x0000000000000000
2026/09/29 18:00:25.536, 1095, 1215, 53.59, 31, 0x0000000000000000
2026/09/29 18:00:25.786, 1095, 1215, 53.59, 31, 0x0000000000000000
2026/09/29 18:00:26.036, 1095, 1215, 53.59, 31, 0x0000000000000000
2026/09/29 18:00:26.287, 1095, 1215, 53.59, 31, 0x0000000000000000
2026/09/29 18:00:26.537, 1095, 1215, 53.59, 31, 0x0000000000000000
2026/09/29 18:00:26.787, 1095, 1215, 53.59, 31, 0x0000000000000000
2026/09/29 18:00:27.037, 1095, 1215, 53.59, 31, 0x0000000000000000
2026/09/29 18:00:27.287, 1095, 1215, 53.59, 31, 0x0000000000000000
2026/09/29 18:00:27.537, 1095, 1215, 53.59, 31, 0x0000000000000000
2026/09/29 18:00:27.788, 1095, 1215, 53.59, 31, 0x0000000000000000
2026/09/29 18:00:28.038, 1410, 1215, 77.90, 32, 0x0000000000000000
2026/09/29 18:00:28.288, 1410, 1215, 180.33, 32, 0x0000000000000000
2026/09/29 18:00:28.538, 1410, 1215, 71.47, 32, 0x0000000000000000
2026/09/29 18:00:28.788, 1410, 1215, 71.47, 32, 0x0000000000000000
2026/09/29 18:00:29.038, 1410, 1215, 76.16, 32, 0x0000000000000000
2026/09/29 18:00:29.289, 1410, 1215, 75.89, 32, 0x0000000000000000
2026/09/29 18:00:29.539, 1410, 1215, 71.20, 32, 0x0000000000000000
2026/09/29 18:00:29.790, 1410, 1215, 71.20, 32, 0x0000000000000000
2026/09/29 18:00:30.041, 1410, 1215, 71.20, 32, 0x0000000000000000
2026/09/29 18:00:30.291, 1095, 1215, 54.19, 32, 0x0000000000000000
2026/09/29 18:00:30.541, 585, 1215, 48.30, 31, 0x0000000000000001
2026/09/29 18:00:30.791, 540, 1215, 48.63, 31, 0x0000000000000001
2026/09/29 18:00:31.041, 450, 1215, 48.30, 31, 0x0000000000000001
2026/09/29 18:00:31.291, 405, 1215, 48.03, 31, 0x0000000000000001
2026/09/29 18:00:31.542, 375, 1215, 48.03, 31, 0x0000000000000001
2026/09/29 18:00:31.792, 345, 1215, 48.03, 31, 0x0000000000000001
2026/09/29 18:00:32.042, 285, 1215, 48.30, 31, 0x0000000000000001
2026/09/29 18:00:32.292, 1095, 1215, 56.54, 31, 0x0000000000000000
2026/09/29 18:00:32.542, 1095, 1215, 53.59, 31, 0x0000000000000000
2026/09/29 18:00:32.793, 1095, 1215, 53.59, 31, 0x0000000000000000
2026/09/29 18:00:33.043, 1095, 1215, 53.92, 31, 0x0000000000000000
2026/09/29 18:00:33.293, 1095, 1215, 53.59, 31, 0x0000000000000000
2026/09/29 18:00:33.548, 1095, 1215, 53.59, 31, 0x0000000000000000
2026/09/29 18:00:33.798, 1095, 1215, 53.59, 31, 0x0000000000000000
2026/09/29 18:00:34.048, 1095, 1215, 53.59, 31, 0x0000000000000000
2026/09/29 18:00:34.299, 1095, 1215, 53.59, 31, 0x0000000000000000
2026/09/29 18:00:34.549, 315, 1215, 48.03, 31, 0x0000000000000001
2026/09/29 18:00:34.799, 1095, 1215, 50.97, 31, 0x0000000000000000
2026/09/29 18:00:35.049, 1095, 1215, 53.59, 31, 0x0000000000000000
2026/09/29 18:00:35.299, 1095, 1215, 54.14, 31, 0x0000000000000000
2026/09/29 18:00:35.549, 1095, 1215, 53.92, 31, 0x0000000000000000
2026/09/29 18:00:35.800, 1095, 1215, 53.92, 31, 0x0000000000000000
2026/09/29 18:00:36.050, 1095, 1215, 53.92, 31, 0x0000000000000000
2026/09/29 18:00:36.300, 1095, 1215, 53.87, 31, 0x0000000000000000
2026/09/29 18:00:36.550, 1095, 1215, 53.92, 31, 0x0000000000000000
2026/09/29 18:00:36.800, 1095, 1215, 53.92, 31, 0x0000000000000000
2026/09/29 18:00:37.050, 1095, 1215, 53.70, 31, 0x0000000000000000
2026/09/29 18:00:37.300, 1095, 1215, 53.76, 31, 0x0000000000000000
2026/09/29 18:00:37.551, 1095, 1215, 53.76, 31, 0x0000000000000000
2026/09/29 18:00:37.801, 1095, 1215, 53.81, 31, 0x0000000000000000
2026/09/29 18:00:38.051, 1095, 1215, 53.81, 34, 0x0000000000000000
2026/09/29 18:00:38.301, 1095, 1215, 54.36, 34, 0x0000000000000000
2026/09/29 18:00:38.551, 1410, 1215, 373.24, 36, 0x0000000000000000
2026/09/29 18:00:38.801, 1365, 1215, 407.55, 42, 0x0000000000000004
2026/09/29 18:00:39.051, 1335, 1215, 403.21, 45, 0x0000000000000004
2026/09/29 18:00:39.302, 1350, 1215, 419.89, 45, 0x0000000000000004
2026/09/29 18:00:39.552, 1335, 1215, 407.03, 47, 0x0000000000000004
2026/09/29 18:00:39.802, 1335, 1215, 391.77, 47, 0x0000000000000004
2026/09/29 18:00:40.052, 1290, 1215, 279.26, 45, 0x0000000000000004
2026/09/29 18:00:40.302, 1305, 1215, 412.32, 48, 0x0000000000000004
2026/09/29 18:00:40.552, 1305, 1215, 404.87, 49, 0x0000000000000004
2026/09/29 18:00:40.802, 1305, 1215, 410.97, 49, 0x0000000000000004
2026/09/29 18:00:41.053, 1365, 1215, 406.61, 47, 0x0000000000000004
2026/09/29 18:00:41.303, 1320, 1215, 397.84, 49, 0x0000000000000004
2026/09/29 18:00:41.553, 1335, 1215, 389.62, 50, 0x0000000000000004
2026/09/29 18:00:41.803, 1320, 1215, 400.64, 50, 0x0000000000000004
2026/09/29 18:00:42.053, 1305, 1215, 386.01, 50, 0x0000000000000004
2026/09/29 18:00:42.303, 1320, 1215, 403.26, 50, 0x0000000000000004
2026/09/29 18:00:42.553, 1305, 1215, 411.47, 51, 0x0000000000000004
2026/09/29 18:00:42.804, 1305, 1215, 401.96, 51, 0x0000000000000004
2026/09/29 18:00:43.054, 1290, 1215, 394.68, 51, 0x0000000000000004
2026/09/29 18:00:43.304, 1290, 1215, 387.68, 51, 0x0000000000000004
2026/09/29 18:00:43.554, 1290, 1215, 413.74, 52, 0x0000000000000004
2026/09/29 18:00:43.804, 1290, 1215, 407.91, 52, 0x0000000000000004
2026/09/29 18:00:44.054, 1305, 1215, 415.10, 52, 0x0000000000000004
2026/09/29 18:00:44.304, 1290, 1215, 386.00, 51, 0x0000000000000004
2026/09/29 18:00:44.555, 1395, 1215, 269.55, 50, 0x0000000000000004
2026/09/29 18:00:44.805, 1410, 1215, 76.13, 44, 0x0000000000000000
2026/09/29 18:00:45.055, 1410, 1215, 74.92, 40, 0x0000000000000000
2026/09/29 18:00:45.305, 1410, 1215, 73.97, 39, 0x0000000000000000
2026/09/29 18:00:45.555, 1410, 1215, 76.59, 38, 0x0000000000000000
2026/09/29 18:00:45.806, 1410, 1215, 73.37, 38, 0x0000000000000000
2026/09/29 18:00:46.056, 1410, 1215, 73.02, 37, 0x0000000000000000
2026/09/29 18:00:46.307, 1410, 1215, 73.02, 37, 0x0000000000000000
2026/09/29 18:00:46.557, 1410, 1215, 72.75, 37, 0x0000000000000000
2026/09/29 18:00:46.807, 1410, 1215, 72.67, 37, 0x0000000000000000
2026/09/29 18:00:47.057, 1410, 1215, 72.67, 37, 0x0000000000000000
2026/09/29 18:00:47.307, 1410, 1215, 72.67, 36, 0x0000000000000000
2026/09/29 18:00:47.557, 285, 1215, 72.87, 36, 0x0000000000000001
2026/09/29 18:00:47.807, 270, 1215, 49.78, 36, 0x0000000000000001
2026/09/29 18:00:48.058, 240, 1215, 49.50, 35, 0x0000000000000001
2026/09/29 18:00:48.308, 210, 1215, 49.45, 35, 0x0000000000000001
2026/09/29 18:00:48.558, 210, 1215, 49.18, 35, 0x0000000000000001
2026/09/29 18:00:48.808, 210, 1215, 49.50, 35, 0x0000000000000001
2026/09/29 18:00:49.058, 210, 1215, 49.18, 35, 0x0000000000000001
2026/09/29 18:00:49.308, 210, 1215, 49.23, 35, 0x0000000000000001
2026/09/29 18:00:49.558, 210, 1215, 49.18, 35, 0x0000000000000001
2026/09/29 18:00:49.809, 210, 1215, 49.18, 34, 0x0000000000000001
2026/09/29 18:00:50.059, 210, 1215, 49.23, 34, 0x0000000000000001
2026/09/29 18:00:50.309, 210, 1215, 49.23, 34, 0x0000000000000001
2026/09/29 18:00:50.559, 210, 1215, 49.18, 34, 0x0000000000000001
2026/09/29 18:00:50.809, 1095, 1215, 49.23, 34, 0x0000000000000001
2026/09/29 18:00:51.059, 1095, 1215, 55.06, 34, 0x0000000000000000
2026/09/29 18:00:51.309, 1095, 1215, 54.41, 34, 0x0000000000000000
2026/09/29 18:00:51.561, 1095, 1215, 54.46, 34, 0x0000000000000000
2026/09/29 18:00:51.812, 1095, 1215, 54.41, 34, 0x0000000000000000
2026/09/29 18:00:52.062, 1095, 1215, 55.00, 34, 0x0000000000000000
2026/09/29 18:00:52.312, 1095, 1215, 55.06, 34, 0x0000000000000000
2026/09/29 18:00:52.562, 1095, 1215, 55.61, 34, 0x0000000000000000
2026/09/29 18:00:52.812, 1095, 1215, 55.28, 34, 0x0000000000000000
2026/09/29 18:00:53.062, 1095, 1215, 55.06, 34, 0x0000000000000000
2026/09/29 18:00:53.313, 1095, 1215, 55.06, 34, 0x0000000000000000
2026/09/29 18:00:53.563, 1095, 1215, 54.41, 34, 0x0000000000000000
2026/09/29 18:00:53.813, 1095, 1215, 55.06, 34, 0x0000000000000000
2026/09/29 18:00:54.063, 1095, 1215, 54.79, 34, 0x0000000000000000
2026/09/29 18:00:54.313, 1095, 1215, 55.28, 34, 0x0000000000000000
2026/09/29 18:00:54.563, 1095, 1215, 54.46, 34, 0x0000000000000000
2026/09/29 18:00:54.813, 1095, 1215, 54.41, 34, 0x0000000000000000
2026/09/29 18:00:55.064, 1095, 1215, 55.00, 34, 0x0000000000000000
2026/09/29 18:00:55.314, 1095, 1215, 54.19, 34, 0x0000000000000000
2026/09/29 18:00:55.564, 1095, 1215, 54.14, 34, 0x0000000000000000
2026/09/29 18:00:55.814, 1095, 1215, 54.19, 34, 0x0000000000000000
2026/09/29 18:00:56.064, 1095, 1215, 54.19, 34, 0x0000000000000000
2026/09/29 18:00:56.314, 1095, 1215, 54.14, 34, 0x0000000000000000
2026/09/29 18:00:56.565, 1095, 1215, 54.19, 33, 0x0000000000000000
2026/09/29 18:00:56.815, 1095, 1215, 54.09, 33, 0x0000000000000000
2026/09/29 18:00:57.065, 1095, 1215, 87.79, 34, 0x0000000000000000
2026/09/29 18:00:57.315, 1350, 1215, 84.33, 34, 0x0000000000000000
2026/09/29 18:00:57.565, 1410, 1215, 119.93, 35, 0x0000000000000000
2026/09/29 18:00:57.815, 1410, 1215, 131.68, 36, 0x0000000000000000
2026/09/29 18:00:58.066, 1410, 1215, 130.62, 36, 0x0000000000000000
2026/09/29 18:00:58.316, 1410, 1215, 129.88, 36, 0x0000000000000000
2026/09/29 18:00:58.566, 1410, 1215, 130.49, 36, 0x0000000000000000
2026/09/29 18:00:58.816, 1410, 1215, 357.30, 42, 0x0000000000000000
2026/09/29 18:00:59.066, 1410, 1215, 361.62, 45, 0x0000000000000000
2026/09/29 18:00:59.316, 1410, 1215, 360.14, 46, 0x0000000000000000
2026/09/29 18:00:59.567, 1410, 1215, 360.42, 43, 0x0000000000000000
2026/09/29 18:00:59.817, 1410, 1215, 388.48, 47, 0x0000000000000000
2026/09/29 18:01:00.067, 1410, 1215, 398.12, 48, 0x0000000000000000
2026/09/29 18:01:00.317, 1410, 1215, 374.04, 49, 0x0000000000000000
2026/09/29 18:01:00.567, 1410, 1215, 393.90, 49, 0x0000000000000000
2026/09/29 18:01:00.817, 1410, 1215, 397.71, 51, 0x0000000000000000
2026/09/29 18:01:01.068, 1410, 1215, 408.38, 51, 0x0000000000000000
2026/09/29 18:01:01.318, 1395, 1215, 389.09, 51, 0x0000000000000004
2026/09/29 18:01:01.568, 1395, 1215, 391.15, 51, 0x0000000000000004
2026/09/29 18:01:01.818, 1410, 1215, 401.37, 51, 0x0000000000000000
2026/09/29 18:01:02.068, 1410, 1215, 405.77, 52, 0x0000000000000000
2026/09/29 18:01:02.319, 1395, 1215, 418.93, 52, 0x0000000000000004
2026/09/29 18:01:02.569, 1365, 1215, 381.05, 52, 0x0000000000000004
2026/09/29 18:01:02.819, 1395, 1215, 412.78, 52, 0x0000000000000004
2026/09/29 18:01:03.069, 1380, 1215, 397.89, 52, 0x0000000000000004
2026/09/29 18:01:03.319, 1395, 1215, 415.71, 53, 0x0000000000000004
2026/09/29 18:01:03.569, 1380, 1215, 402.57, 53, 0x0000000000000004
2026/09/29 18:01:03.820, 1380, 1215, 382.20, 53, 0x0000000000000004
2026/09/29 18:01:04.070, 1395, 1215, 399.03, 53, 0x0000000000000004
2026/09/29 18:01:04.320, 1380, 1215, 416.86, 53, 0x0000000000000004
2026/09/29 18:01:04.570, 1395, 1215, 401.09, 53, 0x0000000000000004
2026/09/29 18:01:04.820, 1380, 1215, 400.77, 54, 0x0000000000000004
2026/09/29 18:01:05.070, 1380, 1215, 395.83, 54, 0x0000000000000004
2026/09/29 18:01:05.321, 1395, 1215, 398.44, 54, 0x0000000000000004
2026/09/29 18:01:05.571, 1380, 1215, 392.89, 54, 0x0000000000000004
2026/09/29 18:01:05.821, 1380, 1215, 408.11, 54, 0x0000000000000004
2026/09/29 18:01:06.071, 1380, 1215, 380.46, 54, 0x0000000000000004
2026/09/29 18:01:06.321, 1365, 1215, 402.65, 55, 0x0000000000000004
2026/09/29 18:01:06.571, 1395, 1215, 398.53, 55, 0x0000000000000004
2026/09/29 18:01:06.822, 1395, 1215, 402.62, 55, 0x0000000000000004
2026/09/29 18:01:07.072, 1380, 1215, 391.22, 55, 0x0000000000000004
2026/09/29 18:01:07.322, 1395, 1215, 439.71, 56, 0x0000000000000004
2026/09/29 18:01:07.572, 1395, 1215, 428.24, 56, 0x0000000000000004
2026/09/29 18:01:07.822, 1380, 1215, 409.02, 56, 0x0000000000000004
2026/09/29 18:01:08.073, 1395, 1215, 420.49, 56, 0x0000000000000004
2026/09/29 18:01:08.323, 1395, 1215, 425.62, 56, 0x0000000000000004
2026/09/29 18:01:08.573, 1395, 1215, 400.50, 57, 0x0000000000000004
2026/09/29 18:01:08.823, 1395, 1215, 438.56, 57, 0x0000000000000004
2026/09/29 18:01:09.073, 1395, 1215, 423.55, 57, 0x0000000000000004
2026/09/29 18:01:09.323, 1380, 1215, 408.93, 57, 0x0000000000000004
2026/09/29 18:01:09.574, 1395, 1215, 447.95, 57, 0x0000000000000004
2026/09/29 18:01:09.824, 1380, 1215, 429.72, 57, 0x0000000000000004
2026/09/29 18:01:10.074, 1380, 1215, 425.89, 57, 0x0000000000000004
2026/09/29 18:01:10.324, 1335, 1215, 376.95, 56, 0x0000000000000004
2026/09/29 18:01:10.574, 1365, 1215, 382.99, 56, 0x0000000000000004
2026/09/29 18:01:10.824, 1380, 1215, 397.33, 57, 0x0000000000000004
2026/09/29 18:01:11.075, 1380, 1215, 453.05, 57, 0x0000000000000004
2026/09/29 18:01:11.325, 1380, 1215, 429.00, 58, 0x0000000000000004
2026/09/29 18:01:11.575, 1380, 1215, 417.88, 57, 0x0000000000000004
2026/09/29 18:01:11.825, 1350, 1215, 369.52, 57, 0x0000000000000004
2026/09/29 18:01:12.075, 1365, 1215, 380.53, 57, 0x0000000000000004
2026/09/29 18:01:12.325, 1380, 1215, 412.32, 57, 0x0000000000000004
2026/09/29 18:01:12.576, 1365, 1215, 432.37, 58, 0x0000000000000004
2026/09/29 18:01:12.826, 1380, 1215, 426.82, 58, 0x0000000000000004
2026/09/29 18:01:13.076, 1380, 1215, 425.02, 58, 0x0000000000000004
2026/09/29 18:01:13.326, 1410, 1215, 82.68, 48, 0x0000000000000000
2026/09/29 18:01:13.576, 1410, 1215, 80.66, 46, 0x0000000000000000
2026/09/29 18:01:13.826, 1410, 1215, 78.59, 45, 0x0000000000000000
2026/09/29 18:01:14.076, 1410, 1215, 78.23, 44, 0x0000000000000000
2026/09/29 18:01:14.327, 1410, 1215, 78.31, 43, 0x0000000000000000
2026/09/29 18:01:14.577, 1410, 1215, 77.44, 43, 0x0000000000000000
2026/09/29 18:01:14.827, 1410, 1215, 77.44, 43, 0x0000000000000000
2026/09/29 18:01:15.077, 1095, 1215, 58.34, 42, 0x0000000000000000
2026/09/29 18:01:15.327, 1095, 1215, 58.34, 41, 0x0000000000000000
2026/09/29 18:01:15.577, 1095, 1215, 58.01, 41, 0x0000000000000000
2026/09/29 18:01:15.828, 1095, 1215, 57.74, 41, 0x0000000000000000
2026/09/29 18:01:16.078, 1095, 1215, 57.74, 41, 0x0000000000000000
2026/09/29 18:01:16.328, 1095, 1215, 57.68, 40, 0x0000000000000000
2026/09/29 18:01:16.578, 1095, 1215, 57.74, 40, 0x0000000000000000
2026/09/29 18:01:16.828, 1095, 1215, 57.68, 40, 0x0000000000000000
2026/09/29 18:01:17.078, 1095, 1215, 57.47, 40, 0x0000000000000000
2026/09/29 18:01:17.329, 1095, 1215, 57.47, 40, 0x0000000000000000
2026/09/29 18:01:17.579, 1095, 1215, 57.41, 40, 0x0000000000000000
2026/09/29 18:01:17.829, 1095, 1215, 57.19, 40, 0x0000000000000000
2026/09/29 18:01:18.079, 1095, 1215, 57.19, 39, 0x0000000000000000
2026/09/29 18:01:18.329, 1095, 1215, 57.13, 39, 0x0000000000000000
2026/09/29 18:01:18.579, 1095, 1215, 57.19, 39, 0x0000000000000000
2026/09/29 18:01:18.830, 1095, 1215, 57.19, 39, 0x0000000000000000
2026/09/29 18:01:19.080, 1095, 1215, 57.19, 39, 0x0000000000000000
2026/09/29 18:01:19.330, 1095, 1215, 56.87, 39, 0x0000000000000000
2026/09/29 18:01:19.580, 1095, 1215, 56.87, 39, 0x0000000000000000
2026/09/29 18:01:19.830, 1095, 1215, 56.87, 39, 0x0000000000000000
2026/09/29 18:01:20.080, 1095, 1215, 57.47, 39, 0x0000000000000000
2026/09/29 18:01:20.331, 1095, 1215, 56.60, 38, 0x0000000000000000
2026/09/29 18:01:20.581, 1095, 1215, 56.60, 38, 0x0000000000000000
2026/09/29 18:01:20.831, 1095, 1215, 56.60, 38, 0x0000000000000000
2026/09/29 18:01:21.081, 1095, 1215, 56.54, 38, 0x0000000000000000
2026/09/29 18:01:21.331, 1095, 1215, 56.60, 38, 0x0000000000000000
2026/09/29 18:01:21.581, 1095, 1215, 56.60, 38, 0x0000000000000000
2026/09/29 18:01:21.832, 1095, 1215, 56.32, 38, 0x0000000000000000
2026/09/29 18:01:22.082, 1095, 1215, 56.32, 38, 0x0000000000000000
2026/09/29 18:01:22.332, 1095, 1215, 56.32, 38, 0x0000000000000000
2026/09/29 18:01:22.582, 1095, 1215, 56.32, 38, 0x0000000000000000
2026/09/29 18:01:22.832, 1095, 1215, 56.32, 38, 0x0000000000000000
2026/09/29 18:01:23.082, 1095, 1215, 56.26, 38, 0x0000000000000000
2026/09/29 18:01:23.333, 1095, 1215, 56.32, 37, 0x0000000000000000
2026/09/29 18:01:23.583, 1095, 1215, 56.32, 37, 0x0000000000000000
2026/09/29 18:01:23.833, 1095, 1215, 56.26, 37, 0x0000000000000000
2026/09/29 18:01:24.083, 1095, 1215, 55.99, 37, 0x0000000000000000
2026/09/29 18:01:24.333, 1095, 1215, 55.99, 37, 0x0000000000000000
2026/09/29 18:01:24.583, 1095, 1215, 55.99, 37, 0x0000000000000000
2026/09/29 18:01:24.833, 1410, 1215, 75.64, 37, 0x0000000000000000
2026/09/29 18:01:25.084, 1410, 1215, 76.51, 38, 0x0000000000000000
2026/09/29 18:01:25.334, 1410, 1215, 91.97, 39, 0x0000000000000000
2026/09/29 18:01:25.584, 1410, 1215, 90.92, 39, 0x0000000000000000
2026/09/29 18:01:25.834, 1410, 1215, 160.29, 41, 0x0000000000000000
2026/09/29 18:01:26.084, 1410, 1215, 146.82, 41, 0x0000000000000000
2026/09/29 18:01:26.334, 1410, 1215, 154.39, 41, 0x0000000000000000
2026/09/29 18:01:26.585, 1410, 1215, 161.15, 40, 0x0000000000000000
2026/09/29 18:01:26.835, 1410, 1215, 150.03, 40, 0x0000000000000000
2026/09/29 18:01:27.085, 1410, 1215, 148.83, 41, 0x0000000000000000
2026/09/29 18:01:27.335, 1410, 1215, 143.00, 41, 0x0000000000000000
2026/09/29 18:01:27.585, 1410, 1215, 159.95, 41, 0x0000000000000000
2026/09/29 18:01:27.835, 1410, 1215, 142.40, 41, 0x0000000000000000
2026/09/29 18:01:28.085, 1410, 1215, 142.13, 40, 0x0000000000000000
2026/09/29 18:01:28.336, 1410, 1215, 113.39, 41, 0x0000000000000000
2026/09/29 18:01:28.586, 1410, 1215, 157.34, 41, 0x0000000000000000
2026/09/29 18:01:28.836, 1410, 1215, 136.51, 41, 0x0000000000000000
2026/09/29 18:01:29.086, 1410, 1215, 132.29, 41, 0x0000000000000000
2026/09/29 18:01:29.336, 1410, 1215, 74.50, 39, 0x0000000000000000
2026/09/29 18:01:29.586, 1410, 1215, 74.09, 38, 0x0000000000000000
2026/09/29 18:01:29.836, 1410, 1215, 73.89, 38, 0x0000000000000000
2026/09/29 18:01:30.087, 1410, 1215, 73.82, 38, 0x0000000000000000
2026/09/29 18:01:30.337, 1410, 1215, 73.62, 38, 0x0000000000000000
2026/09/29 18:01:30.587, 1410, 1215, 73.62, 38, 0x0000000000000000
2026/09/29 18:01:30.837, 1410, 1215, 121.91, 39, 0x0000000000000000
2026/09/29 18:01:31.087, 1410, 1215, 123.17, 39, 0x0000000000000000
2026/09/29 18:01:31.337, 1410, 1215, 124.79, 39, 0x0000000000000000
2026/09/29 18:01:31.588, 1410, 1215, 122.77, 39, 0x0000000000000000
2026/09/29 18:01:31.838, 1410, 1215, 127.47, 39, 0x0000000000000000
2026/09/29 18:01:32.088, 1410, 1215, 126.00, 39, 0x0000000000000000
2026/09/29 18:01:32.338, 1410, 1215, 360.64, 46, 0x0000000000000000
2026/09/29 18:01:32.588, 1410, 1215, 360.05, 48, 0x0000000000000000
2026/09/29 18:01:32.838, 1410, 1215, 358.21, 48, 0x0000000000000000
2026/09/29 18:01:33.089, 1410, 1215, 361.52, 49, 0x0000000000000000
2026/09/29 18:01:33.339, 1410, 1215, 371.97, 50, 0x0000000000000000
2026/09/29 18:01:33.589, 1410, 1215, 371.70, 50, 0x0000000000000000
2026/09/29 18:01:33.839, 1410, 1215, 345.99, 51, 0x0000000000000000
2026/09/29 18:01:34.089, 1410, 1215, 371.48, 51, 0x0000000000000000
2026/09/29 18:01:34.339, 1410, 1215, 392.16, 52, 0x0000000000000000
2026/09/29 18:01:34.589, 1410, 1215, 392.75, 52, 0x0000000000000000
2026/09/29 18:01:34.840, 1410, 1215, 395.09, 53, 0x0000000000000000
2026/09/29 18:01:35.090, 1410, 1215, 390.41, 53, 0x0000000000000000
2026/09/29 18:01:35.340, 1410, 1215, 389.21, 53, 0x0000000000000000
2026/09/29 18:01:35.590, 1410, 1215, 396.51, 53, 0x0000000000000000
2026/09/29 18:01:35.840, 1410, 1215, 393.90, 54, 0x0000000000000000
2026/09/29 18:01:36.091, 1410, 1215, 388.15, 54, 0x0000000000000000
2026/09/29 18:01:36.341, 1380, 1215, 392.75, 54, 0x0000000000000004
2026/09/29 18:01:36.591, 1380, 1215, 404.99, 55, 0x0000000000000004
2026/09/29 18:01:36.841, 1395, 1215, 405.87, 55, 0x0000000000000004
2026/09/29 18:01:37.091, 1380, 1215, 398.30, 55, 0x0000000000000004
2026/09/29 18:01:37.341, 1395, 1215, 404.99, 55, 0x0000000000000004
2026/09/29 18:01:37.592, 1395, 1215, 412.01, 55, 0x0000000000000004
2026/09/29 18:01:37.842, 1380, 1215, 404.45, 55, 0x0000000000000004
2026/09/29 18:01:38.093, 1395, 1215, 385.81, 55, 0x0000000000000004
2026/09/29 18:01:38.343, 1395, 1215, 408.53, 56, 0x0000000000000004
2026/09/29 18:01:38.593, 1380, 1215, 407.07, 56, 0x0000000000000004
2026/09/29 18:01:38.843, 1380, 1215, 362.99, 56, 0x0000000000000004
2026/09/29 18:01:39.093, 1380, 1215, 397.43, 56, 0x0000000000000004
2026/09/29 18:01:39.343, 1380, 1215, 391.28, 56, 0x0000000000000004
2026/09/29 18:01:39.593, 1395, 1215, 412.88, 56, 0x0000000000000004
2026/09/29 18:01:39.844, 1380, 1215, 391.28, 56, 0x0000000000000004
2026/09/29 18:01:40.094, 1335, 1215, 389.21, 56, 0x0000000000000004
2026/09/29 18:01:40.344, 1395, 1215, 414.95, 57, 0x0000000000000004
2026/09/29 18:01:40.594, 1365, 1215, 401.51, 57, 0x0000000000000004
2026/09/29 18:01:40.844, 1395, 1215, 409.13, 57, 0x0000000000000004
2026/09/29 18:01:41.094, 1350, 1215, 384.34, 57, 0x0000000000000004
2026/09/29 18:01:41.345, 1395, 1215, 396.24, 57, 0x0000000000000004
2026/09/29 18:01:41.595, 1365, 1215, 398.30, 57, 0x0000000000000004
2026/09/29 18:01:41.845, 1395, 1215, 403.52, 58, 0x0000000000000004
2026/09/29 18:01:42.095, 1365, 1215, 395.64, 57, 0x0000000000000004
2026/09/29 18:01:42.345, 1380, 1215, 414.95, 58, 0x0000000000000004
2026/09/29 18:01:42.595, 1365, 1215, 396.51, 58, 0x0000000000000004
2026/09/29 18:01:42.845, 1395, 1215, 392.75, 58, 0x0000000000000004
2026/09/29 18:01:43.096, 1350, 1215, 410.00, 58, 0x0000000000000004
2026/09/29 18:01:43.346, 1365, 1215, 397.98, 58, 0x0000000000000004
2026/09/29 18:01:43.596, 1365, 1215, 402.11, 58, 0x0000000000000004
2026/09/29 18:01:43.846, 1365, 1215, 411.47, 58, 0x0000000000000004
2026/09/29 18:01:44.096, 1380, 1215, 402.38, 58, 0x0000000000000004
2026/09/29 18:01:44.346, 1365, 1215, 390.69, 58, 0x0000000000000004
2026/09/29 18:01:44.596, 1350, 1215, 388.62, 58, 0x0000000000000004
2026/09/29 18:01:44.846, 1380, 1215, 394.17, 59, 0x0000000000000004
2026/09/29 18:01:45.097, 1365, 1215, 407.66, 59, 0x0000000000000004
2026/09/29 18:01:45.347, 1350, 1215, 384.81, 58, 0x0000000000000004
2026/09/29 18:01:45.597, 1365, 1215, 403.52, 58, 0x0000000000000004
2026/09/29 18:01:45.847, 1350, 1215, 407.07, 59, 0x0000000000000004
2026/09/29 18:01:46.097, 1380, 1215, 403.52, 59, 0x0000000000000004
2026/09/29 18:01:46.347, 1365, 1215, 403.85, 59, 0x0000000000000004
2026/09/29 18:01:46.598, 1350, 1215, 395.64, 59, 0x0000000000000004
2026/09/29 18:01:46.848, 1380, 1215, 400.91, 59, 0x0000000000000004
2026/09/29 18:01:47.098, 1365, 1215, 396.51, 59, 0x0000000000000004
2026/09/29 18:01:47.348, 1365, 1215, 391.50, 59, 0x0000000000000004
2026/09/29 18:01:47.598, 1395, 1215, 411.39, 58, 0x0000000000000004
2026/09/29 18:01:47.848, 1410, 1215, 368.16, 58, 0x0000000000000000
2026/09/29 18:01:48.098, 1410, 1215, 373.24, 58, 0x0000000000000000
2026/09/29 18:01:48.349, 1410, 1215, 364.11, 57, 0x0000000000000000
2026/09/29 18:01:48.599, 1410, 1215, 361.86, 58, 0x0000000000000000
2026/09/29 18:01:48.849, 1410, 1215, 371.16, 58, 0x0000000000000000
2026/09/29 18:01:49.099, 1410, 1215, 385.61, 59, 0x0000000000000000
2026/09/29 18:01:49.349, 1410, 1215, 387.48, 58, 0x0000000000000000
2026/09/29 18:01:49.599, 1410, 1215, 375.57, 59, 0x0000000000000000
2026/09/29 18:01:49.850, 1395, 1215, 395.59, 59, 0x0000000000000004
2026/09/29 18:01:50.100, 1410, 1215, 390.89, 60, 0x0000000000000004
2026/09/29 18:01:50.350, 1395, 1215, 398.39, 60, 0x0000000000000004
2026/09/29 18:01:50.600, 1395, 1215, 392.83, 60, 0x0000000000000004
2026/09/29 18:01:50.850, 1395, 1215, 407.33, 60, 0x0000000000000004
2026/09/29 18:01:51.100, 1395, 1215, 398.16, 60, 0x0000000000000004
2026/09/29 18:01:51.350, 1395, 1215, 378.12, 60, 0x0000000000000004
2026/09/29 18:01:51.601, 1395, 1215, 380.46, 60, 0x0000000000000004
2026/09/29 18:01:51.851, 1380, 1215, 407.78, 61, 0x0000000000000004
2026/09/29 18:01:52.101, 1365, 1215, 399.90, 60, 0x0000000000000004
2026/09/29 18:01:52.351, 1365, 1215, 404.75, 61, 0x0000000000000004
2026/09/29 18:01:52.601, 1365, 1215, 383.55, 60, 0x0000000000000004
2026/09/29 18:01:52.851, 1365, 1215, 394.36, 60, 0x0000000000000004
2026/09/29 18:01:53.101, 1380, 1215, 405.03, 61, 0x0000000000000004
2026/09/29 18:01:53.351, 1365, 1215, 385.01, 61, 0x0000000000000004
2026/09/29 18:01:53.602, 1380, 1215, 407.78, 61, 0x0000000000000004
2026/09/29 18:01:53.852, 1365, 1215, 415.98, 61, 0x0000000000000004
2026/09/29 18:01:54.102, 1380, 1215, 404.90, 61, 0x0000000000000004
2026/09/29 18:01:54.352, 1380, 1215, 388.22, 61, 0x0000000000000004
2026/09/29 18:01:54.602, 1365, 1215, 395.42, 61, 0x0000000000000004
2026/09/29 18:01:54.852, 1365, 1215, 387.07, 61, 0x0000000000000004
2026/09/29 18:01:55.103, 1380, 1215, 407.24, 61, 0x0000000000000004
2026/09/29 18:01:55.353, 1380, 1215, 404.15, 61, 0x0000000000000004
2026/09/29 18:01:55.603, 1350, 1215, 389.09, 61, 0x0000000000000004
2026/09/29 18:01:55.853, 1350, 1215, 408.11, 62, 0x0000000000000004
2026/09/29 18:01:56.103, 1350, 1215, 384.61, 61, 0x0000000000000004
2026/09/29 18:01:56.353, 1350, 1215, 420.93, 61, 0x0000000000000004
2026/09/29 18:01:56.603, 1365, 1215, 368.98, 61, 0x0000000000000004
2026/09/29 18:01:56.854, 1335, 1215, 405.94, 62, 0x0000000000000004
2026/09/29 18:01:57.104, 1380, 1215, 392.62, 61, 0x0000000000000004
2026/09/29 18:01:57.354, 1350, 1215, 400.68, 62, 0x0000000000000004
2026/09/29 18:01:57.604, 1380, 1215, 392.21, 62, 0x0000000000000004
2026/09/29 18:01:57.854, 1350, 1215, 369.84, 61, 0x0000000000000004
2026/09/29 18:01:58.104, 1380, 1215, 419.62, 62, 0x0000000000000004
2026/09/29 18:01:58.355, 1365, 1215, 387.34, 62, 0x0000000000000004
2026/09/29 18:01:58.605, 1350, 1215, 424.30, 62, 0x0000000000000004
2026/09/29 18:01:58.855, 1380, 1215, 404.48, 62, 0x0000000000000004
2026/09/29 18:01:59.105, 1350, 1215, 411.58, 62, 0x0000000000000004
2026/09/29 18:01:59.355, 1350, 1215, 423.60, 62, 0x0000000000000004
2026/09/29 18:01:59.605, 1365, 1215, 379.47, 62, 0x0000000000000004
2026/09/29 18:01:59.856, 1350, 1215, 404.57, 62, 0x0000000000000004
2026/09/29 18:02:00.106, 1380, 1215, 417.62, 62, 0x0000000000000004
2026/09/29 18:02:00.356, 1350, 1215, 384.94, 62, 0x0000000000000004
2026/09/29 18:02:00.606, 1380, 1215, 404.03, 63, 0x0000000000000004
2026/09/29 18:02:00.856, 1380, 1215, 380.94, 63, 0x0000000000000004
2026/09/29 18:02:01.106, 1350, 1215, 412.35, 62, 0x0000000000000004
2026/09/29 18:02:01.356, 1365, 1215, 395.55, 63, 0x0000000000000004
2026/09/29 18:02:01.607, 1365, 1215, 431.03, 63, 0x0000000000000004
2026/09/29 18:02:01.857, 1350, 1215, 420.82, 63, 0x0000000000000004
2026/09/29 18:02:02.107, 1350, 1215, 374.20, 62, 0x0000000000000004
2026/09/29 18:02:02.357, 1350, 1215, 400.68, 62, 0x0000000000000004
2026/09/29 18:02:02.607, 1380, 1215, 401.55, 63, 0x0000000000000004
2026/09/29 18:02:02.857, 1350, 1215, 385.61, 62, 0x0000000000000004
2026/09/29 18:02:03.108, 1395, 1215, 403.61, 59, 0x0000000000000004
2026/09/29 18:02:03.358, 1410, 1215, 87.52, 52, 0x0000000000000000
2026/09/29 18:02:03.608, 1410, 1215, 85.72, 51, 0x0000000000000000
2026/09/29 18:02:03.858, 1410, 1215, 83.71, 50, 0x0000000000000000
2026/09/29 18:02:04.108, 1410, 1215, 88.66, 50, 0x0000000000000000
2026/09/29 18:02:04.358, 1410, 1215, 85.45, 49, 0x0000000000000000
2026/09/29 18:02:04.608, 1410, 1215, 83.71, 48, 0x0000000000000000
2026/09/29 18:02:04.859, 1410, 1215, 81.64, 48, 0x0000000000000000
2026/09/29 18:02:05.109, 1410, 1215, 81.37, 48, 0x0000000000000000
2026/09/29 18:02:05.359, 1410, 1215, 81.37, 47, 0x0000000000000000
2026/09/29 18:02:05.609, 1410, 1215, 81.04, 47, 0x0000000000000001
2026/09/29 18:02:05.859, 1410, 1215, 86.65, 47, 0x0000000000000000
2026/09/29 18:02:06.109, 1410, 1215, 81.96, 47, 0x0000000000000000
2026/09/29 18:02:06.360, 1095, 1215, 61.16, 46, 0x0000000000000000
2026/09/29 18:02:06.610, 1095, 1215, 61.22, 46, 0x0000000000000000
2026/09/29 18:02:06.860, 1410, 1215, 79.29, 46, 0x0000000000000000
2026/09/29 18:02:07.110, 1410, 1215, 79.29, 46, 0x0000000000000000
2026/09/29 18:02:07.360, 1410, 1215, 79.29, 46, 0x0000000000000000
2026/09/29 18:02:07.610, 1410, 1215, 79.02, 46, 0x0000000000000000
2026/09/29 18:02:07.860, 1410, 1215, 78.70, 45, 0x0000000000000000
2026/09/29 18:02:08.110, 1410, 1215, 78.70, 45, 0x0000000000000000
2026/09/29 18:02:08.361, 1410, 1215, 78.43, 45, 0x0000000000000000
2026/09/29 18:02:08.611, 1095, 1215, 59.75, 45, 0x0000000000000000
2026/09/29 18:02:08.861, 1095, 1215, 59.09, 44, 0x0000000000000000
2026/09/29 18:02:09.111, 1095, 1215, 59.15, 44, 0x0000000000000000
2026/09/29 18:02:09.361, 1095, 1215, 198.85, 46, 0x0000000000000000
2026/09/29 18:02:09.611, 1095, 1215, 260.87, 47, 0x0000000000000000
2026/09/29 18:02:09.861, 1350, 1215, 374.79, 53, 0x0000000000000004
2026/09/29 18:02:10.112, 1380, 1215, 410.89, 52, 0x0000000000000004
2026/09/29 18:02:10.362, 1335, 1215, 379.47, 56, 0x0000000000000004
2026/09/29 18:02:10.612, 1380, 1215, 320.17, 56, 0x0000000000000004
2026/09/29 18:02:10.862, 1350, 1215, 377.40, 58, 0x0000000000000004
2026/09/29 18:02:11.112, 1320, 1215, 422.29, 58, 0x0000000000000004
2026/09/29 18:02:11.362, 1335, 1215, 408.38, 59, 0x0000000000000004
2026/09/29 18:02:11.613, 1320, 1215, 400.08, 59, 0x0000000000000004
2026/09/29 18:02:11.863, 1320, 1215, 422.13, 59, 0x0000000000000004
2026/09/29 18:02:12.113, 1290, 1215, 364.30, 59, 0x0000000000000004
2026/09/29 18:02:12.363, 1275, 1215, 345.01, 59, 0x0000000000000004
2026/09/29 18:02:12.613, 1320, 1215, 379.74, 60, 0x0000000000000004
2026/09/29 18:02:12.863, 1290, 1215, 403.11, 60, 0x0000000000000004
2026/09/29 18:02:13.114, 1275, 1215, 404.48, 60, 0x0000000000000004
2026/09/29 18:02:13.364, 1275, 1215, 420.39, 60, 0x0000000000000004
2026/09/29 18:02:13.614, 1290, 1215, 396.42, 61, 0x0000000000000004
2026/09/29 18:02:13.864, 1275, 1215, 399.81, 61, 0x0000000000000004
2026/09/29 18:02:14.114, 1305, 1215, 387.67, 60, 0x0000000000000004
2026/09/29 18:02:14.364, 1335, 1215, 294.46, 60, 0x0000000000000004
2026/09/29 18:02:14.615, 1305, 1215, 393.95, 60, 0x0000000000000004
2026/09/29 18:02:14.865, 1290, 1215, 399.36, 61, 0x0000000000000004
2026/09/29 18:02:15.115, 1320, 1215, 377.33, 61, 0x0000000000000004
2026/09/29 18:02:15.365, 1320, 1215, 380.94, 60, 0x0000000000000004
2026/09/29 18:02:15.615, 1305, 1215, 383.27, 61, 0x0000000000000004
2026/09/29 18:02:15.865, 1305, 1215, 389.01, 61, 0x0000000000000004
2026/09/29 18:02:16.116, 1290, 1215, 409.85, 61, 0x0000000000000004
2026/09/29 18:02:16.366, 1290, 1215, 419.03, 61, 0x0000000000000004
2026/09/29 18:02:16.616, 1335, 1215, 403.89, 61, 0x0000000000000004
2026/09/29 18:02:16.866, 1290, 1215, 404.03, 61, 0x0000000000000004
2026/09/29 18:02:17.116, 1290, 1215, 402.42, 61, 0x0000000000000004
2026/09/29 18:02:17.366, 1230, 1215, 411.04, 62, 0x0000000000000004
2026/09/29 18:02:17.617, 1275, 1215, 399.36, 62, 0x0000000000000004
2026/09/29 18:02:17.867, 1290, 1215, 407.36, 62, 0x0000000000000004
2026/09/29 18:02:18.117, 1275, 1215, 406.04, 62, 0x0000000000000004
2026/09/29 18:02:18.367, 1290, 1215, 373.81, 62, 0x0000000000000004
2026/09/29 18:02:18.617, 1260, 1215, 407.36, 62, 0x0000000000000004
2026/09/29 18:02:18.867, 1290, 1215, 397.29, 62, 0x0000000000000004
2026/09/29 18:02:19.118, 1260, 1215, 396.88, 62, 0x0000000000000004
2026/09/29 18:02:19.368, 1290, 1215, 400.68, 62, 0x0000000000000004
2026/09/29 18:02:19.618, 1245, 1215, 396.69, 62, 0x0000000000000004
2026/09/29 18:02:19.868, 1290, 1215, 387.81, 62, 0x0000000000000004
2026/09/29 18:02:20.118, 1275, 1215, 411.31, 62, 0x0000000000000004
2026/09/29 18:02:20.369, 1395, 1215, 267.57, 60, 0x0000000000000004
2026/09/29 18:02:20.619, 1410, 1215, 92.75, 60, 0x0000000000000000
2026/09/29 18:02:20.869, 1410, 1215, 85.72, 52, 0x0000000000000000
2026/09/29 18:02:21.119, 1410, 1215, 85.96, 50, 0x0000000000000000
2026/09/29 18:02:21.369, 1410, 1215, 87.80, 49, 0x0000000000000000
2026/09/29 18:02:21.619, 1410, 1215, 85.18, 49, 0x0000000000000000
2026/09/29 18:02:21.870, 1410, 1215, 81.96, 48, 0x0000000000000000
2026/09/29 18:02:22.121, 1410, 1215, 81.37, 48, 0x0000000000000000
2026/09/29 18:02:22.372, 1410, 1215, 80.49, 47, 0x0000000000000000
2026/09/29 18:02:22.622, 1410, 1215, 80.49, 47, 0x0000000000000000
2026/09/29 18:02:22.872, 1410, 1215, 80.49, 47, 0x0000000000000000
2026/09/29 18:02:23.122, 1410, 1215, 80.49, 46, 0x0000000000000000
2026/09/29 18:02:23.372, 1410, 1215, 80.17, 46, 0x0000000000000000
2026/09/29 18:02:23.622, 285, 1215, 79.90, 46, 0x0000000000000001
2026/09/29 18:02:23.873, 270, 1215, 53.92, 45, 0x0000000000000001
2026/09/29 18:02:24.123, 240, 1215, 53.53, 45, 0x0000000000000001
2026/09/29 18:02:24.373, 225, 1215, 53.59, 44, 0x0000000000000001
2026/09/29 18:02:24.623, 210, 1215, 53.26, 44, 0x0000000000000001
2026/09/29 18:02:24.873, 210, 1215, 52.94, 44, 0x0000000000000001
2026/09/29 18:02:25.123, 210, 1215, 52.99, 44, 0x0000000000000001
2026/09/29 18:02:25.374, 210, 1215, 52.94, 44, 0x0000000000000001
2026/09/29 18:02:25.624, 210, 1215, 52.67, 43, 0x0000000000000001
2026/09/29 18:02:25.874, 210, 1215, 52.67, 43, 0x0000000000000001
2026/09/29 18:02:26.124, 210, 1215, 53.26, 43, 0x0000000000000001
2026/09/29 18:02:26.374, 210, 1215, 52.72, 43, 0x0000000000000001
2026/09/29 18:02:26.624, 210, 1215, 52.45, 43, 0x0000000000000001
2026/09/29 18:02:26.874, 1095, 1215, 61.16, 43, 0x0000000000000000
2026/09/29 18:02:27.125, 1095, 1215, 58.61, 43, 0x0000000000000000
2026/09/29 18:02:27.376, 1095, 1215, 58.55, 43, 0x0000000000000000
2026/09/29 18:02:27.627, 1095, 1215, 58.55, 42, 0x0000000000000000
2026/09/29 18:02:27.877, 1095, 1215, 58.61, 42, 0x0000000000000000
2026/09/29 18:02:28.127, 1095, 1215, 58.55, 42, 0x0000000000000000
2026/09/29 18:02:28.377, 1095, 1215, 59.09, 42, 0x0000000000000000
2026/09/29 18:02:28.627, 1095, 1215, 58.88, 42, 0x0000000000000000
2026/09/29 18:02:28.877, 1095, 1215, 58.82, 42, 0x0000000000000000
2026/09/29 18:02:29.128, 1095, 1215, 58.55, 42, 0x0000000000000000
2026/09/29 18:02:29.378, 1095, 1215, 58.55, 42, 0x0000000000000000
2026/09/29 18:02:29.628, 1095, 1215, 58.88, 42, 0x0000000000000000
2026/09/29 18:02:29.878, 1095, 1215, 58.82, 41, 0x0000000000000000
2026/09/29 18:02:30.128, 1095, 1215, 58.88, 41, 0x0000000000000000
2026/09/29 18:02:30.379, 1095, 1215, 58.01, 41, 0x0000000000000000
2026/09/29 18:02:30.629, 1095, 1215, 58.82, 41, 0x0000000000000000
2026/09/29 18:02:30.879, 1095, 1215, 58.82, 41, 0x0000000000000000
2026/09/29 18:02:31.129, 1095, 1215, 57.62, 41, 0x0000000000000000
2026/09/29 18:02:31.379, 1095, 1215, 58.55, 41, 0x0000000000000000
2026/09/29 18:02:31.629, 1095, 1215, 58.55, 41, 0x0000000000000000
2026/09/29 18:02:31.880, 1095, 1215, 57.62, 41, 0x0000000000000000
2026/09/29 18:02:32.130, 1095, 1215, 58.61, 41, 0x0000000000000000
2026/09/29 18:02:32.380, 1095, 1215, 58.88, 41, 0x0000000000000000
2026/09/29 18:02:32.630, 1095, 1215, 57.62, 40, 0x0000000000000000
2026/09/29 18:02:32.880, 1095, 1215, 58.01, 40, 0x0000000000000000
2026/09/29 18:02:33.130, 1095, 1215, 57.62, 40, 0x0000000000000000
2026/09/29 18:02:33.381, 1095, 1215, 57.35, 40, 0x0000000000000000
2026/09/29 18:02:33.631, 1095, 1215, 58.28, 40, 0x0000000000000000
2026/09/29 18:02:33.881, 1095, 1215, 57.35, 40, 0x0000000000000000
2026/09/29 18:02:34.131, 1095, 1215, 57.41, 40, 0x0000000000000000
2026/09/29 18:02:34.381, 1095, 1215, 57.13, 40, 0x0000000000000000
2026/09/29 18:02:34.632, 1095, 1215, 57.08, 40, 0x0000000000000000
2026/09/29 18:02:34.882, 1095, 1215, 116.50, 40, 0x0000000000000000
2026/09/29 18:02:35.132, 1410, 1215, 173.29, 42, 0x0000000000000000
2026/09/29 18:02:35.382, 1410, 1215, 175.46, 43, 0x0000000000000000
2026/09/29 18:02:35.632, 1410, 1215, 174.17, 43, 0x0000000000000000
2026/09/29 18:02:35.882, 1410, 1215, 173.84, 44, 0x0000000000000000
2026/09/29 18:02:36.133, 1410, 1215, 173.99, 44, 0x0000000000000000
2026/09/29 18:02:36.383, 1410, 1215, 173.84, 44, 0x0000000000000000
2026/09/29 18:02:36.633, 1380, 1215, 395.14, 51, 0x0000000000000004
2026/09/29 18:02:36.883, 1380, 1215, 410.89, 53, 0x0000000000000004
2026/09/29 18:02:37.133, 1395, 1215, 402.84, 54, 0x0000000000000004
2026/09/29 18:02:37.383, 1380, 1215, 406.36, 55, 0x0000000000000004
2026/09/29 18:02:37.634, 1395, 1215, 384.73, 55, 0x0000000000000004
2026/09/29 18:02:37.884, 1395, 1215, 408.98, 56, 0x0000000000000004
2026/09/29 18:02:38.134, 1395, 1215, 400.35, 56, 0x0000000000000004
2026/09/29 18:02:38.384, 1380, 1215, 400.23, 56, 0x0000000000000004
2026/09/29 18:02:38.634, 1395, 1215, 394.82, 56, 0x0000000000000004
2026/09/29 18:02:38.884, 1395, 1215, 410.02, 56, 0x0000000000000004
2026/09/29 18:02:39.135, 1395, 1215, 408.11, 56, 0x0000000000000004
2026/09/29 18:02:39.385, 1365, 1215, 394.95, 57, 0x0000000000000004
2026/09/29 18:02:39.635, 1365, 1215, 395.69, 57, 0x0000000000000004
2026/09/29 18:02:39.885, 1365, 1215, 401.96, 57, 0x0000000000000004
2026/09/29 18:02:40.135, 1365, 1215, 393.67, 57, 0x0000000000000004
2026/09/29 18:02:40.385, 1365, 1215, 392.62, 58, 0x0000000000000004
2026/09/29 18:02:40.635, 1365, 1215, 400.23, 58, 0x0000000000000004
2026/09/29 18:02:40.886, 1365, 1215, 393.35, 58, 0x0000000000000004
2026/09/29 18:02:41.136, 1365, 1215, 403.11, 58, 0x0000000000000004
2026/09/29 18:02:41.386, 1380, 1215, 398.44, 58, 0x0000000000000004
2026/09/29 18:02:41.636, 1380, 1215, 399.36, 58, 0x0000000000000004
2026/09/29 18:02:41.886, 1365, 1215, 404.03, 58, 0x0000000000000004
2026/09/29 18:02:42.136, 1365, 1215, 401.70, 58, 0x0000000000000004
2026/09/29 18:02:42.387, 1335, 1215, 412.35, 59, 0x0000000000000004
2026/09/29 18:02:42.637, 1350, 1215, 397.29, 59, 0x0000000000000004
2026/09/29 18:02:42.887, 1350, 1215, 394.08, 59, 0x0000000000000004
2026/09/29 18:02:43.137, 1335, 1215, 410.62, 59, 0x0000000000000004
2026/09/29 18:02:43.387, 1335, 1215, 411.31, 59, 0x0000000000000004
2026/09/29 18:02:43.637, 1350, 1215, 377.72, 59, 0x0000000000000004
2026/09/29 18:02:43.888, 1350, 1215, 395.42, 59, 0x0000000000000004
2026/09/29 18:02:44.138, 1350, 1215, 391.42, 59, 0x0000000000000004
2026/09/29 18:02:44.388, 1350, 1215, 392.48, 59, 0x0000000000000004
2026/09/29 18:02:44.638, 1350, 1215, 409.24, 59, 0x0000000000000004
2026/09/29 18:02:44.888, 1350, 1215, 407.51, 59, 0x0000000000000004
2026/09/29 18:02:45.138, 1335, 1215, 388.22, 59, 0x0000000000000004
2026/09/29 18:02:45.389, 1350, 1215, 406.91, 60, 0x0000000000000004
2026/09/29 18:02:45.639, 1350, 1215, 408.77, 60, 0x0000000000000004
2026/09/29 18:02:45.889, 1350, 1215, 405.74, 60, 0x0000000000000004
2026/09/29 18:02:46.139, 1335, 1215, 407.30, 60, 0x0000000000000004
2026/09/29 18:02:46.389, 1350, 1215, 396.18, 60, 0x0000000000000004
2026/09/29 18:02:46.639, 1350, 1215, 406.58, 60, 0x0000000000000004
2026/09/29 18:02:46.890, 1335, 1215, 409.20, 60, 0x0000000000000004
2026/09/29 18:02:47.140, 1350, 1215, 389.35, 60, 0x0000000000000004
2026/09/29 18:02:47.390, 1350, 1215, 414.76, 61, 0x0000000000000004
2026/09/29 18:02:47.640, 1350, 1215, 386.33, 60, 0x0000000000000004
2026/09/29 18:02:47.890, 1335, 1215, 404.51, 60, 0x0000000000000004
2026/09/29 18:02:48.140, 1335, 1215, 426.66, 61, 0x0000000000000004
2026/09/29 18:02:48.391, 1350, 1215, 373.89, 60, 0x0000000000000004
2026/09/29 18:02:48.641, 1335, 1215, 395.18, 61, 0x0000000000000004
2026/09/29 18:02:48.891, 1335, 1215, 401.06, 60, 0x0000000000000004
2026/09/29 18:02:49.141, 1335, 1215, 408.35, 61, 0x0000000000000004
2026/09/29 18:02:49.391, 1350, 1215, 361.74, 61, 0x0000000000000004
2026/09/29 18:02:49.641, 1350, 1215, 412.61, 61, 0x0000000000000004
2026/09/29 18:02:49.892, 1320, 1215, 356.23, 61, 0x0000000000000004
2026/09/29 18:02:50.142, 1335, 1215, 394.95, 61, 0x0000000000000004
2026/09/29 18:02:50.392, 1350, 1215, 439.21, 62, 0x0000000000000004
2026/09/29 18:02:50.642, 1350, 1215, 404.90, 61, 0x0000000000000004
2026/09/29 18:02:50.892, 1335, 1215, 373.05, 61, 0x0000000000000004
2026/09/29 18:02:51.142, 1335, 1215, 383.00, 61, 0x0000000000000004
2026/09/29 18:02:51.392, 1320, 1215, 420.93, 61, 0x0000000000000004
2026/09/29 18:02:51.643, 1350, 1215, 403.61, 62, 0x0000000000000004
2026/09/29 18:02:51.893, 1320, 1215, 390.29, 61, 0x0000000000000004
2026/09/29 18:02:52.143, 1335, 1215, 427.23, 61, 0x0000000000000004
2026/09/29 18:02:52.393, 1335, 1215, 396.88, 62, 0x0000000000000004
2026/09/29 18:02:52.643, 1350, 1215, 368.98, 62, 0x0000000000000004
2026/09/29 18:02:52.893, 1350, 1215, 405.62, 62, 0x0000000000000004
2026/09/29 18:02:53.143, 1320, 1215, 401.09, 61, 0x0000000000000004
2026/09/29 18:02:53.394, 1335, 1215, 373.32, 62, 0x0000000000000004
2026/09/29 18:02:53.644, 1350, 1215, 384.14, 62, 0x0000000000000004
2026/09/29 18:02:53.894, 1335, 1215, 415.98, 62, 0x0000000000000004
2026/09/29 18:02:54.144, 1335, 1215, 408.70, 62, 0x0000000000000004
2026/09/29 18:02:54.394, 1335, 1215, 422.29, 62, 0x0000000000000004
2026/09/29 18:02:54.644, 1350, 1215, 417.46, 63, 0x0000000000000004
2026/09/29 18:02:54.894, 1335, 1215, 364.85, 62, 0x0000000000000004
2026/09/29 18:02:55.145, 1335, 1215, 376.53, 62, 0x0000000000000004
2026/09/29 18:02:55.395, 1350, 1215, 415.98, 62, 0x0000000000000004
2026/09/29 18:02:55.645, 1335, 1215, 399.36, 63, 0x0000000000000004
2026/09/29 18:02:55.895, 1320, 1215, 385.61, 63, 0x0000000000000004
2026/09/29 18:02:56.145, 1335, 1215, 431.15, 62, 0x0000000000000004
2026/09/29 18:02:56.395, 1350, 1215, 397.89, 62, 0x0000000000000004
2026/09/29 18:02:56.646, 1350, 1215, 373.92, 62, 0x0000000000000004
2026/09/29 18:02:56.896, 1335, 1215, 414.25, 63, 0x0000000000000004
2026/09/29 18:02:57.146, 1335, 1215, 409.42, 62, 0x0000000000000004
2026/09/29 18:02:57.396, 1335, 1215, 391.42, 63, 0x0000000000000004
2026/09/29 18:02:57.646, 1305, 1215, 411.04, 63, 0x0000000000000004
2026/09/29 18:02:57.897, 1335, 1215, 405.03, 63, 0x0000000000000004
2026/09/29 18:02:58.147, 1320, 1215, 444.03, 63, 0x0000000000000004
2026/09/29 18:02:58.397, 1335, 1215, 419.62, 63, 0x0000000000000004
2026/09/29 18:02:58.647, 1320, 1215, 383.59, 63, 0x0000000000000004
2026/09/29 18:02:58.897, 1335, 1215, 414.94, 63, 0x0000000000000004
2026/09/29 18:02:59.147, 1335, 1215, 418.42, 63, 0x0000000000000004
2026/09/29 18:02:59.398, 1335, 1215, 413.89, 63, 0x0000000000000004
2026/09/29 18:02:59.648, 1320, 1215, 408.47, 63, 0x0000000000000004
2026/09/29 18:02:59.898, 1335, 1215, 386.93, 63, 0x0000000000000004
2026/09/29 18:03:00.148, 1335, 1215, 376.07, 63, 0x0000000000000004
2026/09/29 18:03:00.398, 1335, 1215, 407.63, 63, 0x0000000000000004
2026/09/29 18:03:00.648, 1410, 1215, 88.07, 55, 0x0000000000000000
2026/09/29 18:03:00.899, 1410, 1215, 87.55, 53, 0x0000000000000000
2026/09/29 18:03:01.149, 1410, 1215, 85.11, 51, 0x0000000000000000
2026/09/29 18:03:01.399, 1410, 1215, 84.57, 50, 0x0000000000000000
2026/09/29 18:03:01.649, 1410, 1215, 83.64, 50, 0x0000000000000000
2026/09/29 18:03:01.899, 1410, 1215, 83.28, 49, 0x0000000000000000
2026/09/29 18:03:02.149, 1410, 1215, 83.01, 49, 0x0000000000000000
2026/09/29 18:03:02.400, 1095, 1215, 81.81, 48, 0x0000000000000000
2026/09/29 18:03:02.650, 1095, 1215, 61.49, 47, 0x0000000000000000
2026/09/29 18:03:02.900, 1095, 1215, 61.29, 47, 0x0000000000000000
2026/09/29 18:03:03.150, 1095, 1215, 60.95, 47, 0x0000000000000000
2026/09/29 18:03:03.400, 1095, 1215, 60.95, 46, 0x0000000000000000
2026/09/29 18:03:03.650, 1095, 1215, 60.63, 46, 0x0000000000000000
2026/09/29 18:03:03.900, 1095, 1215, 60.63, 46, 0x0000000000000000
2026/09/29 18:03:04.151, 1095, 1215, 60.29, 46, 0x0000000000000000
2026/09/29 18:03:04.401, 1095, 1215, 60.35, 46, 0x0000000000000000
2026/09/29 18:03:04.651, 1095, 1215, 60.29, 45, 0x0000000000000000
2026/09/29 18:03:04.901, 1095, 1215, 59.96, 45, 0x0000000000000000
2026/09/29 18:03:05.151, 1095, 1215, 60.02, 45, 0x0000000000000000
2026/09/29 18:03:05.401, 1095, 1215, 59.96, 45, 0x0000000000000000
2026/09/29 18:03:05.652, 1095, 1215, 59.69, 45, 0x0000000000000000
2026/09/29 18:03:05.902, 1095, 1215, 59.69, 44, 0x0000000000000000
2026/09/29 18:03:06.152, 1095, 1215, 59.69, 44, 0x0000000000000000
2026/09/29 18:03:06.402, 1095, 1215, 59.75, 44, 0x0000000000000000
2026/09/29 18:03:06.652, 1095, 1215, 59.42, 44, 0x0000000000000000
2026/09/29 18:03:06.902, 1095, 1215, 59.42, 44, 0x0000000000000000
2026/09/29 18:03:07.153, 1095, 1215, 59.48, 44, 0x0000000000000000
2026/09/29 18:03:07.403, 1095, 1215, 59.15, 44, 0x0000000000000000
2026/09/29 18:03:07.653, 1095, 1215, 59.09, 43, 0x0000000000000000
2026/09/29 18:03:07.903, 1095, 1215, 59.15, 43, 0x0000000000000000
2026/09/29 18:03:08.153, 1095, 1215, 59.09, 43, 0x0000000000000000
2026/09/29 18:03:08.403, 1095, 1215, 58.82, 43, 0x0000000000000000
2026/09/29 18:03:08.653, 1095, 1215, 58.88, 43, 0x0000000000000000
2026/09/29 18:03:08.904, 1095, 1215, 58.82, 43, 0x0000000000000000
2026/09/29 18:03:09.154, 1095, 1215, 58.82, 43, 0x0000000000000000
2026/09/29 18:03:09.404, 1095, 1215, 58.88, 43, 0x0000000000000000
2026/09/29 18:03:09.654, 1095, 1215, 58.55, 42, 0x0000000000000000
2026/09/29 18:03:09.904, 1095, 1215, 58.55, 42, 0x0000000000000000
2026/09/29 18:03:10.154, 1095, 1215, 58.61, 42, 0x0000000000000000
2026/09/29 18:03:10.405, 1095, 1215, 58.55, 42, 0x0000000000000000
2026/09/29 18:03:10.655, 1095, 1215, 58.28, 42, 0x0000000000000000
2026/09/29 18:03:10.905, 1095, 1215, 58.28, 42, 0x0000000000000000
2026/09/29 18:03:11.155, 1095, 1215, 58.22, 42, 0x0000000000000000
2026/09/29 18:03:11.405, 1095, 1215, 58.22, 42, 0x0000000000000000
2026/09/29 18:03:11.655, 1095, 1215, 58.22, 42, 0x0000000000000000
2026/09/29 18:03:11.906, 1095, 1215, 58.22, 41, 0x0000000000000000
2026/09/29 18:03:12.156, 1095, 1215, 58.28, 41, 0x0000000000000000
2026/09/29 18:03:12.406, 1095, 1215, 58.01, 41, 0x0000000000000000
2026/09/29 18:03:12.656, 1095, 1215, 57.95, 41, 0x0000000000000000
2026/09/29 18:03:12.906, 1095, 1215, 58.13, 41, 0x0000000000000000
2026/09/29 18:03:13.156, 1095, 1215, 58.13, 41, 0x0000000000000000
2026/09/29 18:03:13.406, 1095, 1215, 57.80, 41, 0x0000000000000000
2026/09/29 18:03:13.657, 1095, 1215, 58.13, 41, 0x0000000000000000
2026/09/29 18:03:13.907, 1095, 1215, 57.86, 41, 0x0000000000000000
2026/09/29 18:03:14.157, 1095, 1215, 58.25, 41, 0x0000000000000000
2026/09/29 18:03:14.407, 1095, 1215, 58.25, 41, 0x0000000000000000
2026/09/29 18:03:14.657, 1095, 1215, 57.86, 40, 0x0000000000000000
2026/09/29 18:03:14.908, 1095, 1215, 57.86, 40, 0x0000000000000000
2026/09/29 18:03:15.158, 1095, 1215, 57.92, 40, 0x0000000000000000
2026/09/29 18:03:15.408, 1095, 1215, 57.86, 40, 0x0000000000000000
2026/09/29 18:03:15.658, 1095, 1215, 57.64, 40, 0x0000000000000000
2026/09/29 18:03:15.908, 1095, 1215, 57.64, 40, 0x0000000000000000
2026/09/29 18:03:16.158, 1095, 1215, 57.58, 40, 0x0000000000000000
2026/09/29 18:03:16.409, 1095, 1215, 57.58, 40, 0x0000000000000000
2026/09/29 18:03:16.659, 1095, 1215, 57.58, 40, 0x0000000000000000
2026/09/29 18:03:16.909, 1095, 1215, 57.53, 40, 0x0000000000000000
2026/09/29 18:03:17.159, 1095, 1215, 57.53, 40, 0x0000000000000000
2026/09/29 18:03:17.409, 1095, 1215, 57.25, 40, 0x0000000000000000
2026/09/29 18:03:17.659, 1095, 1215, 57.25, 39, 0x0000000000000000
2026/09/29 18:03:17.910, 1095, 1215, 57.25, 39, 0x0000000000000000
2026/09/29 18:03:18.160, 1095, 1215, 57.19, 39, 0x0000000000000000
2026/09/29 18:03:18.410, 1095, 1215, 57.19, 39, 0x0000000000000000
2026/09/29 18:03:18.660, 1095, 1215, 57.19, 39, 0x0000000000000000
2026/09/29 18:03:18.910, 1095, 1215, 57.13, 39, 0x0000000000000000
2026/09/29 18:03:19.160, 1095, 1215, 57.13, 39, 0x0000000000000000
2026/09/29 18:03:19.411, 1095, 1215, 57.13, 39, 0x0000000000000000
2026/09/29 18:03:19.661, 1095, 1215, 56.81, 39, 0x0000000000000000
2026/09/29 18:03:19.911, 1095, 1215, 56.81, 39, 0x0000000000000000
2026/09/29 18:03:20.161, 1095, 1215, 56.75, 39, 0x0000000000000000
2026/09/29 18:03:20.411, 1095, 1215, 56.75, 39, 0x0000000000000000
2026/09/29 18:03:20.661, 1095, 1215, 56.75, 39, 0x0000000000000000
2026/09/29 18:03:20.912, 1095, 1215, 56.75, 39, 0x0000000000000000
2026/09/29 18:03:21.162, 1095, 1215, 56.81, 38, 0x0000000000000000
2026/09/29 18:03:21.412, 1095, 1215, 56.81, 38, 0x0000000000000000
2026/09/29 18:03:21.662, 1095, 1215, 56.75, 38, 0x0000000000000000
2026/09/29 18:03:21.912, 1335, 1215, 59.48, 38, 0x0000000000000000
2026/09/29 18:03:22.162, 1410, 1215, 76.68, 39, 0x0000000000000000
2026/09/29 18:03:22.413, 1410, 1215, 76.68, 39, 0x0000000000000000
2026/09/29 18:03:22.663, 1410, 1215, 76.68, 39, 0x0000000000000000
2026/09/29 18:03:22.913, 1410, 1215, 84.31, 40, 0x0000000000000000
2026/09/29 18:03:23.163, 1410, 1215, 99.23, 41, 0x0000000000000000
2026/09/29 18:03:23.413, 1410, 1215, 204.68, 43, 0x0000000000000000
2026/09/29 18:03:23.663, 1410, 1215, 146.51, 42, 0x0000000000000000
2026/09/29 18:03:23.913, 1410, 1215, 152.06, 42, 0x0000000000000000
2026/09/29 18:03:24.164, 1410, 1215, 130.54, 42, 0x0000000000000000
2026/09/29 18:03:24.414, 1410, 1215, 164.90, 42, 0x0000000000000000
2026/09/29 18:03:24.664, 1410, 1215, 163.60, 42, 0x0000000000000000
2026/09/29 18:03:24.914, 1410, 1215, 133.76, 42, 0x0000000000000000
2026/09/29 18:03:25.164, 1410, 1215, 143.25, 42, 0x0000000000000000
2026/09/29 18:03:25.414, 1410, 1215, 133.49, 42, 0x0000000000000000
2026/09/29 18:03:25.665, 1410, 1215, 151.62, 42, 0x0000000000000000
2026/09/29 18:03:25.915, 1410, 1215, 151.19, 41, 0x0000000000000000
2026/09/29 18:03:26.165, 1410, 1215, 146.34, 42, 0x0000000000000000
2026/09/29 18:03:26.415, 1410, 1215, 105.06, 42, 0x0000000000000000
2026/09/29 18:03:26.665, 1410, 1215, 115.30, 42, 0x0000000000000000
2026/09/29 18:03:26.915, 1410, 1215, 160.12, 42, 0x0000000000000000
2026/09/29 18:03:27.166, 1410, 1215, 146.34, 42, 0x0000000000000000
2026/09/29 18:03:27.416, 1410, 1215, 165.50, 42, 0x0000000000000000
2026/09/29 18:03:27.666, 1410, 1215, 163.60, 42, 0x0000000000000000
2026/09/29 18:03:27.916, 1410, 1215, 133.49, 42, 0x0000000000000000
2026/09/29 18:03:28.166, 1410, 1215, 159.62, 42, 0x0000000000000000
2026/09/29 18:03:28.416, 1410, 1215, 113.55, 42, 0x0000000000000000
2026/09/29 18:03:28.667, 1410, 1215, 145.47, 42, 0x0000000000000000
2026/09/29 18:03:28.917, 1410, 1215, 150.87, 42, 0x0000000000000000
2026/09/29 18:03:29.167, 1410, 1215, 143.73, 42, 0x0000000000000000
2026/09/29 18:03:29.417, 1410, 1215, 94.82, 42, 0x0000000000000000
2026/09/29 18:03:29.667, 1410, 1215, 133.16, 42, 0x0000000000000000
2026/09/29 18:03:29.917, 1410, 1215, 74.94, 41, 0x0000000000000000
2026/09/29 18:03:30.168, 1410, 1215, 74.34, 40, 0x0000000000000000
2026/09/29 18:03:30.418, 1410, 1215, 74.01, 39, 0x0000000000000000
2026/09/29 18:03:30.668, 1410, 1215, 73.74, 39, 0x0000000000000000
2026/09/29 18:03:30.918, 1410, 1215, 73.74, 39, 0x0000000000000000
2026/09/29 18:03:31.168, 1410, 1215, 73.74, 39, 0x0000000000000000
2026/09/29 18:03:31.418, 1410, 1215, 73.74, 39, 0x0000000000000000
2026/09/29 18:03:31.669, 1095, 1215, 56.75, 38, 0x0000000000000000
2026/09/29 18:03:31.919, 1095, 1215, 56.48, 38, 0x0000000000000000
2026/09/29 18:03:32.169, 1095, 1215, 56.48, 38, 0x0000000000000000
2026/09/29 18:03:32.419, 1095, 1215, 56.48, 38, 0x0000000000000000
2026/09/29 18:03:32.669, 1095, 1215, 110.94, 39, 0x0000000000000000
2026/09/29 18:03:32.919, 1410, 1215, 155.43, 40, 0x0000000000000000
2026/09/29 18:03:33.169, 1410, 1215, 152.94, 41, 0x0000000000000000
2026/09/29 18:03:33.420, 1410, 1215, 155.70, 41, 0x0000000000000000
2026/09/29 18:03:33.670, 1410, 1215, 153.53, 41, 0x0000000000000000
2026/09/29 18:03:33.920, 1410, 1215, 153.21, 41, 0x0000000000000000
2026/09/29 18:03:34.170, 1410, 1215, 156.31, 41, 0x0000000000000000
2026/09/29 18:03:34.420, 1410, 1215, 390.01, 48, 0x0000000000000000
2026/09/29 18:03:34.670, 1410, 1215, 397.29, 50, 0x0000000000000000
2026/09/29 18:03:34.921, 1410, 1215, 396.42, 51, 0x0000000000000000
2026/09/29 18:03:35.171, 1410, 1215, 396.88, 52, 0x0000000000000000
2026/09/29 18:03:35.421, 1410, 1215, 380.66, 52, 0x0000000000000000
2026/09/29 18:03:35.671, 1410, 1215, 322.85, 53, 0x0000000000000000
2026/09/29 18:03:35.921, 1410, 1215, 397.15, 53, 0x0000000000000000
2026/09/29 18:03:36.172, 1410, 1215, 398.44, 53, 0x0000000000000000
2026/09/29 18:03:36.422, 1410, 1215, 399.03, 54, 0x0000000000000000
2026/09/29 18:03:36.672, 1410, 1215, 395.42, 54, 0x0000000000000000
2026/09/29 18:03:36.922, 1410, 1215, 397.02, 53, 0x0000000000000000
2026/09/29 18:03:37.172, 1410, 1215, 392.81, 54, 0x0000000000000000
2026/09/29 18:03:37.422, 1410, 1215, 396.28, 54, 0x0000000000000000
2026/09/29 18:03:37.672, 1410, 1215, 404.03, 54, 0x0000000000000000
2026/09/29 18:03:37.923, 1395, 1215, 385.48, 55, 0x0000000000000004
2026/09/29 18:03:38.173, 1395, 1215, 398.16, 55, 0x0000000000000004
2026/09/29 18:03:38.423, 1380, 1215, 397.29, 55, 0x0000000000000004
2026/09/29 18:03:38.673, 1395, 1215, 393.95, 56, 0x0000000000000004
2026/09/29 18:03:38.923, 1380, 1215, 390.01, 56, 0x0000000000000004
2026/09/29 18:03:39.173, 1395, 1215, 396.61, 56, 0x0000000000000004
2026/09/29 18:03:39.423, 1395, 1215, 405.62, 56, 0x0000000000000004
2026/09/29 18:03:39.674, 1395, 1215, 336.26, 56, 0x0000000000000004
2026/09/29 18:03:39.924, 1395, 1215, 389.41, 56, 0x0000000000000004
2026/09/29 18:03:40.174, 1380, 1215, 400.50, 56, 0x0000000000000004
2026/09/29 18:03:40.424, 1395, 1215, 404.90, 56, 0x0000000000000004
2026/09/29 18:03:40.674, 1395, 1215, 315.17, 57, 0x0000000000000004
2026/09/29 18:03:40.924, 1395, 1215, 390.88, 57, 0x0000000000000004
2026/09/29 18:03:41.175, 1365, 1215, 389.41, 57, 0x0000000000000004
2026/09/29 18:03:41.425, 1365, 1215, 395.42, 57, 0x0000000000000004
2026/09/29 18:03:41.675, 1380, 1215, 392.89, 58, 0x0000000000000004
2026/09/29 18:03:41.925, 1365, 1215, 388.81, 58, 0x0000000000000004
2026/09/29 18:03:42.175, 1365, 1215, 398.62, 58, 0x0000000000000004
2026/09/29 18:03:42.425, 1365, 1215, 394.68, 58, 0x0000000000000004
2026/09/29 18:03:42.676, 1350, 1215, 391.94, 58, 0x0000000000000004
2026/09/29 18:03:42.926, 1365, 1215, 388.68, 58, 0x0000000000000004
2026/09/29 18:03:43.176, 1365, 1215, 392.62, 58, 0x0000000000000004
2026/09/29 18:03:43.426, 1350, 1215, 409.69, 58, 0x0000000000000004
2026/09/29 18:03:43.676, 1365, 1215, 412.95, 58, 0x0000000000000004
2026/09/29 18:03:43.926, 1365, 1215, 390.88, 58, 0x0000000000000004
2026/09/29 18:03:44.177, 1380, 1215, 414.09, 58, 0x0000000000000004
2026/09/29 18:03:44.427, 1365, 1215, 413.05, 59, 0x0000000000000004
2026/09/29 18:03:44.677, 1365, 1215, 408.38, 59, 0x0000000000000004
2026/09/29 18:03:44.927, 1350, 1215, 386.35, 59, 0x0000000000000004
2026/09/29 18:03:45.177, 1350, 1215, 390.88, 59, 0x0000000000000004
2026/09/29 18:03:45.427, 1350, 1215, 405.77, 59, 0x0000000000000004
2026/09/29 18:03:45.678, 1365, 1215, 394.55, 59, 0x0000000000000004
2026/09/29 18:03:45.928, 1365, 1215, 372.18, 59, 0x0000000000000004
2026/09/29 18:03:46.178, 1365, 1215, 393.49, 59, 0x0000000000000004
2026/09/29 18:03:46.428, 1350, 1215, 395.55, 59, 0x0000000000000004
2026/09/29 18:03:46.678, 1350, 1215, 392.02, 59, 0x0000000000000004
2026/09/29 18:03:46.929, 1350, 1215, 397.89, 59, 0x0000000000000004
2026/09/29 18:03:47.179, 1365, 1215, 412.95, 59, 0x0000000000000004
2026/09/29 18:03:47.429, 1335, 1215, 370.39, 59, 0x0000000000000004
2026/09/29 18:03:47.679, 1335, 1215, 363.60, 60, 0x0000000000000004
2026/09/29 18:03:47.929, 1350, 1215, 379.74, 60, 0x0000000000000004
2026/09/29 18:03:48.179, 1350, 1215, 384.41, 60, 0x0000000000000004
2026/09/29 18:03:48.430, 1365, 1215, 399.49, 60, 0x0000000000000004
2026/09/29 18:03:48.680, 1380, 1215, 409.58, 60, 0x0000000000000004
2026/09/29 18:03:48.930, 1365, 1215, 416.42, 60, 0x0000000000000004
2026/09/29 18:03:49.180, 1365, 1215, 398.02, 60, 0x0000000000000004
2026/09/29 18:03:49.430, 1380, 1215, 416.15, 60, 0x0000000000000004
2026/09/29 18:03:49.680, 1350, 1215, 405.35, 61, 0x0000000000000004
2026/09/29 18:03:49.931, 1335, 1215, 406.22, 60, 0x0000000000000004
2026/09/29 18:03:50.181, 1335, 1215, 402.84, 61, 0x0000000000000004
2026/09/29 18:03:50.431, 1335, 1215, 408.28, 61, 0x0000000000000004
2026/09/29 18:03:50.681, 1350, 1215, 404.90, 60, 0x0000000000000004
2026/09/29 18:03:50.931, 1350, 1215, 419.47, 61, 0x0000000000000004
2026/09/29 18:03:51.182, 1350, 1215, 414.37, 61, 0x0000000000000004
2026/09/29 18:03:51.432, 1350, 1215, 409.42, 61, 0x0000000000000004
2026/09/29 18:03:51.682, 1335, 1215, 402.15, 61, 0x0000000000000004
2026/09/29 18:03:51.932, 1350, 1215, 402.23, 61, 0x0000000000000004
2026/09/29 18:03:52.182, 1350, 1215, 383.87, 61, 0x0000000000000004
2026/09/29 18:03:52.432, 1350, 1215, 374.52, 61, 0x0000000000000004
2026/09/29 18:03:52.683, 1335, 1215, 368.65, 61, 0x0000000000000004
2026/09/29 18:03:52.933, 1335, 1215, 365.17, 61, 0x0000000000000004
2026/09/29 18:03:53.183, 1350, 1215, 376.47, 61, 0x0000000000000004
2026/09/29 18:03:53.433, 1350, 1215, 371.86, 61, 0x0000000000000004
2026/09/29 18:03:53.683, 1365, 1215, 365.71, 62, 0x0000000000000004
2026/09/29 18:03:53.933, 1365, 1215, 377.93, 61, 0x0000000000000004
2026/09/29 18:03:54.183, 1350, 1215, 361.97, 61, 0x0000000000000004
2026/09/29 18:03:54.434, 1365, 1215, 374.20, 61, 0x0000000000000004
2026/09/29 18:03:54.684, 1350, 1215, 361.59, 61, 0x0000000000000004
2026/09/29 18:03:54.934, 1350, 1215, 402.23, 61, 0x0000000000000004
2026/09/29 18:03:55.184, 1335, 1215, 410.62, 62, 0x0000000000000004
2026/09/29 18:03:55.434, 1350, 1215, 352.62, 61, 0x0000000000000004
2026/09/29 18:03:55.684, 1350, 1215, 405.17, 62, 0x0000000000000004
2026/09/29 18:03:55.935, 1335, 1215, 394.55, 61, 0x0000000000000004
2026/09/29 18:03:56.185, 1335, 1215, 400.35, 62, 0x0000000000000004
2026/09/29 18:03:56.435, 1365, 1215, 396.10, 62, 0x0000000000000004
2026/09/29 18:03:56.685, 1350, 1215, 411.16, 62, 0x0000000000000004
2026/09/29 18:03:56.935, 1365, 1215, 403.11, 62, 0x0000000000000004
2026/09/29 18:03:57.185, 1350, 1215, 398.16, 62, 0x0000000000000004
2026/09/29 18:03:57.435, 1365, 1215, 391.61, 62, 0x0000000000000004
2026/09/29 18:03:57.686, 1365, 1215, 408.98, 62, 0x0000000000000004
2026/09/29 18:03:57.936, 1350, 1215, 407.36, 62, 0x0000000000000004
2026/09/29 18:03:58.186, 1335, 1215, 403.89, 62, 0x0000000000000004
2026/09/29 18:03:58.436, 1335, 1215, 393.49, 62, 0x0000000000000004
2026/09/29 18:03:58.686, 1350, 1215, 395.69, 62, 0x0000000000000004
2026/09/29 18:03:58.936, 1350, 1215, 414.37, 63, 0x0000000000000004
2026/09/29 18:03:59.187, 1335, 1215, 403.70, 63, 0x0000000000000004
2026/09/29 18:03:59.437, 1335, 1215, 397.75, 63, 0x0000000000000004
2026/09/29 18:03:59.687, 1350, 1215, 419.79, 63, 0x0000000000000004
2026/09/29 18:03:59.937, 1350, 1215, 396.28, 63, 0x0000000000000004
2026/09/29 18:04:00.187, 1350, 1215, 402.69, 62, 0x0000000000000004
2026/09/29 18:04:00.437, 1350, 1215, 403.11, 62, 0x0000000000000004
2026/09/29 18:04:00.688, 1365, 1215, 426.48, 63, 0x0000000000000004
2026/09/29 18:04:00.938, 1395, 1215, 388.68, 62, 0x0000000000000004
2026/09/29 18:04:01.188, 1410, 1215, 394.68, 62, 0x0000000000000000
2026/09/29 18:04:01.438, 1410, 1215, 396.10, 63, 0x0000000000000000
2026/09/29 18:04:01.688, 1395, 1215, 380.94, 62, 0x0000000000000004
2026/09/29 18:04:01.938, 1395, 1215, 394.95, 62, 0x0000000000000004
2026/09/29 18:04:02.189, 1410, 1215, 393.22, 61, 0x0000000000000000
2026/09/29 18:04:02.439, 1395, 1215, 398.35, 62, 0x0000000000000004
2026/09/29 18:04:02.689, 1395, 1215, 375.06, 62, 0x0000000000000004
2026/09/29 18:04:02.939, 1395, 1215, 374.52, 63, 0x0000000000000004
2026/09/29 18:04:03.189, 1395, 1215, 381.14, 62, 0x0000000000000004
2026/09/29 18:04:03.439, 1380, 1215, 408.38, 63, 0x0000000000000004
2026/09/29 18:04:03.690, 1395, 1215, 402.69, 63, 0x0000000000000004
2026/09/29 18:04:03.940, 1395, 1215, 412.78, 62, 0x0000000000000004
2026/09/29 18:04:04.190, 1395, 1215, 410.72, 62, 0x0000000000000004
2026/09/29 18:04:04.440, 1380, 1215, 392.21, 62, 0x0000000000000004
2026/09/29 18:04:04.690, 1380, 1215, 400.50, 63, 0x0000000000000004
2026/09/29 18:04:04.941, 1380, 1215, 379.19, 63, 0x0000000000000004
2026/09/29 18:04:05.191, 1365, 1215, 407.36, 63, 0x0000000000000004
2026/09/29 18:04:05.441, 1365, 1215, 387.95, 63, 0x0000000000000004
2026/09/29 18:04:05.691, 1365, 1215, 388.54, 63, 0x0000000000000004
2026/09/29 18:04:05.941, 1380, 1215, 393.35, 63, 0x0000000000000004
2026/09/29 18:04:06.191, 1365, 1215, 409.15, 63, 0x0000000000000004
2026/09/29 18:04:06.442, 1380, 1215, 400.95, 63, 0x0000000000000004
2026/09/29 18:04:06.692, 1380, 1215, 403.89, 63, 0x0000000000000004
2026/09/29 18:04:06.942, 1380, 1215, 408.11, 64, 0x0000000000000004
2026/09/29 18:04:07.192, 1380, 1215, 408.55, 64, 0x0000000000000004
2026/09/29 18:04:07.442, 1365, 1215, 418.76, 64, 0x0000000000000004
2026/09/29 18:04:07.692, 1380, 1215, 379.74, 63, 0x0000000000000004
2026/09/29 18:04:07.943, 1380, 1215, 393.67, 63, 0x0000000000000004
2026/09/29 18:04:08.193, 1350, 1215, 419.03, 64, 0x0000000000000004
2026/09/29 18:04:08.443, 1350, 1215, 380.33, 64, 0x0000000000000004
2026/09/29 18:04:08.693, 1350, 1215, 407.36, 64, 0x0000000000000004
2026/09/29 18:04:08.943, 1350, 1215, 399.63, 64, 0x0000000000000004
2026/09/29 18:04:09.193, 1350, 1215, 399.03, 64, 0x0000000000000004
2026/09/29 18:04:09.444, 1350, 1215, 389.88, 64, 0x0000000000000004
2026/09/29 18:04:09.694, 1350, 1215, 396.42, 64, 0x0000000000000004
2026/09/29 18:04:09.944, 1350, 1215, 398.76, 64, 0x0000000000000004
2026/09/29 18:04:10.194, 1350, 1215, 384.94, 64, 0x0000000000000004
2026/09/29 18:04:10.444, 1350, 1215, 395.83, 64, 0x0000000000000004
2026/09/29 18:04:10.694, 1350, 1215, 403.28, 64, 0x0000000000000004
2026/09/29 18:04:10.945, 1350, 1215, 390.74, 64, 0x0000000000000004
2026/09/29 18:04:11.195, 1350, 1215, 400.23, 64, 0x0000000000000004
2026/09/29 18:04:11.445, 1350, 1215, 423.16, 64, 0x0000000000000004
2026/09/29 18:04:11.695, 1350, 1215, 404.48, 64, 0x0000000000000004
2026/09/29 18:04:11.945, 1350, 1215, 389.41, 64, 0x0000000000000004
2026/09/29 18:04:12.195, 1350, 1215, 389.01, 64, 0x0000000000000004
2026/09/29 18:04:12.446, 1350, 1215, 413.82, 64, 0x0000000000000004
2026/09/29 18:04:12.696, 1350, 1215, 409.58, 64, 0x0000000000000004
2026/09/29 18:04:12.946, 1350, 1215, 403.89, 64, 0x0000000000000004
2026/09/29 18:04:13.196, 1350, 1215, 386.75, 64, 0x0000000000000004
2026/09/29 18:04:13.446, 1350, 1215, 400.95, 64, 0x0000000000000004
2026/09/29 18:04:13.696, 1350, 1215, 404.15, 64, 0x0000000000000004
2026/09/29 18:04:13.947, 1350, 1215, 391.15, 64, 0x0000000000000004
2026/09/29 18:04:14.197, 1350, 1215, 403.70, 65, 0x0000000000000004
2026/09/29 18:04:14.447, 1350, 1215, 396.28, 64, 0x0000000000000004
2026/09/29 18:04:14.697, 1350, 1215, 399.81, 64, 0x0000000000000004
2026/09/29 18:04:14.947, 1335, 1215, 419.96, 64, 0x0000000000000004
2026/09/29 18:04:15.197, 1335, 1215, 402.69, 65, 0x0000000000000004
2026/09/29 18:04:15.448, 1350, 1215, 377.40, 65, 0x0000000000000004
2026/09/29 18:04:15.698, 1350, 1215, 378.20, 64, 0x0000000000000004
2026/09/29 18:04:15.948, 1320, 1215, 378.33, 65, 0x0000000000000004
2026/09/29 18:04:16.198, 1320, 1215, 379.19, 65, 0x0000000000000004
2026/09/29 18:04:16.448, 1335, 1215, 400.95, 65, 0x0000000000000004
2026/09/29 18:04:16.698, 1335, 1215, 391.42, 65, 0x0000000000000004
2026/09/29 18:04:16.949, 1350, 1215, 405.94, 65, 0x0000000000000004
2026/09/29 18:04:17.199, 1350, 1215, 412.03, 65, 0x0000000000000004
2026/09/29 18:04:17.449, 1335, 1215, 419.96, 65, 0x0000000000000004
2026/09/29 18:04:17.699, 1335, 1215, 399.81, 65, 0x0000000000000004
2026/09/29 18:04:17.949, 1335, 1215, 376.26, 65, 0x0000000000000004
2026/09/29 18:04:18.199, 1350, 1215, 387.67, 65, 0x0000000000000004
2026/09/29 18:04:18.449, 1350, 1215, 389.60, 65, 0x0000000000000004
2026/09/29 18:04:18.700, 1335, 1215, 404.15, 65, 0x0000000000000004
2026/09/29 18:04:18.950, 1335, 1215, 419.03, 65, 0x0000000000000004
2026/09/29 18:04:19.200, 1335, 1215, 402.69, 65, 0x0000000000000004
2026/09/29 18:04:19.450, 1335, 1215, 425.17, 65, 0x0000000000000004
2026/09/29 18:04:19.700, 1335, 1215, 405.35, 65, 0x0000000000000004
2026/09/29 18:04:19.950, 1335, 1215, 384.61, 65, 0x0000000000000004
2026/09/29 18:04:20.201, 1320, 1215, 377.40, 65, 0x0000000000000004
2026/09/29 18:04:20.451, 1335, 1215, 376.74, 65, 0x0000000000000004
2026/09/29 18:04:20.701, 1350, 1215, 382.87, 65, 0x0000000000000004
2026/09/29 18:04:20.951, 1320, 1215, 405.17, 65, 0x0000000000000004
2026/09/29 18:04:21.201, 1335, 1215, 403.61, 65, 0x0000000000000004
2026/09/29 18:04:21.451, 1335, 1215, 410.29, 65, 0x0000000000000004
2026/09/29 18:04:21.702, 1335, 1215, 405.45, 65, 0x0000000000000004
2026/09/29 18:04:21.952, 1335, 1215, 410.89, 65, 0x0000000000000004
2026/09/29 18:04:22.202, 1335, 1215, 391.94, 65, 0x0000000000000004
2026/09/29 18:04:22.452, 1335, 1215, 384.14, 65, 0x0000000000000004
2026/09/29 18:04:22.702, 1350, 1215, 341.45, 65, 0x0000000000000004
2026/09/29 18:04:22.952, 1335, 1215, 386.08, 66, 0x0000000000000004
2026/09/29 18:04:23.202, 1335, 1215, 367.19, 65, 0x0000000000000004
2026/09/29 18:04:23.453, 1350, 1215, 393.08, 65, 0x0000000000000004
2026/09/29 18:04:23.703, 1335, 1215, 401.09, 65, 0x0000000000000004
2026/09/29 18:04:23.953, 1335, 1215, 413.82, 65, 0x0000000000000004
2026/09/29 18:04:24.203, 1335, 1215, 411.16, 66, 0x0000000000000004
2026/09/29 18:04:24.453, 1335, 1215, 395.83, 65, 0x0000000000000004
2026/09/29 18:04:24.703, 1335, 1215, 413.49, 65, 0x0000000000000004
2026/09/29 18:04:24.954, 1350, 1215, 387.27, 66, 0x0000000000000004
2026/09/29 18:04:25.204, 1365, 1215, 379.19, 65, 0x0000000000000004
2026/09/29 18:04:25.454, 1350, 1215, 390.74, 66, 0x0000000000000004
2026/09/29 18:04:25.704, 1335, 1215, 374.20, 66, 0x0000000000000004
2026/09/29 18:04:25.954, 1335, 1215, 398.44, 66, 0x0000000000000004
2026/09/29 18:04:26.204, 1350, 1215, 419.36, 66, 0x0000000000000004
2026/09/29 18:04:26.455, 1350, 1215, 414.96, 65, 0x0000000000000004
2026/09/29 18:04:26.705, 1350, 1215, 400.77, 66, 0x0000000000000004
2026/09/29 18:04:26.955, 1335, 1215, 411.76, 65, 0x0000000000000004
2026/09/29 18:04:27.205, 1335, 1215, 401.82, 66, 0x0000000000000004
2026/09/29 18:04:27.455, 1335, 1215, 385.34, 66, 0x0000000000000004
2026/09/29 18:04:27.705, 1350, 1215, 384.61, 66, 0x0000000000000004
2026/09/29 18:04:27.956, 1350, 1215, 374.79, 64, 0x0000000000000004
2026/09/29 18:04:28.206, 1410, 1215, 92.48, 57, 0x0000000000000000
2026/09/29 18:04:28.456, 1410, 1215, 88.07, 54, 0x0000000000000000
2026/09/29 18:04:28.706, 1410, 1215, 87.19, 54, 0x0000000000000000
2026/09/29 18:04:28.956, 1410, 1215, 92.75, 53, 0x0000000000000000
2026/09/29 18:04:29.206, 1410, 1215, 88.99, 52, 0x0000000000000000
2026/09/29 18:04:29.458, 1410, 1215, 88.39, 52, 0x0000000000000000
2026/09/29 18:04:29.709, 1410, 1215, 88.07, 51, 0x0000000000000000
2026/09/29 18:04:29.959, 1410, 1215, 84.31, 51, 0x0000000000000000
2026/09/29 18:04:30.209, 1410, 1215, 83.71, 51, 0x0000000000000000
2026/09/29 18:04:30.459, 1410, 1215, 83.38, 50, 0x0000000000000001
2026/09/29 18:04:30.709, 1410, 1215, 83.38, 50, 0x0000000000000001
2026/09/29 18:04:30.959, 1410, 1215, 90.13, 50, 0x0000000000000000
2026/09/29 18:04:31.210, 1410, 1215, 89.54, 50, 0x0000000000000000
2026/09/29 18:04:31.460, 1410, 1215, 82.51, 50, 0x0000000000000000
2026/09/29 18:04:31.710, 1410, 1215, 83.29, 49, 0x0000000000000000
2026/09/29 18:04:31.960, 1410, 1215, 82.51, 49, 0x0000000000000000
2026/09/29 18:04:32.210, 1410, 1215, 82.23, 49, 0x0000000000000000
2026/09/29 18:04:32.460, 1410, 1215, 81.64, 49, 0x0000000000000000
2026/09/29 18:04:32.711, 1410, 1215, 81.64, 49, 0x0000000000000000
2026/09/29 18:04:32.961, 1410, 1215, 81.64, 48, 0x0000000000000000
2026/09/29 18:04:33.211, 1095, 1215, 61.16, 48, 0x0000000000000000
2026/09/29 18:04:33.461, 1095, 1215, 60.56, 47, 0x0000000000000000
2026/09/29 18:04:33.711, 1095, 1215, 60.56, 47, 0x0000000000000000
2026/09/29 18:04:33.961, 1095, 1215, 60.29, 47, 0x0000000000000000
2026/09/29 18:04:34.212, 1095, 1215, 60.29, 47, 0x0000000000000000
2026/09/29 18:04:34.462, 1095, 1215, 71.40, 48, 0x0000000000000000
2026/09/29 18:04:34.712, 1260, 1215, 232.47, 52, 0x0000000000000000
2026/09/29 18:04:34.962, 1410, 1215, 301.15, 54, 0x0000000000000000
2026/09/29 18:04:35.212, 1365, 1215, 392.81, 57, 0x0000000000000004
2026/09/29 18:04:35.462, 1320, 1215, 400.35, 59, 0x0000000000000004
2026/09/29 18:04:35.713, 1320, 1215, 445.64, 60, 0x0000000000000004
2026/09/29 18:04:35.963, 1305, 1215, 403.43, 61, 0x0000000000000004
2026/09/29 18:04:36.213, 1320, 1215, 389.68, 61, 0x0000000000000004
2026/09/29 18:04:36.463, 1290, 1215, 394.55, 61, 0x0000000000000004
2026/09/29 18:04:36.713, 1290, 1215, 394.95, 62, 0x0000000000000004
2026/09/29 18:04:36.963, 1290, 1215, 389.68, 62, 0x0000000000000004
2026/09/29 18:04:37.214, 1275, 1215, 389.01, 62, 0x0000000000000004
2026/09/29 18:04:37.464, 1395, 1215, 394.08, 61, 0x0000000000000004
2026/09/29 18:04:37.714, 1305, 1215, 404.75, 62, 0x0000000000000004
2026/09/29 18:04:37.964, 1305, 1215, 390.15, 62, 0x0000000000000004
2026/09/29 18:04:38.214, 1290, 1215, 412.19, 62, 0x0000000000000004
2026/09/29 18:04:38.464, 1290, 1215, 379.67, 63, 0x0000000000000004
2026/09/29 18:04:38.715, 1365, 1215, 407.96, 61, 0x0000000000000004
2026/09/29 18:04:38.965, 1275, 1215, 399.90, 63, 0x0000000000000004
2026/09/29 18:04:39.215, 1275, 1215, 398.02, 63, 0x0000000000000004
2026/09/29 18:04:39.465, 1290, 1215, 399.49, 63, 0x0000000000000004
2026/09/29 18:04:39.715, 1275, 1215, 369.25, 62, 0x0000000000000004
2026/09/29 18:04:39.965, 1275, 1215, 402.15, 63, 0x0000000000000004
2026/09/29 18:04:40.216, 1275, 1215, 392.89, 63, 0x0000000000000004
2026/09/29 18:04:40.466, 1275, 1215, 397.75, 63, 0x0000000000000004
2026/09/29 18:04:40.716, 1290, 1215, 399.81, 63, 0x0000000000000004
2026/09/29 18:04:40.966, 1395, 1215, 262.61, 61, 0x0000000000000004
2026/09/29 18:04:41.216, 1410, 1215, 96.89, 55, 0x0000000000000000
2026/09/29 18:04:41.466, 1410, 1215, 86.05, 52, 0x0000000000000000
2026/09/29 18:04:41.717, 1410, 1215, 88.66, 51, 0x0000000000000000
2026/09/29 18:04:41.967, 1410, 1215, 83.98, 50, 0x0000000000000000
2026/09/29 18:04:42.217, 1410, 1215, 91.33, 50, 0x0000000000000000
2026/09/29 18:04:42.467, 1410, 1215, 83.11, 49, 0x0000000000000000
2026/09/29 18:04:42.717, 1410, 1215, 82.84, 49, 0x0000000000000000
2026/09/29 18:04:42.967, 1410, 1215, 82.51, 49, 0x0000000000000000
2026/09/29 18:04:43.218, 1410, 1215, 82.23, 48, 0x0000000000000000
2026/09/29 18:04:43.468, 1410, 1215, 82.23, 48, 0x0000000000000001
2026/09/29 18:04:43.718, 1410, 1215, 81.96, 48, 0x0000000000000001
2026/09/29 18:04:43.968, 1410, 1215, 81.64, 48, 0x0000000000000001
2026/09/29 18:04:44.218, 330, 1215, 81.64, 47, 0x0000000000000001
2026/09/29 18:04:44.469, 300, 1215, 54.41, 46, 0x0000000000000001
2026/09/29 18:04:44.719, 270, 1215, 54.14, 46, 0x0000000000000001
2026/09/29 18:04:44.969, 225, 1215, 54.14, 46, 0x0000000000000001
2026/09/29 18:04:45.219, 1095, 1215, 54.79, 46, 0x0000000000000000
2026/09/29 18:04:45.469, 1095, 1215, 60.29, 45, 0x0000000000000000
2026/09/29 18:04:45.719, 1095, 1215, 60.02, 45, 0x0000000000000000
2026/09/29 18:04:45.970, 1095, 1215, 60.29, 45, 0x0000000000000000
