2026/09/30 14:26:44.203, 1365, 1215, 99.64, 47, 0x0000000000000001
2026/09/30 14:26:44.460, 1365, 1215, 96.96, 47, 0x0000000000000001
2026/09/30 14:26:44.710, 1365, 1215, 96.96, 47, 0x0000000000000001
2026/09/30 14:26:44.960, 1365, 1215, 96.96, 47, 0x0000000000000001
2026/09/30 14:26:45.210, 1365, 1215, 96.96, 47, 0x0000000000000001
2026/09/30 14:26:45.460, 1365, 1215, 97.19, 47, 0x0000000000000001
2026/09/30 14:26:45.711, 1365, 1215, 96.96, 47, 0x0000000000000001
2026/09/30 14:26:45.961, 255, 1215, 75.71, 47, 0x0000000000000001
2026/09/30 14:26:46.211, 240, 1215, 75.44, 46, 0x0000000000000001
2026/09/30 14:26:46.461, 210, 1215, 75.44, 46, 0x0000000000000001
2026/09/30 14:26:46.711, 210, 1215, 75.44, 46, 0x0000000000000001
2026/09/30 14:26:46.961, 210, 1215, 75.44, 46, 0x0000000000000001
2026/09/30 14:26:47.211, 210, 1215, 75.17, 46, 0x0000000000000001
2026/09/30 14:26:47.462, 210, 1215, 75.44, 46, 0x0000000000000001
2026/09/30 14:26:47.712, 210, 1215, 75.44, 46, 0x0000000000000001
2026/09/30 14:26:47.962, 210, 1215, 75.44, 46, 0x0000000000000001
2026/09/30 14:26:48.212, 210, 1215, 75.17, 46, 0x0000000000000001
2026/09/30 14:26:48.462, 210, 1215, 75.17, 46, 0x0000000000000001
2026/09/30 14:26:48.713, 210, 1215, 75.17, 46, 0x0000000000000001
2026/09/30 14:26:48.963, 210, 1215, 75.17, 46, 0x0000000000000001
2026/09/30 14:26:49.213, 210, 1215, 75.17, 46, 0x0000000000000001
2026/09/30 14:26:49.463, 210, 1215, 75.44, 46, 0x0000000000000001
2026/09/30 14:26:49.713, 210, 1215, 75.17, 46, 0x0000000000000001
2026/09/30 14:26:49.963, 210, 1215, 75.44, 46, 0x0000000000000001
2026/09/30 14:26:50.214, 210, 1215, 75.36, 46, 0x0000000000000001
2026/09/30 14:26:50.464, 210, 1215, 75.36, 46, 0x0000000000000001
2026/09/30 14:26:50.714, 210, 1215, 75.36, 46, 0x0000000000000001
2026/09/30 14:26:50.964, 210, 1215, 75.36, 46, 0x0000000000000001
2026/09/30 14:26:51.214, 210, 1215, 75.36, 46, 0x0000000000000001
2026/09/30 14:26:51.464, 210, 1215, 75.36, 46, 0x0000000000000001
2026/09/30 14:26:51.714, 210, 1215, 85.02, 47, 0x0000000000000001
2026/09/30 14:26:51.965, 1230, 1215, 87.70, 47, 0x0000000000000001
2026/09/30 14:26:52.218, 1230, 1215, 87.98, 47, 0x0000000000000001
2026/09/30 14:26:52.468, 1230, 1215, 87.98, 47, 0x0000000000000001
2026/09/30 14:26:52.718, 1230, 1215, 87.98, 47, 0x0000000000000001
2026/09/30 14:26:52.968, 1230, 1215, 87.98, 47, 0x0000000000000001
2026/09/30 14:26:53.219, 1230, 1215, 87.98, 47, 0x0000000000000001
2026/09/30 14:26:53.470, 1230, 1215, 87.98, 47, 0x0000000000000001
2026/09/30 14:26:53.720, 255, 1215, 75.97, 47, 0x0000000000000001
2026/09/30 14:26:53.970, 210, 1215, 75.36, 47, 0x0000000000000001
2026/09/30 14:26:54.220, 210, 1215, 75.36, 46, 0x0000000000000001
2026/09/30 14:26:54.471, 210, 1215, 75.36, 46, 0x0000000000000001
2026/09/30 14:26:54.721, 210, 1215, 75.36, 46, 0x0000000000000001
2026/09/30 14:26:54.971, 210, 1215, 75.44, 46, 0x0000000000000001
2026/09/30 14:26:55.223, 210, 1215, 75.52, 46, 0x0000000000000001
2026/09/30 14:26:55.474, 210, 1215, 75.52, 46, 0x0000000000000001
2026/09/30 14:26:55.724, 210, 1215, 75.60, 46, 0x0000000000000001
2026/09/30 14:26:55.974, 210, 1215, 75.60, 46, 0x0000000000000001
2026/09/30 14:26:56.224, 210, 1215, 75.60, 46, 0x0000000000000001
2026/09/30 14:26:56.474, 210, 1215, 75.60, 46, 0x0000000000000001
2026/09/30 14:26:56.726, 210, 1215, 75.68, 46, 0x0000000000000001
2026/09/30 14:26:56.976, 210, 1215, 75.48, 46, 0x0000000000000001
2026/09/30 14:26:57.226, 210, 1215, 75.68, 46, 0x0000000000000001
2026/09/30 14:26:57.477, 210, 1215, 75.40, 46, 0x0000000000000001
2026/09/30 14:26:57.727, 210, 1215, 75.68, 46, 0x0000000000000001
2026/09/30 14:26:57.977, 210, 1215, 75.40, 46, 0x0000000000000001
2026/09/30 14:26:58.227, 210, 1215, 75.68, 46, 0x0000000000000001
2026/09/30 14:26:58.477, 210, 1215, 75.40, 46, 0x0000000000000001
2026/09/30 14:26:58.727, 210, 1215, 75.48, 46, 0x0000000000000001
2026/09/30 14:26:58.978, 210, 1215, 75.56, 46, 0x0000000000000001
2026/09/30 14:26:59.228, 210, 1215, 75.48, 46, 0x0000000000000001
2026/09/30 14:26:59.479, 210, 1215, 75.56, 46, 0x0000000000000001
2026/09/30 14:26:59.729, 210, 1215, 75.56, 46, 0x0000000000000001
2026/09/30 14:26:59.979, 210, 1215, 75.56, 46, 0x0000000000000001
2026/09/30 14:27:00.229, 210, 1215, 75.48, 46, 0x0000000000000001
2026/09/30 14:27:00.479, 210, 1215, 75.40, 46, 0x0000000000000001
2026/09/30 14:27:00.729, 210, 1215, 75.40, 46, 0x0000000000000001
2026/09/30 14:27:00.980, 210, 1215, 75.40, 46, 0x0000000000000001
2026/09/30 14:27:01.230, 210, 1215, 75.40, 46, 0x0000000000000001
2026/09/30 14:27:01.480, 210, 1215, 75.40, 46, 0x0000000000000001
2026/09/30 14:27:01.730, 210, 1215, 75.40, 46, 0x0000000000000001
2026/09/30 14:27:01.980, 210, 1215, 75.60, 46, 0x0000000000000001
2026/09/30 14:27:02.230, 210, 1215, 75.60, 46, 0x0000000000000001
2026/09/30 14:27:02.480, 210, 1215, 75.60, 46, 0x0000000000000001
2026/09/30 14:27:02.731, 210, 1215, 75.60, 46, 0x0000000000000001
2026/09/30 14:27:02.981, 210, 1215, 75.60, 47, 0x0000000000000001
2026/09/30 14:27:03.231, 210, 1215, 75.52, 46, 0x0000000000000001
2026/09/30 14:27:03.481, 210, 1215, 75.68, 46, 0x0000000000000001
2026/09/30 14:27:03.731, 210, 1215, 75.68, 47, 0x0000000000000001
2026/09/30 14:27:03.981, 210, 1215, 75.48, 46, 0x0000000000000001
2026/09/30 14:27:04.231, 210, 1215, 75.56, 46, 0x0000000000000001
2026/09/30 14:27:04.482, 210, 1215, 75.48, 47, 0x0000000000000001
2026/09/30 14:27:04.732, 210, 1215, 75.48, 47, 0x0000000000000001
2026/09/30 14:27:04.982, 210, 1215, 75.56, 47, 0x0000000000000001
2026/09/30 14:27:05.232, 210, 1215, 75.56, 47, 0x0000000000000001
2026/09/30 14:27:05.482, 210, 1215, 75.56, 47, 0x0000000000000001
2026/09/30 14:27:05.732, 210, 1215, 75.64, 47, 0x0000000000000001
2026/09/30 14:27:05.982, 210, 1215, 75.56, 47, 0x0000000000000001
2026/09/30 14:27:06.233, 210, 1215, 75.48, 47, 0x0000000000000001
2026/09/30 14:27:06.483, 210, 1215, 75.64, 47, 0x0000000000000001
2026/09/30 14:27:06.733, 210, 1215, 75.64, 47, 0x0000000000000001
2026/09/30 14:27:06.983, 210, 1215, 75.64, 47, 0x0000000000000001
2026/09/30 14:27:07.234, 210, 1215, 75.64, 47, 0x0000000000000001
2026/09/30 14:27:07.484, 210, 1215, 75.64, 47, 0x0000000000000001
2026/09/30 14:27:07.734, 210, 1215, 75.64, 47, 0x0000000000000001
2026/09/30 14:27:07.984, 210, 1215, 75.64, 47, 0x0000000000000001
2026/09/30 14:27:08.235, 210, 1215, 75.64, 47, 0x0000000000000001
2026/09/30 14:27:08.486, 210, 1215, 75.64, 47, 0x0000000000000001
2026/09/30 14:27:08.736, 210, 1215, 75.64, 47, 0x0000000000000001
2026/09/30 14:27:08.986, 210, 1215, 75.64, 47, 0x0000000000000001
2026/09/30 14:27:09.237, 210, 1215, 75.64, 47, 0x0000000000000001
2026/09/30 14:27:09.487, 210, 1215, 75.64, 47, 0x0000000000000001
2026/09/30 14:27:09.737, 210, 1215, 75.64, 47, 0x0000000000000001
2026/09/30 14:27:09.988, 210, 1215, 75.64, 47, 0x0000000000000001
2026/09/30 14:27:10.238, 210, 1215, 75.64, 47, 0x0000000000000001
2026/09/30 14:27:10.488, 210, 1215, 75.56, 47, 0x0000000000000001
2026/09/30 14:27:10.740, 210, 1215, 75.56, 47, 0x0000000000000001
2026/09/30 14:27:10.990, 210, 1215, 75.64, 47, 0x0000000000000001
2026/09/30 14:27:11.240, 210, 1215, 75.64, 47, 0x0000000000000001
2026/09/30 14:27:11.490, 210, 1215, 75.56, 47, 0x0000000000000001
2026/09/30 14:27:11.740, 210, 1215, 75.56, 47, 0x0000000000000001
2026/09/30 14:27:11.991, 210, 1215, 75.64, 47, 0x0000000000000001
2026/09/30 14:27:12.241, 210, 1215, 75.71, 47, 0x0000000000000001
2026/09/30 14:27:12.492, 210, 1215, 75.71, 47, 0x0000000000000001
2026/09/30 14:27:12.742, 210, 1215, 75.71, 47, 0x0000000000000001
2026/09/30 14:27:12.992, 210, 1215, 75.71, 47, 0x0000000000000001
2026/09/30 14:27:13.243, 210, 1215, 75.71, 47, 0x0000000000000001
2026/09/30 14:27:13.494, 210, 1215, 75.64, 47, 0x0000000000000001
2026/09/30 14:27:13.744, 210, 1215, 75.64, 47, 0x0000000000000001
2026/09/30 14:27:13.995, 210, 1215, 75.64, 47, 0x0000000000000001
2026/09/30 14:27:14.245, 210, 1215, 75.56, 47, 0x0000000000000001
2026/09/30 14:27:14.496, 210, 1215, 75.56, 47, 0x0000000000000001
2026/09/30 14:27:14.746, 210, 1215, 75.64, 47, 0x0000000000000001
2026/09/30 14:27:14.996, 210, 1215, 75.64, 47, 0x0000000000000001
2026/09/30 14:27:15.246, 210, 1215, 75.64, 47, 0x0000000000000001
2026/09/30 14:27:15.500, 210, 1215, 75.64, 47, 0x0000000000000001
2026/09/30 14:27:15.750, 210, 1215, 75.56, 47, 0x0000000000000001
2026/09/30 14:27:16.000, 210, 1215, 75.56, 46, 0x0000000000000001
2026/09/30 14:27:16.251, 210, 1215, 75.64, 47, 0x0000000000000001
2026/09/30 14:27:16.501, 210, 1215, 75.56, 47, 0x0000000000000001
2026/09/30 14:27:16.751, 210, 1215, 75.56, 46, 0x0000000000000001
2026/09/30 14:27:17.001, 210, 1215, 75.56, 47, 0x0000000000000001
2026/09/30 14:27:17.251, 210, 1215, 75.75, 47, 0x0000000000000001
2026/09/30 14:27:17.502, 210, 1215, 75.40, 46, 0x0000000000000001
2026/09/30 14:27:17.752, 210, 1215, 75.60, 46, 0x0000000000000001
2026/09/30 14:27:18.002, 210, 1215, 75.75, 46, 0x0000000000000001
2026/09/30 14:27:18.252, 210, 1215, 75.48, 46, 0x0000000000000001
2026/09/30 14:27:18.503, 210, 1215, 75.56, 46, 0x0000000000000001
2026/09/30 14:27:18.753, 210, 1215, 75.48, 46, 0x0000000000000001
2026/09/30 14:27:19.003, 210, 1215, 75.56, 46, 0x0000000000000001
2026/09/30 14:27:19.253, 210, 1215, 75.48, 46, 0x0000000000000001
2026/09/30 14:27:19.503, 210, 1215, 75.56, 46, 0x0000000000000001
2026/09/30 14:27:19.753, 210, 1215, 75.64, 47, 0x0000000000000001
2026/09/30 14:27:20.004, 210, 1215, 75.64, 46, 0x0000000000000001
2026/09/30 14:27:20.254, 210, 1215, 75.64, 46, 0x0000000000000001
2026/09/30 14:27:20.504, 210, 1215, 75.64, 46, 0x0000000000000001
2026/09/30 14:27:20.754, 210, 1215, 75.64, 46, 0x0000000000000001
2026/09/30 14:27:21.004, 210, 1215, 75.56, 46, 0x0000000000000001
2026/09/30 14:27:21.254, 210, 1215, 75.56, 46, 0x0000000000000001
2026/09/30 14:27:21.505, 210, 1215, 75.48, 46, 0x0000000000000001
2026/09/30 14:27:21.755, 210, 1215, 75.68, 46, 0x0000000000000001
2026/09/30 14:27:22.005, 210, 1215, 75.68, 46, 0x0000000000000001
2026/09/30 14:27:22.255, 210, 1215, 75.40, 46, 0x0000000000000001
2026/09/30 14:27:22.505, 210, 1215, 75.48, 46, 0x0000000000000001
2026/09/30 14:27:22.755, 210, 1215, 75.48, 46, 0x0000000000000001
2026/09/30 14:27:23.005, 210, 1215, 75.64, 46, 0x0000000000000001
2026/09/30 14:27:23.256, 210, 1215, 75.56, 46, 0x0000000000000001
2026/09/30 14:27:23.506, 210, 1215, 75.64, 46, 0x0000000000000001
2026/09/30 14:27:23.756, 210, 1215, 75.64, 46, 0x0000000000000001
2026/09/30 14:27:24.006, 210, 1215, 75.64, 46, 0x0000000000000001
2026/09/30 14:27:24.256, 210, 1215, 75.64, 46, 0x0000000000000001
2026/09/30 14:27:24.506, 210, 1215, 75.56, 46, 0x0000000000000001
2026/09/30 14:27:24.756, 210, 1215, 75.64, 46, 0x0000000000000001
2026/09/30 14:27:25.006, 210, 1215, 75.64, 46, 0x0000000000000001
2026/09/30 14:27:25.257, 210, 1215, 75.64, 46, 0x0000000000000001
2026/09/30 14:27:25.507, 210, 1215, 75.64, 46, 0x0000000000000001
2026/09/30 14:27:25.757, 210, 1215, 75.56, 46, 0x0000000000000001
2026/09/30 14:27:26.007, 210, 1215, 75.64, 46, 0x0000000000000001
2026/09/30 14:27:26.257, 210, 1215, 75.56, 46, 0x0000000000000001
2026/09/30 14:27:26.507, 210, 1215, 75.56, 46, 0x0000000000000001
2026/09/30 14:27:26.757, 210, 1215, 75.64, 46, 0x0000000000000001
2026/09/30 14:27:27.007, 210, 1215, 75.64, 46, 0x0000000000000001
2026/09/30 14:27:27.258, 210, 1215, 75.64, 46, 0x0000000000000001
2026/09/30 14:27:27.508, 210, 1215, 75.64, 46, 0x0000000000000001
2026/09/30 14:27:27.758, 210, 1215, 75.64, 46, 0x0000000000000001
2026/09/30 14:27:28.008, 210, 1215, 75.64, 46, 0x0000000000000001
2026/09/30 14:27:28.258, 210, 1215, 75.64, 46, 0x0000000000000001
2026/09/30 14:27:28.508, 210, 1215, 75.64, 46, 0x0000000000000001
2026/09/30 14:27:28.758, 210, 1215, 75.56, 46, 0x0000000000000001
2026/09/30 14:27:29.008, 210, 1215, 75.64, 46, 0x0000000000000001
2026/09/30 14:27:29.258, 210, 1215, 75.64, 46, 0x0000000000000001
2026/09/30 14:27:29.509, 210, 1215, 75.64, 46, 0x0000000000000001
2026/09/30 14:27:29.759, 210, 1215, 75.64, 46, 0x0000000000000001
2026/09/30 14:27:30.009, 210, 1215, 75.64, 46, 0x0000000000000001
2026/09/30 14:27:30.259, 210, 1215, 75.64, 46, 0x0000000000000001
2026/09/30 14:27:30.509, 210, 1215, 75.64, 46, 0x0000000000000001
2026/09/30 14:27:30.759, 210, 1215, 75.56, 46, 0x0000000000000001
2026/09/30 14:27:31.009, 210, 1215, 75.64, 47, 0x0000000000000001
2026/09/30 14:27:31.259, 210, 1215, 75.56, 46, 0x0000000000000001
2026/09/30 14:27:31.510, 210, 1215, 75.56, 46, 0x0000000000000001
2026/09/30 14:27:31.760, 210, 1215, 75.56, 46, 0x0000000000000001
2026/09/30 14:27:32.010, 210, 1215, 75.56, 46, 0x0000000000000001
2026/09/30 14:27:32.260, 210, 1215, 75.56, 46, 0x0000000000000001
2026/09/30 14:27:32.510, 210, 1215, 75.56, 46, 0x0000000000000001
2026/09/30 14:27:32.760, 210, 1215, 75.56, 46, 0x0000000000000001
2026/09/30 14:27:33.010, 210, 1215, 75.48, 46, 0x0000000000000001
2026/09/30 14:27:33.260, 210, 1215, 75.48, 46, 0x0000000000000001
2026/09/30 14:27:33.510, 210, 1215, 75.48, 47, 0x0000000000000001
2026/09/30 14:27:33.761, 210, 1215, 75.48, 46, 0x0000000000000001
2026/09/30 14:27:34.011, 210, 1215, 75.75, 47, 0x0000000000000001
2026/09/30 14:27:34.261, 210, 1215, 75.56, 47, 0x0000000000000001
2026/09/30 14:27:34.511, 210, 1215, 75.64, 47, 0x0000000000000001
2026/09/30 14:27:34.761, 210, 1215, 75.91, 47, 0x0000000000000001
2026/09/30 14:27:35.011, 210, 1215, 75.56, 47, 0x0000000000000001
2026/09/30 14:27:35.261, 210, 1215, 75.64, 47, 0x0000000000000001
2026/09/30 14:27:35.511, 210, 1215, 75.64, 47, 0x0000000000000001
2026/09/30 14:27:35.761, 210, 1215, 75.64, 47, 0x0000000000000001
2026/09/30 14:27:36.011, 210, 1215, 75.64, 47, 0x0000000000000001
2026/09/30 14:27:36.262, 210, 1215, 75.64, 47, 0x0000000000000001
2026/09/30 14:27:36.512, 210, 1215, 75.64, 47, 0x0000000000000001
2026/09/30 14:27:36.762, 210, 1215, 75.56, 47, 0x0000000000000001
2026/09/30 14:27:37.012, 210, 1215, 75.64, 47, 0x0000000000000001
2026/09/30 14:27:37.262, 210, 1215, 75.64, 47, 0x0000000000000001
2026/09/30 14:27:37.512, 210, 1215, 75.56, 47, 0x0000000000000001
2026/09/30 14:27:37.762, 210, 1215, 75.75, 47, 0x0000000000000001
2026/09/30 14:27:38.012, 210, 1215, 75.56, 47, 0x0000000000000001
2026/09/30 14:27:38.262, 210, 1215, 75.56, 47, 0x0000000000000001
2026/09/30 14:27:38.513, 210, 1215, 75.56, 47, 0x0000000000000001
2026/09/30 14:27:38.763, 210, 1215, 75.56, 47, 0x0000000000000001
2026/09/30 14:27:39.013, 210, 1215, 75.75, 47, 0x0000000000000001
2026/09/30 14:27:39.263, 210, 1215, 75.56, 47, 0x0000000000000001
2026/09/30 14:27:39.513, 210, 1215, 75.75, 47, 0x0000000000000001
2026/09/30 14:27:39.763, 210, 1215, 75.48, 47, 0x0000000000000001
2026/09/30 14:27:40.013, 210, 1215, 75.68, 47, 0x0000000000000001
2026/09/30 14:27:40.263, 210, 1215, 75.75, 47, 0x0000000000000001
2026/09/30 14:27:40.513, 210, 1215, 75.75, 47, 0x0000000000000001
2026/09/30 14:27:40.764, 210, 1215, 75.68, 47, 0x0000000000000001
2026/09/30 14:27:41.014, 210, 1215, 75.68, 47, 0x0000000000000001
2026/09/30 14:27:41.264, 210, 1215, 75.40, 47, 0x0000000000000001
2026/09/30 14:27:41.514, 210, 1215, 75.68, 47, 0x0000000000000001
2026/09/30 14:27:41.764, 210, 1215, 75.68, 47, 0x0000000000000001
2026/09/30 14:27:42.014, 210, 1215, 75.60, 47, 0x0000000000000001
2026/09/30 14:27:42.264, 210, 1215, 75.60, 47, 0x0000000000000001
2026/09/30 14:27:42.514, 210, 1215, 75.60, 47, 0x0000000000000001
2026/09/30 14:27:42.764, 210, 1215, 75.60, 47, 0x0000000000000001
2026/09/30 14:27:43.015, 210, 1215, 75.60, 47, 0x0000000000000001
2026/09/30 14:27:43.265, 210, 1215, 75.60, 47, 0x0000000000000001
2026/09/30 14:27:43.515, 210, 1215, 75.52, 47, 0x0000000000000001
2026/09/30 14:27:43.765, 210, 1215, 75.52, 47, 0x0000000000000001
2026/09/30 14:27:44.015, 210, 1215, 75.52, 47, 0x0000000000000001
2026/09/30 14:27:44.265, 210, 1215, 75.52, 47, 0x0000000000000001
2026/09/30 14:27:44.515, 210, 1215, 75.52, 47, 0x0000000000000001
2026/09/30 14:27:44.765, 210, 1215, 75.52, 47, 0x0000000000000001
2026/09/30 14:27:45.016, 210, 1215, 75.52, 47, 0x0000000000000001
2026/09/30 14:27:45.266, 210, 1215, 75.52, 47, 0x0000000000000001
2026/09/30 14:27:45.516, 210, 1215, 75.52, 47, 0x0000000000000001
2026/09/30 14:27:45.766, 210, 1215, 75.44, 47, 0x0000000000000001
2026/09/30 14:27:46.016, 210, 1215, 75.44, 47, 0x0000000000000001
2026/09/30 14:27:46.266, 210, 1215, 75.52, 47, 0x0000000000000001
2026/09/30 14:27:46.516, 210, 1215, 75.44, 47, 0x0000000000000001
2026/09/30 14:27:46.766, 210, 1215, 75.60, 47, 0x0000000000000001
2026/09/30 14:27:47.016, 210, 1215, 75.60, 47, 0x0000000000000001
2026/09/30 14:27:47.267, 210, 1215, 75.68, 47, 0x0000000000000001
2026/09/30 14:27:47.517, 210, 1215, 75.68, 47, 0x0000000000000001
2026/09/30 14:27:47.767, 210, 1215, 75.75, 47, 0x0000000000000001
2026/09/30 14:27:48.017, 210, 1215, 75.68, 47, 0x0000000000000001
2026/09/30 14:27:48.267, 210, 1215, 75.60, 47, 0x0000000000000001
2026/09/30 14:27:48.517, 210, 1215, 75.68, 47, 0x0000000000000001
2026/09/30 14:27:48.767, 210, 1215, 75.48, 47, 0x0000000000000001
2026/09/30 14:27:49.017, 210, 1215, 75.75, 47, 0x0000000000000001
2026/09/30 14:27:49.268, 210, 1215, 75.75, 47, 0x0000000000000001
2026/09/30 14:27:49.518, 210, 1215, 75.68, 47, 0x0000000000000001
2026/09/30 14:27:49.768, 210, 1215, 75.68, 47, 0x0000000000000001
2026/09/30 14:27:50.018, 210, 1215, 75.60, 47, 0x0000000000000001
2026/09/30 14:27:50.268, 210, 1215, 75.68, 47, 0x0000000000000001
2026/09/30 14:27:50.518, 210, 1215, 75.68, 47, 0x0000000000000001
2026/09/30 14:27:50.768, 210, 1215, 75.56, 46, 0x0000000000000001
2026/09/30 14:27:51.019, 210, 1215, 75.48, 46, 0x0000000000000001
2026/09/30 14:27:51.269, 210, 1215, 75.56, 46, 0x0000000000000001
2026/09/30 14:27:51.519, 210, 1215, 75.68, 46, 0x0000000000000001
2026/09/30 14:27:51.769, 210, 1215, 75.64, 46, 0x0000000000000001
2026/09/30 14:27:52.019, 210, 1215, 75.64, 46, 0x0000000000000001
2026/09/30 14:27:52.269, 210, 1215, 75.64, 46, 0x0000000000000001
2026/09/30 14:27:52.519, 210, 1215, 75.64, 46, 0x0000000000000001
2026/09/30 14:27:52.770, 210, 1215, 75.56, 46, 0x0000000000000001
2026/09/30 14:27:53.020, 210, 1215, 75.56, 46, 0x0000000000000001
2026/09/30 14:27:53.270, 210, 1215, 75.75, 46, 0x0000000000000001
2026/09/30 14:27:53.520, 210, 1215, 75.75, 46, 0x0000000000000001
2026/09/30 14:27:53.770, 210, 1215, 75.68, 46, 0x0000000000000001
2026/09/30 14:27:54.020, 210, 1215, 75.68, 46, 0x0000000000000001
2026/09/30 14:27:54.271, 210, 1215, 75.83, 46, 0x0000000000000001
2026/09/30 14:27:54.521, 210, 1215, 75.83, 46, 0x0000000000000001
2026/09/30 14:27:54.771, 210, 1215, 75.64, 46, 0x0000000000000001
2026/09/30 14:27:55.021, 210, 1215, 75.64, 46, 0x0000000000000001
2026/09/30 14:27:55.271, 210, 1215, 75.56, 46, 0x0000000000000001
2026/09/30 14:27:55.521, 210, 1215, 75.56, 46, 0x0000000000000001
2026/09/30 14:27:55.771, 210, 1215, 75.56, 46, 0x0000000000000001
2026/09/30 14:27:56.022, 210, 1215, 75.40, 46, 0x0000000000000001
2026/09/30 14:27:56.272, 210, 1215, 75.64, 46, 0x0000000000000001
2026/09/30 14:27:56.522, 210, 1215, 75.64, 46, 0x0000000000000001
2026/09/30 14:27:56.772, 210, 1215, 75.56, 46, 0x0000000000000001
2026/09/30 14:27:57.022, 210, 1215, 75.48, 46, 0x0000000000000001
2026/09/30 14:27:57.272, 210, 1215, 75.33, 46, 0x0000000000000001
2026/09/30 14:27:57.522, 210, 1215, 75.56, 46, 0x0000000000000001
2026/09/30 14:27:57.773, 210, 1215, 75.64, 46, 0x0000000000000001
2026/09/30 14:27:58.023, 210, 1215, 75.64, 46, 0x0000000000000001
2026/09/30 14:27:58.273, 210, 1215, 75.56, 46, 0x0000000000000001
2026/09/30 14:27:58.523, 210, 1215, 75.56, 46, 0x0000000000000001
2026/09/30 14:27:58.773, 210, 1215, 75.56, 46, 0x0000000000000001
2026/09/30 14:27:59.023, 210, 1215, 75.56, 46, 0x0000000000000001
2026/09/30 14:27:59.273, 210, 1215, 75.64, 46, 0x0000000000000001
2026/09/30 14:27:59.524, 210, 1215, 75.56, 46, 0x0000000000000001
2026/09/30 14:27:59.774, 210, 1215, 75.56, 46, 0x0000000000000001
2026/09/30 14:28:00.024, 210, 1215, 75.56, 46, 0x0000000000000001
2026/09/30 14:28:00.274, 210, 1215, 75.56, 46, 0x0000000000000001
2026/09/30 14:28:00.524, 210, 1215, 75.40, 46, 0x0000000000000001
2026/09/30 14:28:00.774, 210, 1215, 75.40, 46, 0x0000000000000001
2026/09/30 14:28:01.024, 210, 1215, 75.40, 46, 0x0000000000000001
2026/09/30 14:28:01.275, 210, 1215, 75.60, 46, 0x0000000000000001
2026/09/30 14:28:01.525, 210, 1215, 75.60, 46, 0x0000000000000001
2026/09/30 14:28:01.775, 210, 1215, 75.33, 46, 0x0000000000000001
2026/09/30 14:28:02.025, 210, 1215, 75.60, 46, 0x0000000000000001
2026/09/30 14:28:02.275, 210, 1215, 75.60, 46, 0x0000000000000001
2026/09/30 14:28:02.525, 210, 1215, 75.52, 46, 0x0000000000000001
2026/09/30 14:28:02.775, 210, 1215, 75.60, 46, 0x0000000000000001
2026/09/30 14:28:03.025, 210, 1215, 75.60, 46, 0x0000000000000001
2026/09/30 14:28:03.276, 210, 1215, 75.60, 46, 0x0000000000000001
2026/09/30 14:28:03.526, 210, 1215, 75.60, 46, 0x0000000000000001
2026/09/30 14:28:03.776, 210, 1215, 75.60, 46, 0x0000000000000001
2026/09/30 14:28:04.026, 210, 1215, 75.60, 46, 0x0000000000000001
2026/09/30 14:28:04.276, 210, 1215, 75.52, 46, 0x0000000000000001
2026/09/30 14:28:04.526, 210, 1215, 75.52, 46, 0x0000000000000001
2026/09/30 14:28:04.776, 210, 1215, 75.44, 46, 0x0000000000000001
2026/09/30 14:28:05.026, 210, 1215, 75.52, 46, 0x0000000000000001
2026/09/30 14:28:05.276, 210, 1215, 75.40, 46, 0x0000000000000001
2026/09/30 14:28:05.527, 210, 1215, 75.48, 46, 0x0000000000000001
2026/09/30 14:28:05.777, 210, 1215, 75.56, 46, 0x0000000000000001
2026/09/30 14:28:06.027, 210, 1215, 75.56, 46, 0x0000000000000001
2026/09/30 14:28:06.277, 210, 1215, 75.56, 46, 0x0000000000000001
2026/09/30 14:28:06.527, 210, 1215, 75.56, 46, 0x0000000000000001
2026/09/30 14:28:06.777, 210, 1215, 75.56, 46, 0x0000000000000001
2026/09/30 14:28:07.027, 210, 1215, 75.56, 46, 0x0000000000000001
2026/09/30 14:28:07.277, 210, 1215, 75.56, 46, 0x0000000000000001
2026/09/30 14:28:07.527, 210, 1215, 75.56, 46, 0x0000000000000001
2026/09/30 14:28:07.777, 210, 1215, 75.48, 46, 0x0000000000000001
2026/09/30 14:28:08.028, 210, 1215, 75.56, 46, 0x0000000000000001
2026/09/30 14:28:08.278, 210, 1215, 75.48, 46, 0x0000000000000001
2026/09/30 14:28:08.528, 210, 1215, 75.48, 46, 0x0000000000000001
2026/09/30 14:28:08.778, 210, 1215, 75.48, 46, 0x0000000000000001
2026/09/30 14:28:09.028, 210, 1215, 75.48, 46, 0x0000000000000001
2026/09/30 14:28:09.278, 210, 1215, 75.40, 46, 0x0000000000000001
2026/09/30 14:28:09.528, 210, 1215, 75.68, 46, 0x0000000000000001
2026/09/30 14:28:09.778, 210, 1215, 75.33, 46, 0x0000000000000001
2026/09/30 14:28:10.029, 210, 1215, 75.33, 46, 0x0000000000000001
2026/09/30 14:28:10.279, 210, 1215, 75.48, 46, 0x0000000000000001
2026/09/30 14:28:10.529, 210, 1215, 75.56, 46, 0x0000000000000001
2026/09/30 14:28:10.779, 210, 1215, 75.56, 46, 0x0000000000000001
2026/09/30 14:28:11.029, 210, 1215, 75.64, 46, 0x0000000000000001
2026/09/30 14:28:11.279, 210, 1215, 75.56, 46, 0x0000000000000001
2026/09/30 14:28:11.529, 210, 1215, 75.64, 46, 0x0000000000000001
2026/09/30 14:28:11.779, 210, 1215, 75.64, 46, 0x0000000000000001
2026/09/30 14:28:12.030, 210, 1215, 75.64, 46, 0x0000000000000001
2026/09/30 14:28:12.280, 210, 1215, 75.64, 46, 0x0000000000000001
2026/09/30 14:28:12.530, 210, 1215, 75.64, 46, 0x0000000000000001
2026/09/30 14:28:12.780, 210, 1215, 75.64, 46, 0x0000000000000001
2026/09/30 14:28:13.030, 210, 1215, 75.64, 46, 0x0000000000000001
2026/09/30 14:28:13.280, 210, 1215, 75.56, 46, 0x0000000000000001
2026/09/30 14:28:13.530, 210, 1215, 75.56, 46, 0x0000000000000001
2026/09/30 14:28:13.780, 210, 1215, 75.56, 46, 0x0000000000000001
2026/09/30 14:28:14.030, 210, 1215, 75.40, 46, 0x0000000000000001
2026/09/30 14:28:14.281, 210, 1215, 75.40, 46, 0x0000000000000001
2026/09/30 14:28:14.531, 210, 1215, 75.33, 46, 0x0000000000000001
2026/09/30 14:28:14.781, 210, 1215, 75.48, 46, 0x0000000000000001
2026/09/30 14:28:15.031, 210, 1215, 75.48, 46, 0x0000000000000001
2026/09/30 14:28:15.281, 210, 1215, 75.56, 46, 0x0000000000000001
2026/09/30 14:28:15.531, 210, 1215, 75.56, 46, 0x0000000000000001
2026/09/30 14:28:15.781, 210, 1215, 75.64, 46, 0x0000000000000001
2026/09/30 14:28:16.031, 210, 1215, 75.56, 46, 0x0000000000000001
2026/09/30 14:28:16.282, 210, 1215, 75.48, 46, 0x0000000000000001
2026/09/30 14:28:16.532, 210, 1215, 75.48, 46, 0x0000000000000001
2026/09/30 14:28:16.782, 210, 1215, 75.31, 46, 0x0000000000000001
2026/09/30 14:28:17.032, 210, 1215, 75.31, 46, 0x0000000000000001
2026/09/30 14:28:17.282, 210, 1215, 75.31, 46, 0x0000000000000001
2026/09/30 14:28:17.532, 210, 1215, 75.31, 46, 0x0000000000000001
2026/09/30 14:28:17.782, 210, 1215, 75.31, 46, 0x0000000000000001
2026/09/30 14:28:18.033, 210, 1215, 75.31, 46, 0x0000000000000001
2026/09/30 14:28:18.283, 210, 1215, 75.39, 46, 0x0000000000000001
2026/09/30 14:28:18.533, 210, 1215, 75.39, 46, 0x0000000000000001
2026/09/30 14:28:18.783, 210, 1215, 75.39, 46, 0x0000000000000001
2026/09/30 14:28:19.033, 210, 1215, 75.39, 46, 0x0000000000000001
2026/09/30 14:28:19.283, 210, 1215, 75.31, 46, 0x0000000000000001
2026/09/30 14:28:19.533, 210, 1215, 75.31, 46, 0x0000000000000001
2026/09/30 14:28:19.783, 210, 1215, 75.31, 46, 0x0000000000000001
2026/09/30 14:28:20.034, 210, 1215, 75.31, 46, 0x0000000000000001
2026/09/30 14:28:20.284, 210, 1215, 75.23, 46, 0x0000000000000001
2026/09/30 14:28:20.534, 210, 1215, 75.08, 46, 0x0000000000000001
2026/09/30 14:28:20.784, 210, 1215, 75.00, 46, 0x0000000000000001
2026/09/30 14:28:21.034, 210, 1215, 75.15, 46, 0x0000000000000001
2026/09/30 14:28:21.284, 210, 1215, 75.15, 46, 0x0000000000000001
2026/09/30 14:28:21.534, 210, 1215, 75.31, 46, 0x0000000000000001
2026/09/30 14:28:21.784, 210, 1215, 75.04, 46, 0x0000000000000001
2026/09/30 14:28:22.035, 210, 1215, 75.11, 46, 0x0000000000000001
2026/09/30 14:28:22.285, 210, 1215, 75.04, 46, 0x0000000000000001
2026/09/30 14:28:22.535, 210, 1215, 75.11, 46, 0x0000000000000001
2026/09/30 14:28:22.785, 210, 1215, 75.11, 46, 0x0000000000000001
2026/09/30 14:28:23.035, 210, 1215, 75.11, 46, 0x0000000000000001
2026/09/30 14:28:23.286, 210, 1215, 75.11, 46, 0x0000000000000001
2026/09/30 14:28:23.536, 210, 1215, 75.04, 45, 0x0000000000000001
2026/09/30 14:28:23.786, 210, 1215, 75.04, 45, 0x0000000000000001
2026/09/30 14:28:24.036, 210, 1215, 75.04, 45, 0x0000000000000001
2026/09/30 14:28:24.286, 210, 1215, 75.04, 45, 0x0000000000000001
2026/09/30 14:28:24.536, 210, 1215, 75.04, 45, 0x0000000000000001
2026/09/30 14:28:24.786, 210, 1215, 74.88, 45, 0x0000000000000001
2026/09/30 14:28:25.037, 210, 1215, 75.04, 45, 0x0000000000000001
2026/09/30 14:28:25.287, 210, 1215, 75.04, 45, 0x0000000000000001
2026/09/30 14:28:25.537, 210, 1215, 75.04, 45, 0x0000000000000001
2026/09/30 14:28:25.787, 210, 1215, 75.04, 45, 0x0000000000000001
2026/09/30 14:28:26.037, 210, 1215, 75.04, 45, 0x0000000000000001
2026/09/30 14:28:26.287, 210, 1215, 75.04, 45, 0x0000000000000001
2026/09/30 14:28:26.537, 210, 1215, 75.04, 45, 0x0000000000000001
2026/09/30 14:28:26.787, 210, 1215, 74.88, 45, 0x0000000000000001
2026/09/30 14:28:27.038, 210, 1215, 75.04, 45, 0x0000000000000001
2026/09/30 14:28:27.288, 210, 1215, 75.04, 45, 0x0000000000000001
2026/09/30 14:28:27.538, 210, 1215, 75.11, 45, 0x0000000000000001
2026/09/30 14:28:27.788, 210, 1215, 75.04, 45, 0x0000000000000001
2026/09/30 14:28:28.038, 210, 1215, 75.04, 45, 0x0000000000000001
2026/09/30 14:28:28.288, 210, 1215, 75.04, 45, 0x0000000000000001
2026/09/30 14:28:28.538, 210, 1215, 75.04, 45, 0x0000000000000001
2026/09/30 14:28:28.788, 210, 1215, 74.96, 45, 0x0000000000000001
2026/09/30 14:28:29.038, 210, 1215, 74.70, 45, 0x0000000000000001
2026/09/30 14:28:29.289, 210, 1215, 74.96, 45, 0x0000000000000001
2026/09/30 14:28:29.539, 210, 1215, 74.88, 45, 0x0000000000000001
2026/09/30 14:28:29.789, 210, 1215, 74.70, 45, 0x0000000000000001
2026/09/30 14:28:30.039, 210, 1215, 74.88, 45, 0x0000000000000001
2026/09/30 14:28:30.289, 210, 1215, 74.70, 45, 0x0000000000000001
2026/09/30 14:28:30.539, 210, 1215, 74.55, 45, 0x0000000000000001
2026/09/30 14:28:30.789, 210, 1215, 74.88, 45, 0x0000000000000001
2026/09/30 14:28:31.039, 210, 1215, 74.62, 45, 0x0000000000000001
2026/09/30 14:28:31.289, 210, 1215, 74.70, 45, 0x0000000000000001
2026/09/30 14:28:31.540, 210, 1215, 74.70, 45, 0x0000000000000001
2026/09/30 14:28:31.790, 210, 1215, 74.70, 45, 0x0000000000000001
2026/09/30 14:28:32.040, 210, 1215, 74.70, 45, 0x0000000000000001
2026/09/30 14:28:32.290, 210, 1215, 74.70, 45, 0x0000000000000001
2026/09/30 14:28:32.540, 210, 1215, 74.70, 45, 0x0000000000000001
2026/09/30 14:28:32.790, 210, 1215, 74.88, 45, 0x0000000000000001
2026/09/30 14:28:33.040, 210, 1215, 74.55, 45, 0x0000000000000001
2026/09/30 14:28:33.290, 210, 1215, 74.62, 45, 0x0000000000000001
2026/09/30 14:28:33.540, 210, 1215, 74.70, 45, 0x0000000000000001
2026/09/30 14:28:33.791, 210, 1215, 74.78, 45, 0x0000000000000001
2026/09/30 14:28:34.041, 210, 1215, 74.78, 45, 0x0000000000000001
2026/09/30 14:28:34.291, 210, 1215, 74.78, 45, 0x0000000000000001
2026/09/30 14:28:34.541, 210, 1215, 74.78, 45, 0x0000000000000001
2026/09/30 14:28:34.791, 210, 1215, 74.70, 45, 0x0000000000000001
2026/09/30 14:28:35.041, 210, 1215, 74.62, 45, 0x0000000000000001
2026/09/30 14:28:35.291, 210, 1215, 74.70, 45, 0x0000000000000001
2026/09/30 14:28:35.541, 210, 1215, 74.70, 45, 0x0000000000000001
2026/09/30 14:28:35.791, 210, 1215, 74.70, 45, 0x0000000000000001
2026/09/30 14:28:36.042, 210, 1215, 74.62, 45, 0x0000000000000001
2026/09/30 14:28:36.292, 210, 1215, 74.62, 44, 0x0000000000000001
2026/09/30 14:28:36.542, 210, 1215, 74.55, 44, 0x0000000000000001
2026/09/30 14:28:36.792, 210, 1215, 74.70, 44, 0x0000000000000001
2026/09/30 14:28:37.042, 210, 1215, 74.70, 44, 0x0000000000000001
2026/09/30 14:28:37.292, 210, 1215, 74.70, 44, 0x0000000000000001
2026/09/30 14:28:37.542, 210, 1215, 74.70, 44, 0x0000000000000001
2026/09/30 14:28:37.792, 210, 1215, 74.70, 44, 0x0000000000000001
2026/09/30 14:28:38.042, 210, 1215, 74.62, 44, 0x0000000000000001
2026/09/30 14:28:38.293, 210, 1215, 74.62, 44, 0x0000000000000001
2026/09/30 14:28:38.543, 210, 1215, 74.55, 44, 0x0000000000000001
2026/09/30 14:28:38.793, 210, 1215, 74.55, 44, 0x0000000000000001
2026/09/30 14:28:39.043, 210, 1215, 74.55, 44, 0x0000000000000001
2026/09/30 14:28:39.293, 210, 1215, 74.55, 44, 0x0000000000000001
2026/09/30 14:28:39.543, 210, 1215, 74.47, 44, 0x0000000000000001
2026/09/30 14:28:39.793, 210, 1215, 74.47, 44, 0x0000000000000001
2026/09/30 14:28:40.043, 210, 1215, 74.55, 44, 0x0000000000000001
2026/09/30 14:28:40.294, 210, 1215, 74.62, 44, 0x0000000000000001
2026/09/30 14:28:40.544, 210, 1215, 74.62, 44, 0x0000000000000001
2026/09/30 14:28:40.794, 210, 1215, 74.62, 44, 0x0000000000000001
2026/09/30 14:28:41.044, 210, 1215, 74.62, 44, 0x0000000000000001
2026/09/30 14:28:41.294, 210, 1215, 74.35, 44, 0x0000000000000001
2026/09/30 14:28:41.544, 210, 1215, 74.70, 44, 0x0000000000000001
2026/09/30 14:28:41.794, 210, 1215, 74.43, 44, 0x0000000000000001
2026/09/30 14:28:42.044, 210, 1215, 74.55, 44, 0x0000000000000001
2026/09/30 14:28:42.294, 210, 1215, 74.62, 44, 0x0000000000000001
2026/09/30 14:28:42.545, 210, 1215, 74.43, 44, 0x0000000000000001
2026/09/30 14:28:42.795, 210, 1215, 74.50, 44, 0x0000000000000001
2026/09/30 14:28:43.045, 210, 1215, 74.50, 44, 0x0000000000000001
2026/09/30 14:28:43.295, 210, 1215, 74.50, 44, 0x0000000000000001
2026/09/30 14:28:43.545, 210, 1215, 74.43, 44, 0x0000000000000001
2026/09/30 14:28:43.795, 210, 1215, 74.43, 44, 0x0000000000000001
2026/09/30 14:28:44.045, 210, 1215, 74.43, 44, 0x0000000000000001
2026/09/30 14:28:44.295, 210, 1215, 74.47, 44, 0x0000000000000001
2026/09/30 14:28:44.545, 210, 1215, 74.27, 44, 0x0000000000000001
2026/09/30 14:28:44.796, 210, 1215, 74.39, 44, 0x0000000000000001
2026/09/30 14:28:45.046, 210, 1215, 74.39, 44, 0x0000000000000001
2026/09/30 14:28:45.296, 210, 1215, 74.43, 44, 0x0000000000000001
2026/09/30 14:28:45.546, 210, 1215, 74.43, 44, 0x0000000000000001
2026/09/30 14:28:45.796, 210, 1215, 74.35, 44, 0x0000000000000001
2026/09/30 14:28:46.046, 210, 1215, 74.35, 44, 0x0000000000000001
2026/09/30 14:28:46.296, 210, 1215, 74.43, 44, 0x0000000000000001
2026/09/30 14:28:46.547, 210, 1215, 74.35, 44, 0x0000000000000001
2026/09/30 14:28:46.797, 210, 1215, 74.43, 44, 0x0000000000000001
2026/09/30 14:28:47.047, 210, 1215, 74.43, 44, 0x0000000000000001
2026/09/30 14:28:47.297, 210, 1215, 74.43, 44, 0x0000000000000001
2026/09/30 14:28:47.547, 210, 1215, 74.43, 44, 0x0000000000000001
2026/09/30 14:28:47.797, 210, 1215, 74.35, 44, 0x0000000000000001
2026/09/30 14:28:48.047, 210, 1215, 74.35, 44, 0x0000000000000001
2026/09/30 14:28:48.298, 210, 1215, 74.47, 44, 0x0000000000000001
2026/09/30 14:28:48.548, 210, 1215, 74.43, 44, 0x0000000000000001
2026/09/30 14:28:48.798, 210, 1215, 74.43, 44, 0x0000000000000001
2026/09/30 14:28:49.048, 210, 1215, 74.43, 44, 0x0000000000000001
2026/09/30 14:28:49.298, 210, 1215, 74.43, 44, 0x0000000000000001
2026/09/30 14:28:49.548, 210, 1215, 74.43, 44, 0x0000000000000001
2026/09/30 14:28:49.798, 210, 1215, 74.35, 44, 0x0000000000000001
2026/09/30 14:28:50.048, 210, 1215, 74.35, 44, 0x0000000000000001
2026/09/30 14:28:50.299, 210, 1215, 74.43, 44, 0x0000000000000001
2026/09/30 14:28:50.549, 210, 1215, 74.50, 44, 0x0000000000000001
2026/09/30 14:28:50.799, 210, 1215, 74.50, 44, 0x0000000000000001
2026/09/30 14:28:51.049, 210, 1215, 74.43, 44, 0x0000000000000001
2026/09/30 14:28:51.299, 210, 1215, 74.43, 44, 0x0000000000000001
2026/09/30 14:28:51.549, 210, 1215, 74.43, 44, 0x0000000000000001
2026/09/30 14:28:51.799, 210, 1215, 74.43, 44, 0x0000000000000001
2026/09/30 14:28:52.049, 210, 1215, 74.43, 44, 0x0000000000000001
2026/09/30 14:28:52.300, 210, 1215, 74.47, 44, 0x0000000000000001
2026/09/30 14:28:52.550, 210, 1215, 74.47, 44, 0x0000000000000001
2026/09/30 14:28:52.800, 210, 1215, 74.43, 44, 0x0000000000000001
2026/09/30 14:28:53.050, 210, 1215, 74.43, 44, 0x0000000000000001
2026/09/30 14:28:53.300, 210, 1215, 74.43, 44, 0x0000000000000001
2026/09/30 14:28:53.550, 210, 1215, 74.35, 44, 0x0000000000000001
2026/09/30 14:28:53.800, 210, 1215, 74.55, 44, 0x0000000000000001
2026/09/30 14:28:54.051, 210, 1215, 74.43, 44, 0x0000000000000001
2026/09/30 14:28:54.301, 210, 1215, 74.43, 44, 0x0000000000000001
2026/09/30 14:28:54.552, 210, 1215, 74.43, 44, 0x0000000000000001
2026/09/30 14:28:54.803, 210, 1215, 74.43, 44, 0x0000000000000001
2026/09/30 14:28:55.054, 210, 1215, 74.43, 44, 0x0000000000000001
2026/09/30 14:28:55.304, 210, 1215, 74.43, 44, 0x0000000000000001
2026/09/30 14:28:55.554, 210, 1215, 74.43, 44, 0x0000000000000001
2026/09/30 14:28:55.804, 210, 1215, 74.70, 44, 0x0000000000000001
2026/09/30 14:28:56.054, 210, 1215, 74.43, 44, 0x0000000000000001
2026/09/30 14:28:56.304, 210, 1215, 74.43, 44, 0x0000000000000001
2026/09/30 14:28:56.555, 210, 1215, 74.35, 44, 0x0000000000000001
2026/09/30 14:28:56.805, 210, 1215, 74.47, 44, 0x0000000000000001
2026/09/30 14:28:57.055, 210, 1215, 74.39, 44, 0x0000000000000001
2026/09/30 14:28:57.305, 210, 1215, 74.27, 44, 0x0000000000000001
2026/09/30 14:28:57.555, 210, 1215, 74.35, 44, 0x0000000000000001
2026/09/30 14:28:57.805, 210, 1215, 75.04, 44, 0x0000000000000001
2026/09/30 14:28:58.055, 1095, 1215, 81.43, 44, 0x0000000000000000
2026/09/30 14:28:58.305, 1095, 1215, 80.83, 44, 0x0000000000000000
2026/09/30 14:28:58.556, 1095, 1215, 82.04, 44, 0x0000000000000000
2026/09/30 14:28:58.806, 1095, 1215, 85.46, 45, 0x0000000000000000
2026/09/30 14:28:59.056, 1410, 1215, 164.51, 46, 0x0000000000000000
2026/09/30 14:28:59.306, 1410, 1215, 112.78, 48, 0x0000000000000000
2026/09/30 14:28:59.556, 1410, 1215, 225.88, 47, 0x0000000000000000
2026/09/30 14:28:59.806, 1410, 1215, 106.53, 47, 0x0000000000000000
2026/09/30 14:29:00.056, 1410, 1215, 103.79, 46, 0x0000000000000000
2026/09/30 14:29:00.307, 1410, 1215, 158.76, 47, 0x0000000000000000
2026/09/30 14:29:00.557, 1410, 1215, 102.31, 46, 0x0000000000000000
2026/09/30 14:29:00.807, 1410, 1215, 101.43, 46, 0x0000000000000000
2026/09/30 14:29:01.057, 1410, 1215, 101.10, 46, 0x0000000000000000
2026/09/30 14:29:01.307, 1410, 1215, 101.10, 46, 0x0000000000000000
2026/09/30 14:29:01.557, 1410, 1215, 101.00, 46, 0x0000000000000000
2026/09/30 14:29:01.807, 1410, 1215, 100.72, 46, 0x0000000000000000
2026/09/30 14:29:02.058, 1410, 1215, 100.72, 46, 0x0000000000000000
2026/09/30 14:29:02.308, 1095, 1215, 82.66, 46, 0x0000000000000000
2026/09/30 14:29:02.558, 1095, 1215, 80.99, 45, 0x0000000000000000
2026/09/30 14:29:02.808, 1095, 1215, 80.91, 45, 0x0000000000000000
2026/09/30 14:29:03.058, 1095, 1215, 80.91, 45, 0x0000000000000000
2026/09/30 14:29:03.308, 1095, 1215, 80.91, 45, 0x0000000000000000
2026/09/30 14:29:03.558, 1095, 1215, 80.91, 45, 0x0000000000000000
2026/09/30 14:29:03.809, 1095, 1215, 80.83, 45, 0x0000000000000000
2026/09/30 14:29:04.059, 1095, 1215, 80.83, 45, 0x0000000000000000
2026/09/30 14:29:04.309, 1095, 1215, 80.83, 45, 0x0000000000000000
2026/09/30 14:29:04.559, 1095, 1215, 80.74, 45, 0x0000000000000000
2026/09/30 14:29:04.809, 1095, 1215, 80.74, 45, 0x0000000000000000
2026/09/30 14:29:05.059, 1095, 1215, 80.91, 45, 0x0000000000000000
2026/09/30 14:29:05.309, 1095, 1215, 80.67, 45, 0x0000000000000000
2026/09/30 14:29:05.560, 1095, 1215, 80.75, 45, 0x0000000000000000
2026/09/30 14:29:05.810, 1095, 1215, 80.75, 45, 0x0000000000000000
2026/09/30 14:29:06.060, 1095, 1215, 80.75, 45, 0x0000000000000000
2026/09/30 14:29:06.310, 1095, 1215, 80.75, 45, 0x0000000000000000
2026/09/30 14:29:06.560, 1095, 1215, 80.75, 45, 0x0000000000000000
2026/09/30 14:29:06.810, 1095, 1215, 80.75, 45, 0x0000000000000000
2026/09/30 14:29:07.060, 1095, 1215, 80.75, 45, 0x0000000000000000
2026/09/30 14:29:07.311, 1095, 1215, 80.75, 45, 0x0000000000000000
2026/09/30 14:29:07.561, 1095, 1215, 80.75, 45, 0x0000000000000000
2026/09/30 14:29:07.811, 1095, 1215, 80.99, 45, 0x0000000000000000
2026/09/30 14:29:08.061, 1095, 1215, 80.99, 45, 0x0000000000000000
2026/09/30 14:29:08.311, 1095, 1215, 80.99, 45, 0x0000000000000000
2026/09/30 14:29:08.561, 1095, 1215, 80.99, 45, 0x0000000000000000
2026/09/30 14:29:08.812, 1095, 1215, 80.67, 45, 0x0000000000000000
2026/09/30 14:29:09.062, 1095, 1215, 80.67, 45, 0x0000000000000000
2026/09/30 14:29:09.312, 1095, 1215, 80.75, 45, 0x0000000000000000
2026/09/30 14:29:09.562, 1095, 1215, 80.75, 45, 0x0000000000000000
2026/09/30 14:29:09.812, 1095, 1215, 80.83, 45, 0x0000000000000000
2026/09/30 14:29:10.062, 1095, 1215, 80.83, 45, 0x0000000000000000
2026/09/30 14:29:10.313, 1095, 1215, 80.75, 45, 0x0000000000000000
2026/09/30 14:29:10.563, 1095, 1215, 80.75, 45, 0x0000000000000000
2026/09/30 14:29:10.813, 1095, 1215, 80.75, 45, 0x0000000000000000
2026/09/30 14:29:11.063, 1095, 1215, 80.75, 45, 0x0000000000000000
2026/09/30 14:29:11.313, 1095, 1215, 80.83, 45, 0x0000000000000000
2026/09/30 14:29:11.563, 1095, 1215, 81.16, 45, 0x0000000000000000
2026/09/30 14:29:11.813, 1095, 1215, 81.16, 45, 0x0000000000000000
2026/09/30 14:29:12.064, 1095, 1215, 81.16, 45, 0x0000000000000000
2026/09/30 14:29:12.314, 1095, 1215, 81.16, 45, 0x0000000000000000
2026/09/30 14:29:12.564, 1095, 1215, 81.08, 45, 0x0000000000000000
2026/09/30 14:29:12.814, 1095, 1215, 81.08, 45, 0x0000000000000000
2026/09/30 14:29:13.064, 1095, 1215, 81.16, 45, 0x0000000000000000
2026/09/30 14:29:13.314, 1095, 1215, 81.24, 45, 0x0000000000000000
2026/09/30 14:29:13.565, 1095, 1215, 80.91, 45, 0x0000000000000000
2026/09/30 14:29:13.815, 1095, 1215, 80.91, 45, 0x0000000000000000
2026/09/30 14:29:14.065, 1095, 1215, 81.24, 45, 0x0000000000000000
2026/09/30 14:29:14.315, 1095, 1215, 81.24, 45, 0x0000000000000000
2026/09/30 14:29:14.565, 1095, 1215, 81.16, 45, 0x0000000000000000
2026/09/30 14:29:14.815, 1095, 1215, 81.16, 45, 0x0000000000000000
2026/09/30 14:29:15.065, 1095, 1215, 81.08, 45, 0x0000000000000000
2026/09/30 14:29:15.316, 1095, 1215, 80.99, 45, 0x0000000000000000
2026/09/30 14:29:15.566, 1095, 1215, 80.99, 45, 0x0000000000000000
2026/09/30 14:29:15.816, 1095, 1215, 80.99, 45, 0x0000000000000000
2026/09/30 14:29:16.066, 1095, 1215, 81.08, 45, 0x0000000000000000
2026/09/30 14:29:16.316, 1095, 1215, 81.08, 45, 0x0000000000000000
2026/09/30 14:29:16.566, 1095, 1215, 80.91, 45, 0x0000000000000000
2026/09/30 14:29:16.816, 1095, 1215, 80.91, 45, 0x0000000000000000
2026/09/30 14:29:17.067, 1095, 1215, 80.91, 45, 0x0000000000000000
2026/09/30 14:29:17.317, 1095, 1215, 80.83, 45, 0x0000000000000000
2026/09/30 14:29:17.567, 1095, 1215, 80.83, 45, 0x0000000000000000
2026/09/30 14:29:17.817, 1095, 1215, 80.83, 45, 0x0000000000000000
2026/09/30 14:29:18.067, 1095, 1215, 80.91, 45, 0x0000000000000000
2026/09/30 14:29:18.317, 1095, 1215, 80.91, 45, 0x0000000000000000
2026/09/30 14:29:18.568, 1095, 1215, 80.91, 45, 0x0000000000000000
2026/09/30 14:29:18.818, 1095, 1215, 80.91, 45, 0x0000000000000000
2026/09/30 14:29:19.068, 1095, 1215, 81.00, 45, 0x0000000000000000
2026/09/30 14:29:19.318, 1095, 1215, 80.91, 45, 0x0000000000000000
2026/09/30 14:29:19.568, 1095, 1215, 81.00, 45, 0x0000000000000000
2026/09/30 14:29:19.818, 1095, 1215, 80.91, 45, 0x0000000000000000
2026/09/30 14:29:20.068, 1095, 1215, 80.91, 45, 0x0000000000000000
2026/09/30 14:29:20.318, 1095, 1215, 80.91, 45, 0x0000000000000000
2026/09/30 14:29:20.569, 1095, 1215, 80.91, 45, 0x0000000000000000
2026/09/30 14:29:20.819, 1095, 1215, 80.91, 45, 0x0000000000000000
2026/09/30 14:29:21.069, 1095, 1215, 80.91, 45, 0x0000000000000000
2026/09/30 14:29:21.319, 1095, 1215, 80.83, 45, 0x0000000000000000
2026/09/30 14:29:21.569, 1095, 1215, 80.83, 45, 0x0000000000000000
2026/09/30 14:29:21.819, 1095, 1215, 80.91, 45, 0x0000000000000000
2026/09/30 14:29:22.069, 1095, 1215, 80.75, 45, 0x0000000000000000
2026/09/30 14:29:22.319, 1095, 1215, 80.67, 45, 0x0000000000000000
2026/09/30 14:29:22.570, 1095, 1215, 80.91, 45, 0x0000000000000000
2026/09/30 14:29:22.820, 1095, 1215, 80.91, 45, 0x0000000000000000
2026/09/30 14:29:23.070, 1095, 1215, 80.91, 45, 0x0000000000000000
2026/09/30 14:29:23.320, 1095, 1215, 80.91, 45, 0x0000000000000000
2026/09/30 14:29:23.570, 1095, 1215, 81.00, 45, 0x0000000000000000
2026/09/30 14:29:23.820, 1095, 1215, 81.00, 45, 0x0000000000000000
2026/09/30 14:29:24.070, 1095, 1215, 80.91, 45, 0x0000000000000000
2026/09/30 14:29:24.320, 1095, 1215, 80.91, 45, 0x0000000000000000
2026/09/30 14:29:24.571, 1095, 1215, 80.83, 45, 0x0000000000000000
2026/09/30 14:29:24.821, 1095, 1215, 80.91, 45, 0x0000000000000000
2026/09/30 14:29:25.071, 1095, 1215, 80.83, 45, 0x0000000000000000
2026/09/30 14:29:25.321, 1095, 1215, 80.91, 45, 0x0000000000000000
2026/09/30 14:29:25.571, 1095, 1215, 80.83, 45, 0x0000000000000000
2026/09/30 14:29:25.821, 1095, 1215, 80.83, 45, 0x0000000000000000
2026/09/30 14:29:26.071, 1095, 1215, 80.64, 45, 0x0000000000000000
2026/09/30 14:29:26.321, 1095, 1215, 80.91, 45, 0x0000000000000000
2026/09/30 14:29:26.572, 1095, 1215, 80.91, 45, 0x0000000000000000
2026/09/30 14:29:26.822, 1095, 1215, 80.91, 45, 0x0000000000000000
2026/09/30 14:29:27.072, 1095, 1215, 80.64, 45, 0x0000000000000000
2026/09/30 14:29:27.322, 1095, 1215, 80.72, 45, 0x0000000000000000
2026/09/30 14:29:27.572, 1095, 1215, 80.64, 44, 0x0000000000000000
2026/09/30 14:29:27.822, 1095, 1215, 80.64, 44, 0x0000000000000000
2026/09/30 14:29:28.072, 1095, 1215, 80.64, 44, 0x0000000000000000
2026/09/30 14:29:28.322, 1095, 1215, 80.64, 44, 0x0000000000000000
2026/09/30 14:29:28.573, 1095, 1215, 80.64, 44, 0x0000000000000000
2026/09/30 14:29:28.823, 1095, 1215, 80.83, 44, 0x0000000000000000
2026/09/30 14:29:29.073, 1095, 1215, 80.83, 44, 0x0000000000000000
2026/09/30 14:29:29.323, 1095, 1215, 80.75, 44, 0x0000000000000000
2026/09/30 14:29:29.573, 1095, 1215, 80.64, 44, 0x0000000000000000
2026/09/30 14:29:29.823, 1095, 1215, 80.64, 44, 0x0000000000000000
2026/09/30 14:29:30.073, 1095, 1215, 80.72, 44, 0x0000000000000000
2026/09/30 14:29:30.324, 1095, 1215, 80.72, 44, 0x0000000000000000
2026/09/30 14:29:30.574, 1095, 1215, 80.72, 44, 0x0000000000000000
2026/09/30 14:29:30.824, 1095, 1215, 80.64, 44, 0x0000000000000000
2026/09/30 14:29:31.074, 1095, 1215, 80.64, 44, 0x0000000000000000
2026/09/30 14:29:31.324, 1095, 1215, 80.64, 44, 0x0000000000000000
2026/09/30 14:29:31.574, 1095, 1215, 80.64, 44, 0x0000000000000000
2026/09/30 14:29:31.824, 1095, 1215, 80.64, 44, 0x0000000000000000
2026/09/30 14:29:32.074, 1095, 1215, 80.64, 44, 0x0000000000000000
2026/09/30 14:29:32.325, 1095, 1215, 80.72, 44, 0x0000000000000000
2026/09/30 14:29:32.575, 1095, 1215, 80.72, 44, 0x0000000000000000
2026/09/30 14:29:32.825, 1095, 1215, 80.72, 44, 0x0000000000000000
2026/09/30 14:29:33.075, 1095, 1215, 80.64, 44, 0x0000000000000000
2026/09/30 14:29:33.325, 1095, 1215, 80.72, 44, 0x0000000000000000
2026/09/30 14:29:33.575, 1095, 1215, 80.91, 44, 0x0000000000000000
2026/09/30 14:29:33.825, 1095, 1215, 80.91, 44, 0x0000000000000000
2026/09/30 14:29:34.076, 1095, 1215, 80.91, 44, 0x0000000000000000
2026/09/30 14:29:34.326, 1095, 1215, 80.83, 44, 0x0000000000000000
2026/09/30 14:29:34.576, 1095, 1215, 80.75, 44, 0x0000000000000000
2026/09/30 14:29:34.826, 1095, 1215, 80.83, 44, 0x0000000000000000
2026/09/30 14:29:35.076, 1095, 1215, 80.91, 44, 0x0000000000000000
2026/09/30 14:29:35.326, 1095, 1215, 80.64, 44, 0x0000000000000000
2026/09/30 14:29:35.576, 1095, 1215, 80.64, 44, 0x0000000000000000
2026/09/30 14:29:35.827, 1095, 1215, 80.64, 44, 0x0000000000000000
2026/09/30 14:29:36.077, 1095, 1215, 80.56, 44, 0x0000000000000000
2026/09/30 14:29:36.327, 1095, 1215, 80.64, 44, 0x0000000000000000
2026/09/30 14:29:36.577, 1095, 1215, 80.72, 44, 0x0000000000000000
2026/09/30 14:29:36.827, 1095, 1215, 80.72, 44, 0x0000000000000000
2026/09/30 14:29:37.077, 1095, 1215, 80.72, 44, 0x0000000000000000
2026/09/30 14:29:37.327, 1095, 1215, 80.64, 44, 0x0000000000000000
2026/09/30 14:29:37.578, 1095, 1215, 80.64, 44, 0x0000000000000000
2026/09/30 14:29:37.828, 1095, 1215, 80.37, 44, 0x0000000000000000
2026/09/30 14:29:38.078, 1095, 1215, 80.37, 44, 0x0000000000000000
2026/09/30 14:29:38.328, 1095, 1215, 80.37, 44, 0x0000000000000000
2026/09/30 14:29:38.578, 1095, 1215, 80.29, 44, 0x0000000000000000
2026/09/30 14:29:38.828, 1095, 1215, 80.56, 44, 0x0000000000000000
2026/09/30 14:29:39.078, 1095, 1215, 80.37, 44, 0x0000000000000000
2026/09/30 14:29:39.329, 1095, 1215, 80.37, 44, 0x0000000000000000
2026/09/30 14:29:39.579, 1095, 1215, 80.37, 44, 0x0000000000000000
2026/09/30 14:29:39.829, 1095, 1215, 80.37, 44, 0x0000000000000000
2026/09/30 14:29:40.079, 1095, 1215, 80.45, 44, 0x0000000000000000
2026/09/30 14:29:40.329, 1095, 1215, 80.37, 44, 0x0000000000000000
2026/09/30 14:29:40.579, 1095, 1215, 80.45, 44, 0x0000000000000000
2026/09/30 14:29:40.829, 1095, 1215, 80.37, 44, 0x0000000000000000
2026/09/30 14:29:41.080, 1095, 1215, 80.37, 43, 0x0000000000000000
2026/09/30 14:29:41.330, 1095, 1215, 80.37, 43, 0x0000000000000000
2026/09/30 14:29:41.580, 1095, 1215, 80.37, 43, 0x0000000000000000
2026/09/30 14:29:41.830, 1095, 1215, 80.37, 43, 0x0000000000000000
2026/09/30 14:29:42.080, 1095, 1215, 80.37, 43, 0x0000000000000000
2026/09/30 14:29:42.330, 1095, 1215, 80.29, 43, 0x0000000000000000
2026/09/30 14:29:42.581, 1095, 1215, 80.29, 43, 0x0000000000000000
2026/09/30 14:29:42.831, 1095, 1215, 80.37, 43, 0x0000000000000000
2026/09/30 14:29:43.081, 1095, 1215, 80.29, 43, 0x0000000000000000
2026/09/30 14:29:43.331, 1095, 1215, 80.29, 43, 0x0000000000000000
2026/09/30 14:29:43.581, 1095, 1215, 80.12, 43, 0x0000000000000000
2026/09/30 14:29:43.831, 1095, 1215, 80.12, 43, 0x0000000000000000
2026/09/30 14:29:44.081, 1095, 1215, 80.20, 43, 0x0000000000000000
2026/09/30 14:29:44.332, 1095, 1215, 80.29, 43, 0x0000000000000000
2026/09/30 14:29:44.582, 1095, 1215, 80.37, 43, 0x0000000000000000
2026/09/30 14:29:44.832, 1095, 1215, 80.37, 43, 0x0000000000000000
2026/09/30 14:29:45.082, 1095, 1215, 80.37, 43, 0x0000000000000000
2026/09/30 14:29:45.332, 1095, 1215, 80.37, 43, 0x0000000000000000
2026/09/30 14:29:45.582, 1095, 1215, 80.03, 43, 0x0000000000000000
2026/09/30 14:29:45.832, 1095, 1215, 80.03, 43, 0x0000000000000000
2026/09/30 14:29:46.083, 1095, 1215, 80.03, 43, 0x0000000000000000
2026/09/30 14:29:46.333, 1095, 1215, 80.03, 43, 0x0000000000000000
2026/09/30 14:29:46.583, 1095, 1215, 79.95, 43, 0x0000000000000000
2026/09/30 14:29:46.833, 1095, 1215, 79.95, 43, 0x0000000000000000
2026/09/30 14:29:47.083, 1095, 1215, 79.95, 43, 0x0000000000000000
2026/09/30 14:29:47.333, 1095, 1215, 104.55, 44, 0x0000000000000000
2026/09/30 14:29:47.583, 1275, 1215, 88.33, 43, 0x0000000000000000
2026/09/30 14:29:47.834, 1275, 1215, 88.33, 43, 0x0000000000000000
2026/09/30 14:29:48.084, 1275, 1215, 96.58, 44, 0x0000000000000000
2026/09/30 14:29:48.334, 1275, 1215, 88.33, 43, 0x0000000000000000
2026/09/30 14:29:48.584, 1275, 1215, 88.61, 43, 0x0000000000000000
2026/09/30 14:29:48.834, 1275, 1215, 88.61, 43, 0x0000000000000000
2026/09/30 14:29:49.084, 1275, 1215, 88.24, 43, 0x0000000000000000
2026/09/30 14:29:49.334, 1095, 1215, 80.48, 43, 0x0000000000000000
2026/09/30 14:29:49.585, 1095, 1215, 80.29, 43, 0x0000000000000000
2026/09/30 14:29:49.835, 1095, 1215, 79.95, 43, 0x0000000000000000
2026/09/30 14:29:50.085, 1095, 1215, 80.03, 43, 0x0000000000000000
2026/09/30 14:29:50.335, 1095, 1215, 80.03, 43, 0x0000000000000000
2026/09/30 14:29:50.585, 1095, 1215, 79.95, 43, 0x0000000000000000
2026/09/30 14:29:50.835, 1095, 1215, 80.03, 43, 0x0000000000000000
2026/09/30 14:29:51.085, 1095, 1215, 80.03, 43, 0x0000000000000000
2026/09/30 14:29:51.336, 1095, 1215, 80.03, 43, 0x0000000000000000
2026/09/30 14:29:51.586, 1095, 1215, 80.03, 43, 0x0000000000000000
2026/09/30 14:29:51.836, 1095, 1215, 80.03, 43, 0x0000000000000000
2026/09/30 14:29:52.086, 1095, 1215, 80.03, 43, 0x0000000000000000
2026/09/30 14:29:52.336, 1095, 1215, 79.95, 43, 0x0000000000000000
2026/09/30 14:29:52.586, 1095, 1215, 80.11, 43, 0x0000000000000000
2026/09/30 14:29:52.836, 1095, 1215, 80.11, 43, 0x0000000000000000
2026/09/30 14:29:53.086, 1095, 1215, 80.11, 43, 0x0000000000000000
2026/09/30 14:29:53.337, 1095, 1215, 80.11, 43, 0x0000000000000000
2026/09/30 14:29:53.587, 1095, 1215, 80.03, 43, 0x0000000000000000
2026/09/30 14:29:53.837, 1095, 1215, 80.03, 43, 0x0000000000000000
2026/09/30 14:29:54.087, 1095, 1215, 88.00, 43, 0x0000000000000000
2026/09/30 14:29:54.337, 1215, 1215, 89.21, 43, 0x0000000000000000
2026/09/30 14:29:54.587, 1410, 1215, 106.53, 45, 0x0000000000000000
2026/09/30 14:29:54.837, 1410, 1215, 288.65, 45, 0x0000000000000000
2026/09/30 14:29:55.088, 1410, 1215, 100.15, 44, 0x0000000000000000
2026/09/30 14:29:55.338, 1410, 1215, 100.15, 44, 0x0000000000000000
2026/09/30 14:29:55.588, 1410, 1215, 100.15, 44, 0x0000000000000000
2026/09/30 14:29:55.838, 1410, 1215, 102.52, 44, 0x0000000000000000
2026/09/30 14:29:56.088, 1410, 1215, 99.82, 44, 0x0000000000000000
2026/09/30 14:29:56.338, 1410, 1215, 99.72, 44, 0x0000000000000000
2026/09/30 14:29:56.588, 1410, 1215, 99.85, 44, 0x0000000000000000
2026/09/30 14:29:56.839, 1095, 1215, 80.99, 43, 0x0000000000000000
2026/09/30 14:29:57.089, 495, 1215, 75.08, 43, 0x0000000000000001
2026/09/30 14:29:57.339, 450, 1215, 74.47, 43, 0x0000000000000001
2026/09/30 14:29:57.589, 420, 1215, 74.12, 42, 0x0000000000000001
2026/09/30 14:29:57.839, 375, 1215, 74.08, 42, 0x0000000000000001
2026/09/30 14:29:58.089, 315, 1215, 74.08, 42, 0x0000000000000001
2026/09/30 14:29:58.339, 285, 1215, 73.82, 42, 0x0000000000000001
2026/09/30 14:29:58.590, 1095, 1215, 74.15, 42, 0x0000000000000000
2026/09/30 14:29:58.840, 1095, 1215, 80.64, 43, 0x0000000000000000
2026/09/30 14:29:59.090, 1095, 1215, 80.29, 42, 0x0000000000000000
2026/09/30 14:29:59.340, 1095, 1215, 79.95, 42, 0x0000000000000000
2026/09/30 14:29:59.590, 1095, 1215, 80.03, 42, 0x0000000000000000
2026/09/30 14:29:59.840, 1095, 1215, 79.76, 42, 0x0000000000000000
2026/09/30 14:30:00.090, 1095, 1215, 80.03, 42, 0x0000000000000000
2026/09/30 14:30:00.341, 1095, 1215, 79.95, 42, 0x0000000000000000
2026/09/30 14:30:00.591, 1095, 1215, 80.03, 42, 0x0000000000000000
2026/09/30 14:30:00.841, 1095, 1215, 79.95, 42, 0x0000000000000000
2026/09/30 14:30:01.091, 1095, 1215, 79.87, 42, 0x0000000000000000
2026/09/30 14:30:01.341, 1095, 1215, 79.79, 42, 0x0000000000000000
2026/09/30 14:30:01.591, 1095, 1215, 82.83, 42, 0x0000000000000000
2026/09/30 14:30:01.841, 1095, 1215, 79.79, 42, 0x0000000000000000
2026/09/30 14:30:02.093, 1095, 1215, 79.76, 42, 0x0000000000000000
2026/09/30 14:30:02.343, 1095, 1215, 79.95, 42, 0x0000000000000000
2026/09/30 14:30:02.593, 1095, 1215, 79.76, 42, 0x0000000000000000
2026/09/30 14:30:02.843, 1095, 1215, 79.76, 42, 0x0000000000000000
2026/09/30 14:30:03.093, 375, 1215, 74.35, 42, 0x0000000000000001
2026/09/30 14:30:03.343, 1095, 1215, 74.70, 42, 0x0000000000000000
2026/09/30 14:30:03.593, 1095, 1215, 82.81, 42, 0x0000000000000000
2026/09/30 14:30:03.844, 1095, 1215, 80.03, 42, 0x0000000000000000
2026/09/30 14:30:04.094, 1095, 1215, 124.06, 43, 0x0000000000000000
2026/09/30 14:30:04.344, 1095, 1215, 80.64, 43, 0x0000000000000000
2026/09/30 14:30:04.594, 1095, 1215, 80.03, 42, 0x0000000000000000
2026/09/30 14:30:04.844, 1095, 1215, 79.68, 42, 0x0000000000000000
2026/09/30 14:30:05.094, 1095, 1215, 79.68, 42, 0x0000000000000000
2026/09/30 14:30:05.344, 1095, 1215, 79.76, 42, 0x0000000000000000
2026/09/30 14:30:05.595, 1095, 1215, 79.76, 42, 0x0000000000000000
2026/09/30 14:30:05.845, 1095, 1215, 79.76, 42, 0x0000000000000000
2026/09/30 14:30:06.095, 1095, 1215, 79.76, 42, 0x0000000000000000
2026/09/30 14:30:06.345, 1095, 1215, 79.60, 42, 0x0000000000000000
2026/09/30 14:30:06.595, 1095, 1215, 79.79, 42, 0x0000000000000000
2026/09/30 14:30:06.845, 1095, 1215, 120.85, 43, 0x0000000000000000
2026/09/30 14:30:07.095, 1410, 1215, 249.70, 46, 0x0000000000000000
2026/09/30 14:30:07.346, 1410, 1215, 244.09, 47, 0x0000000000000000
2026/09/30 14:30:07.596, 1410, 1215, 271.26, 49, 0x0000000000000000
2026/09/30 14:30:07.846, 1410, 1215, 270.33, 50, 0x0000000000000000
2026/09/30 14:30:08.096, 1410, 1215, 250.90, 50, 0x0000000000000000
2026/09/30 14:30:08.346, 1410, 1215, 194.17, 50, 0x0000000000000000
2026/09/30 14:30:08.596, 1410, 1215, 217.23, 51, 0x0000000000000000
2026/09/30 14:30:08.846, 1410, 1215, 280.09, 52, 0x0000000000000000
2026/09/30 14:30:09.097, 1410, 1215, 301.32, 52, 0x0000000000000000
2026/09/30 14:30:09.347, 1410, 1215, 305.41, 54, 0x0000000000000000
2026/09/30 14:30:09.597, 1410, 1215, 299.54, 54, 0x0000000000000000
2026/09/30 14:30:09.847, 1410, 1215, 302.84, 55, 0x0000000000000000
2026/09/30 14:30:10.097, 1410, 1215, 291.03, 55, 0x0000000000000000
2026/09/30 14:30:10.347, 1410, 1215, 193.49, 52, 0x0000000000000000
2026/09/30 14:30:10.597, 1410, 1215, 302.80, 54, 0x0000000000000000
2026/09/30 14:30:10.848, 1410, 1215, 294.85, 55, 0x0000000000000000
2026/09/30 14:30:11.098, 1410, 1215, 310.76, 55, 0x0000000000000000
2026/09/30 14:30:11.348, 1410, 1215, 366.39, 57, 0x0000000000000000
2026/09/30 14:30:11.598, 1410, 1215, 313.72, 56, 0x0000000000000000
2026/09/30 14:30:11.848, 1410, 1215, 326.33, 57, 0x0000000000000000
2026/09/30 14:30:12.098, 1395, 1215, 351.70, 58, 0x0000000000000004
2026/09/30 14:30:12.348, 1380, 1215, 406.78, 57, 0x0000000000000004
2026/09/30 14:30:12.599, 1395, 1215, 357.70, 57, 0x0000000000000004
2026/09/30 14:30:12.849, 1395, 1215, 233.16, 57, 0x0000000000000004
2026/09/30 14:30:13.099, 1395, 1215, 407.47, 58, 0x0000000000000004
2026/09/30 14:30:13.349, 1395, 1215, 414.88, 58, 0x0000000000000004
2026/09/30 14:30:13.599, 1365, 1215, 351.18, 59, 0x0000000000000004
2026/09/30 14:30:13.849, 1410, 1215, 146.40, 55, 0x0000000000000000
2026/09/30 14:30:14.100, 1410, 1215, 388.32, 58, 0x0000000000000000
2026/09/30 14:30:14.350, 1410, 1215, 374.45, 59, 0x0000000000000000
2026/09/30 14:30:14.600, 1395, 1215, 369.73, 60, 0x0000000000000004
2026/09/30 14:30:14.850, 1410, 1215, 325.52, 59, 0x0000000000000000
2026/09/30 14:30:15.100, 1365, 1215, 243.49, 60, 0x0000000000000004
2026/09/30 14:30:15.351, 1395, 1215, 416.18, 60, 0x0000000000000004
2026/09/30 14:30:15.601, 1350, 1215, 365.89, 61, 0x0000000000000004
2026/09/30 14:30:15.851, 1365, 1215, 397.22, 60, 0x0000000000000004
2026/09/30 14:30:16.101, 1395, 1215, 377.69, 60, 0x0000000000000004
2026/09/30 14:30:16.351, 1410, 1215, 394.33, 62, 0x0000000000000000
2026/09/30 14:30:16.601, 1365, 1215, 351.22, 62, 0x0000000000000004
2026/09/30 14:30:16.851, 1395, 1215, 291.31, 61, 0x0000000000000004
2026/09/30 14:30:17.102, 1380, 1215, 411.92, 61, 0x0000000000000004
2026/09/30 14:30:17.352, 1395, 1215, 393.04, 61, 0x0000000000000004
2026/09/30 14:30:17.602, 1380, 1215, 304.29, 61, 0x0000000000000004
2026/09/30 14:30:17.852, 1335, 1215, 437.41, 62, 0x0000000000000004
2026/09/30 14:30:18.102, 1365, 1215, 319.26, 60, 0x0000000000000004
2026/09/30 14:30:18.352, 1335, 1215, 285.09, 62, 0x0000000000000004
2026/09/30 14:30:18.603, 1290, 1215, 376.21, 63, 0x0000000000000004
2026/09/30 14:30:18.853, 1410, 1215, 202.74, 57, 0x0000000000000000
2026/09/30 14:30:19.103, 1410, 1215, 375.82, 62, 0x0000000000000000
2026/09/30 14:30:19.353, 1410, 1215, 343.78, 61, 0x0000000000000000
2026/09/30 14:30:19.603, 1395, 1215, 364.74, 63, 0x0000000000000004
2026/09/30 14:30:19.853, 1365, 1215, 376.81, 63, 0x0000000000000004
2026/09/30 14:30:20.103, 1350, 1215, 364.03, 63, 0x0000000000000004
2026/09/30 14:30:20.354, 1395, 1215, 417.68, 62, 0x0000000000000004
2026/09/30 14:30:20.604, 1350, 1215, 389.41, 63, 0x0000000000000004
2026/09/30 14:30:20.854, 1335, 1215, 403.13, 63, 0x0000000000000004
2026/09/30 14:30:21.104, 1335, 1215, 357.57, 62, 0x0000000000000004
2026/09/30 14:30:21.354, 1350, 1215, 426.94, 63, 0x0000000000000004
2026/09/30 14:30:21.604, 1380, 1215, 382.49, 63, 0x0000000000000004
2026/09/30 14:30:21.855, 1380, 1215, 329.29, 63, 0x0000000000000004
2026/09/30 14:30:22.105, 1380, 1215, 365.14, 64, 0x0000000000000004
2026/09/30 14:30:22.355, 1380, 1215, 377.93, 64, 0x0000000000000004
2026/09/30 14:30:22.605, 1305, 1215, 453.16, 64, 0x0000000000000004
2026/09/30 14:30:22.855, 1395, 1215, 279.49, 64, 0x0000000000000004
2026/09/30 14:30:23.105, 1335, 1215, 402.52, 63, 0x0000000000000004
2026/09/30 14:30:23.355, 1320, 1215, 338.71, 65, 0x0000000000000004
2026/09/30 14:30:23.606, 1380, 1215, 446.37, 64, 0x0000000000000004
2026/09/30 14:30:23.856, 1275, 1215, 258.87, 63, 0x0000000000000004
2026/09/30 14:30:24.106, 1320, 1215, 364.59, 63, 0x0000000000000004
2026/09/30 14:30:24.356, 1335, 1215, 421.96, 64, 0x0000000000000004
2026/09/30 14:30:24.606, 1290, 1215, 277.45, 65, 0x0000000000000004
2026/09/30 14:30:24.856, 1335, 1215, 445.08, 63, 0x0000000000000004
2026/09/30 14:30:25.106, 1305, 1215, 348.50, 66, 0x0000000000000004
2026/09/30 14:30:25.357, 1350, 1215, 436.98, 65, 0x0000000000000004
2026/09/30 14:30:25.607, 1290, 1215, 427.65, 65, 0x0000000000000004
2026/09/30 14:30:25.857, 1380, 1215, 316.07, 63, 0x0000000000000004
2026/09/30 14:30:26.107, 1245, 1215, 450.26, 67, 0x0000000000000004
2026/09/30 14:30:26.357, 1395, 1215, 126.43, 60, 0x0000000000000004
2026/09/30 14:30:26.607, 1410, 1215, 193.82, 60, 0x0000000000000000
2026/09/30 14:30:26.857, 1335, 1215, 415.88, 63, 0x0000000000000004
2026/09/30 14:30:27.108, 1320, 1215, 383.01, 64, 0x0000000000000004
2026/09/30 14:30:27.358, 1350, 1215, 413.52, 65, 0x0000000000000004
2026/09/30 14:30:27.608, 1395, 1215, 378.29, 66, 0x0000000000000004
2026/09/30 14:30:27.858, 1290, 1215, 340.55, 65, 0x0000000000000004
2026/09/30 14:30:28.108, 1335, 1215, 344.66, 66, 0x0000000000000004
2026/09/30 14:30:28.358, 1365, 1215, 364.41, 65, 0x0000000000000004
2026/09/30 14:30:28.609, 1380, 1215, 399.90, 65, 0x0000000000000004
2026/09/30 14:30:28.859, 1365, 1215, 318.39, 65, 0x0000000000000004
2026/09/30 14:30:29.109, 1380, 1215, 365.51, 65, 0x0000000000000004
2026/09/30 14:30:29.359, 1350, 1215, 438.71, 66, 0x0000000000000004
2026/09/30 14:30:29.609, 1305, 1215, 374.01, 67, 0x0000000000000004
2026/09/30 14:30:29.859, 1335, 1215, 445.18, 65, 0x0000000000000004
2026/09/30 14:30:30.110, 1350, 1215, 365.89, 65, 0x0000000000000004
2026/09/30 14:30:30.360, 1335, 1215, 322.55, 65, 0x0000000000000004
2026/09/30 14:30:30.610, 1365, 1215, 330.51, 65, 0x0000000000000004
2026/09/30 14:30:30.860, 1380, 1215, 420.92, 66, 0x0000000000000004
2026/09/30 14:30:31.110, 1365, 1215, 287.77, 66, 0x0000000000000004
2026/09/30 14:30:31.361, 1350, 1215, 366.22, 67, 0x0000000000000004
2026/09/30 14:30:31.611, 1365, 1215, 420.58, 65, 0x0000000000000004
2026/09/30 14:30:31.861, 1290, 1215, 354.09, 67, 0x0000000000000004
2026/09/30 14:30:32.111, 1410, 1215, 352.95, 68, 0x0000000000000000
2026/09/30 14:30:32.361, 1320, 1215, 261.49, 68, 0x0000000000000004
2026/09/30 14:30:32.612, 1335, 1215, 408.53, 65, 0x0000000000000004
2026/09/30 14:30:32.862, 1260, 1215, 456.54, 67, 0x0000000000000004
2026/09/30 14:30:33.112, 1320, 1215, 269.45, 68, 0x0000000000000004
2026/09/30 14:30:33.362, 1365, 1215, 303.40, 66, 0x0000000000000004
2026/09/30 14:30:33.612, 1275, 1215, 468.92, 68, 0x0000000000000004
2026/09/30 14:30:33.863, 1365, 1215, 280.97, 67, 0x0000000000000004
2026/09/30 14:30:34.113, 1335, 1215, 358.54, 66, 0x0000000000000004
2026/09/30 14:30:34.363, 1275, 1215, 454.78, 68, 0x0000000000000004
2026/09/30 14:30:34.613, 1380, 1215, 268.90, 67, 0x0000000000000004
2026/09/30 14:30:34.863, 1335, 1215, 333.12, 68, 0x0000000000000004
2026/09/30 14:30:35.114, 1275, 1215, 446.37, 67, 0x0000000000000004
2026/09/30 14:30:35.364, 1365, 1215, 272.74, 66, 0x0000000000000004
2026/09/30 14:30:35.614, 1260, 1215, 397.16, 68, 0x0000000000000004
2026/09/30 14:30:35.864, 1305, 1215, 458.21, 68, 0x0000000000000004
2026/09/30 14:30:36.114, 1350, 1215, 266.82, 66, 0x0000000000000004
2026/09/30 14:30:36.364, 1260, 1215, 273.90, 69, 0x0000000000000004
2026/09/30 14:30:36.615, 1260, 1215, 375.65, 70, 0x0000000000000004
2026/09/30 14:30:36.865, 1305, 1215, 310.81, 67, 0x0000000000000004
2026/09/30 14:30:37.115, 1395, 1215, 120.22, 61, 0x0000000000000000
2026/09/30 14:30:37.365, 1410, 1215, 116.10, 59, 0x0000000000000000
2026/09/30 14:30:37.615, 1410, 1215, 114.33, 57, 0x0000000000000000
2026/09/30 14:30:37.865, 1410, 1215, 111.64, 57, 0x0000000000000000
2026/09/30 14:30:38.115, 1410, 1215, 114.33, 56, 0x0000000000000000
2026/09/30 14:30:38.366, 1410, 1215, 110.37, 56, 0x0000000000000000
2026/09/30 14:30:38.616, 1410, 1215, 109.77, 55, 0x0000000000000000
2026/09/30 14:30:38.866, 1410, 1215, 109.66, 55, 0x0000000000000000
2026/09/30 14:30:39.116, 1410, 1215, 109.38, 55, 0x0000000000000000
2026/09/30 14:30:39.366, 1410, 1215, 109.38, 55, 0x0000000000000000
2026/09/30 14:30:39.616, 1410, 1215, 108.89, 54, 0x0000000000000000
2026/09/30 14:30:39.866, 1410, 1215, 109.00, 54, 0x0000000000000000
2026/09/30 14:30:40.117, 375, 1215, 79.43, 53, 0x0000000000000001
2026/09/30 14:30:40.367, 330, 1215, 78.88, 53, 0x0000000000000001
2026/09/30 14:30:40.617, 300, 1215, 78.88, 53, 0x0000000000000001
2026/09/30 14:30:40.867, 285, 1215, 79.08, 52, 0x0000000000000001
2026/09/30 14:30:41.117, 240, 1215, 78.55, 52, 0x0000000000000001
2026/09/30 14:30:41.367, 210, 1215, 78.55, 52, 0x0000000000000001
2026/09/30 14:30:41.617, 210, 1215, 78.36, 52, 0x0000000000000001
2026/09/30 14:30:41.868, 210, 1215, 78.36, 52, 0x0000000000000001
2026/09/30 14:30:42.118, 210, 1215, 78.08, 52, 0x0000000000000001
2026/09/30 14:30:42.368, 210, 1215, 78.08, 51, 0x0000000000000001
2026/09/30 14:30:42.618, 210, 1215, 78.00, 51, 0x0000000000000001
2026/09/30 14:30:42.868, 210, 1215, 78.55, 51, 0x0000000000000001
2026/09/30 14:30:43.118, 210, 1215, 77.92, 51, 0x0000000000000001
2026/09/30 14:30:43.368, 210, 1215, 78.00, 51, 0x0000000000000001
2026/09/30 14:30:43.619, 1095, 1215, 84.76, 51, 0x0000000000000000
2026/09/30 14:30:43.869, 1095, 1215, 84.49, 51, 0x0000000000000000
2026/09/30 14:30:44.121, 1095, 1215, 84.49, 51, 0x0000000000000000
2026/09/30 14:30:44.371, 1095, 1215, 84.49, 51, 0x0000000000000000
2026/09/30 14:30:44.621, 1095, 1215, 84.49, 51, 0x0000000000000000
2026/09/30 14:30:44.871, 1095, 1215, 85.36, 51, 0x0000000000000000
2026/09/30 14:30:45.121, 1095, 1215, 84.68, 51, 0x0000000000000000
2026/09/30 14:30:45.371, 1095, 1215, 84.40, 51, 0x0000000000000000
2026/09/30 14:30:45.622, 1095, 1215, 85.19, 51, 0x0000000000000000
2026/09/30 14:30:45.872, 1095, 1215, 85.97, 51, 0x0000000000000000
2026/09/30 14:30:46.122, 1095, 1215, 84.15, 50, 0x0000000000000000
2026/09/30 14:30:46.372, 1095, 1215, 84.76, 50, 0x0000000000000000
2026/09/30 14:30:46.622, 1095, 1215, 84.76, 50, 0x0000000000000000
2026/09/30 14:30:46.873, 1095, 1215, 85.09, 50, 0x0000000000000000
2026/09/30 14:30:47.123, 1095, 1215, 85.36, 50, 0x0000000000000000
2026/09/30 14:30:47.373, 1095, 1215, 84.76, 50, 0x0000000000000000
2026/09/30 14:30:47.623, 1095, 1215, 83.88, 50, 0x0000000000000000
2026/09/30 14:30:47.873, 1095, 1215, 84.76, 50, 0x0000000000000000
2026/09/30 14:30:48.124, 1095, 1215, 83.88, 50, 0x0000000000000000
2026/09/30 14:30:48.374, 1095, 1215, 83.88, 50, 0x0000000000000000
2026/09/30 14:30:48.624, 1095, 1215, 83.88, 50, 0x0000000000000000
2026/09/30 14:30:48.874, 1095, 1215, 83.79, 50, 0x0000000000000000
2026/09/30 14:30:49.124, 1095, 1215, 83.71, 50, 0x0000000000000000
2026/09/30 14:30:49.375, 1095, 1215, 83.52, 50, 0x0000000000000000
2026/09/30 14:30:49.625, 1095, 1215, 84.07, 50, 0x0000000000000000
2026/09/30 14:30:49.875, 1095, 1215, 85.46, 50, 0x0000000000000000
2026/09/30 14:30:50.125, 1095, 1215, 128.99, 50, 0x0000000000000000
2026/09/30 14:30:50.375, 1335, 1215, 133.52, 51, 0x0000000000000000
2026/09/30 14:30:50.625, 1410, 1215, 170.46, 52, 0x0000000000000000
2026/09/30 14:30:50.876, 1410, 1215, 165.84, 52, 0x0000000000000000
2026/09/30 14:30:51.126, 1410, 1215, 167.04, 53, 0x0000000000000000
2026/09/30 14:30:51.376, 1410, 1215, 163.20, 53, 0x0000000000000000
2026/09/30 14:30:51.626, 1410, 1215, 106.64, 52, 0x0000000000000000
2026/09/30 14:30:51.876, 1395, 1215, 399.52, 60, 0x0000000000000004
2026/09/30 14:30:52.127, 1395, 1215, 403.08, 63, 0x0000000000000004
2026/09/30 14:30:52.377, 1380, 1215, 407.80, 64, 0x0000000000000004
2026/09/30 14:30:52.627, 1410, 1215, 144.73, 59, 0x0000000000000000
2026/09/30 14:30:52.877, 1380, 1215, 414.55, 65, 0x0000000000000004
2026/09/30 14:30:53.127, 1380, 1215, 400.72, 66, 0x0000000000000004
2026/09/30 14:30:53.378, 1365, 1215, 400.12, 66, 0x0000000000000004
2026/09/30 14:30:53.628, 1350, 1215, 411.92, 67, 0x0000000000000004
2026/09/30 14:30:53.878, 1350, 1215, 384.76, 67, 0x0000000000000004
2026/09/30 14:30:54.128, 1335, 1215, 391.16, 67, 0x0000000000000004
2026/09/30 14:30:54.378, 1335, 1215, 395.60, 67, 0x0000000000000004
2026/09/30 14:30:54.628, 1350, 1215, 399.11, 68, 0x0000000000000004
2026/09/30 14:30:54.878, 1335, 1215, 403.08, 67, 0x0000000000000004
2026/09/30 14:30:55.129, 1350, 1215, 415.60, 68, 0x0000000000000004
2026/09/30 14:30:55.379, 1335, 1215, 400.86, 68, 0x0000000000000004
2026/09/30 14:30:55.629, 1320, 1215, 401.33, 69, 0x0000000000000004
2026/09/30 14:30:55.879, 1320, 1215, 380.46, 68, 0x0000000000000004
2026/09/30 14:30:56.129, 1335, 1215, 394.79, 68, 0x0000000000000004
2026/09/30 14:30:56.379, 1320, 1215, 396.21, 69, 0x0000000000000004
2026/09/30 14:30:56.629, 1305, 1215, 394.19, 69, 0x0000000000000004
2026/09/30 14:30:56.880, 1320, 1215, 382.10, 69, 0x0000000000000004
2026/09/30 14:30:57.130, 1305, 1215, 379.08, 68, 0x0000000000000004
2026/09/30 14:30:57.380, 1335, 1215, 424.59, 69, 0x0000000000000004
2026/09/30 14:30:57.630, 1335, 1215, 369.42, 70, 0x0000000000000004
2026/09/30 14:30:57.880, 1320, 1215, 421.10, 70, 0x0000000000000004
2026/09/30 14:30:58.130, 1320, 1215, 414.04, 70, 0x0000000000000004
2026/09/30 14:30:58.380, 1335, 1215, 410.23, 70, 0x0000000000000004
2026/09/30 14:30:58.630, 1320, 1215, 419.79, 70, 0x0000000000000004
2026/09/30 14:30:58.881, 1305, 1215, 385.05, 70, 0x0000000000000004
2026/09/30 14:30:59.131, 1290, 1215, 400.04, 70, 0x0000000000000004
2026/09/30 14:30:59.381, 1320, 1215, 392.84, 70, 0x0000000000000004
2026/09/30 14:30:59.631, 1335, 1215, 423.99, 71, 0x0000000000000004
2026/09/30 14:30:59.881, 1290, 1215, 374.88, 71, 0x0000000000000004
2026/09/30 14:31:00.131, 1320, 1215, 407.84, 71, 0x0000000000000004
2026/09/30 14:31:00.381, 1290, 1215, 399.30, 70, 0x0000000000000004
2026/09/30 14:31:00.632, 1290, 1215, 389.28, 71, 0x0000000000000004
2026/09/30 14:31:00.882, 1320, 1215, 409.31, 71, 0x0000000000000004
2026/09/30 14:31:01.132, 1290, 1215, 398.97, 71, 0x0000000000000004
2026/09/30 14:31:01.382, 1320, 1215, 404.61, 71, 0x0000000000000004
2026/09/30 14:31:01.632, 1320, 1215, 406.63, 71, 0x0000000000000004
2026/09/30 14:31:01.882, 1275, 1215, 384.84, 71, 0x0000000000000004
2026/09/30 14:31:02.132, 1305, 1215, 398.56, 71, 0x0000000000000004
2026/09/30 14:31:02.382, 1305, 1215, 382.49, 71, 0x0000000000000004
2026/09/30 14:31:02.633, 1290, 1215, 377.73, 72, 0x0000000000000004
2026/09/30 14:31:02.883, 1320, 1215, 405.34, 72, 0x0000000000000004
2026/09/30 14:31:03.133, 1320, 1215, 406.36, 71, 0x0000000000000004
2026/09/30 14:31:03.383, 1305, 1215, 390.49, 72, 0x0000000000000004
2026/09/30 14:31:03.633, 1350, 1215, 355.72, 71, 0x0000000000000004
2026/09/30 14:31:03.883, 1320, 1215, 407.97, 72, 0x0000000000000004
2026/09/30 14:31:04.133, 1275, 1215, 409.44, 72, 0x0000000000000004
2026/09/30 14:31:04.384, 1305, 1215, 398.01, 72, 0x0000000000000004
2026/09/30 14:31:04.634, 1320, 1215, 402.99, 72, 0x0000000000000004
2026/09/30 14:31:04.884, 1290, 1215, 405.07, 72, 0x0000000000000004
2026/09/30 14:31:05.134, 1320, 1215, 403.78, 73, 0x0000000000000004
2026/09/30 14:31:05.384, 1320, 1215, 395.53, 72, 0x0000000000000004
2026/09/30 14:31:05.634, 1290, 1215, 392.03, 72, 0x0000000000000004
2026/09/30 14:31:05.885, 1320, 1215, 404.19, 73, 0x0000000000000004
2026/09/30 14:31:06.135, 1320, 1215, 402.11, 73, 0x0000000000000004
2026/09/30 14:31:06.385, 1305, 1215, 377.93, 72, 0x0000000000000004
2026/09/30 14:31:06.635, 1305, 1215, 401.10, 73, 0x0000000000000004
2026/09/30 14:31:06.885, 1395, 1215, 120.60, 64, 0x0000000000000004
2026/09/30 14:31:07.135, 1410, 1215, 117.10, 60, 0x0000000000000000
2026/09/30 14:31:07.385, 1410, 1215, 115.34, 59, 0x0000000000000000
2026/09/30 14:31:07.636, 1410, 1215, 114.74, 58, 0x0000000000000000
2026/09/30 14:31:07.886, 1410, 1215, 114.14, 58, 0x0000000000000000
2026/09/30 14:31:08.136, 1410, 1215, 112.99, 57, 0x0000000000000000
2026/09/30 14:31:08.386, 1410, 1215, 112.27, 57, 0x0000000000000000
2026/09/30 14:31:08.636, 1095, 1215, 89.12, 56, 0x0000000000000000
2026/09/30 14:31:08.886, 1095, 1215, 88.25, 56, 0x0000000000000000
2026/09/30 14:31:09.136, 1095, 1215, 87.88, 55, 0x0000000000000000
2026/09/30 14:31:09.387, 1095, 1215, 87.73, 55, 0x0000000000000000
2026/09/30 14:31:09.637, 1095, 1215, 87.55, 55, 0x0000000000000000
2026/09/30 14:31:09.887, 1095, 1215, 87.64, 55, 0x0000000000000000
2026/09/30 14:31:10.137, 1095, 1215, 87.37, 55, 0x0000000000000000
2026/09/30 14:31:10.387, 1095, 1215, 87.37, 54, 0x0000000000000000
2026/09/30 14:31:10.637, 1095, 1215, 86.94, 54, 0x0000000000000000
2026/09/30 14:31:10.887, 1095, 1215, 87.03, 54, 0x0000000000000000
2026/09/30 14:31:11.138, 1095, 1215, 87.03, 54, 0x0000000000000000
2026/09/30 14:31:11.388, 1095, 1215, 86.76, 54, 0x0000000000000000
2026/09/30 14:31:11.638, 1095, 1215, 86.76, 54, 0x0000000000000000
2026/09/30 14:31:11.888, 1095, 1215, 86.67, 54, 0x0000000000000000
2026/09/30 14:31:12.138, 1095, 1215, 86.67, 54, 0x0000000000000000
2026/09/30 14:31:12.388, 1095, 1215, 86.58, 53, 0x0000000000000000
2026/09/30 14:31:12.638, 1095, 1215, 86.58, 53, 0x0000000000000000
2026/09/30 14:31:12.889, 1095, 1215, 86.25, 53, 0x0000000000000000
2026/09/30 14:31:13.139, 1095, 1215, 86.25, 53, 0x0000000000000000
2026/09/30 14:31:13.389, 1095, 1215, 85.98, 53, 0x0000000000000000
2026/09/30 14:31:13.639, 1095, 1215, 86.17, 53, 0x0000000000000000
2026/09/30 14:31:13.889, 1095, 1215, 85.89, 53, 0x0000000000000000
2026/09/30 14:31:14.139, 1095, 1215, 86.17, 53, 0x0000000000000000
2026/09/30 14:31:14.389, 1095, 1215, 85.89, 53, 0x0000000000000000
2026/09/30 14:31:14.639, 1095, 1215, 85.89, 53, 0x0000000000000000
2026/09/30 14:31:14.890, 1095, 1215, 85.81, 52, 0x0000000000000000
2026/09/30 14:31:15.140, 1095, 1215, 85.53, 52, 0x0000000000000000
2026/09/30 14:31:15.390, 1095, 1215, 85.81, 52, 0x0000000000000000
2026/09/30 14:31:15.640, 1095, 1215, 85.53, 52, 0x0000000000000000
2026/09/30 14:31:15.890, 1095, 1215, 85.62, 52, 0x0000000000000000
2026/09/30 14:31:16.140, 1095, 1215, 85.38, 52, 0x0000000000000000
2026/09/30 14:31:16.390, 1095, 1215, 85.46, 52, 0x0000000000000000
2026/09/30 14:31:16.641, 1095, 1215, 85.19, 52, 0x0000000000000000
2026/09/30 14:31:16.891, 1095, 1215, 85.19, 52, 0x0000000000000000
2026/09/30 14:31:17.141, 1095, 1215, 85.19, 52, 0x0000000000000000
2026/09/30 14:31:17.391, 1095, 1215, 85.19, 52, 0x0000000000000000
2026/09/30 14:31:17.641, 1095, 1215, 85.19, 52, 0x0000000000000000
2026/09/30 14:31:17.891, 1095, 1215, 85.19, 52, 0x0000000000000000
2026/09/30 14:31:18.141, 1095, 1215, 85.10, 51, 0x0000000000000000
2026/09/30 14:31:18.392, 1095, 1215, 84.83, 51, 0x0000000000000000
2026/09/30 14:31:18.642, 1095, 1215, 86.85, 51, 0x0000000000000000
2026/09/30 14:31:18.892, 1410, 1215, 109.82, 52, 0x0000000000000000
2026/09/30 14:31:19.142, 1410, 1215, 108.94, 52, 0x0000000000000000
2026/09/30 14:31:19.392, 1410, 1215, 133.57, 55, 0x0000000000000000
2026/09/30 14:31:19.642, 1410, 1215, 246.20, 56, 0x0000000000000000
2026/09/30 14:31:19.892, 1410, 1215, 185.33, 56, 0x0000000000000000
2026/09/30 14:31:20.143, 1410, 1215, 190.05, 55, 0x0000000000000000
2026/09/30 14:31:20.393, 1410, 1215, 197.26, 56, 0x0000000000000000
2026/09/30 14:31:20.643, 1410, 1215, 202.74, 56, 0x0000000000000000
2026/09/30 14:31:20.893, 1410, 1215, 179.13, 56, 0x0000000000000000
2026/09/30 14:31:21.143, 1410, 1215, 161.11, 56, 0x0000000000000000
2026/09/30 14:31:21.393, 1410, 1215, 200.10, 56, 0x0000000000000000
2026/09/30 14:31:21.644, 1410, 1215, 185.05, 56, 0x0000000000000000
2026/09/30 14:31:21.894, 1410, 1215, 191.34, 56, 0x0000000000000000
2026/09/30 14:31:22.144, 1410, 1215, 154.36, 56, 0x0000000000000000
2026/09/30 14:31:22.394, 1410, 1215, 205.22, 56, 0x0000000000000000
2026/09/30 14:31:22.644, 1410, 1215, 189.86, 56, 0x0000000000000000
2026/09/30 14:31:22.894, 1410, 1215, 174.13, 56, 0x0000000000000000
2026/09/30 14:31:23.144, 1410, 1215, 109.77, 54, 0x0000000000000000
2026/09/30 14:31:23.394, 1410, 1215, 108.01, 53, 0x0000000000000000
2026/09/30 14:31:23.645, 1410, 1215, 107.58, 53, 0x0000000000000000
2026/09/30 14:31:23.895, 1410, 1215, 107.30, 53, 0x0000000000000000
2026/09/30 14:31:24.145, 1410, 1215, 107.19, 53, 0x0000000000000000
2026/09/30 14:31:24.395, 1410, 1215, 107.08, 52, 0x0000000000000000
2026/09/30 14:31:24.645, 1410, 1215, 150.52, 53, 0x0000000000000000
2026/09/30 14:31:24.895, 1410, 1215, 158.20, 54, 0x0000000000000000
2026/09/30 14:31:25.145, 1410, 1215, 159.96, 54, 0x0000000000000000
2026/09/30 14:31:25.396, 1410, 1215, 159.80, 54, 0x0000000000000000
2026/09/30 14:31:25.646, 1410, 1215, 161.28, 54, 0x0000000000000000
2026/09/30 14:31:25.896, 1410, 1215, 160.24, 54, 0x0000000000000000
2026/09/30 14:31:26.146, 1410, 1215, 374.88, 60, 0x0000000000000000
2026/09/30 14:31:26.396, 1380, 1215, 407.97, 64, 0x0000000000000004
2026/09/30 14:31:26.646, 1380, 1215, 414.75, 64, 0x0000000000000004
2026/09/30 14:31:26.896, 1380, 1215, 412.99, 65, 0x0000000000000004
2026/09/30 14:31:27.146, 1350, 1215, 388.61, 66, 0x0000000000000004
2026/09/30 14:31:27.397, 1350, 1215, 386.17, 67, 0x0000000000000004
2026/09/30 14:31:27.647, 1365, 1215, 321.95, 66, 0x0000000000000004
2026/09/30 14:31:27.897, 1365, 1215, 392.72, 67, 0x0000000000000004
2026/09/30 14:31:28.147, 1335, 1215, 397.63, 67, 0x0000000000000004
2026/09/30 14:31:28.397, 1350, 1215, 377.41, 68, 0x0000000000000004
2026/09/30 14:31:28.647, 1350, 1215, 401.87, 68, 0x0000000000000004
2026/09/30 14:31:28.897, 1335, 1215, 389.48, 68, 0x0000000000000004
2026/09/30 14:31:29.147, 1335, 1215, 390.08, 68, 0x0000000000000004
2026/09/30 14:31:29.398, 1350, 1215, 420.04, 69, 0x0000000000000004
2026/09/30 14:31:29.648, 1335, 1215, 415.00, 69, 0x0000000000000004
2026/09/30 14:31:29.898, 1335, 1215, 405.90, 69, 0x0000000000000004
2026/09/30 14:31:30.148, 1335, 1215, 413.84, 70, 0x0000000000000004
2026/09/30 14:31:30.398, 1305, 1215, 391.63, 70, 0x0000000000000004
2026/09/30 14:31:30.648, 1335, 1215, 414.02, 70, 0x0000000000000004
2026/09/30 14:31:30.899, 1305, 1215, 399.79, 70, 0x0000000000000004
2026/09/30 14:31:31.149, 1335, 1215, 418.38, 70, 0x0000000000000004
2026/09/30 14:31:31.399, 1305, 1215, 399.98, 70, 0x0000000000000004
2026/09/30 14:31:31.649, 1305, 1215, 393.99, 70, 0x0000000000000004
2026/09/30 14:31:31.899, 1305, 1215, 386.17, 70, 0x0000000000000004
2026/09/30 14:31:32.149, 1320, 1215, 385.24, 70, 0x0000000000000004
2026/09/30 14:31:32.399, 1320, 1215, 390.76, 70, 0x0000000000000004
2026/09/30 14:31:32.650, 1320, 1215, 428.15, 71, 0x0000000000000004
2026/09/30 14:31:32.900, 1320, 1215, 415.02, 71, 0x0000000000000004
2026/09/30 14:31:33.150, 1290, 1215, 412.09, 71, 0x0000000000000004
2026/09/30 14:31:33.400, 1305, 1215, 408.67, 71, 0x0000000000000004
2026/09/30 14:31:33.650, 1320, 1215, 414.27, 72, 0x0000000000000004
2026/09/30 14:31:33.900, 1320, 1215, 405.90, 72, 0x0000000000000004
2026/09/30 14:31:34.150, 1305, 1215, 365.89, 71, 0x0000000000000004
2026/09/30 14:31:34.400, 1320, 1215, 364.36, 71, 0x0000000000000004
2026/09/30 14:31:34.651, 1290, 1215, 399.90, 71, 0x0000000000000004
2026/09/30 14:31:34.901, 1290, 1215, 401.05, 72, 0x0000000000000004
2026/09/30 14:31:35.151, 1305, 1215, 421.36, 72, 0x0000000000000004
2026/09/30 14:31:35.401, 1290, 1215, 431.38, 72, 0x0000000000000004
2026/09/30 14:31:35.651, 1320, 1215, 402.52, 72, 0x0000000000000004
2026/09/30 14:31:35.901, 1320, 1215, 417.38, 73, 0x0000000000000004
2026/09/30 14:31:36.151, 1320, 1215, 375.54, 72, 0x0000000000000004
2026/09/30 14:31:36.402, 1320, 1215, 375.82, 72, 0x0000000000000004
2026/09/30 14:31:36.652, 1290, 1215, 393.24, 72, 0x0000000000000004
2026/09/30 14:31:36.902, 1290, 1215, 384.97, 72, 0x0000000000000004
2026/09/30 14:31:37.152, 1290, 1215, 427.82, 73, 0x0000000000000004
2026/09/30 14:31:37.402, 1290, 1215, 428.15, 73, 0x0000000000000004
2026/09/30 14:31:37.652, 1365, 1215, 402.80, 72, 0x0000000000000004
2026/09/30 14:31:37.902, 1305, 1215, 430.77, 73, 0x0000000000000004
2026/09/30 14:31:38.153, 1320, 1215, 401.65, 73, 0x0000000000000004
2026/09/30 14:31:38.403, 1320, 1215, 351.86, 73, 0x0000000000000004
2026/09/30 14:31:38.653, 1320, 1215, 399.38, 73, 0x0000000000000004
2026/09/30 14:31:38.903, 1320, 1215, 417.24, 73, 0x0000000000000004
2026/09/30 14:31:39.153, 1290, 1215, 381.25, 73, 0x0000000000000004
2026/09/30 14:31:39.403, 1320, 1215, 399.38, 73, 0x0000000000000004
2026/09/30 14:31:39.653, 1290, 1215, 374.45, 73, 0x0000000000000004
2026/09/30 14:31:39.904, 1290, 1215, 386.84, 73, 0x0000000000000004
2026/09/30 14:31:40.154, 1290, 1215, 377.02, 73, 0x0000000000000004
2026/09/30 14:31:40.404, 1290, 1215, 378.51, 73, 0x0000000000000004
2026/09/30 14:31:40.654, 1290, 1215, 384.84, 74, 0x0000000000000004
2026/09/30 14:31:40.904, 1320, 1215, 390.76, 73, 0x0000000000000004
2026/09/30 14:31:41.154, 1275, 1215, 377.90, 74, 0x0000000000000004
2026/09/30 14:31:41.404, 1290, 1215, 384.49, 74, 0x0000000000000004
2026/09/30 14:31:41.655, 1380, 1215, 395.81, 73, 0x0000000000000004
2026/09/30 14:31:41.905, 1380, 1215, 394.80, 73, 0x0000000000000004
2026/09/30 14:31:42.155, 1395, 1215, 406.59, 74, 0x0000000000000004
2026/09/30 14:31:42.405, 1395, 1215, 411.31, 73, 0x0000000000000004
2026/09/30 14:31:42.655, 1380, 1215, 411.04, 74, 0x0000000000000004
2026/09/30 14:31:42.905, 1365, 1215, 388.53, 74, 0x0000000000000004
2026/09/30 14:31:43.155, 1365, 1215, 403.55, 74, 0x0000000000000004
2026/09/30 14:31:43.406, 1365, 1215, 411.34, 73, 0x0000000000000004
2026/09/30 14:31:43.656, 1365, 1215, 376.53, 74, 0x0000000000000004
2026/09/30 14:31:43.906, 1335, 1215, 390.68, 74, 0x0000000000000004
2026/09/30 14:31:44.156, 1335, 1215, 405.11, 74, 0x0000000000000004
2026/09/30 14:31:44.406, 1335, 1215, 401.19, 75, 0x0000000000000004
2026/09/30 14:31:44.656, 1335, 1215, 403.82, 74, 0x0000000000000004
2026/09/30 14:31:44.906, 1350, 1215, 409.31, 74, 0x0000000000000004
2026/09/30 14:31:45.157, 1350, 1215, 410.29, 75, 0x0000000000000004
2026/09/30 14:31:45.407, 1365, 1215, 407.47, 74, 0x0000000000000004
2026/09/30 14:31:45.657, 1350, 1215, 405.71, 74, 0x0000000000000004
2026/09/30 14:31:45.907, 1305, 1215, 414.27, 75, 0x0000000000000004
2026/09/30 14:31:46.157, 1305, 1215, 400.72, 75, 0x0000000000000004
2026/09/30 14:31:46.408, 1305, 1215, 396.89, 75, 0x0000000000000004
2026/09/30 14:31:46.658, 1320, 1215, 404.23, 75, 0x0000000000000004
2026/09/30 14:31:46.908, 1305, 1215, 402.94, 75, 0x0000000000000004
2026/09/30 14:31:47.158, 1320, 1215, 405.90, 75, 0x0000000000000004
2026/09/30 14:31:47.408, 1305, 1215, 405.02, 75, 0x0000000000000004
2026/09/30 14:31:47.658, 1305, 1215, 402.94, 75, 0x0000000000000004
2026/09/30 14:31:47.909, 1320, 1215, 383.97, 75, 0x0000000000000004
2026/09/30 14:31:48.159, 1320, 1215, 381.34, 75, 0x0000000000000004
2026/09/30 14:31:48.409, 1320, 1215, 383.02, 75, 0x0000000000000004
2026/09/30 14:31:48.659, 1305, 1215, 414.12, 75, 0x0000000000000004
2026/09/30 14:31:48.909, 1305, 1215, 405.71, 75, 0x0000000000000004
2026/09/30 14:31:49.159, 1320, 1215, 374.45, 75, 0x0000000000000004
2026/09/30 14:31:49.409, 1335, 1215, 396.89, 76, 0x0000000000000004
2026/09/30 14:31:49.660, 1320, 1215, 401.87, 76, 0x0000000000000004
2026/09/30 14:31:49.910, 1320, 1215, 398.50, 76, 0x0000000000000004
2026/09/30 14:31:50.160, 1305, 1215, 359.92, 75, 0x0000000000000004
2026/09/30 14:31:50.410, 1320, 1215, 415.45, 76, 0x0000000000000004
2026/09/30 14:31:50.660, 1290, 1215, 389.28, 75, 0x0000000000000004
2026/09/30 14:31:50.910, 1320, 1215, 440.01, 76, 0x0000000000000004
2026/09/30 14:31:51.161, 1305, 1215, 394.39, 76, 0x0000000000000004
2026/09/30 14:31:51.411, 1305, 1215, 412.19, 76, 0x0000000000000004
2026/09/30 14:31:51.661, 1305, 1215, 419.26, 76, 0x0000000000000004
2026/09/30 14:31:51.911, 1305, 1215, 433.41, 76, 0x0000000000000004
2026/09/30 14:31:52.161, 1305, 1215, 416.30, 76, 0x0000000000000004
2026/09/30 14:31:52.411, 1305, 1215, 421.35, 76, 0x0000000000000004
2026/09/30 14:31:52.661, 1320, 1215, 427.11, 76, 0x0000000000000004
2026/09/30 14:31:52.912, 1320, 1215, 417.36, 76, 0x0000000000000004
2026/09/30 14:31:53.162, 1320, 1215, 430.95, 76, 0x0000000000000004
2026/09/30 14:31:53.412, 1305, 1215, 407.66, 77, 0x0000000000000004
2026/09/30 14:31:53.662, 1320, 1215, 435.33, 77, 0x0000000000000004
2026/09/30 14:31:53.912, 1275, 1215, 376.75, 76, 0x0000000000000004
2026/09/30 14:31:54.162, 1305, 1215, 430.34, 77, 0x0000000000000004
2026/09/30 14:31:54.413, 1260, 1215, 422.51, 77, 0x0000000000000004
2026/09/30 14:31:54.663, 1290, 1215, 418.40, 76, 0x0000000000000004
2026/09/30 14:31:54.913, 1260, 1215, 410.92, 76, 0x0000000000000004
2026/09/30 14:31:55.163, 1290, 1215, 427.11, 77, 0x0000000000000004
2026/09/30 14:31:55.413, 1305, 1215, 386.57, 76, 0x0000000000000004
2026/09/30 14:31:55.663, 1260, 1215, 422.83, 76, 0x0000000000000004
2026/09/30 14:31:55.913, 1275, 1215, 382.73, 76, 0x0000000000000004
2026/09/30 14:31:56.164, 1290, 1215, 357.93, 76, 0x0000000000000004
2026/09/30 14:31:56.414, 1320, 1215, 396.01, 76, 0x0000000000000004
2026/09/30 14:31:56.664, 1275, 1215, 384.76, 76, 0x0000000000000004
2026/09/30 14:31:56.914, 1320, 1215, 392.91, 77, 0x0000000000000004
2026/09/30 14:31:57.164, 1305, 1215, 389.08, 76, 0x0000000000000004
2026/09/30 14:31:57.414, 1320, 1215, 410.46, 77, 0x0000000000000004
2026/09/30 14:31:57.665, 1320, 1215, 392.24, 76, 0x0000000000000004
2026/09/30 14:31:57.915, 1380, 1215, 405.71, 76, 0x0000000000000004
2026/09/30 14:31:58.165, 1380, 1215, 402.75, 76, 0x0000000000000004
2026/09/30 14:31:58.415, 1380, 1215, 341.42, 76, 0x0000000000000004
2026/09/30 14:31:58.665, 1380, 1215, 388.80, 75, 0x0000000000000004
2026/09/30 14:31:58.915, 1365, 1215, 398.04, 76, 0x0000000000000004
2026/09/30 14:31:59.166, 1365, 1215, 409.55, 76, 0x0000000000000004
2026/09/30 14:31:59.416, 1365, 1215, 401.41, 76, 0x0000000000000004
2026/09/30 14:31:59.666, 1365, 1215, 402.48, 76, 0x0000000000000004
2026/09/30 14:31:59.916, 1335, 1215, 432.54, 76, 0x0000000000000004
2026/09/30 14:32:00.166, 1335, 1215, 400.39, 76, 0x0000000000000004
2026/09/30 14:32:00.416, 1320, 1215, 399.11, 76, 0x0000000000000004
2026/09/30 14:32:00.666, 1335, 1215, 403.82, 76, 0x0000000000000004
2026/09/30 14:32:00.917, 1335, 1215, 364.03, 76, 0x0000000000000004
2026/09/30 14:32:01.167, 1350, 1215, 341.40, 76, 0x0000000000000004
2026/09/30 14:32:01.417, 1335, 1215, 402.94, 76, 0x0000000000000004
2026/09/30 14:32:01.667, 1320, 1215, 393.79, 76, 0x0000000000000004
2026/09/30 14:32:01.917, 1335, 1215, 400.77, 76, 0x0000000000000004
2026/09/30 14:32:02.167, 1320, 1215, 380.65, 76, 0x0000000000000004
2026/09/30 14:32:02.417, 1305, 1215, 388.72, 76, 0x0000000000000004
2026/09/30 14:32:02.668, 1305, 1215, 402.48, 76, 0x0000000000000004
2026/09/30 14:32:02.918, 1320, 1215, 395.40, 76, 0x0000000000000004
2026/09/30 14:32:03.168, 1320, 1215, 403.63, 76, 0x0000000000000004
2026/09/30 14:32:03.418, 1320, 1215, 380.65, 76, 0x0000000000000004
2026/09/30 14:32:03.668, 1320, 1215, 412.19, 76, 0x0000000000000004
2026/09/30 14:32:03.918, 1305, 1215, 410.15, 76, 0x0000000000000004
2026/09/30 14:32:04.169, 1305, 1215, 392.72, 76, 0x0000000000000004
2026/09/30 14:32:04.419, 1305, 1215, 387.92, 76, 0x0000000000000004
2026/09/30 14:32:04.669, 1305, 1215, 393.52, 76, 0x0000000000000004
2026/09/30 14:32:04.919, 1305, 1215, 398.04, 76, 0x0000000000000004
2026/09/30 14:32:05.169, 1290, 1215, 411.16, 76, 0x0000000000000004
2026/09/30 14:32:05.419, 1335, 1215, 375.27, 76, 0x0000000000000004
2026/09/30 14:32:05.670, 1305, 1215, 423.27, 77, 0x0000000000000004
2026/09/30 14:32:05.920, 1275, 1215, 416.30, 76, 0x0000000000000004
2026/09/30 14:32:06.170, 1275, 1215, 397.29, 76, 0x0000000000000004
2026/09/30 14:32:06.420, 1275, 1215, 404.51, 76, 0x0000000000000004
2026/09/30 14:32:06.670, 1275, 1215, 397.16, 76, 0x0000000000000004
2026/09/30 14:32:06.920, 1275, 1215, 392.72, 76, 0x0000000000000004
2026/09/30 14:32:07.170, 1260, 1215, 406.87, 77, 0x0000000000000004
2026/09/30 14:32:07.421, 1290, 1215, 390.08, 76, 0x0000000000000004
2026/09/30 14:32:07.671, 1275, 1215, 391.56, 76, 0x0000000000000004
2026/09/30 14:32:07.921, 1290, 1215, 386.84, 76, 0x0000000000000004
2026/09/30 14:32:08.171, 1245, 1215, 410.44, 76, 0x0000000000000004
2026/09/30 14:32:08.421, 1305, 1215, 390.08, 76, 0x0000000000000004
2026/09/30 14:32:08.671, 1275, 1215, 381.86, 76, 0x0000000000000004
2026/09/30 14:32:08.922, 1305, 1215, 399.98, 76, 0x0000000000000004
2026/09/30 14:32:09.172, 1275, 1215, 397.35, 76, 0x0000000000000004
2026/09/30 14:32:09.422, 1305, 1215, 392.91, 76, 0x0000000000000004
2026/09/30 14:32:09.672, 1290, 1215, 387.05, 76, 0x0000000000000004
2026/09/30 14:32:09.922, 1320, 1215, 393.39, 77, 0x0000000000000004
2026/09/30 14:32:10.172, 1305, 1215, 403.13, 76, 0x0000000000000004
2026/09/30 14:32:10.422, 1305, 1215, 393.39, 76, 0x0000000000000004
2026/09/30 14:32:10.673, 1320, 1215, 377.51, 76, 0x0000000000000004
2026/09/30 14:32:10.923, 1320, 1215, 405.94, 77, 0x0000000000000004
2026/09/30 14:32:11.173, 1320, 1215, 403.26, 77, 0x0000000000000004
2026/09/30 14:32:11.423, 1275, 1215, 418.57, 76, 0x0000000000000004
2026/09/30 14:32:11.673, 1320, 1215, 397.14, 77, 0x0000000000000004
2026/09/30 14:32:11.923, 1305, 1215, 411.79, 77, 0x0000000000000004
2026/09/30 14:32:12.173, 1305, 1215, 387.13, 76, 0x0000000000000004
2026/09/30 14:32:12.424, 1275, 1215, 396.21, 77, 0x0000000000000004
2026/09/30 14:32:12.674, 1290, 1215, 401.84, 77, 0x0000000000000004
2026/09/30 14:32:12.924, 1290, 1215, 402.39, 76, 0x0000000000000004
2026/09/30 14:32:13.174, 1275, 1215, 395.93, 76, 0x0000000000000004
2026/09/30 14:32:13.424, 1290, 1215, 392.98, 76, 0x0000000000000004
2026/09/30 14:32:13.674, 1260, 1215, 398.89, 76, 0x0000000000000004
2026/09/30 14:32:13.924, 1350, 1215, 397.88, 75, 0x0000000000000004
2026/09/30 14:32:14.174, 1350, 1215, 396.12, 75, 0x0000000000000004
2026/09/30 14:32:14.425, 1365, 1215, 374.77, 75, 0x0000000000000004
2026/09/30 14:32:14.675, 1365, 1215, 413.72, 75, 0x0000000000000004
2026/09/30 14:32:14.925, 1335, 1215, 404.74, 75, 0x0000000000000004
2026/09/30 14:32:15.175, 1305, 1215, 388.48, 75, 0x0000000000000004
2026/09/30 14:32:15.425, 1350, 1215, 411.36, 75, 0x0000000000000004
2026/09/30 14:32:15.675, 1335, 1215, 368.54, 75, 0x0000000000000004
2026/09/30 14:32:15.925, 1320, 1215, 404.65, 76, 0x0000000000000004
2026/09/30 14:32:16.176, 1335, 1215, 401.70, 76, 0x0000000000000004
2026/09/30 14:32:16.426, 1320, 1215, 403.45, 76, 0x0000000000000004
2026/09/30 14:32:16.676, 1320, 1215, 395.06, 76, 0x0000000000000004
2026/09/30 14:32:16.927, 1335, 1215, 405.20, 75, 0x0000000000000004
2026/09/30 14:32:17.177, 1350, 1215, 410.82, 76, 0x0000000000000004
2026/09/30 14:32:17.427, 1320, 1215, 422.84, 76, 0x0000000000000004
2026/09/30 14:32:17.677, 1320, 1215, 406.40, 76, 0x0000000000000004
2026/09/30 14:32:17.927, 1305, 1215, 397.47, 76, 0x0000000000000004
2026/09/30 14:32:18.177, 1290, 1215, 397.19, 76, 0x0000000000000004
2026/09/30 14:32:18.427, 1290, 1215, 397.74, 76, 0x0000000000000004
2026/09/30 14:32:18.677, 1305, 1215, 405.38, 76, 0x0000000000000004
2026/09/30 14:32:18.928, 1305, 1215, 405.10, 76, 0x0000000000000004
2026/09/30 14:32:19.178, 1305, 1215, 392.77, 76, 0x0000000000000004
2026/09/30 14:32:19.428, 1305, 1215, 399.13, 76, 0x0000000000000004
2026/09/30 14:32:19.678, 1320, 1215, 394.11, 76, 0x0000000000000004
2026/09/30 14:32:19.928, 1290, 1215, 385.61, 76, 0x0000000000000004
2026/09/30 14:32:20.178, 1290, 1215, 391.50, 76, 0x0000000000000004
2026/09/30 14:32:20.428, 1320, 1215, 420.50, 77, 0x0000000000000004
2026/09/30 14:32:20.679, 1290, 1215, 395.31, 76, 0x0000000000000004
2026/09/30 14:32:20.929, 1305, 1215, 391.96, 76, 0x0000000000000004
2026/09/30 14:32:21.179, 1335, 1215, 398.12, 76, 0x0000000000000004
2026/09/30 14:32:21.429, 1290, 1215, 394.58, 76, 0x0000000000000004
2026/09/30 14:32:21.679, 1290, 1215, 410.43, 77, 0x0000000000000004
2026/09/30 14:32:21.929, 1290, 1215, 398.98, 76, 0x0000000000000004
2026/09/30 14:32:22.179, 1305, 1215, 412.44, 77, 0x0000000000000004
2026/09/30 14:32:22.429, 1305, 1215, 399.59, 77, 0x0000000000000004
2026/09/30 14:32:22.680, 1305, 1215, 391.36, 76, 0x0000000000000004
2026/09/30 14:32:22.930, 1305, 1215, 392.23, 76, 0x0000000000000004
2026/09/30 14:32:23.180, 1305, 1215, 389.02, 76, 0x0000000000000004
2026/09/30 14:32:23.430, 1305, 1215, 396.05, 77, 0x0000000000000004
2026/09/30 14:32:23.680, 1305, 1215, 382.32, 76, 0x0000000000000004
2026/09/30 14:32:23.930, 1305, 1215, 387.88, 76, 0x0000000000000004
2026/09/30 14:32:24.180, 1290, 1215, 389.02, 76, 0x0000000000000004
2026/09/30 14:32:24.430, 1305, 1215, 367.07, 76, 0x0000000000000004
2026/09/30 14:32:24.681, 1275, 1215, 387.88, 76, 0x0000000000000004
2026/09/30 14:32:24.931, 1305, 1215, 376.61, 76, 0x0000000000000004
2026/09/30 14:32:25.181, 1290, 1215, 405.98, 76, 0x0000000000000004
2026/09/30 14:32:25.431, 1320, 1215, 326.52, 75, 0x0000000000000004
2026/09/30 14:32:25.681, 1275, 1215, 390.83, 76, 0x0000000000000004
2026/09/30 14:32:25.931, 1290, 1215, 363.88, 76, 0x0000000000000004
2026/09/30 14:32:26.181, 1275, 1215, 396.81, 76, 0x0000000000000004
2026/09/30 14:32:26.431, 1320, 1215, 392.98, 76, 0x0000000000000004
2026/09/30 14:32:26.682, 1275, 1215, 388.00, 76, 0x0000000000000004
2026/09/30 14:32:26.932, 1275, 1215, 373.02, 76, 0x0000000000000004
2026/09/30 14:32:27.182, 1290, 1215, 427.54, 76, 0x0000000000000004
2026/09/30 14:32:27.432, 1290, 1215, 402.39, 76, 0x0000000000000004
2026/09/30 14:32:27.682, 1290, 1215, 416.39, 76, 0x0000000000000004
2026/09/30 14:32:27.932, 1305, 1215, 409.02, 77, 0x0000000000000004
2026/09/30 14:32:28.182, 1275, 1215, 410.31, 76, 0x0000000000000004
2026/09/30 14:32:28.432, 1290, 1215, 407.09, 76, 0x0000000000000004
2026/09/30 14:32:28.683, 1290, 1215, 412.99, 76, 0x0000000000000004
2026/09/30 14:32:28.933, 1290, 1215, 398.56, 76, 0x0000000000000004
2026/09/30 14:32:29.183, 1275, 1215, 410.31, 76, 0x0000000000000004
2026/09/30 14:32:29.433, 1350, 1215, 404.46, 75, 0x0000000000000004
2026/09/30 14:32:29.683, 1350, 1215, 389.08, 75, 0x0000000000000004
2026/09/30 14:32:29.933, 1365, 1215, 405.20, 76, 0x0000000000000004
2026/09/30 14:32:30.183, 1365, 1215, 424.59, 75, 0x0000000000000004
2026/09/30 14:32:30.434, 1320, 1215, 408.47, 75, 0x0000000000000004
2026/09/30 14:32:30.684, 1320, 1215, 399.35, 76, 0x0000000000000004
2026/09/30 14:32:30.934, 1335, 1215, 409.44, 75, 0x0000000000000004
2026/09/30 14:32:31.184, 1320, 1215, 406.96, 75, 0x0000000000000004
2026/09/30 14:32:31.434, 1320, 1215, 406.55, 76, 0x0000000000000004
2026/09/30 14:32:31.684, 1305, 1215, 411.25, 76, 0x0000000000000004
2026/09/30 14:32:31.934, 1320, 1215, 398.56, 76, 0x0000000000000004
2026/09/30 14:32:32.184, 1320, 1215, 398.89, 76, 0x0000000000000004
2026/09/30 14:32:32.435, 1320, 1215, 410.92, 76, 0x0000000000000004
2026/09/30 14:32:32.685, 1320, 1215, 402.39, 76, 0x0000000000000004
2026/09/30 14:32:32.935, 1335, 1215, 391.83, 75, 0x0000000000000004
2026/09/30 14:32:33.185, 1320, 1215, 402.72, 75, 0x0000000000000004
2026/09/30 14:32:33.435, 1275, 1215, 406.55, 76, 0x0000000000000004
2026/09/30 14:32:33.685, 1305, 1215, 407.69, 76, 0x0000000000000004
2026/09/30 14:32:33.935, 1305, 1215, 412.67, 76, 0x0000000000000004
2026/09/30 14:32:34.186, 1305, 1215, 383.58, 76, 0x0000000000000004
2026/09/30 14:32:34.436, 1290, 1215, 387.52, 76, 0x0000000000000004
2026/09/30 14:32:34.686, 1305, 1215, 412.97, 76, 0x0000000000000004
2026/09/30 14:32:34.936, 1290, 1215, 410.01, 76, 0x0000000000000004
2026/09/30 14:32:35.186, 1305, 1215, 409.14, 76, 0x0000000000000004
2026/09/30 14:32:35.436, 1305, 1215, 410.89, 76, 0x0000000000000004
2026/09/30 14:32:35.686, 1305, 1215, 413.70, 76, 0x0000000000000004
2026/09/30 14:32:35.936, 1305, 1215, 410.19, 76, 0x0000000000000004
2026/09/30 14:32:36.187, 1305, 1215, 406.36, 76, 0x0000000000000004
2026/09/30 14:32:36.437, 1290, 1215, 394.59, 76, 0x0000000000000004
2026/09/30 14:32:36.687, 1305, 1215, 405.15, 76, 0x0000000000000004
2026/09/30 14:32:36.937, 1305, 1215, 418.40, 77, 0x0000000000000004
2026/09/30 14:32:37.187, 1320, 1215, 429.57, 76, 0x0000000000000004
2026/09/30 14:32:37.437, 1290, 1215, 401.93, 77, 0x0000000000000004
2026/09/30 14:32:37.687, 1320, 1215, 367.82, 76, 0x0000000000000004
2026/09/30 14:32:37.937, 1320, 1215, 378.39, 77, 0x0000000000000004
2026/09/30 14:32:38.188, 1305, 1215, 383.90, 76, 0x0000000000000004
2026/09/30 14:32:38.438, 1305, 1215, 375.05, 76, 0x0000000000000004
2026/09/30 14:32:38.688, 1290, 1215, 404.19, 76, 0x0000000000000004
2026/09/30 14:32:38.938, 1290, 1215, 393.39, 76, 0x0000000000000004
2026/09/30 14:32:39.188, 1290, 1215, 421.19, 76, 0x0000000000000004
2026/09/30 14:32:39.438, 1275, 1215, 408.95, 76, 0x0000000000000004
2026/09/30 14:32:39.688, 1275, 1215, 424.15, 76, 0x0000000000000004
2026/09/30 14:32:39.938, 1290, 1215, 426.78, 76, 0x0000000000000004
2026/09/30 14:32:40.189, 1305, 1215, 395.07, 76, 0x0000000000000004
2026/09/30 14:32:40.439, 1290, 1215, 417.68, 76, 0x0000000000000004
2026/09/30 14:32:40.689, 1305, 1215, 383.81, 76, 0x0000000000000004
2026/09/30 14:32:40.939, 1305, 1215, 399.71, 76, 0x0000000000000004
2026/09/30 14:32:41.189, 1305, 1215, 403.35, 76, 0x0000000000000004
2026/09/30 14:32:41.439, 1305, 1215, 412.36, 76, 0x0000000000000004
2026/09/30 14:32:41.689, 1305, 1215, 379.17, 76, 0x0000000000000004
2026/09/30 14:32:41.939, 1305, 1215, 416.90, 76, 0x0000000000000004
2026/09/30 14:32:42.190, 1290, 1215, 378.01, 76, 0x0000000000000004
2026/09/30 14:32:42.440, 1320, 1215, 372.69, 76, 0x0000000000000004
2026/09/30 14:32:42.690, 1305, 1215, 393.79, 76, 0x0000000000000004
2026/09/30 14:32:42.940, 1320, 1215, 376.75, 76, 0x0000000000000004
2026/09/30 14:32:43.190, 1320, 1215, 381.13, 76, 0x0000000000000004
2026/09/30 14:32:43.440, 1320, 1215, 320.20, 75, 0x0000000000000004
2026/09/30 14:32:43.690, 1320, 1215, 368.47, 75, 0x0000000000000004
2026/09/30 14:32:43.940, 1275, 1215, 374.94, 76, 0x0000000000000004
2026/09/30 14:32:44.191, 1335, 1215, 391.16, 76, 0x0000000000000004
2026/09/30 14:32:44.441, 1305, 1215, 376.81, 75, 0x0000000000000004
2026/09/30 14:32:44.691, 1305, 1215, 382.52, 76, 0x0000000000000004
2026/09/30 14:32:44.941, 1275, 1215, 373.67, 76, 0x0000000000000004
2026/09/30 14:32:45.191, 1380, 1215, 391.69, 75, 0x0000000000000004
2026/09/30 14:32:45.441, 1380, 1215, 406.74, 75, 0x0000000000000004
2026/09/30 14:32:45.691, 1395, 1215, 392.16, 75, 0x0000000000000004
2026/09/30 14:32:45.941, 1380, 1215, 324.64, 74, 0x0000000000000004
2026/09/30 14:32:46.192, 1350, 1215, 391.36, 75, 0x0000000000000004
2026/09/30 14:32:46.442, 1365, 1215, 401.27, 75, 0x0000000000000004
2026/09/30 14:32:46.692, 1365, 1215, 338.54, 75, 0x0000000000000004
2026/09/30 14:32:46.942, 1365, 1215, 401.60, 75, 0x0000000000000004
2026/09/30 14:32:47.193, 1350, 1215, 407.38, 75, 0x0000000000000004
2026/09/30 14:32:47.443, 1335, 1215, 398.37, 75, 0x0000000000000004
2026/09/30 14:32:47.693, 1335, 1215, 405.11, 75, 0x0000000000000004
2026/09/30 14:32:47.943, 1335, 1215, 397.16, 75, 0x0000000000000004
2026/09/30 14:32:48.193, 1365, 1215, 398.04, 75, 0x0000000000000004
2026/09/30 14:32:48.443, 1335, 1215, 403.22, 75, 0x0000000000000004
2026/09/30 14:32:48.693, 1335, 1215, 402.75, 75, 0x0000000000000004
2026/09/30 14:32:48.944, 1335, 1215, 357.70, 75, 0x0000000000000004
2026/09/30 14:32:49.194, 1320, 1215, 402.89, 75, 0x0000000000000004
2026/09/30 14:32:49.444, 1290, 1215, 393.72, 75, 0x0000000000000004
2026/09/30 14:32:49.694, 1305, 1215, 377.79, 75, 0x0000000000000004
2026/09/30 14:32:49.944, 1305, 1215, 399.93, 75, 0x0000000000000004
2026/09/30 14:32:50.194, 1305, 1215, 388.39, 76, 0x0000000000000004
2026/09/30 14:32:50.444, 1305, 1215, 396.55, 75, 0x0000000000000004
2026/09/30 14:32:50.694, 1305, 1215, 392.64, 75, 0x0000000000000004
2026/09/30 14:32:50.945, 1290, 1215, 404.09, 75, 0x0000000000000004
2026/09/30 14:32:51.195, 1335, 1215, 397.63, 75, 0x0000000000000004
2026/09/30 14:32:51.445, 1305, 1215, 403.22, 75, 0x0000000000000004
2026/09/30 14:32:51.695, 1305, 1215, 410.19, 75, 0x0000000000000004
2026/09/30 14:32:51.945, 1320, 1215, 392.51, 75, 0x0000000000000004
2026/09/30 14:32:52.195, 1320, 1215, 386.33, 75, 0x0000000000000004
2026/09/30 14:32:52.445, 1305, 1215, 386.44, 75, 0x0000000000000004
2026/09/30 14:32:52.695, 1305, 1215, 396.75, 75, 0x0000000000000004
2026/09/30 14:32:52.945, 1305, 1215, 403.08, 75, 0x0000000000000004
2026/09/30 14:32:53.196, 1305, 1215, 433.41, 75, 0x0000000000000004
2026/09/30 14:32:53.446, 1320, 1215, 392.16, 76, 0x0000000000000004
2026/09/30 14:32:53.696, 1305, 1215, 412.36, 76, 0x0000000000000004
2026/09/30 14:32:53.946, 1305, 1215, 391.29, 75, 0x0000000000000004
2026/09/30 14:32:54.196, 1320, 1215, 430.34, 76, 0x0000000000000004
2026/09/30 14:32:54.446, 1320, 1215, 392.24, 75, 0x0000000000000004
2026/09/30 14:32:54.696, 1320, 1215, 411.92, 75, 0x0000000000000004
2026/09/30 14:32:54.946, 1320, 1215, 409.55, 75, 0x0000000000000004
2026/09/30 14:32:55.197, 1320, 1215, 424.15, 75, 0x0000000000000004
2026/09/30 14:32:55.447, 1320, 1215, 402.15, 75, 0x0000000000000004
2026/09/30 14:32:55.697, 1305, 1215, 411.73, 76, 0x0000000000000004
2026/09/30 14:32:55.947, 1320, 1215, 430.35, 75, 0x0000000000000004
2026/09/30 14:32:56.197, 1320, 1215, 429.47, 76, 0x0000000000000004
2026/09/30 14:32:56.447, 1320, 1215, 422.40, 75, 0x0000000000000004
2026/09/30 14:32:56.697, 1305, 1215, 414.55, 75, 0x0000000000000004
2026/09/30 14:32:56.947, 1320, 1215, 429.03, 75, 0x0000000000000004
2026/09/30 14:32:57.198, 1290, 1215, 391.36, 75, 0x0000000000000004
2026/09/30 14:32:57.448, 1320, 1215, 431.66, 75, 0x0000000000000004
2026/09/30 14:32:57.698, 1290, 1215, 393.72, 76, 0x0000000000000004
2026/09/30 14:32:57.948, 1305, 1215, 394.05, 75, 0x0000000000000004
2026/09/30 14:32:58.198, 1290, 1215, 380.16, 75, 0x0000000000000004
2026/09/30 14:32:58.448, 1290, 1215, 387.12, 76, 0x0000000000000004
2026/09/30 14:32:58.698, 1290, 1215, 429.91, 75, 0x0000000000000004
2026/09/30 14:32:58.949, 1275, 1215, 417.78, 75, 0x0000000000000004
2026/09/30 14:32:59.199, 1275, 1215, 390.36, 76, 0x0000000000000004
2026/09/30 14:32:59.449, 1290, 1215, 419.42, 75, 0x0000000000000004
2026/09/30 14:32:59.699, 1305, 1215, 376.59, 75, 0x0000000000000004
2026/09/30 14:32:59.949, 1275, 1215, 390.08, 75, 0x0000000000000004
2026/09/30 14:33:00.199, 1290, 1215, 381.46, 75, 0x0000000000000004
2026/09/30 14:33:00.449, 1305, 1215, 386.05, 75, 0x0000000000000004
2026/09/30 14:33:00.699, 1320, 1215, 393.24, 75, 0x0000000000000004
2026/09/30 14:33:00.950, 1290, 1215, 380.65, 75, 0x0000000000000004
2026/09/30 14:33:01.200, 1410, 1215, 122.91, 65, 0x0000000000000000
2026/09/30 14:33:01.450, 1410, 1215, 121.42, 63, 0x0000000000000000
2026/09/30 14:33:01.700, 1410, 1215, 118.46, 61, 0x0000000000000000
2026/09/30 14:33:01.950, 1410, 1215, 117.46, 61, 0x0000000000000000
2026/09/30 14:33:02.200, 1410, 1215, 121.55, 60, 0x0000000000000000
2026/09/30 14:33:02.450, 1410, 1215, 119.79, 60, 0x0000000000000000
2026/09/30 14:33:02.701, 1410, 1215, 115.61, 59, 0x0000000000000000
2026/09/30 14:33:02.951, 1410, 1215, 114.94, 59, 0x0000000000000000
2026/09/30 14:33:03.201, 1410, 1215, 114.94, 59, 0x0000000000000000
2026/09/30 14:33:03.451, 1410, 1215, 114.33, 58, 0x0000000000000000
2026/09/30 14:33:03.701, 1410, 1215, 114.21, 58, 0x0000000000000000
2026/09/30 14:33:03.951, 1410, 1215, 119.06, 58, 0x0000000000000000
2026/09/30 14:33:04.202, 1410, 1215, 113.57, 58, 0x0000000000000000
2026/09/30 14:33:04.452, 1095, 1215, 141.96, 57, 0x0000000000000000
2026/09/30 14:33:04.702, 1095, 1215, 88.70, 56, 0x0000000000000000
2026/09/30 14:33:04.952, 1095, 1215, 88.42, 56, 0x0000000000000000
2026/09/30 14:33:05.202, 1095, 1215, 88.09, 56, 0x0000000000000000
2026/09/30 14:33:05.452, 1095, 1215, 88.09, 55, 0x0000000000000000
2026/09/30 14:33:05.703, 1095, 1215, 88.00, 55, 0x0000000000000000
2026/09/30 14:33:05.953, 1095, 1215, 87.82, 55, 0x0000000000000000
2026/09/30 14:33:06.203, 1095, 1215, 87.55, 55, 0x0000000000000000
2026/09/30 14:33:06.454, 1095, 1215, 87.82, 55, 0x0000000000000000
2026/09/30 14:33:06.704, 1095, 1215, 87.55, 55, 0x0000000000000000
2026/09/30 14:33:06.954, 1095, 1215, 87.21, 54, 0x0000000000000000
2026/09/30 14:33:07.204, 1095, 1215, 87.21, 55, 0x0000000000000000
2026/09/30 14:33:07.455, 1335, 1215, 403.96, 64, 0x0000000000000004
2026/09/30 14:33:07.705, 1290, 1215, 342.55, 65, 0x0000000000000004
2026/09/30 14:33:07.955, 1290, 1215, 421.45, 68, 0x0000000000000004
2026/09/30 14:33:08.205, 1245, 1215, 406.13, 69, 0x0000000000000004
2026/09/30 14:33:08.455, 1260, 1215, 405.86, 70, 0x0000000000000004
2026/09/30 14:33:08.705, 1380, 1215, 288.34, 69, 0x0000000000000004
2026/09/30 14:33:08.955, 1230, 1215, 408.81, 71, 0x0000000000000004
2026/09/30 14:33:09.205, 1230, 1215, 400.39, 71, 0x0000000000000004
2026/09/30 14:33:09.456, 1230, 1215, 400.20, 71, 0x0000000000000004
2026/09/30 14:33:09.706, 1230, 1215, 400.53, 71, 0x0000000000000004
2026/09/30 14:33:09.956, 1215, 1215, 538.08, 72, 0x0000000000000004
2026/09/30 14:33:10.206, 1230, 1215, 405.53, 72, 0x0000000000000004
2026/09/30 14:33:10.456, 1215, 1215, 400.80, 72, 0x0000000000000004
2026/09/30 14:33:10.706, 1140, 1215, 404.51, 72, 0x0000000000000004
2026/09/30 14:33:10.956, 1230, 1215, 400.72, 72, 0x0000000000000004
2026/09/30 14:33:11.207, 1215, 1215, 406.59, 72, 0x0000000000000004
2026/09/30 14:33:11.457, 1200, 1215, 402.75, 73, 0x0000000000000004
2026/09/30 14:33:11.707, 1200, 1215, 398.64, 72, 0x0000000000000004
2026/09/30 14:33:11.957, 1230, 1215, 381.25, 72, 0x0000000000000004
2026/09/30 14:33:12.207, 1395, 1215, 333.21, 72, 0x0000000000000004
2026/09/30 14:33:12.457, 1410, 1215, 121.09, 63, 0x0000000000000000
2026/09/30 14:33:12.707, 1410, 1215, 116.10, 60, 0x0000000000000000
2026/09/30 14:33:12.958, 1410, 1215, 115.10, 59, 0x0000000000000000
2026/09/30 14:33:13.208, 1410, 1215, 116.97, 58, 0x0000000000000000
2026/09/30 14:33:13.458, 1410, 1215, 114.49, 57, 0x0000000000000000
2026/09/30 14:33:13.710, 1410, 1215, 113.34, 57, 0x0000000000000000
2026/09/30 14:33:13.960, 1410, 1215, 113.77, 57, 0x0000000000000000
2026/09/30 14:33:14.210, 1410, 1215, 112.50, 56, 0x0000000000000000
2026/09/30 14:33:14.460, 1410, 1215, 111.63, 56, 0x0000000000000000
2026/09/30 14:33:14.710, 1410, 1215, 111.25, 56, 0x0000000000000000
2026/09/30 14:33:14.960, 1410, 1215, 111.09, 56, 0x0000000000000000
2026/09/30 14:33:15.210, 285, 1215, 110.76, 55, 0x0000000000000001
2026/09/30 14:33:15.461, 270, 1215, 80.03, 54, 0x0000000000000001
2026/09/30 14:33:15.711, 240, 1215, 79.68, 54, 0x0000000000000001
2026/09/30 14:33:15.961, 225, 1215, 79.43, 54, 0x0000000000000001
2026/09/30 14:33:16.211, 210, 1215, 79.35, 53, 0x0000000000000001
2026/09/30 14:33:16.461, 210, 1215, 79.08, 53, 0x0000000000000001
2026/09/30 14:33:16.711, 210, 1215, 79.24, 53, 0x0000000000000001
2026/09/30 14:33:16.961, 210, 1215, 78.96, 53, 0x0000000000000001
2026/09/30 14:33:17.212, 210, 1215, 78.96, 53, 0x0000000000000001
2026/09/30 14:33:17.462, 210, 1215, 78.63, 52, 0x0000000000000001
2026/09/30 14:33:17.712, 210, 1215, 78.63, 52, 0x0000000000000001
2026/09/30 14:33:17.962, 210, 1215, 78.63, 52, 0x0000000000000001
2026/09/30 14:33:18.212, 210, 1215, 78.36, 52, 0x0000000000000001
2026/09/30 14:33:18.462, 1095, 1215, 83.36, 52, 0x0000000000000000
2026/09/30 14:33:18.712, 1095, 1215, 85.64, 52, 0x0000000000000000
2026/09/30 14:33:18.965, 1095, 1215, 85.73, 52, 0x0000000000000000
2026/09/30 14:33:19.215, 1095, 1215, 85.73, 52, 0x0000000000000000
2026/09/30 14:33:19.465, 1095, 1215, 85.64, 52, 0x0000000000000000
2026/09/30 14:33:19.715, 1095, 1215, 85.64, 52, 0x0000000000000000
2026/09/30 14:33:19.965, 1095, 1215, 86.34, 52, 0x0000000000000000
2026/09/30 14:33:20.215, 1095, 1215, 86.25, 52, 0x0000000000000000
2026/09/30 14:33:20.466, 1095, 1215, 85.28, 51, 0x0000000000000000
2026/09/30 14:33:20.716, 1095, 1215, 87.37, 51, 0x0000000000000000
2026/09/30 14:33:20.966, 1095, 1215, 86.52, 51, 0x0000000000000000
2026/09/30 14:33:21.216, 1095, 1215, 85.00, 51, 0x0000000000000000
2026/09/30 14:33:21.466, 1095, 1215, 85.09, 51, 0x0000000000000000
2026/09/30 14:33:21.716, 1095, 1215, 85.45, 51, 0x0000000000000000
2026/09/30 14:33:21.967, 1095, 1215, 85.36, 51, 0x0000000000000000
2026/09/30 14:33:22.217, 1095, 1215, 85.89, 51, 0x0000000000000000
2026/09/30 14:33:22.467, 1095, 1215, 85.89, 51, 0x0000000000000000
2026/09/30 14:33:22.717, 1095, 1215, 84.68, 50, 0x0000000000000000
2026/09/30 14:33:22.967, 1095, 1215, 85.28, 50, 0x0000000000000000
2026/09/30 14:33:23.217, 1095, 1215, 84.76, 50, 0x0000000000000000
2026/09/30 14:33:23.467, 1095, 1215, 84.76, 50, 0x0000000000000000
2026/09/30 14:33:23.718, 1095, 1215, 85.36, 50, 0x0000000000000000
2026/09/30 14:33:23.968, 1095, 1215, 85.45, 50, 0x0000000000000000
2026/09/30 14:33:24.218, 1095, 1215, 84.58, 50, 0x0000000000000000
2026/09/30 14:33:24.468, 1095, 1215, 85.73, 50, 0x0000000000000000
2026/09/30 14:33:24.718, 1095, 1215, 85.18, 50, 0x0000000000000000
2026/09/30 14:33:24.968, 1095, 1215, 84.76, 50, 0x0000000000000000
2026/09/30 14:33:25.218, 1095, 1215, 84.76, 50, 0x0000000000000000
2026/09/30 14:33:25.469, 1095, 1215, 85.09, 49, 0x0000000000000000
2026/09/30 14:33:25.719, 1095, 1215, 84.07, 49, 0x0000000000000000
2026/09/30 14:33:25.969, 1095, 1215, 83.79, 49, 0x0000000000000000
2026/09/30 14:33:26.219, 1095, 1215, 83.98, 49, 0x0000000000000000
2026/09/30 14:33:26.469, 1095, 1215, 107.24, 50, 0x0000000000000000
2026/09/30 14:33:26.719, 1230, 1215, 165.73, 51, 0x0000000000000000
2026/09/30 14:33:26.969, 1410, 1215, 206.51, 52, 0x0000000000000000
2026/09/30 14:33:27.220, 1410, 1215, 203.61, 53, 0x0000000000000000
2026/09/30 14:33:27.470, 1410, 1215, 204.76, 54, 0x0000000000000000
2026/09/30 14:33:27.720, 1410, 1215, 210.36, 54, 0x0000000000000000
2026/09/30 14:33:27.970, 1410, 1215, 209.76, 54, 0x0000000000000000
2026/09/30 14:33:28.220, 1350, 1215, 449.65, 58, 0x0000000000000000
2026/09/30 14:33:28.470, 1335, 1215, 406.74, 62, 0x0000000000000004
2026/09/30 14:33:28.720, 1335, 1215, 407.80, 64, 0x0000000000000004
2026/09/30 14:33:28.971, 1335, 1215, 415.75, 65, 0x0000000000000004
2026/09/30 14:33:29.221, 1335, 1215, 359.33, 64, 0x0000000000000004
2026/09/30 14:33:29.471, 1335, 1215, 408.99, 65, 0x0000000000000004
2026/09/30 14:33:29.721, 1335, 1215, 397.76, 66, 0x0000000000000004
2026/09/30 14:33:29.971, 1335, 1215, 394.33, 66, 0x0000000000000004
2026/09/30 14:33:30.221, 1335, 1215, 402.01, 66, 0x0000000000000004
2026/09/30 14:33:30.472, 1320, 1215, 408.49, 65, 0x0000000000000004
2026/09/30 14:33:30.722, 1335, 1215, 407.19, 67, 0x0000000000000004
2026/09/30 14:33:30.972, 1350, 1215, 404.65, 66, 0x0000000000000004
2026/09/30 14:33:31.222, 1305, 1215, 390.76, 67, 0x0000000000000004
2026/09/30 14:33:31.472, 1305, 1215, 399.52, 67, 0x0000000000000004
2026/09/30 14:33:31.722, 1305, 1215, 404.38, 67, 0x0000000000000004
2026/09/30 14:33:31.972, 1305, 1215, 390.96, 67, 0x0000000000000004
2026/09/30 14:33:32.223, 1305, 1215, 397.35, 67, 0x0000000000000004
2026/09/30 14:33:32.473, 1305, 1215, 400.39, 68, 0x0000000000000004
2026/09/30 14:33:32.723, 1305, 1215, 395.00, 68, 0x0000000000000004
2026/09/30 14:33:32.973, 1305, 1215, 408.11, 67, 0x0000000000000004
2026/09/30 14:33:33.223, 1335, 1215, 390.89, 68, 0x0000000000000004
2026/09/30 14:33:33.473, 1305, 1215, 399.30, 68, 0x0000000000000004
2026/09/30 14:33:33.723, 1305, 1215, 398.70, 68, 0x0000000000000004
2026/09/30 14:33:33.974, 1305, 1215, 397.55, 68, 0x0000000000000004
2026/09/30 14:33:34.224, 1290, 1215, 393.39, 68, 0x0000000000000004
2026/09/30 14:33:34.474, 1290, 1215, 408.11, 68, 0x0000000000000004
2026/09/30 14:33:34.724, 1290, 1215, 399.30, 68, 0x0000000000000004
2026/09/30 14:33:34.974, 1290, 1215, 406.82, 69, 0x0000000000000004
2026/09/30 14:33:35.224, 1290, 1215, 406.82, 69, 0x0000000000000004
2026/09/30 14:33:35.474, 1290, 1215, 415.02, 69, 0x0000000000000004
2026/09/30 14:33:35.725, 1290, 1215, 413.27, 69, 0x0000000000000004
2026/09/30 14:33:35.975, 1290, 1215, 412.57, 69, 0x0000000000000004
2026/09/30 14:33:36.225, 1290, 1215, 403.87, 69, 0x0000000000000004
2026/09/30 14:33:36.475, 1290, 1215, 411.97, 69, 0x0000000000000004
2026/09/30 14:33:36.725, 1275, 1215, 396.40, 69, 0x0000000000000004
2026/09/30 14:33:36.975, 1290, 1215, 412.57, 69, 0x0000000000000004
2026/09/30 14:33:37.226, 1290, 1215, 395.53, 69, 0x0000000000000004
2026/09/30 14:33:37.476, 1290, 1215, 399.35, 69, 0x0000000000000004
2026/09/30 14:33:37.726, 1290, 1215, 402.57, 70, 0x0000000000000004
2026/09/30 14:33:37.976, 1290, 1215, 393.78, 69, 0x0000000000000004
2026/09/30 14:33:38.226, 1290, 1215, 384.98, 70, 0x0000000000000004
2026/09/30 14:33:38.476, 1305, 1215, 317.13, 70, 0x0000000000000004
2026/09/30 14:33:38.726, 1290, 1215, 383.38, 70, 0x0000000000000004
2026/09/30 14:33:38.976, 1290, 1215, 387.60, 70, 0x0000000000000004
2026/09/30 14:33:39.227, 1290, 1215, 392.77, 70, 0x0000000000000004
2026/09/30 14:33:39.477, 1290, 1215, 390.42, 70, 0x0000000000000004
2026/09/30 14:33:39.727, 1275, 1215, 418.86, 70, 0x0000000000000004
2026/09/30 14:33:39.977, 1275, 1215, 400.41, 70, 0x0000000000000004
2026/09/30 14:33:40.227, 1275, 1215, 410.25, 70, 0x0000000000000004
2026/09/30 14:33:40.477, 1275, 1215, 411.12, 70, 0x0000000000000004
2026/09/30 14:33:40.728, 1275, 1215, 382.12, 71, 0x0000000000000004
2026/09/30 14:33:40.978, 1275, 1215, 376.56, 70, 0x0000000000000004
2026/09/30 14:33:41.228, 1260, 1215, 423.71, 70, 0x0000000000000004
2026/09/30 14:33:41.478, 1275, 1215, 379.77, 70, 0x0000000000000004
2026/09/30 14:33:41.728, 1290, 1215, 417.71, 71, 0x0000000000000004
2026/09/30 14:33:41.978, 1275, 1215, 412.57, 70, 0x0000000000000004
2026/09/30 14:33:42.228, 1290, 1215, 380.29, 70, 0x0000000000000004
2026/09/30 14:33:42.479, 1275, 1215, 415.02, 71, 0x0000000000000004
2026/09/30 14:33:42.729, 1275, 1215, 378.39, 71, 0x0000000000000004
2026/09/30 14:33:42.979, 1275, 1215, 401.05, 71, 0x0000000000000004
2026/09/30 14:33:43.229, 1275, 1215, 396.34, 71, 0x0000000000000004
2026/09/30 14:33:43.479, 1275, 1215, 377.78, 71, 0x0000000000000004
2026/09/30 14:33:43.729, 1290, 1215, 422.40, 71, 0x0000000000000004
2026/09/30 14:33:43.979, 1260, 1215, 375.43, 71, 0x0000000000000004
2026/09/30 14:33:44.229, 1290, 1215, 405.61, 71, 0x0000000000000004
2026/09/30 14:33:44.480, 1290, 1215, 408.39, 72, 0x0000000000000004
2026/09/30 14:33:44.730, 1275, 1215, 390.15, 71, 0x0000000000000004
2026/09/30 14:33:44.980, 1290, 1215, 421.80, 71, 0x0000000000000004
2026/09/30 14:33:45.230, 1275, 1215, 371.27, 71, 0x0000000000000004
2026/09/30 14:33:45.480, 1290, 1215, 409.17, 71, 0x0000000000000004
2026/09/30 14:33:45.730, 1245, 1215, 392.98, 71, 0x0000000000000004
2026/09/30 14:33:45.980, 1275, 1215, 378.87, 71, 0x0000000000000004
2026/09/30 14:33:46.231, 1275, 1215, 421.80, 71, 0x0000000000000004
2026/09/30 14:33:46.481, 1275, 1215, 377.24, 72, 0x0000000000000004
2026/09/30 14:33:46.731, 1275, 1215, 423.28, 72, 0x0000000000000004
2026/09/30 14:33:46.981, 1290, 1215, 420.05, 71, 0x0000000000000004
2026/09/30 14:33:47.231, 1275, 1215, 380.68, 72, 0x0000000000000004
2026/09/30 14:33:47.481, 1260, 1215, 399.77, 71, 0x0000000000000004
2026/09/30 14:33:47.731, 1290, 1215, 387.33, 72, 0x0000000000000004
2026/09/30 14:33:47.981, 1275, 1215, 405.07, 71, 0x0000000000000004
2026/09/30 14:33:48.232, 1275, 1215, 405.52, 72, 0x0000000000000004
2026/09/30 14:33:48.482, 1260, 1215, 383.90, 72, 0x0000000000000004
2026/09/30 14:33:48.732, 1290, 1215, 397.60, 72, 0x0000000000000004
2026/09/30 14:33:48.982, 1260, 1215, 414.92, 72, 0x0000000000000004
2026/09/30 14:33:49.232, 1275, 1215, 379.48, 71, 0x0000000000000004
2026/09/30 14:33:49.482, 1275, 1215, 379.95, 72, 0x0000000000000004
2026/09/30 14:33:49.732, 1275, 1215, 426.33, 72, 0x0000000000000004
2026/09/30 14:33:49.983, 1275, 1215, 384.98, 72, 0x0000000000000004
2026/09/30 14:33:50.233, 1260, 1215, 411.70, 72, 0x0000000000000004
2026/09/30 14:33:50.483, 1275, 1215, 398.48, 72, 0x0000000000000004
2026/09/30 14:33:50.733, 1290, 1215, 382.63, 73, 0x0000000000000004
2026/09/30 14:33:50.983, 1275, 1215, 403.78, 72, 0x0000000000000004
2026/09/30 14:33:51.233, 1260, 1215, 387.60, 72, 0x0000000000000004
2026/09/30 14:33:51.483, 1275, 1215, 373.24, 72, 0x0000000000000004
2026/09/30 14:33:51.733, 1290, 1215, 421.10, 72, 0x0000000000000004
2026/09/30 14:33:51.984, 1275, 1215, 407.55, 72, 0x0000000000000004
2026/09/30 14:33:52.234, 1275, 1215, 395.12, 72, 0x0000000000000004
2026/09/30 14:33:52.484, 1290, 1215, 407.72, 72, 0x0000000000000004
2026/09/30 14:33:52.734, 1275, 1215, 383.78, 72, 0x0000000000000004
2026/09/30 14:33:52.984, 1290, 1215, 401.98, 73, 0x0000000000000004
2026/09/30 14:33:53.234, 1395, 1215, 116.10, 63, 0x0000000000000004
2026/09/30 14:33:53.485, 1410, 1215, 117.58, 61, 0x0000000000000000
2026/09/30 14:33:53.735, 1410, 1215, 115.22, 59, 0x0000000000000000
2026/09/30 14:33:53.985, 1410, 1215, 114.35, 58, 0x0000000000000000
2026/09/30 14:33:54.235, 1410, 1215, 113.42, 58, 0x0000000000000000
2026/09/30 14:33:54.485, 1410, 1215, 113.42, 57, 0x0000000000000000
2026/09/30 14:33:54.735, 1410, 1215, 112.54, 57, 0x0000000000000000
2026/09/30 14:33:54.985, 1095, 1215, 111.40, 56, 0x0000000000000000
2026/09/30 14:33:55.236, 1095, 1215, 87.88, 55, 0x0000000000000000
2026/09/30 14:33:55.486, 1095, 1215, 87.55, 55, 0x0000000000000000
2026/09/30 14:33:55.736, 1095, 1215, 87.37, 55, 0x0000000000000000
2026/09/30 14:33:55.986, 1095, 1215, 87.46, 54, 0x0000000000000000
2026/09/30 14:33:56.236, 1095, 1215, 87.28, 54, 0x0000000000000000
2026/09/30 14:33:56.486, 1095, 1215, 86.94, 54, 0x0000000000000000
2026/09/30 14:33:56.736, 1095, 1215, 86.67, 54, 0x0000000000000000
2026/09/30 14:33:56.987, 1095, 1215, 86.76, 53, 0x0000000000000000
2026/09/30 14:33:57.237, 1095, 1215, 86.34, 53, 0x0000000000000000
2026/09/30 14:33:57.487, 1095, 1215, 86.34, 53, 0x0000000000000000
2026/09/30 14:33:57.737, 1095, 1215, 86.25, 53, 0x0000000000000000
2026/09/30 14:33:57.987, 1095, 1215, 86.34, 53, 0x0000000000000000
2026/09/30 14:33:58.237, 1095, 1215, 86.16, 53, 0x0000000000000000
2026/09/30 14:33:58.487, 1095, 1215, 85.97, 53, 0x0000000000000000
2026/09/30 14:33:58.738, 1095, 1215, 85.97, 52, 0x0000000000000000
2026/09/30 14:33:58.988, 1095, 1215, 85.97, 52, 0x0000000000000000
2026/09/30 14:33:59.238, 1095, 1215, 85.73, 52, 0x0000000000000000
2026/09/30 14:33:59.488, 1095, 1215, 85.73, 52, 0x0000000000000000
2026/09/30 14:33:59.738, 1095, 1215, 85.45, 52, 0x0000000000000000
2026/09/30 14:33:59.988, 1095, 1215, 85.36, 52, 0x0000000000000000
2026/09/30 14:34:00.238, 1095, 1215, 85.36, 52, 0x0000000000000000
2026/09/30 14:34:00.488, 1095, 1215, 85.64, 51, 0x0000000000000000
2026/09/30 14:34:00.739, 1095, 1215, 85.36, 51, 0x0000000000000000
2026/09/30 14:34:00.989, 1095, 1215, 85.36, 51, 0x0000000000000000
2026/09/30 14:34:01.239, 1095, 1215, 85.28, 51, 0x0000000000000000
2026/09/30 14:34:01.489, 1095, 1215, 85.19, 51, 0x0000000000000000
2026/09/30 14:34:01.739, 1095, 1215, 85.28, 51, 0x0000000000000000
2026/09/30 14:34:01.989, 1095, 1215, 85.09, 51, 0x0000000000000000
2026/09/30 14:34:02.239, 1095, 1215, 85.09, 51, 0x0000000000000000
2026/09/30 14:34:02.490, 1095, 1215, 85.09, 50, 0x0000000000000000
2026/09/30 14:34:02.740, 1095, 1215, 84.68, 50, 0x0000000000000000
2026/09/30 14:34:02.990, 1095, 1215, 84.76, 50, 0x0000000000000000
2026/09/30 14:34:03.240, 1095, 1215, 84.58, 50, 0x0000000000000000
2026/09/30 14:34:03.490, 1095, 1215, 84.49, 50, 0x0000000000000000
2026/09/30 14:34:03.740, 1095, 1215, 84.58, 50, 0x0000000000000000
2026/09/30 14:34:03.990, 1095, 1215, 84.58, 50, 0x0000000000000000
2026/09/30 14:34:04.241, 1095, 1215, 84.15, 50, 0x0000000000000000
2026/09/30 14:34:04.491, 1095, 1215, 84.15, 50, 0x0000000000000000
2026/09/30 14:34:04.741, 1095, 1215, 84.15, 50, 0x0000000000000000
2026/09/30 14:34:04.991, 1095, 1215, 84.07, 49, 0x0000000000000000
2026/09/30 14:34:05.241, 1095, 1215, 83.98, 49, 0x0000000000000000
2026/09/30 14:34:05.491, 1095, 1215, 83.98, 49, 0x0000000000000000
2026/09/30 14:34:05.741, 1095, 1215, 83.88, 49, 0x0000000000000000
2026/09/30 14:34:05.992, 1095, 1215, 83.88, 49, 0x0000000000000000
2026/09/30 14:34:06.242, 1095, 1215, 83.88, 49, 0x0000000000000000
2026/09/30 14:34:06.492, 1095, 1215, 83.88, 49, 0x0000000000000000
2026/09/30 14:34:06.742, 1095, 1215, 83.61, 49, 0x0000000000000000
2026/09/30 14:34:06.992, 1095, 1215, 83.61, 49, 0x0000000000000000
2026/09/30 14:34:07.242, 1095, 1215, 83.69, 49, 0x0000000000000000
2026/09/30 14:34:07.492, 1095, 1215, 83.69, 49, 0x0000000000000000
2026/09/30 14:34:07.742, 1095, 1215, 83.69, 48, 0x0000000000000000
2026/09/30 14:34:07.993, 1095, 1215, 83.61, 48, 0x0000000000000000
2026/09/30 14:34:08.243, 1095, 1215, 83.28, 48, 0x0000000000000000
2026/09/30 14:34:08.493, 1095, 1215, 83.28, 48, 0x0000000000000000
2026/09/30 14:34:08.743, 1095, 1215, 83.28, 48, 0x0000000000000000
2026/09/30 14:34:08.993, 1095, 1215, 83.28, 48, 0x0000000000000000
2026/09/30 14:34:09.243, 1095, 1215, 83.28, 48, 0x0000000000000000
2026/09/30 14:34:09.493, 1095, 1215, 83.28, 48, 0x0000000000000000
2026/09/30 14:34:09.744, 1095, 1215, 83.28, 48, 0x0000000000000000
2026/09/30 14:34:09.994, 1095, 1215, 83.00, 48, 0x0000000000000000
2026/09/30 14:34:10.244, 1095, 1215, 83.00, 48, 0x0000000000000000
2026/09/30 14:34:10.494, 1095, 1215, 83.00, 47, 0x0000000000000000
2026/09/30 14:34:10.744, 1095, 1215, 82.91, 47, 0x0000000000000000
2026/09/30 14:34:10.994, 1095, 1215, 82.83, 47, 0x0000000000000000
2026/09/30 14:34:11.244, 1095, 1215, 82.91, 47, 0x0000000000000000
2026/09/30 14:34:11.495, 1095, 1215, 82.91, 47, 0x0000000000000000
2026/09/30 14:34:11.745, 1095, 1215, 82.73, 47, 0x0000000000000000
2026/09/30 14:34:11.995, 1095, 1215, 82.73, 47, 0x0000000000000000
2026/09/30 14:34:12.245, 1095, 1215, 82.81, 47, 0x0000000000000000
2026/09/30 14:34:12.495, 1095, 1215, 82.81, 47, 0x0000000000000000
2026/09/30 14:34:12.745, 1095, 1215, 82.73, 47, 0x0000000000000000
2026/09/30 14:34:12.995, 1095, 1215, 82.81, 47, 0x0000000000000000
2026/09/30 14:34:13.246, 1095, 1215, 82.48, 47, 0x0000000000000000
2026/09/30 14:34:13.496, 1095, 1215, 82.48, 47, 0x0000000000000000
2026/09/30 14:34:13.746, 1095, 1215, 82.81, 47, 0x0000000000000000
2026/09/30 14:34:13.996, 1095, 1215, 82.48, 47, 0x0000000000000000
2026/09/30 14:34:14.246, 1395, 1215, 85.18, 47, 0x0000000000000000
2026/09/30 14:34:14.496, 1410, 1215, 103.78, 47, 0x0000000000000000
2026/09/30 14:34:14.747, 1410, 1215, 105.54, 47, 0x0000000000000000
2026/09/30 14:34:14.997, 1410, 1215, 105.54, 47, 0x0000000000000000
2026/09/30 14:34:15.247, 1410, 1215, 106.75, 49, 0x0000000000000000
2026/09/30 14:34:15.497, 1410, 1215, 162.48, 50, 0x0000000000000000
2026/09/30 14:34:15.747, 1410, 1215, 239.39, 52, 0x0000000000000000
2026/09/30 14:34:15.997, 1410, 1215, 196.86, 51, 0x0000000000000000
2026/09/30 14:34:16.247, 1410, 1215, 194.09, 51, 0x0000000000000000
2026/09/30 14:34:16.498, 1410, 1215, 165.73, 51, 0x0000000000000000
2026/09/30 14:34:16.748, 1410, 1215, 181.12, 51, 0x0000000000000000
2026/09/30 14:34:16.999, 1410, 1215, 176.67, 51, 0x0000000000000000
2026/09/30 14:34:17.249, 1410, 1215, 158.36, 51, 0x0000000000000000
2026/09/30 14:34:17.499, 1410, 1215, 166.01, 51, 0x0000000000000000
2026/09/30 14:34:17.749, 1410, 1215, 182.88, 51, 0x0000000000000000
2026/09/30 14:34:17.999, 1410, 1215, 177.83, 50, 0x0000000000000000
2026/09/30 14:34:18.249, 1410, 1215, 125.83, 51, 0x0000000000000000
2026/09/30 14:34:18.499, 1410, 1215, 197.26, 51, 0x0000000000000000
2026/09/30 14:34:18.750, 1410, 1215, 163.91, 51, 0x0000000000000000
2026/09/30 14:34:19.000, 1410, 1215, 181.48, 51, 0x0000000000000000
2026/09/30 14:34:19.250, 1410, 1215, 154.63, 51, 0x0000000000000000
2026/09/30 14:34:19.500, 1410, 1215, 140.94, 51, 0x0000000000000000
2026/09/30 14:34:19.750, 1410, 1215, 183.76, 51, 0x0000000000000000
2026/09/30 14:34:20.000, 1410, 1215, 189.37, 51, 0x0000000000000000
2026/09/30 14:34:20.250, 1410, 1215, 123.46, 51, 0x0000000000000000
2026/09/30 14:34:20.500, 1410, 1215, 197.46, 51, 0x0000000000000000
2026/09/30 14:34:20.751, 1410, 1215, 193.62, 51, 0x0000000000000000
2026/09/30 14:34:21.001, 1410, 1215, 177.65, 51, 0x0000000000000000
2026/09/30 14:34:21.251, 1410, 1215, 199.42, 51, 0x0000000000000000
2026/09/30 14:34:21.501, 1410, 1215, 169.30, 51, 0x0000000000000000
2026/09/30 14:34:21.751, 1410, 1215, 163.37, 50, 0x0000000000000000
2026/09/30 14:34:22.001, 1410, 1215, 181.40, 51, 0x0000000000000000
2026/09/30 14:34:22.251, 1410, 1215, 107.52, 49, 0x0000000000000000
2026/09/30 14:34:22.502, 1410, 1215, 103.39, 48, 0x0000000000000000
2026/09/30 14:34:22.752, 1410, 1215, 102.96, 48, 0x0000000000000000
2026/09/30 14:34:23.002, 1410, 1215, 102.69, 48, 0x0000000000000000
2026/09/30 14:34:23.252, 1410, 1215, 102.69, 47, 0x0000000000000000
2026/09/30 14:34:23.502, 1410, 1215, 102.41, 47, 0x0000000000000000
2026/09/30 14:34:23.752, 1410, 1215, 102.41, 47, 0x0000000000000000
2026/09/30 14:34:24.002, 1095, 1215, 102.31, 47, 0x0000000000000000
2026/09/30 14:34:24.252, 1095, 1215, 81.96, 46, 0x0000000000000000
2026/09/30 14:34:24.502, 1095, 1215, 82.04, 46, 0x0000000000000000
2026/09/30 14:34:24.753, 1095, 1215, 81.80, 46, 0x0000000000000000
2026/09/30 14:34:25.003, 1095, 1215, 81.80, 46, 0x0000000000000000
2026/09/30 14:34:25.253, 1410, 1215, 187.61, 49, 0x0000000000000000
2026/09/30 14:34:25.503, 1410, 1215, 185.24, 49, 0x0000000000000000
2026/09/30 14:34:25.753, 1410, 1215, 186.73, 50, 0x0000000000000000
2026/09/30 14:34:26.003, 1410, 1215, 185.43, 50, 0x0000000000000000
2026/09/30 14:34:26.253, 1410, 1215, 184.04, 50, 0x0000000000000000
2026/09/30 14:34:26.504, 1410, 1215, 187.61, 50, 0x0000000000000000
2026/09/30 14:34:26.754, 1380, 1215, 404.09, 57, 0x0000000000000004
2026/09/30 14:34:27.004, 1335, 1215, 392.57, 59, 0x0000000000000004
2026/09/30 14:34:27.254, 1335, 1215, 404.05, 60, 0x0000000000000004
2026/09/30 14:34:27.504, 1335, 1215, 410.25, 60, 0x0000000000000004
2026/09/30 14:34:27.754, 1335, 1215, 398.04, 61, 0x0000000000000004
2026/09/30 14:34:28.004, 1320, 1215, 393.72, 61, 0x0000000000000004
2026/09/30 14:34:28.255, 1335, 1215, 401.13, 62, 0x0000000000000004
2026/09/30 14:34:28.505, 1335, 1215, 414.37, 62, 0x0000000000000004
2026/09/30 14:34:28.755, 1320, 1215, 391.36, 62, 0x0000000000000004
2026/09/30 14:34:29.005, 1320, 1215, 388.12, 62, 0x0000000000000004
2026/09/30 14:34:29.255, 1335, 1215, 417.33, 63, 0x0000000000000004
2026/09/30 14:34:29.505, 1335, 1215, 394.93, 63, 0x0000000000000004
2026/09/30 14:34:29.755, 1350, 1215, 419.70, 63, 0x0000000000000004
2026/09/30 14:34:30.005, 1320, 1215, 422.66, 63, 0x0000000000000004
2026/09/30 14:34:30.256, 1335, 1215, 406.32, 64, 0x0000000000000004
2026/09/30 14:34:30.506, 1320, 1215, 392.72, 64, 0x0000000000000004
2026/09/30 14:34:30.756, 1320, 1215, 402.75, 64, 0x0000000000000004
2026/09/30 14:34:31.006, 1305, 1215, 390.08, 64, 0x0000000000000004
2026/09/30 14:34:31.256, 1320, 1215, 393.32, 64, 0x0000000000000004
2026/09/30 14:34:31.506, 1305, 1215, 393.64, 64, 0x0000000000000004
2026/09/30 14:34:31.756, 1320, 1215, 403.22, 64, 0x0000000000000004
2026/09/30 14:34:32.007, 1305, 1215, 388.32, 64, 0x0000000000000004
2026/09/30 14:34:32.257, 1320, 1215, 406.45, 65, 0x0000000000000004
2026/09/30 14:34:32.507, 1305, 1215, 399.71, 64, 0x0000000000000004
2026/09/30 14:34:32.757, 1305, 1215, 389.55, 65, 0x0000000000000004
2026/09/30 14:34:33.007, 1305, 1215, 432.25, 65, 0x0000000000000004
2026/09/30 14:34:33.257, 1305, 1215, 298.36, 65, 0x0000000000000004
2026/09/30 14:34:33.507, 1305, 1215, 401.46, 65, 0x0000000000000004
2026/09/30 14:34:33.758, 1290, 1215, 407.05, 65, 0x0000000000000004
2026/09/30 14:34:34.008, 1290, 1215, 394.52, 66, 0x0000000000000004
2026/09/30 14:34:34.258, 1305, 1215, 392.44, 66, 0x0000000000000004
2026/09/30 14:34:34.508, 1305, 1215, 410.01, 66, 0x0000000000000004
2026/09/30 14:34:34.758, 1305, 1215, 422.06, 66, 0x0000000000000004
2026/09/30 14:34:35.008, 1290, 1215, 396.89, 66, 0x0000000000000004
2026/09/30 14:34:35.258, 1305, 1215, 390.21, 66, 0x0000000000000004
2026/09/30 14:34:35.509, 1305, 1215, 391.36, 66, 0x0000000000000004
2026/09/30 14:34:35.759, 1305, 1215, 392.72, 66, 0x0000000000000004
2026/09/30 14:34:36.009, 1305, 1215, 415.75, 67, 0x0000000000000004
2026/09/30 14:34:36.259, 1305, 1215, 431.05, 67, 0x0000000000000004
2026/09/30 14:34:36.509, 1320, 1215, 394.59, 67, 0x0000000000000004
2026/09/30 14:34:36.759, 1305, 1215, 381.91, 66, 0x0000000000000004
2026/09/30 14:34:37.009, 1305, 1215, 417.51, 67, 0x0000000000000004
2026/09/30 14:34:37.260, 1305, 1215, 385.36, 67, 0x0000000000000004
2026/09/30 14:34:37.510, 1320, 1215, 388.53, 67, 0x0000000000000004
2026/09/30 14:34:37.760, 1305, 1215, 417.52, 67, 0x0000000000000004
2026/09/30 14:34:38.010, 1290, 1215, 382.70, 67, 0x0000000000000004
2026/09/30 14:34:38.260, 1305, 1215, 390.36, 67, 0x0000000000000004
2026/09/30 14:34:38.510, 1290, 1215, 413.70, 67, 0x0000000000000004
2026/09/30 14:34:38.760, 1290, 1215, 411.77, 67, 0x0000000000000004
2026/09/30 14:34:39.011, 1350, 1215, 386.24, 67, 0x0000000000000004
2026/09/30 14:34:39.261, 1290, 1215, 381.34, 67, 0x0000000000000004
2026/09/30 14:34:39.511, 1290, 1215, 410.19, 67, 0x0000000000000004
2026/09/30 14:34:39.761, 1275, 1215, 400.39, 68, 0x0000000000000004
2026/09/30 14:34:40.011, 1290, 1215, 404.51, 68, 0x0000000000000004
2026/09/30 14:34:40.261, 1305, 1215, 423.98, 68, 0x0000000000000004
2026/09/30 14:34:40.511, 1305, 1215, 381.52, 68, 0x0000000000000004
2026/09/30 14:34:40.762, 1290, 1215, 378.40, 68, 0x0000000000000004
2026/09/30 14:34:41.012, 1275, 1215, 388.72, 68, 0x0000000000000004
2026/09/30 14:34:41.262, 1305, 1215, 410.25, 68, 0x0000000000000004
2026/09/30 14:34:41.512, 1305, 1215, 413.21, 68, 0x0000000000000004
2026/09/30 14:34:41.762, 1290, 1215, 389.88, 68, 0x0000000000000004
2026/09/30 14:34:42.012, 1290, 1215, 377.79, 68, 0x0000000000000004
2026/09/30 14:34:42.262, 1290, 1215, 390.08, 68, 0x0000000000000004
2026/09/30 14:34:42.513, 1260, 1215, 372.69, 69, 0x0000000000000004
2026/09/30 14:34:42.763, 1290, 1215, 400.72, 68, 0x0000000000000004
2026/09/30 14:34:43.013, 1290, 1215, 408.67, 68, 0x0000000000000004
2026/09/30 14:34:43.263, 1275, 1215, 418.73, 69, 0x0000000000000004
2026/09/30 14:34:43.513, 1290, 1215, 393.92, 69, 0x0000000000000004
2026/09/30 14:34:43.763, 1290, 1215, 381.52, 69, 0x0000000000000004
2026/09/30 14:34:44.013, 1305, 1215, 359.14, 68, 0x0000000000000004
2026/09/30 14:34:44.264, 1275, 1215, 404.42, 69, 0x0000000000000004
2026/09/30 14:34:44.514, 1305, 1215, 419.88, 69, 0x0000000000000004
2026/09/30 14:34:44.764, 1305, 1215, 430.94, 69, 0x0000000000000004
2026/09/30 14:34:45.014, 1290, 1215, 402.39, 69, 0x0000000000000004
2026/09/30 14:34:45.264, 1290, 1215, 384.21, 69, 0x0000000000000004
2026/09/30 14:34:45.514, 1275, 1215, 373.07, 69, 0x0000000000000004
2026/09/30 14:34:45.764, 1290, 1215, 381.91, 69, 0x0000000000000004
2026/09/30 14:34:46.015, 1290, 1215, 416.30, 69, 0x0000000000000004
2026/09/30 14:34:46.265, 1305, 1215, 405.53, 69, 0x0000000000000004
2026/09/30 14:34:46.515, 1290, 1215, 417.51, 69, 0x0000000000000004
2026/09/30 14:34:46.765, 1275, 1215, 398.37, 69, 0x0000000000000004
2026/09/30 14:34:47.015, 1275, 1215, 391.56, 70, 0x0000000000000004
2026/09/30 14:34:47.265, 1275, 1215, 377.90, 70, 0x0000000000000004
2026/09/30 14:34:47.516, 1290, 1215, 379.10, 69, 0x0000000000000004
2026/09/30 14:34:47.766, 1290, 1215, 392.03, 69, 0x0000000000000004
2026/09/30 14:34:48.016, 1275, 1215, 409.41, 69, 0x0000000000000004
2026/09/30 14:34:48.266, 1275, 1215, 413.09, 70, 0x0000000000000004
2026/09/30 14:34:48.516, 1290, 1215, 403.13, 70, 0x0000000000000004
2026/09/30 14:34:48.766, 1290, 1215, 375.27, 69, 0x0000000000000004
2026/09/30 14:34:49.016, 1275, 1215, 370.45, 69, 0x0000000000000004
2026/09/30 14:34:49.267, 1275, 1215, 371.93, 69, 0x0000000000000004
2026/09/30 14:34:49.517, 1290, 1215, 372.42, 70, 0x0000000000000004
2026/09/30 14:34:49.767, 1305, 1215, 418.57, 70, 0x0000000000000004
2026/09/30 14:34:50.017, 1305, 1215, 413.87, 70, 0x0000000000000004
2026/09/30 14:34:50.267, 1275, 1215, 354.20, 70, 0x0000000000000004
2026/09/30 14:34:50.517, 1290, 1215, 400.64, 70, 0x0000000000000004
2026/09/30 14:34:50.767, 1290, 1215, 375.15, 70, 0x0000000000000004
2026/09/30 14:34:51.018, 1290, 1215, 365.51, 70, 0x0000000000000004
2026/09/30 14:34:51.268, 1275, 1215, 412.09, 70, 0x0000000000000004
2026/09/30 14:34:51.518, 1290, 1215, 407.66, 70, 0x0000000000000004
2026/09/30 14:34:51.768, 1290, 1215, 407.93, 70, 0x0000000000000004
2026/09/30 14:34:52.018, 1290, 1215, 428.15, 70, 0x0000000000000004
2026/09/30 14:34:52.268, 1290, 1215, 385.45, 70, 0x0000000000000004
2026/09/30 14:34:52.518, 1290, 1215, 367.37, 70, 0x0000000000000004
2026/09/30 14:34:52.769, 1290, 1215, 376.81, 70, 0x0000000000000004
2026/09/30 14:34:53.019, 1350, 1215, 381.52, 69, 0x0000000000000004
2026/09/30 14:34:53.269, 1365, 1215, 405.53, 70, 0x0000000000000004
2026/09/30 14:34:53.519, 1365, 1215, 404.51, 70, 0x0000000000000004
2026/09/30 14:34:53.769, 1365, 1215, 399.38, 69, 0x0000000000000004
2026/09/30 14:34:54.019, 1350, 1215, 360.43, 69, 0x0000000000000004
2026/09/30 14:34:54.269, 1365, 1215, 407.89, 70, 0x0000000000000004
2026/09/30 14:34:54.519, 1350, 1215, 399.93, 70, 0x0000000000000004
2026/09/30 14:34:54.770, 1350, 1215, 415.30, 70, 0x0000000000000004
2026/09/30 14:34:55.020, 1350, 1215, 393.72, 70, 0x0000000000000004
2026/09/30 14:34:55.270, 1350, 1215, 396.41, 70, 0x0000000000000004
2026/09/30 14:34:55.520, 1350, 1215, 402.89, 71, 0x0000000000000004
2026/09/30 14:34:55.770, 1350, 1215, 409.09, 71, 0x0000000000000004
2026/09/30 14:34:56.020, 1365, 1215, 392.57, 70, 0x0000000000000004
2026/09/30 14:34:56.270, 1365, 1215, 413.06, 71, 0x0000000000000004
2026/09/30 14:34:56.521, 1365, 1215, 415.42, 71, 0x0000000000000004
2026/09/30 14:34:56.771, 1320, 1215, 403.96, 71, 0x0000000000000004
2026/09/30 14:34:57.021, 1320, 1215, 395.07, 70, 0x0000000000000004
2026/09/30 14:34:57.271, 1320, 1215, 388.60, 71, 0x0000000000000004
2026/09/30 14:34:57.521, 1320, 1215, 405.11, 71, 0x0000000000000004
2026/09/30 14:34:57.771, 1320, 1215, 391.56, 71, 0x0000000000000004
2026/09/30 14:34:58.021, 1335, 1215, 390.28, 71, 0x0000000000000004
2026/09/30 14:34:58.272, 1320, 1215, 399.79, 71, 0x0000000000000004
2026/09/30 14:34:58.522, 1350, 1215, 396.14, 71, 0x0000000000000004
2026/09/30 14:34:58.772, 1320, 1215, 394.39, 71, 0x0000000000000004
2026/09/30 14:34:59.022, 1320, 1215, 405.30, 72, 0x0000000000000004
2026/09/30 14:34:59.272, 1350, 1215, 385.45, 70, 0x0000000000000004
2026/09/30 14:34:59.522, 1320, 1215, 396.94, 71, 0x0000000000000004
2026/09/30 14:34:59.772, 1320, 1215, 414.30, 71, 0x0000000000000004
2026/09/30 14:35:00.022, 1320, 1215, 348.99, 71, 0x0000000000000004
2026/09/30 14:35:00.273, 1335, 1215, 386.93, 71, 0x0000000000000004
2026/09/30 14:35:00.523, 1290, 1215, 400.36, 71, 0x0000000000000004
2026/09/30 14:35:00.773, 1305, 1215, 405.61, 71, 0x0000000000000004
2026/09/30 14:35:01.023, 1305, 1215, 390.36, 71, 0x0000000000000004
2026/09/30 14:35:01.273, 1305, 1215, 390.36, 71, 0x0000000000000004
2026/09/30 14:35:01.523, 1305, 1215, 407.09, 72, 0x0000000000000004
2026/09/30 14:35:01.775, 1305, 1215, 406.13, 72, 0x0000000000000004
2026/09/30 14:35:02.026, 1305, 1215, 402.57, 72, 0x0000000000000004
2026/09/30 14:35:02.276, 1305, 1215, 402.30, 72, 0x0000000000000004
2026/09/30 14:35:02.526, 1305, 1215, 385.86, 71, 0x0000000000000004
2026/09/30 14:35:02.776, 1305, 1215, 384.38, 71, 0x0000000000000004
2026/09/30 14:35:03.026, 1305, 1215, 408.99, 71, 0x0000000000000004
2026/09/30 14:35:03.276, 1305, 1215, 402.25, 72, 0x0000000000000004
2026/09/30 14:35:03.526, 1305, 1215, 404.51, 72, 0x0000000000000004
2026/09/30 14:35:03.777, 1335, 1215, 396.55, 71, 0x0000000000000004
2026/09/30 14:35:04.027, 1305, 1215, 389.48, 72, 0x0000000000000004
2026/09/30 14:35:04.277, 1305, 1215, 413.24, 72, 0x0000000000000004
2026/09/30 14:35:04.527, 1305, 1215, 401.46, 72, 0x0000000000000004
2026/09/30 14:35:04.777, 1305, 1215, 403.22, 72, 0x0000000000000004
2026/09/30 14:35:05.027, 1290, 1215, 389.08, 72, 0x0000000000000004
2026/09/30 14:35:05.277, 1305, 1215, 417.68, 72, 0x0000000000000004
2026/09/30 14:35:05.528, 1305, 1215, 396.89, 72, 0x0000000000000004
2026/09/30 14:35:05.778, 1305, 1215, 406.45, 72, 0x0000000000000004
2026/09/30 14:35:06.028, 1290, 1215, 392.64, 72, 0x0000000000000004
2026/09/30 14:35:06.278, 1305, 1215, 393.52, 72, 0x0000000000000004
2026/09/30 14:35:06.528, 1305, 1215, 406.45, 72, 0x0000000000000004
2026/09/30 14:35:06.778, 1290, 1215, 405.02, 72, 0x0000000000000004
2026/09/30 14:35:07.028, 1305, 1215, 391.16, 72, 0x0000000000000004
2026/09/30 14:35:07.279, 1290, 1215, 407.84, 72, 0x0000000000000004
2026/09/30 14:35:07.529, 1275, 1215, 372.20, 72, 0x0000000000000004
2026/09/30 14:35:07.779, 1275, 1215, 390.09, 72, 0x0000000000000004
2026/09/30 14:35:08.029, 1290, 1215, 387.20, 72, 0x0000000000000004
2026/09/30 14:35:08.279, 1305, 1215, 392.98, 72, 0x0000000000000004
2026/09/30 14:35:08.529, 1290, 1215, 420.65, 72, 0x0000000000000004
2026/09/30 14:35:08.779, 1290, 1215, 399.16, 72, 0x0000000000000004
2026/09/30 14:35:09.030, 1305, 1215, 405.94, 72, 0x0000000000000004
2026/09/30 14:35:09.280, 1305, 1215, 408.89, 73, 0x0000000000000004
2026/09/30 14:35:09.530, 1275, 1215, 369.57, 72, 0x0000000000000004
2026/09/30 14:35:09.780, 1290, 1215, 385.93, 73, 0x0000000000000004
2026/09/30 14:35:10.030, 1290, 1215, 418.85, 73, 0x0000000000000004
2026/09/30 14:35:10.280, 1290, 1215, 404.46, 72, 0x0000000000000004
2026/09/30 14:35:10.530, 1290, 1215, 414.75, 73, 0x0000000000000004
2026/09/30 14:35:10.781, 1290, 1215, 382.10, 72, 0x0000000000000004
2026/09/30 14:35:11.031, 1290, 1215, 420.92, 73, 0x0000000000000004
2026/09/30 14:35:11.281, 1290, 1215, 401.33, 73, 0x0000000000000004
2026/09/30 14:35:11.531, 1305, 1215, 388.80, 72, 0x0000000000000004
2026/09/30 14:35:11.781, 1290, 1215, 387.99, 72, 0x0000000000000004
2026/09/30 14:35:12.031, 1305, 1215, 394.52, 72, 0x0000000000000004
2026/09/30 14:35:12.281, 1275, 1215, 414.55, 73, 0x0000000000000004
2026/09/30 14:35:12.531, 1305, 1215, 412.36, 72, 0x0000000000000004
2026/09/30 14:35:12.782, 1290, 1215, 405.90, 73, 0x0000000000000004
2026/09/30 14:35:13.032, 1275, 1215, 415.60, 72, 0x0000000000000004
2026/09/30 14:35:13.282, 1290, 1215, 395.27, 73, 0x0000000000000004
2026/09/30 14:35:13.532, 1290, 1215, 370.83, 73, 0x0000000000000004
2026/09/30 14:35:13.782, 1290, 1215, 385.85, 72, 0x0000000000000004
2026/09/30 14:35:14.032, 1290, 1215, 322.22, 72, 0x0000000000000004
2026/09/30 14:35:14.282, 1290, 1215, 410.74, 72, 0x0000000000000004
2026/09/30 14:35:14.533, 1275, 1215, 414.02, 73, 0x0000000000000004
2026/09/30 14:35:14.783, 1275, 1215, 407.84, 72, 0x0000000000000004
2026/09/30 14:35:15.033, 1305, 1215, 386.05, 73, 0x0000000000000004
2026/09/30 14:35:15.283, 1290, 1215, 371.65, 73, 0x0000000000000004
2026/09/30 14:35:15.533, 1290, 1215, 409.31, 73, 0x0000000000000004
2026/09/30 14:35:15.783, 1290, 1215, 418.13, 73, 0x0000000000000004
2026/09/30 14:35:16.033, 1290, 1215, 401.33, 73, 0x0000000000000004
2026/09/30 14:35:16.284, 1290, 1215, 408.99, 73, 0x0000000000000004
2026/09/30 14:35:16.534, 1275, 1215, 408.29, 73, 0x0000000000000004
2026/09/30 14:35:16.784, 1290, 1215, 386.93, 73, 0x0000000000000004
2026/09/30 14:35:17.034, 1275, 1215, 388.13, 73, 0x0000000000000004
2026/09/30 14:35:17.284, 1320, 1215, 420.33, 73, 0x0000000000000004
2026/09/30 14:35:17.534, 1305, 1215, 411.25, 73, 0x0000000000000004
2026/09/30 14:35:17.784, 1290, 1215, 400.91, 73, 0x0000000000000004
2026/09/30 14:35:18.035, 1290, 1215, 406.21, 73, 0x0000000000000004
2026/09/30 14:35:18.285, 1305, 1215, 380.74, 73, 0x0000000000000004
2026/09/30 14:35:18.535, 1290, 1215, 377.62, 73, 0x0000000000000004
2026/09/30 14:35:18.785, 1275, 1215, 397.02, 73, 0x0000000000000004
2026/09/30 14:35:19.035, 1290, 1215, 406.18, 73, 0x0000000000000004
2026/09/30 14:35:19.285, 1290, 1215, 406.96, 73, 0x0000000000000004
2026/09/30 14:35:19.535, 1305, 1215, 424.86, 73, 0x0000000000000004
2026/09/30 14:35:19.786, 1290, 1215, 392.71, 73, 0x0000000000000004
2026/09/30 14:35:20.036, 1290, 1215, 376.91, 73, 0x0000000000000004
2026/09/30 14:35:20.286, 1290, 1215, 377.24, 73, 0x0000000000000004
2026/09/30 14:35:20.536, 1290, 1215, 406.82, 73, 0x0000000000000004
2026/09/30 14:35:20.786, 1290, 1215, 411.34, 73, 0x0000000000000004
2026/09/30 14:35:21.036, 1350, 1215, 393.52, 72, 0x0000000000000004
2026/09/30 14:35:21.286, 1350, 1215, 395.07, 72, 0x0000000000000004
2026/09/30 14:35:21.537, 1365, 1215, 398.64, 72, 0x0000000000000004
2026/09/30 14:35:21.787, 1365, 1215, 401.74, 72, 0x0000000000000004
2026/09/30 14:35:22.037, 1350, 1215, 380.86, 72, 0x0000000000000004
2026/09/30 14:35:22.287, 1350, 1215, 406.59, 72, 0x0000000000000004
2026/09/30 14:35:22.537, 1365, 1215, 404.38, 72, 0x0000000000000004
2026/09/30 14:35:22.787, 1350, 1215, 401.13, 72, 0x0000000000000004
2026/09/30 14:35:23.037, 1365, 1215, 415.58, 73, 0x0000000000000004
2026/09/30 14:35:23.288, 1335, 1215, 403.08, 72, 0x0000000000000004
2026/09/30 14:35:23.538, 1350, 1215, 400.39, 73, 0x0000000000000004
2026/09/30 14:35:23.788, 1365, 1215, 387.99, 72, 0x0000000000000004
2026/09/30 14:35:24.038, 1350, 1215, 404.42, 73, 0x0000000000000004
2026/09/30 14:35:24.288, 1350, 1215, 411.49, 73, 0x0000000000000004
2026/09/30 14:35:24.538, 1380, 1215, 404.23, 73, 0x0000000000000004
2026/09/30 14:35:24.788, 1365, 1215, 382.52, 72, 0x0000000000000004
2026/09/30 14:35:25.038, 1335, 1215, 404.51, 73, 0x0000000000000004
2026/09/30 14:35:25.289, 1305, 1215, 392.72, 73, 0x0000000000000004
2026/09/30 14:35:25.539, 1305, 1215, 401.00, 73, 0x0000000000000004
2026/09/30 14:35:25.789, 1320, 1215, 398.04, 73, 0x0000000000000004
2026/09/30 14:35:26.039, 1335, 1215, 406.45, 74, 0x0000000000000004
2026/09/30 14:35:26.289, 1320, 1215, 376.21, 73, 0x0000000000000004
2026/09/30 14:35:26.539, 1320, 1215, 396.48, 73, 0x0000000000000004
2026/09/30 14:35:26.789, 1320, 1215, 404.42, 73, 0x0000000000000004
2026/09/30 14:35:27.040, 1320, 1215, 411.31, 73, 0x0000000000000004
2026/09/30 14:35:27.290, 1320, 1215, 395.81, 73, 0x0000000000000004
2026/09/30 14:35:27.540, 1320, 1215, 390.48, 73, 0x0000000000000004
2026/09/30 14:35:27.790, 1305, 1215, 412.19, 73, 0x0000000000000004
2026/09/30 14:35:28.040, 1335, 1215, 334.69, 73, 0x0000000000000004
2026/09/30 14:35:28.290, 1335, 1215, 400.80, 74, 0x0000000000000004
2026/09/30 14:35:28.540, 1290, 1215, 387.85, 73, 0x0000000000000004
2026/09/30 14:35:28.790, 1290, 1215, 398.77, 73, 0x0000000000000004
2026/09/30 14:35:29.041, 1290, 1215, 394.52, 73, 0x0000000000000004
2026/09/30 14:35:29.291, 1290, 1215, 409.23, 73, 0x0000000000000004
2026/09/30 14:35:29.541, 1305, 1215, 397.57, 73, 0x0000000000000004
2026/09/30 14:35:29.791, 1305, 1215, 408.35, 73, 0x0000000000000004
2026/09/30 14:35:30.041, 1290, 1215, 382.73, 73, 0x0000000000000004
2026/09/30 14:35:30.291, 1305, 1215, 389.20, 74, 0x0000000000000004
2026/09/30 14:35:30.541, 1305, 1215, 409.23, 73, 0x0000000000000004
2026/09/30 14:35:30.792, 1305, 1215, 407.19, 73, 0x0000000000000004
2026/09/30 14:35:31.042, 1305, 1215, 402.89, 73, 0x0000000000000004
2026/09/30 14:35:31.292, 1290, 1215, 396.55, 73, 0x0000000000000004
2026/09/30 14:35:31.542, 1305, 1215, 396.01, 73, 0x0000000000000004
2026/09/30 14:35:31.792, 1305, 1215, 396.01, 74, 0x0000000000000004
2026/09/30 14:35:32.042, 1305, 1215, 410.44, 74, 0x0000000000000004
2026/09/30 14:35:32.292, 1320, 1215, 404.51, 74, 0x0000000000000004
2026/09/30 14:35:32.543, 1290, 1215, 393.79, 74, 0x0000000000000004
2026/09/30 14:35:32.793, 1305, 1215, 394.59, 73, 0x0000000000000004
2026/09/30 14:35:33.043, 1305, 1215, 403.35, 74, 0x0000000000000004
2026/09/30 14:35:33.293, 1305, 1215, 382.52, 73, 0x0000000000000004
2026/09/30 14:35:33.543, 1290, 1215, 394.05, 73, 0x0000000000000004
2026/09/30 14:35:33.793, 1305, 1215, 393.45, 73, 0x0000000000000004
2026/09/30 14:35:34.043, 1305, 1215, 416.63, 74, 0x0000000000000004
2026/09/30 14:35:34.293, 1305, 1215, 412.19, 74, 0x0000000000000004
2026/09/30 14:35:34.544, 1320, 1215, 392.44, 73, 0x0000000000000004
2026/09/30 14:35:34.794, 1305, 1215, 395.68, 74, 0x0000000000000004
2026/09/30 14:35:35.044, 1305, 1215, 402.07, 74, 0x0000000000000004
2026/09/30 14:35:35.294, 1290, 1215, 414.90, 74, 0x0000000000000004
2026/09/30 14:35:35.544, 1290, 1215, 377.24, 74, 0x0000000000000004
2026/09/30 14:35:35.794, 1290, 1215, 391.03, 74, 0x0000000000000004
2026/09/30 14:35:36.044, 1275, 1215, 402.72, 74, 0x0000000000000004
2026/09/30 14:35:36.295, 1290, 1215, 417.97, 74, 0x0000000000000004
2026/09/30 14:35:36.545, 1290, 1215, 409.44, 74, 0x0000000000000004
2026/09/30 14:35:36.795, 1275, 1215, 404.46, 74, 0x0000000000000004
2026/09/30 14:35:37.045, 1275, 1215, 375.05, 73, 0x0000000000000004
2026/09/30 14:35:37.295, 1305, 1215, 378.00, 74, 0x0000000000000004
2026/09/30 14:35:37.545, 1290, 1215, 388.61, 74, 0x0000000000000004
2026/09/30 14:35:37.795, 1275, 1215, 421.20, 74, 0x0000000000000004
2026/09/30 14:35:38.046, 1290, 1215, 415.19, 74, 0x0000000000000004
2026/09/30 14:35:38.296, 1290, 1215, 403.45, 74, 0x0000000000000004
2026/09/30 14:35:38.546, 1290, 1215, 404.00, 74, 0x0000000000000004
2026/09/30 14:35:38.796, 1260, 1215, 390.89, 74, 0x0000000000000004
2026/09/30 14:35:39.046, 1290, 1215, 380.37, 74, 0x0000000000000004
2026/09/30 14:35:39.296, 1275, 1215, 379.77, 74, 0x0000000000000004
2026/09/30 14:35:39.546, 1290, 1215, 420.14, 74, 0x0000000000000004
2026/09/30 14:35:39.796, 1290, 1215, 402.48, 74, 0x0000000000000004
2026/09/30 14:35:40.047, 1275, 1215, 419.71, 74, 0x0000000000000004
2026/09/30 14:35:40.297, 1275, 1215, 404.61, 74, 0x0000000000000004
2026/09/30 14:35:40.547, 1305, 1215, 394.26, 74, 0x0000000000000004
2026/09/30 14:35:40.797, 1290, 1215, 388.00, 74, 0x0000000000000004
2026/09/30 14:35:41.047, 1290, 1215, 401.19, 73, 0x0000000000000004
2026/09/30 14:35:41.297, 1290, 1215, 404.83, 74, 0x0000000000000004
2026/09/30 14:35:41.547, 1290, 1215, 414.27, 73, 0x0000000000000004
2026/09/30 14:35:41.798, 1275, 1215, 409.55, 74, 0x0000000000000004
2026/09/30 14:35:42.048, 1290, 1215, 409.83, 74, 0x0000000000000004
2026/09/30 14:35:42.298, 1275, 1215, 402.34, 74, 0x0000000000000004
2026/09/30 14:35:42.548, 1275, 1215, 382.01, 74, 0x0000000000000004
2026/09/30 14:35:42.799, 1305, 1215, 368.47, 73, 0x0000000000000004
2026/09/30 14:35:43.049, 1290, 1215, 419.16, 74, 0x0000000000000004
2026/09/30 14:35:43.299, 1275, 1215, 432.10, 74, 0x0000000000000004
2026/09/30 14:35:43.549, 1290, 1215, 416.48, 74, 0x0000000000000004
2026/09/30 14:35:43.799, 1290, 1215, 405.02, 74, 0x0000000000000004
2026/09/30 14:35:44.049, 1290, 1215, 369.68, 74, 0x0000000000000004
2026/09/30 14:35:44.300, 1275, 1215, 390.55, 74, 0x0000000000000004
2026/09/30 14:35:44.550, 1290, 1215, 397.02, 74, 0x0000000000000004
2026/09/30 14:35:44.800, 1290, 1215, 424.42, 74, 0x0000000000000004
2026/09/30 14:35:45.050, 1290, 1215, 405.15, 74, 0x0000000000000004
2026/09/30 14:35:45.300, 1290, 1215, 413.09, 74, 0x0000000000000004
2026/09/30 14:35:45.550, 1290, 1215, 367.82, 74, 0x0000000000000004
2026/09/30 14:35:45.801, 1290, 1215, 383.70, 73, 0x0000000000000004
2026/09/30 14:35:46.051, 1290, 1215, 386.33, 74, 0x0000000000000004
2026/09/30 14:35:46.301, 1290, 1215, 393.85, 74, 0x0000000000000004
2026/09/30 14:35:46.551, 1290, 1215, 409.17, 74, 0x0000000000000004
2026/09/30 14:35:46.801, 1290, 1215, 417.70, 74, 0x0000000000000004
2026/09/30 14:35:47.051, 1290, 1215, 378.60, 74, 0x0000000000000004
2026/09/30 14:35:47.302, 1275, 1215, 384.17, 74, 0x0000000000000004
2026/09/30 14:35:47.552, 1290, 1215, 392.71, 74, 0x0000000000000004
2026/09/30 14:35:47.802, 1275, 1215, 410.23, 74, 0x0000000000000004
2026/09/30 14:35:48.052, 1290, 1215, 407.87, 73, 0x0000000000000004
2026/09/30 14:35:48.302, 1290, 1215, 414.90, 74, 0x0000000000000004
2026/09/30 14:35:48.552, 1290, 1215, 384.09, 73, 0x0000000000000004
2026/09/30 14:35:48.803, 1305, 1215, 385.85, 74, 0x0000000000000004
2026/09/30 14:35:49.053, 1305, 1215, 404.61, 73, 0x0000000000000004
2026/09/30 14:35:49.304, 1305, 1215, 404.42, 72, 0x0000000000000004
2026/09/30 14:35:49.554, 1305, 1215, 401.93, 72, 0x0000000000000004
2026/09/30 14:35:49.804, 1320, 1215, 371.81, 71, 0x0000000000000004
2026/09/30 14:35:50.054, 1335, 1215, 348.58, 72, 0x0000000000000004
2026/09/30 14:35:50.304, 1305, 1215, 408.67, 72, 0x0000000000000004
2026/09/30 14:35:50.554, 1320, 1215, 404.05, 72, 0x0000000000000004
2026/09/30 14:35:50.805, 1320, 1215, 408.08, 73, 0x0000000000000004
2026/09/30 14:35:51.055, 1320, 1215, 396.07, 72, 0x0000000000000004
2026/09/30 14:35:51.305, 1320, 1215, 412.99, 72, 0x0000000000000004
2026/09/30 14:35:51.555, 1305, 1215, 408.08, 73, 0x0000000000000004
2026/09/30 14:35:51.805, 1305, 1215, 410.25, 73, 0x0000000000000004
2026/09/30 14:35:52.055, 1305, 1215, 398.04, 73, 0x0000000000000004
2026/09/30 14:35:52.305, 1305, 1215, 418.21, 72, 0x0000000000000004
2026/09/30 14:35:52.556, 1290, 1215, 405.11, 73, 0x0000000000000004
2026/09/30 14:35:52.806, 1305, 1215, 419.59, 73, 0x0000000000000004
2026/09/30 14:35:53.056, 1290, 1215, 371.10, 73, 0x0000000000000004
2026/09/30 14:35:53.306, 1290, 1215, 404.51, 73, 0x0000000000000004
2026/09/30 14:35:53.556, 1290, 1215, 386.64, 73, 0x0000000000000004
2026/09/30 14:35:53.806, 1305, 1215, 390.21, 73, 0x0000000000000004
2026/09/30 14:35:54.057, 1290, 1215, 409.09, 73, 0x0000000000000004
2026/09/30 14:35:54.307, 1305, 1215, 407.19, 73, 0x0000000000000004
2026/09/30 14:35:54.557, 1305, 1215, 394.93, 73, 0x0000000000000004
2026/09/30 14:35:54.807, 1290, 1215, 418.66, 73, 0x0000000000000004
2026/09/30 14:35:55.057, 1290, 1215, 404.83, 73, 0x0000000000000004
2026/09/30 14:35:55.307, 1305, 1215, 393.32, 73, 0x0000000000000004
2026/09/30 14:35:55.557, 1290, 1215, 399.52, 73, 0x0000000000000004
2026/09/30 14:35:55.808, 1290, 1215, 401.74, 73, 0x0000000000000004
2026/09/30 14:35:56.058, 1290, 1215, 404.70, 74, 0x0000000000000004
2026/09/30 14:35:56.308, 1290, 1215, 383.81, 74, 0x0000000000000004
2026/09/30 14:35:56.558, 1275, 1215, 390.28, 74, 0x0000000000000004
2026/09/30 14:35:56.808, 1290, 1215, 393.99, 74, 0x0000000000000004
2026/09/30 14:35:57.058, 1290, 1215, 384.57, 74, 0x0000000000000004
2026/09/30 14:35:57.309, 1290, 1215, 400.77, 73, 0x0000000000000004
2026/09/30 14:35:57.559, 1290, 1215, 405.49, 74, 0x0000000000000004
2026/09/30 14:35:57.809, 1290, 1215, 387.20, 74, 0x0000000000000004
2026/09/30 14:35:58.059, 1305, 1215, 401.93, 74, 0x0000000000000004
2026/09/30 14:35:58.309, 1290, 1215, 387.41, 74, 0x0000000000000004
2026/09/30 14:35:58.559, 1275, 1215, 377.39, 73, 0x0000000000000004
2026/09/30 14:35:58.810, 1290, 1215, 406.55, 74, 0x0000000000000004
2026/09/30 14:35:59.060, 1290, 1215, 397.00, 74, 0x0000000000000004
2026/09/30 14:35:59.310, 1305, 1215, 382.70, 74, 0x0000000000000004
2026/09/30 14:35:59.560, 1290, 1215, 404.32, 74, 0x0000000000000004
2026/09/30 14:35:59.810, 1290, 1215, 390.55, 74, 0x0000000000000004
2026/09/30 14:36:00.060, 1290, 1215, 405.15, 74, 0x0000000000000004
2026/09/30 14:36:00.311, 1290, 1215, 393.12, 74, 0x0000000000000004
2026/09/30 14:36:00.561, 1290, 1215, 390.28, 74, 0x0000000000000004
2026/09/30 14:36:00.811, 1290, 1215, 407.93, 74, 0x0000000000000004
2026/09/30 14:36:01.061, 1290, 1215, 391.56, 74, 0x0000000000000004
2026/09/30 14:36:01.311, 1290, 1215, 408.53, 74, 0x0000000000000004
2026/09/30 14:36:01.561, 1290, 1215, 387.32, 74, 0x0000000000000004
2026/09/30 14:36:01.811, 1290, 1215, 407.84, 74, 0x0000000000000004
2026/09/30 14:36:02.062, 1275, 1215, 403.67, 73, 0x0000000000000004
2026/09/30 14:36:02.312, 1275, 1215, 431.81, 74, 0x0000000000000004
2026/09/30 14:36:02.562, 1275, 1215, 409.59, 74, 0x0000000000000004
2026/09/30 14:36:02.812, 1290, 1215, 377.51, 74, 0x0000000000000004
2026/09/30 14:36:03.062, 1290, 1215, 366.72, 74, 0x0000000000000004
2026/09/30 14:36:03.312, 1275, 1215, 388.20, 74, 0x0000000000000004
2026/09/30 14:36:03.563, 1260, 1215, 406.32, 74, 0x0000000000000004
2026/09/30 14:36:03.813, 1275, 1215, 413.40, 74, 0x0000000000000004
2026/09/30 14:36:04.063, 1275, 1215, 423.71, 74, 0x0000000000000004
2026/09/30 14:36:04.313, 1260, 1215, 407.05, 74, 0x0000000000000004
2026/09/30 14:36:04.563, 1290, 1215, 405.11, 74, 0x0000000000000004
2026/09/30 14:36:04.813, 1275, 1215, 388.12, 73, 0x0000000000000004
2026/09/30 14:36:05.064, 1275, 1215, 380.77, 73, 0x0000000000000004
2026/09/30 14:36:05.314, 1275, 1215, 366.87, 74, 0x0000000000000004
2026/09/30 14:36:05.564, 1260, 1215, 384.76, 74, 0x0000000000000004
2026/09/30 14:36:05.814, 1290, 1215, 404.88, 74, 0x0000000000000004
2026/09/30 14:36:06.064, 1290, 1215, 405.02, 73, 0x0000000000000004
2026/09/30 14:36:06.314, 1275, 1215, 411.92, 74, 0x0000000000000004
2026/09/30 14:36:06.565, 1275, 1215, 424.59, 74, 0x0000000000000004
2026/09/30 14:36:06.815, 1275, 1215, 403.08, 74, 0x0000000000000004
2026/09/30 14:36:07.065, 1275, 1215, 383.42, 74, 0x0000000000000004
2026/09/30 14:36:07.315, 1275, 1215, 377.39, 74, 0x0000000000000004
2026/09/30 14:36:07.565, 1275, 1215, 370.45, 73, 0x0000000000000004
2026/09/30 14:36:07.815, 1290, 1215, 378.29, 74, 0x0000000000000004
2026/09/30 14:36:08.066, 1290, 1215, 375.05, 74, 0x0000000000000004
2026/09/30 14:36:08.316, 1290, 1215, 407.80, 74, 0x0000000000000004
2026/09/30 14:36:08.566, 1260, 1215, 413.70, 74, 0x0000000000000004
2026/09/30 14:36:08.816, 1305, 1215, 405.07, 73, 0x0000000000000004
2026/09/30 14:36:09.066, 1290, 1215, 411.92, 74, 0x0000000000000004
2026/09/30 14:36:09.316, 1290, 1215, 414.88, 74, 0x0000000000000004
2026/09/30 14:36:09.567, 1290, 1215, 396.28, 74, 0x0000000000000004
2026/09/30 14:36:09.817, 1290, 1215, 396.01, 74, 0x0000000000000004
2026/09/30 14:36:10.067, 1275, 1215, 387.05, 74, 0x0000000000000004
2026/09/30 14:36:10.317, 1275, 1215, 380.86, 74, 0x0000000000000004
2026/09/30 14:36:10.567, 1245, 1215, 359.05, 73, 0x0000000000000004
2026/09/30 14:36:10.817, 1290, 1215, 383.81, 74, 0x0000000000000004
2026/09/30 14:36:11.068, 1290, 1215, 382.22, 74, 0x0000000000000004
2026/09/30 14:36:11.318, 1290, 1215, 401.65, 74, 0x0000000000000004
2026/09/30 14:36:11.568, 1290, 1215, 432.96, 74, 0x0000000000000004
2026/09/30 14:36:11.818, 1275, 1215, 410.31, 74, 0x0000000000000004
2026/09/30 14:36:12.068, 1275, 1215, 408.39, 74, 0x0000000000000004
2026/09/30 14:36:12.318, 1290, 1215, 410.31, 74, 0x0000000000000004
2026/09/30 14:36:12.569, 1290, 1215, 404.19, 74, 0x0000000000000004
2026/09/30 14:36:12.819, 1335, 1215, 383.58, 73, 0x0000000000000004
2026/09/30 14:36:13.069, 1290, 1215, 383.02, 74, 0x0000000000000004
2026/09/30 14:36:13.319, 1290, 1215, 376.52, 73, 0x0000000000000004
2026/09/30 14:36:13.569, 1275, 1215, 376.52, 73, 0x0000000000000004
2026/09/30 14:36:13.819, 1290, 1215, 384.45, 74, 0x0000000000000004
2026/09/30 14:36:14.070, 1290, 1215, 406.67, 74, 0x0000000000000004
2026/09/30 14:36:14.320, 1290, 1215, 409.77, 74, 0x0000000000000004
2026/09/30 14:36:14.570, 1290, 1215, 403.78, 74, 0x0000000000000004
2026/09/30 14:36:14.820, 1290, 1215, 409.62, 73, 0x0000000000000004
2026/09/30 14:36:15.070, 1275, 1215, 390.55, 73, 0x0000000000000004
2026/09/30 14:36:15.320, 1290, 1215, 405.15, 74, 0x0000000000000004
2026/09/30 14:36:15.571, 1305, 1215, 401.65, 73, 0x0000000000000004
2026/09/30 14:36:15.821, 1320, 1215, 360.29, 72, 0x0000000000000004
2026/09/30 14:36:16.071, 1305, 1215, 387.92, 72, 0x0000000000000004
2026/09/30 14:36:16.321, 1305, 1215, 407.66, 72, 0x0000000000000004
2026/09/30 14:36:16.571, 1320, 1215, 413.84, 72, 0x0000000000000004
2026/09/30 14:36:16.821, 1305, 1215, 397.02, 72, 0x0000000000000004
2026/09/30 14:36:17.072, 1320, 1215, 398.83, 73, 0x0000000000000004
2026/09/30 14:36:17.322, 1290, 1215, 389.01, 73, 0x0000000000000004
2026/09/30 14:36:17.572, 1320, 1215, 419.00, 73, 0x0000000000000004
2026/09/30 14:36:17.822, 1305, 1215, 394.26, 73, 0x0000000000000004
2026/09/30 14:36:18.072, 1335, 1215, 388.40, 73, 0x0000000000000004
2026/09/30 14:36:18.322, 1320, 1215, 407.38, 73, 0x0000000000000004
2026/09/30 14:36:18.573, 1305, 1215, 395.68, 73, 0x0000000000000004
2026/09/30 14:36:18.823, 1320, 1215, 340.29, 72, 0x0000000000000004
2026/09/30 14:36:19.073, 1305, 1215, 399.24, 73, 0x0000000000000004
2026/09/30 14:36:19.323, 1305, 1215, 398.91, 73, 0x0000000000000004
2026/09/30 14:36:19.573, 1305, 1215, 380.37, 73, 0x0000000000000004
2026/09/30 14:36:19.824, 1305, 1215, 396.48, 73, 0x0000000000000004
2026/09/30 14:36:20.074, 1290, 1215, 376.21, 73, 0x0000000000000004
2026/09/30 14:36:20.324, 1305, 1215, 405.02, 73, 0x0000000000000004
2026/09/30 14:36:20.574, 1290, 1215, 397.96, 73, 0x0000000000000004
2026/09/30 14:36:20.824, 1335, 1215, 398.23, 73, 0x0000000000000004
2026/09/30 14:36:21.074, 1290, 1215, 375.54, 73, 0x0000000000000004
2026/09/30 14:36:21.325, 1305, 1215, 397.96, 73, 0x0000000000000004
2026/09/30 14:36:21.575, 1290, 1215, 417.52, 73, 0x0000000000000004
2026/09/30 14:36:21.825, 1320, 1215, 398.97, 72, 0x0000000000000004
2026/09/30 14:36:22.075, 1305, 1215, 388.40, 73, 0x0000000000000004
2026/09/30 14:36:22.325, 1290, 1215, 407.84, 74, 0x0000000000000004
2026/09/30 14:36:22.576, 1290, 1215, 398.89, 74, 0x0000000000000004
2026/09/30 14:36:22.826, 1290, 1215, 387.41, 74, 0x0000000000000004
2026/09/30 14:36:23.076, 1290, 1215, 405.94, 74, 0x0000000000000004
2026/09/30 14:36:23.326, 1290, 1215, 401.51, 74, 0x0000000000000004
2026/09/30 14:36:23.576, 1290, 1215, 390.63, 74, 0x0000000000000004
2026/09/30 14:36:23.826, 1290, 1215, 411.52, 74, 0x0000000000000004
2026/09/30 14:36:24.077, 1290, 1215, 399.07, 74, 0x0000000000000004
2026/09/30 14:36:24.327, 1290, 1215, 407.27, 74, 0x0000000000000004
2026/09/30 14:36:24.577, 1290, 1215, 399.95, 74, 0x0000000000000004
2026/09/30 14:36:24.827, 1290, 1215, 396.40, 74, 0x0000000000000004
2026/09/30 14:36:25.077, 1305, 1215, 401.65, 74, 0x0000000000000004
2026/09/30 14:36:25.327, 1290, 1215, 407.24, 74, 0x0000000000000004
2026/09/30 14:36:25.578, 1290, 1215, 386.44, 74, 0x0000000000000004
2026/09/30 14:36:25.828, 1290, 1215, 405.76, 74, 0x0000000000000004
2026/09/30 14:36:26.078, 1290, 1215, 406.96, 74, 0x0000000000000004
2026/09/30 14:36:26.328, 1290, 1215, 402.80, 74, 0x0000000000000004
2026/09/30 14:36:26.578, 1290, 1215, 409.31, 74, 0x0000000000000004
2026/09/30 14:36:26.828, 1290, 1215, 406.18, 74, 0x0000000000000004
2026/09/30 14:36:27.079, 1290, 1215, 409.14, 74, 0x0000000000000004
2026/09/30 14:36:27.329, 1290, 1215, 376.53, 73, 0x0000000000000004
2026/09/30 14:36:27.579, 1275, 1215, 402.75, 74, 0x0000000000000004
2026/09/30 14:36:27.829, 1290, 1215, 383.28, 74, 0x0000000000000004
2026/09/30 14:36:28.079, 1275, 1215, 412.19, 74, 0x0000000000000004
2026/09/30 14:36:28.329, 1290, 1215, 382.40, 74, 0x0000000000000004
2026/09/30 14:36:28.580, 1305, 1215, 387.92, 73, 0x0000000000000004
2026/09/30 14:36:28.830, 1275, 1215, 402.34, 74, 0x0000000000000004
2026/09/30 14:36:29.080, 1290, 1215, 395.87, 74, 0x0000000000000004
2026/09/30 14:36:29.330, 1290, 1215, 415.18, 74, 0x0000000000000004
2026/09/30 14:36:29.580, 1305, 1215, 409.77, 74, 0x0000000000000004
2026/09/30 14:36:29.830, 1275, 1215, 391.29, 74, 0x0000000000000004
2026/09/30 14:36:30.081, 1260, 1215, 386.03, 74, 0x0000000000000004
2026/09/30 14:36:30.331, 1275, 1215, 383.40, 74, 0x0000000000000004
2026/09/30 14:36:30.581, 1275, 1215, 376.81, 74, 0x0000000000000004
2026/09/30 14:36:30.831, 1290, 1215, 387.12, 74, 0x0000000000000004
2026/09/30 14:36:31.081, 1275, 1215, 406.18, 74, 0x0000000000000004
2026/09/30 14:36:31.331, 1275, 1215, 408.53, 74, 0x0000000000000004
2026/09/30 14:36:31.582, 1275, 1215, 399.38, 74, 0x0000000000000004
2026/09/30 14:36:31.832, 1275, 1215, 423.88, 74, 0x0000000000000004
2026/09/30 14:36:32.082, 1275, 1215, 405.44, 74, 0x0000000000000004
2026/09/30 14:36:32.332, 1260, 1215, 389.95, 74, 0x0000000000000004
2026/09/30 14:36:32.582, 1305, 1215, 389.48, 73, 0x0000000000000004
2026/09/30 14:36:32.833, 1275, 1215, 390.89, 74, 0x0000000000000004
2026/09/30 14:36:33.083, 1275, 1215, 366.39, 74, 0x0000000000000004
2026/09/30 14:36:33.333, 1275, 1215, 385.63, 74, 0x0000000000000004
2026/09/30 14:36:33.583, 1275, 1215, 407.61, 74, 0x0000000000000004
2026/09/30 14:36:33.833, 1290, 1215, 403.49, 73, 0x0000000000000004
2026/09/30 14:36:34.083, 1290, 1215, 410.29, 74, 0x0000000000000004
2026/09/30 14:36:34.333, 1275, 1215, 404.28, 74, 0x0000000000000004
2026/09/30 14:36:34.584, 1275, 1215, 418.38, 74, 0x0000000000000004
2026/09/30 14:36:34.834, 1275, 1215, 394.05, 74, 0x0000000000000004
2026/09/30 14:36:35.084, 1260, 1215, 379.88, 73, 0x0000000000000004
2026/09/30 14:36:35.334, 1260, 1215, 378.67, 74, 0x0000000000000004
2026/09/30 14:36:35.584, 1260, 1215, 370.06, 74, 0x0000000000000004
2026/09/30 14:36:35.834, 1275, 1215, 384.97, 74, 0x0000000000000004
2026/09/30 14:36:36.085, 1275, 1215, 410.61, 74, 0x0000000000000004
2026/09/30 14:36:36.335, 1275, 1215, 404.00, 74, 0x0000000000000004
2026/09/30 14:36:36.585, 1290, 1215, 398.29, 73, 0x0000000000000004
2026/09/30 14:36:36.835, 1275, 1215, 415.88, 74, 0x0000000000000004
2026/09/30 14:36:37.085, 1260, 1215, 410.61, 74, 0x0000000000000004
2026/09/30 14:36:37.335, 1275, 1215, 409.83, 74, 0x0000000000000004
2026/09/30 14:36:37.586, 1290, 1215, 398.91, 74, 0x0000000000000004
2026/09/30 14:36:37.836, 1275, 1215, 374.17, 74, 0x0000000000000004
2026/09/30 14:36:38.086, 1275, 1215, 383.88, 74, 0x0000000000000004
2026/09/30 14:36:38.336, 1275, 1215, 381.52, 74, 0x0000000000000004
2026/09/30 14:36:38.586, 1260, 1215, 386.57, 74, 0x0000000000000004
2026/09/30 14:36:38.836, 1275, 1215, 406.36, 74, 0x0000000000000004
2026/09/30 14:36:39.087, 1290, 1215, 405.30, 73, 0x0000000000000004
2026/09/30 14:36:39.337, 1275, 1215, 384.09, 73, 0x0000000000000004
2026/09/30 14:36:39.587, 1275, 1215, 426.94, 74, 0x0000000000000004
2026/09/30 14:36:39.837, 1290, 1215, 416.82, 74, 0x0000000000000004
2026/09/30 14:36:40.087, 1275, 1215, 397.82, 74, 0x0000000000000004
2026/09/30 14:36:40.337, 1275, 1215, 385.45, 74, 0x0000000000000004
2026/09/30 14:36:40.588, 1275, 1215, 427.98, 74, 0x0000000000000004
2026/09/30 14:36:40.838, 1275, 1215, 369.19, 74, 0x0000000000000004
2026/09/30 14:36:41.088, 1290, 1215, 385.38, 74, 0x0000000000000004
2026/09/30 14:36:41.338, 1290, 1215, 388.28, 74, 0x0000000000000004
2026/09/30 14:36:41.588, 1275, 1215, 398.15, 74, 0x0000000000000004
2026/09/30 14:36:41.838, 1305, 1215, 405.61, 74, 0x0000000000000004
2026/09/30 14:36:42.089, 1350, 1215, 386.26, 73, 0x0000000000000004
2026/09/30 14:36:42.339, 1350, 1215, 410.74, 73, 0x0000000000000004
2026/09/30 14:36:42.589, 1350, 1215, 397.35, 73, 0x0000000000000004
2026/09/30 14:36:42.839, 1350, 1215, 411.58, 73, 0x0000000000000004
2026/09/30 14:36:43.089, 1350, 1215, 404.23, 73, 0x0000000000000004
2026/09/30 14:36:43.339, 1365, 1215, 399.98, 73, 0x0000000000000004
2026/09/30 14:36:43.590, 1365, 1215, 326.12, 73, 0x0000000000000004
2026/09/30 14:36:43.840, 1350, 1215, 402.34, 74, 0x0000000000000004
2026/09/30 14:36:44.090, 1335, 1215, 390.28, 73, 0x0000000000000004
2026/09/30 14:36:44.340, 1350, 1215, 384.09, 73, 0x0000000000000004
2026/09/30 14:36:44.590, 1350, 1215, 388.32, 73, 0x0000000000000004
2026/09/30 14:36:44.840, 1350, 1215, 391.97, 73, 0x0000000000000004
2026/09/30 14:36:45.091, 1350, 1215, 409.65, 74, 0x0000000000000004
2026/09/30 14:36:45.341, 1365, 1215, 404.38, 73, 0x0000000000000004
2026/09/30 14:36:45.591, 1365, 1215, 385.36, 73, 0x0000000000000004
2026/09/30 14:36:45.841, 1305, 1215, 395.07, 74, 0x0000000000000004
2026/09/30 14:36:46.091, 1320, 1215, 401.00, 74, 0x0000000000000004
2026/09/30 14:36:46.342, 1335, 1215, 391.56, 74, 0x0000000000000004
2026/09/30 14:36:46.592, 1320, 1215, 397.02, 74, 0x0000000000000004
2026/09/30 14:36:46.842, 1320, 1215, 411.16, 74, 0x0000000000000004
2026/09/30 14:36:47.092, 1320, 1215, 401.87, 74, 0x0000000000000004
2026/09/30 14:36:47.342, 1305, 1215, 387.32, 74, 0x0000000000000004
2026/09/30 14:36:47.592, 1350, 1215, 409.55, 74, 0x0000000000000004
2026/09/30 14:36:47.843, 1320, 1215, 398.83, 74, 0x0000000000000004
2026/09/30 14:36:48.093, 1305, 1215, 389.08, 74, 0x0000000000000004
2026/09/30 14:36:48.343, 1320, 1215, 427.55, 74, 0x0000000000000004
2026/09/30 14:36:48.593, 1320, 1215, 395.60, 74, 0x0000000000000004
2026/09/30 14:36:48.843, 1320, 1215, 398.04, 74, 0x0000000000000004
2026/09/30 14:36:49.093, 1335, 1215, 383.67, 74, 0x0000000000000004
2026/09/30 14:36:49.345, 1320, 1215, 406.87, 74, 0x0000000000000004
2026/09/30 14:36:49.595, 1305, 1215, 394.52, 74, 0x0000000000000004
2026/09/30 14:36:49.845, 1305, 1215, 395.81, 74, 0x0000000000000004
2026/09/30 14:36:50.095, 1290, 1215, 384.27, 74, 0x0000000000000004
2026/09/30 14:36:50.345, 1305, 1215, 410.44, 74, 0x0000000000000004
2026/09/30 14:36:50.596, 1290, 1215, 391.56, 74, 0x0000000000000004
2026/09/30 14:36:50.846, 1305, 1215, 401.19, 74, 0x0000000000000004
2026/09/30 14:36:51.096, 1290, 1215, 373.79, 74, 0x0000000000000004
2026/09/30 14:36:51.346, 1290, 1215, 394.39, 74, 0x0000000000000004
2026/09/30 14:36:51.596, 1290, 1215, 406.18, 74, 0x0000000000000004
2026/09/30 14:36:51.846, 1290, 1215, 401.65, 74, 0x0000000000000004
2026/09/30 14:36:52.097, 1290, 1215, 394.86, 74, 0x0000000000000004
2026/09/30 14:36:52.347, 1290, 1215, 383.42, 74, 0x0000000000000004
2026/09/30 14:36:52.597, 1290, 1215, 397.68, 74, 0x0000000000000004
2026/09/30 14:36:52.847, 1305, 1215, 402.72, 74, 0x0000000000000004
2026/09/30 14:36:53.097, 1290, 1215, 378.60, 74, 0x0000000000000004
2026/09/30 14:36:53.347, 1290, 1215, 384.78, 74, 0x0000000000000004
2026/09/30 14:36:53.598, 1290, 1215, 364.11, 74, 0x0000000000000004
2026/09/30 14:36:53.848, 1290, 1215, 407.55, 74, 0x0000000000000004
2026/09/30 14:36:54.098, 1305, 1215, 404.65, 74, 0x0000000000000004
2026/09/30 14:36:54.348, 1290, 1215, 387.20, 74, 0x0000000000000004
2026/09/30 14:36:54.598, 1305, 1215, 403.36, 74, 0x0000000000000004
2026/09/30 14:36:54.848, 1350, 1215, 393.04, 74, 0x0000000000000004
2026/09/30 14:36:55.099, 1290, 1215, 378.42, 74, 0x0000000000000004
2026/09/30 14:36:55.349, 1305, 1215, 389.28, 74, 0x0000000000000004
2026/09/30 14:36:55.599, 1350, 1215, 419.61, 74, 0x0000000000000004
2026/09/30 14:36:55.849, 1305, 1215, 395.19, 74, 0x0000000000000004
2026/09/30 14:36:56.099, 1305, 1215, 391.43, 74, 0x0000000000000004
2026/09/30 14:36:56.349, 1290, 1215, 401.93, 74, 0x0000000000000004
2026/09/30 14:36:56.599, 1290, 1215, 380.74, 74, 0x0000000000000004
2026/09/30 14:36:56.850, 1290, 1215, 377.90, 74, 0x0000000000000004
2026/09/30 14:36:57.100, 1305, 1215, 375.33, 74, 0x0000000000000004
2026/09/30 14:36:57.350, 1290, 1215, 406.59, 74, 0x0000000000000004
2026/09/30 14:36:57.600, 1275, 1215, 432.81, 74, 0x0000000000000004
2026/09/30 14:36:57.850, 1290, 1215, 399.52, 74, 0x0000000000000004
2026/09/30 14:36:58.100, 1275, 1215, 394.66, 74, 0x0000000000000004
2026/09/30 14:36:58.351, 1290, 1215, 386.44, 74, 0x0000000000000004
2026/09/30 14:36:58.601, 1290, 1215, 377.69, 74, 0x0000000000000004
2026/09/30 14:36:58.851, 1290, 1215, 408.77, 74, 0x0000000000000004
2026/09/30 14:36:59.101, 1275, 1215, 416.63, 74, 0x0000000000000004
2026/09/30 14:36:59.351, 1305, 1215, 411.46, 74, 0x0000000000000004
2026/09/30 14:36:59.601, 1290, 1215, 401.00, 74, 0x0000000000000004
2026/09/30 14:36:59.852, 1290, 1215, 388.20, 74, 0x0000000000000004
2026/09/30 14:37:00.102, 1290, 1215, 374.67, 74, 0x0000000000000004
2026/09/30 14:37:00.352, 1290, 1215, 367.70, 74, 0x0000000000000004
2026/09/30 14:37:00.602, 1275, 1215, 406.63, 74, 0x0000000000000004
2026/09/30 14:37:00.852, 1290, 1215, 426.07, 74, 0x0000000000000004
2026/09/30 14:37:01.102, 1290, 1215, 397.55, 74, 0x0000000000000004
2026/09/30 14:37:01.353, 1275, 1215, 405.49, 74, 0x0000000000000004
2026/09/30 14:37:01.603, 1275, 1215, 402.25, 74, 0x0000000000000004
2026/09/30 14:37:01.853, 1305, 1215, 378.71, 74, 0x0000000000000004
2026/09/30 14:37:02.103, 1275, 1215, 381.83, 74, 0x0000000000000004
2026/09/30 14:37:02.353, 1290, 1215, 398.56, 74, 0x0000000000000004
2026/09/30 14:37:02.603, 1275, 1215, 412.39, 74, 0x0000000000000004
2026/09/30 14:37:02.853, 1305, 1215, 424.32, 74, 0x0000000000000004
2026/09/30 14:37:03.104, 1290, 1215, 391.83, 73, 0x0000000000000004
2026/09/30 14:37:03.354, 1275, 1215, 401.10, 74, 0x0000000000000004
2026/09/30 14:37:03.604, 1290, 1215, 373.29, 74, 0x0000000000000004
2026/09/30 14:37:03.854, 1275, 1215, 383.51, 74, 0x0000000000000004
2026/09/30 14:37:04.104, 1290, 1215, 388.48, 74, 0x0000000000000004
2026/09/30 14:37:04.355, 1275, 1215, 406.40, 74, 0x0000000000000004
2026/09/30 14:37:04.605, 1275, 1215, 414.49, 74, 0x0000000000000004
2026/09/30 14:37:04.855, 1275, 1215, 411.82, 74, 0x0000000000000004
2026/09/30 14:37:05.105, 1305, 1215, 404.51, 74, 0x0000000000000004
2026/09/30 14:37:05.355, 1275, 1215, 369.30, 73, 0x0000000000000004
2026/09/30 14:37:05.605, 1275, 1215, 380.74, 74, 0x0000000000000004
2026/09/30 14:37:05.855, 1320, 1215, 386.17, 73, 0x0000000000000004
2026/09/30 14:37:06.106, 1290, 1215, 411.16, 74, 0x0000000000000004
2026/09/30 14:37:06.356, 1290, 1215, 404.09, 74, 0x0000000000000004
2026/09/30 14:37:06.606, 1290, 1215, 408.26, 74, 0x0000000000000004
2026/09/30 14:37:06.856, 1290, 1215, 409.73, 74, 0x0000000000000004
2026/09/30 14:37:07.106, 1290, 1215, 387.05, 74, 0x0000000000000004
2026/09/30 14:37:07.356, 1290, 1215, 381.73, 74, 0x0000000000000004
2026/09/30 14:37:07.607, 1290, 1215, 419.61, 74, 0x0000000000000004
2026/09/30 14:37:07.857, 1275, 1215, 415.45, 74, 0x0000000000000004
2026/09/30 14:37:08.107, 1290, 1215, 405.49, 74, 0x0000000000000004
2026/09/30 14:37:08.357, 1305, 1215, 405.34, 74, 0x0000000000000004
2026/09/30 14:37:08.607, 1290, 1215, 415.35, 74, 0x0000000000000004
2026/09/30 14:37:08.857, 1290, 1215, 389.01, 73, 0x0000000000000004
2026/09/30 14:37:09.108, 1305, 1215, 383.81, 74, 0x0000000000000004
2026/09/30 14:37:09.358, 1290, 1215, 409.59, 74, 0x0000000000000004
2026/09/30 14:37:09.608, 1290, 1215, 401.93, 74, 0x0000000000000004
2026/09/30 14:37:09.858, 1290, 1215, 408.71, 74, 0x0000000000000004
2026/09/30 14:37:10.108, 1395, 1215, 119.97, 66, 0x0000000000000004
2026/09/30 14:37:10.358, 1410, 1215, 117.94, 62, 0x0000000000000000
2026/09/30 14:37:10.608, 1410, 1215, 116.46, 60, 0x0000000000000000
2026/09/30 14:37:10.858, 1410, 1215, 119.97, 59, 0x0000000000000000
2026/09/30 14:37:11.109, 1410, 1215, 124.29, 59, 0x0000000000000000
2026/09/30 14:37:11.365, 1410, 1215, 118.36, 58, 0x0000000000000000
2026/09/30 14:37:11.618, 1410, 1215, 117.70, 58, 0x0000000000000000
2026/09/30 14:37:11.868, 1410, 1215, 113.77, 58, 0x0000000000000000
2026/09/30 14:37:12.118, 1410, 1215, 113.50, 57, 0x0000000000000001
2026/09/30 14:37:12.368, 1410, 1215, 113.34, 57, 0x0000000000000001
2026/09/30 14:37:12.618, 1410, 1215, 113.12, 57, 0x0000000000000001
2026/09/30 14:37:12.868, 1410, 1215, 116.10, 57, 0x0000000000000000
2026/09/30 14:37:13.119, 1410, 1215, 112.73, 56, 0x0000000000000000
2026/09/30 14:37:13.369, 1410, 1215, 112.73, 56, 0x0000000000000000
2026/09/30 14:37:13.619, 1095, 1215, 90.00, 55, 0x0000000000000000
2026/09/30 14:37:13.869, 1410, 1215, 94.80, 56, 0x0000000000000000
2026/09/30 14:37:14.119, 1410, 1215, 111.30, 56, 0x0000000000000000
2026/09/30 14:37:14.369, 1410, 1215, 111.18, 55, 0x0000000000000000
2026/09/30 14:37:14.619, 1410, 1215, 110.98, 55, 0x0000000000000000
2026/09/30 14:37:14.870, 1410, 1215, 110.98, 55, 0x0000000000000000
2026/09/30 14:37:15.120, 1410, 1215, 110.76, 55, 0x0000000000000000
2026/09/30 14:37:15.370, 1410, 1215, 110.76, 55, 0x0000000000000000
2026/09/30 14:37:15.620, 1410, 1215, 110.48, 55, 0x0000000000000000
2026/09/30 14:37:15.870, 1095, 1215, 86.76, 54, 0x0000000000000000
2026/09/30 14:37:16.120, 1095, 1215, 86.67, 54, 0x0000000000000000
2026/09/30 14:37:16.371, 1095, 1215, 86.85, 53, 0x0000000000000000
2026/09/30 14:37:16.621, 1095, 1215, 275.66, 59, 0x0000000000000000
2026/09/30 14:37:16.871, 1275, 1215, 407.89, 64, 0x0000000000000004
2026/09/30 14:37:17.121, 1395, 1215, 114.33, 62, 0x0000000000000004
2026/09/30 14:37:17.371, 1275, 1215, 417.06, 67, 0x0000000000000004
2026/09/30 14:37:17.621, 1290, 1215, 419.42, 67, 0x0000000000000004
2026/09/30 14:37:17.872, 1260, 1215, 379.88, 68, 0x0000000000000004
2026/09/30 14:37:18.122, 1215, 1215, 388.72, 68, 0x0000000000000004
2026/09/30 14:37:18.372, 1230, 1215, 403.35, 69, 0x0000000000000004
2026/09/30 14:37:18.622, 1260, 1215, 380.65, 69, 0x0000000000000004
2026/09/30 14:37:18.872, 1395, 1215, 316.95, 69, 0x0000000000000004
2026/09/30 14:37:19.122, 1230, 1215, 397.22, 70, 0x0000000000000004
2026/09/30 14:37:19.373, 1215, 1215, 403.87, 71, 0x0000000000000004
2026/09/30 14:37:19.623, 1245, 1215, 389.48, 70, 0x0000000000000004
2026/09/30 14:37:19.873, 1245, 1215, 393.64, 70, 0x0000000000000004
2026/09/30 14:37:20.123, 1215, 1215, 393.64, 70, 0x0000000000000004
2026/09/30 14:37:20.373, 1230, 1215, 405.53, 71, 0x0000000000000004
2026/09/30 14:37:20.623, 1230, 1215, 403.49, 71, 0x0000000000000004
2026/09/30 14:37:20.873, 1290, 1215, 303.39, 69, 0x0000000000000004
2026/09/30 14:37:21.124, 1200, 1215, 442.72, 71, 0x0000000000000004
2026/09/30 14:37:21.374, 1230, 1215, 403.67, 71, 0x0000000000000004
2026/09/30 14:37:21.624, 1230, 1215, 404.46, 71, 0x0000000000000004
2026/09/30 14:37:21.874, 1155, 1215, 369.09, 71, 0x0000000000000004
2026/09/30 14:37:22.124, 1200, 1215, 393.18, 71, 0x0000000000000004
2026/09/30 14:37:22.374, 1230, 1215, 414.75, 71, 0x0000000000000004
2026/09/30 14:37:22.625, 1215, 1215, 411.94, 72, 0x0000000000000004
2026/09/30 14:37:22.875, 1215, 1215, 385.85, 71, 0x0000000000000004
2026/09/30 14:37:23.125, 1200, 1215, 401.87, 71, 0x0000000000000004
2026/09/30 14:37:23.375, 1215, 1215, 392.84, 71, 0x0000000000000004
2026/09/30 14:37:23.625, 1230, 1215, 415.30, 72, 0x0000000000000004
2026/09/30 14:37:23.875, 1215, 1215, 411.46, 71, 0x0000000000000004
2026/09/30 14:37:24.125, 1215, 1215, 395.81, 71, 0x0000000000000004
2026/09/30 14:37:24.376, 1215, 1215, 392.57, 71, 0x0000000000000004
2026/09/30 14:37:24.626, 1245, 1215, 397.57, 72, 0x0000000000000004
2026/09/30 14:37:24.876, 1215, 1215, 395.81, 72, 0x0000000000000004
2026/09/30 14:37:25.126, 1410, 1215, 336.17, 71, 0x0000000000000000
2026/09/30 14:37:25.376, 1410, 1215, 121.55, 61, 0x0000000000000000
2026/09/30 14:37:25.626, 1410, 1215, 116.97, 59, 0x0000000000000000
2026/09/30 14:37:25.876, 1410, 1215, 116.37, 58, 0x0000000000000000
2026/09/30 14:37:26.127, 1410, 1215, 112.85, 57, 0x0000000000000000
2026/09/30 14:37:26.377, 1410, 1215, 114.94, 56, 0x0000000000000000
2026/09/30 14:37:26.627, 1410, 1215, 111.37, 56, 0x0000000000000000
2026/09/30 14:37:26.877, 1410, 1215, 110.76, 56, 0x0000000000000000
2026/09/30 14:37:27.127, 1410, 1215, 110.48, 55, 0x0000000000000000
2026/09/30 14:37:27.377, 1410, 1215, 110.04, 55, 0x0000000000000000
2026/09/30 14:37:27.628, 1410, 1215, 109.88, 55, 0x0000000000000000
2026/09/30 14:37:27.878, 1410, 1215, 113.57, 55, 0x0000000000000000
2026/09/30 14:37:28.128, 1410, 1215, 110.60, 55, 0x0000000000000000
2026/09/30 14:37:28.378, 1095, 1215, 86.94, 54, 0x0000000000000000
2026/09/30 14:37:28.628, 1095, 1215, 93.34, 53, 0x0000000000000000
2026/09/30 14:37:28.878, 1410, 1215, 148.73, 55, 0x0000000000000000
2026/09/30 14:37:29.128, 1410, 1215, 160.29, 56, 0x0000000000000000
2026/09/30 14:37:29.379, 1410, 1215, 109.11, 54, 0x0000000000000000
2026/09/30 14:37:29.629, 1410, 1215, 108.84, 54, 0x0000000000000000
2026/09/30 14:37:29.879, 1410, 1215, 108.84, 54, 0x0000000000000000
2026/09/30 14:37:30.129, 1410, 1215, 108.40, 53, 0x0000000000000000
2026/09/30 14:37:30.379, 1410, 1215, 108.40, 53, 0x0000000000000000
2026/09/30 14:37:30.629, 1410, 1215, 108.01, 53, 0x0000000000000000
2026/09/30 14:37:30.880, 1410, 1215, 107.91, 53, 0x0000000000000000
2026/09/30 14:37:31.130, 1095, 1215, 85.73, 52, 0x0000000000000000
2026/09/30 14:37:31.380, 1095, 1215, 85.45, 52, 0x0000000000000000
2026/09/30 14:37:31.630, 1095, 1215, 85.36, 52, 0x0000000000000000
2026/09/30 14:37:31.880, 1365, 1215, 139.73, 54, 0x0000000000000000
2026/09/30 14:37:32.130, 1410, 1215, 145.04, 54, 0x0000000000000000
2026/09/30 14:37:32.380, 1410, 1215, 152.76, 55, 0x0000000000000000
2026/09/30 14:37:32.631, 1410, 1215, 248.20, 56, 0x0000000000000000
2026/09/30 14:37:32.881, 1410, 1215, 163.64, 56, 0x0000000000000000
2026/09/30 14:37:33.131, 1410, 1215, 143.85, 55, 0x0000000000000000
2026/09/30 14:37:33.381, 1410, 1215, 143.58, 55, 0x0000000000000000
2026/09/30 14:37:33.631, 1410, 1215, 146.82, 55, 0x0000000000000000
2026/09/30 14:37:33.881, 1410, 1215, 144.46, 55, 0x0000000000000000
2026/09/30 14:37:34.131, 1410, 1215, 165.73, 54, 0x0000000000000000
2026/09/30 14:37:34.381, 1410, 1215, 147.70, 54, 0x0000000000000000
2026/09/30 14:37:34.632, 1410, 1215, 143.85, 54, 0x0000000000000000
2026/09/30 14:37:34.882, 1410, 1215, 141.21, 54, 0x0000000000000000
2026/09/30 14:37:35.132, 1410, 1215, 144.18, 54, 0x0000000000000000
2026/09/30 14:37:35.382, 1410, 1215, 142.97, 54, 0x0000000000000000
2026/09/30 14:37:35.632, 1410, 1215, 140.46, 54, 0x0000000000000000
2026/09/30 14:37:35.882, 1410, 1215, 150.79, 54, 0x0000000000000000
2026/09/30 14:37:36.133, 1410, 1215, 143.14, 54, 0x0000000000000000
2026/09/30 14:37:36.383, 1410, 1215, 208.07, 55, 0x0000000000000000
2026/09/30 14:37:36.633, 1410, 1215, 218.94, 55, 0x0000000000000000
2026/09/30 14:37:36.883, 1410, 1215, 212.73, 56, 0x0000000000000000
2026/09/30 14:37:37.133, 1410, 1215, 368.07, 58, 0x0000000000000000
2026/09/30 14:37:37.383, 1410, 1215, 145.52, 55, 0x0000000000000000
2026/09/30 14:37:37.634, 1410, 1215, 142.08, 55, 0x0000000000000000
2026/09/30 14:37:37.884, 1410, 1215, 142.86, 54, 0x0000000000000000
2026/09/30 14:37:38.134, 1410, 1215, 184.16, 54, 0x0000000000000000
2026/09/30 14:37:38.384, 1410, 1215, 143.71, 54, 0x0000000000000000
2026/09/30 14:37:38.634, 1410, 1215, 140.33, 54, 0x0000000000000000
2026/09/30 14:37:38.884, 1410, 1215, 141.21, 54, 0x0000000000000000
2026/09/30 14:37:39.134, 1410, 1215, 142.10, 54, 0x0000000000000000
2026/09/30 14:37:39.385, 1410, 1215, 139.12, 54, 0x0000000000000000
2026/09/30 14:37:39.635, 1410, 1215, 142.23, 53, 0x0000000000000000
2026/09/30 14:37:39.885, 1410, 1215, 143.30, 53, 0x0000000000000000
2026/09/30 14:37:40.135, 1410, 1215, 140.94, 53, 0x0000000000000000
2026/09/30 14:37:40.385, 1410, 1215, 140.75, 53, 0x0000000000000000
2026/09/30 14:37:40.635, 1410, 1215, 139.26, 53, 0x0000000000000000
2026/09/30 14:37:40.885, 1410, 1215, 139.46, 53, 0x0000000000000000
2026/09/30 14:37:41.136, 1410, 1215, 140.61, 53, 0x0000000000000000
2026/09/30 14:37:41.386, 1410, 1215, 140.19, 53, 0x0000000000000000
2026/09/30 14:37:41.636, 1410, 1215, 151.54, 53, 0x0000000000000000
2026/09/30 14:37:41.886, 1410, 1215, 158.64, 53, 0x0000000000000000
2026/09/30 14:37:42.136, 1410, 1215, 139.73, 53, 0x0000000000000000
2026/09/30 14:37:42.386, 1410, 1215, 140.33, 53, 0x0000000000000000
2026/09/30 14:37:42.636, 1410, 1215, 138.85, 53, 0x0000000000000000
2026/09/30 14:37:42.887, 1410, 1215, 139.12, 53, 0x0000000000000000
2026/09/30 14:37:43.137, 1410, 1215, 201.98, 53, 0x0000000000000000
2026/09/30 14:37:43.387, 1410, 1215, 169.83, 53, 0x0000000000000000
2026/09/30 14:37:43.637, 1410, 1215, 138.71, 52, 0x0000000000000000
2026/09/30 14:37:43.887, 1410, 1215, 139.46, 52, 0x0000000000000000
2026/09/30 14:37:44.137, 1410, 1215, 140.61, 52, 0x0000000000000000
2026/09/30 14:37:44.387, 1410, 1215, 139.73, 52, 0x0000000000000000
2026/09/30 14:37:44.638, 1410, 1215, 137.64, 54, 0x0000000000000000
2026/09/30 14:37:44.888, 1410, 1215, 285.41, 57, 0x0000000000000000
2026/09/30 14:37:45.138, 1410, 1215, 290.41, 57, 0x0000000000000000
2026/09/30 14:37:45.388, 1410, 1215, 284.83, 58, 0x0000000000000000
2026/09/30 14:37:45.638, 1410, 1215, 291.59, 58, 0x0000000000000000
2026/09/30 14:37:45.888, 1410, 1215, 131.01, 57, 0x0000000000000000
2026/09/30 14:37:46.139, 1410, 1215, 252.91, 56, 0x0000000000000000
2026/09/30 14:37:46.389, 1410, 1215, 142.37, 54, 0x0000000000000000
2026/09/30 14:37:46.639, 1410, 1215, 153.64, 53, 0x0000000000000000
2026/09/30 14:37:46.889, 1410, 1215, 142.70, 53, 0x0000000000000000
2026/09/30 14:37:47.139, 1410, 1215, 141.67, 53, 0x0000000000000000
2026/09/30 14:37:47.389, 1410, 1215, 140.32, 52, 0x0000000000000000
2026/09/30 14:37:47.639, 1410, 1215, 142.08, 52, 0x0000000000000000
2026/09/30 14:37:47.890, 1410, 1215, 142.26, 52, 0x0000000000000000
2026/09/30 14:37:48.140, 1410, 1215, 140.37, 52, 0x0000000000000000
2026/09/30 14:37:48.390, 1410, 1215, 139.43, 52, 0x0000000000000000
2026/09/30 14:37:48.640, 1410, 1215, 140.93, 52, 0x0000000000000000
2026/09/30 14:37:48.890, 1410, 1215, 139.59, 52, 0x0000000000000000
2026/09/30 14:37:49.140, 1410, 1215, 143.71, 52, 0x0000000000000000
2026/09/30 14:37:49.391, 1410, 1215, 138.85, 52, 0x0000000000000000
2026/09/30 14:37:49.641, 1410, 1215, 138.58, 52, 0x0000000000000000
2026/09/30 14:37:49.891, 1410, 1215, 155.35, 52, 0x0000000000000000
2026/09/30 14:37:50.141, 1410, 1215, 138.43, 52, 0x0000000000000000
2026/09/30 14:37:50.391, 1410, 1215, 143.85, 52, 0x0000000000000000
2026/09/30 14:37:50.641, 1410, 1215, 166.94, 51, 0x0000000000000000
2026/09/30 14:37:50.891, 1410, 1215, 141.21, 51, 0x0000000000000000
2026/09/30 14:37:51.142, 1410, 1215, 142.37, 51, 0x0000000000000000
2026/09/30 14:37:51.392, 1410, 1215, 143.12, 51, 0x0000000000000000
2026/09/30 14:37:51.642, 1410, 1215, 140.48, 51, 0x0000000000000000
2026/09/30 14:37:51.892, 1410, 1215, 200.03, 52, 0x0000000000000000
2026/09/30 14:37:52.142, 1410, 1215, 205.03, 53, 0x0000000000000000
2026/09/30 14:37:52.392, 1410, 1215, 206.79, 53, 0x0000000000000000
2026/09/30 14:37:52.642, 1410, 1215, 210.36, 53, 0x0000000000000000
2026/09/30 14:37:52.892, 1410, 1215, 204.76, 53, 0x0000000000000000
2026/09/30 14:37:53.142, 1410, 1215, 197.14, 54, 0x0000000000000000
2026/09/30 14:37:53.393, 1395, 1215, 331.17, 59, 0x0000000000000004
2026/09/30 14:37:53.643, 1410, 1215, 141.09, 54, 0x0000000000000000
2026/09/30 14:37:53.893, 1410, 1215, 137.37, 52, 0x0000000000000000
2026/09/30 14:37:54.143, 1410, 1215, 140.61, 52, 0x0000000000000000
2026/09/30 14:37:54.393, 1410, 1215, 137.09, 52, 0x0000000000000000
2026/09/30 14:37:54.643, 1410, 1215, 140.33, 52, 0x0000000000000000
2026/09/30 14:37:54.893, 1410, 1215, 136.95, 51, 0x0000000000000000
2026/09/30 14:37:55.143, 1410, 1215, 156.23, 51, 0x0000000000000000
2026/09/30 14:37:55.393, 1410, 1215, 136.94, 51, 0x0000000000000000
2026/09/30 14:37:55.644, 1410, 1215, 190.67, 51, 0x0000000000000000
2026/09/30 14:37:55.894, 1410, 1215, 136.80, 51, 0x0000000000000000
2026/09/30 14:37:56.144, 1410, 1215, 207.91, 51, 0x0000000000000000
2026/09/30 14:37:56.395, 1410, 1215, 138.25, 51, 0x0000000000000000
2026/09/30 14:37:56.645, 1410, 1215, 138.85, 51, 0x0000000000000000
2026/09/30 14:37:56.895, 1410, 1215, 141.53, 51, 0x0000000000000000
2026/09/30 14:37:57.145, 1410, 1215, 137.68, 51, 0x0000000000000000
2026/09/30 14:37:57.396, 1410, 1215, 140.61, 51, 0x0000000000000000
2026/09/30 14:37:57.646, 1410, 1215, 136.21, 51, 0x0000000000000000
2026/09/30 14:37:57.896, 1410, 1215, 141.21, 51, 0x0000000000000000
2026/09/30 14:37:58.146, 1410, 1215, 136.21, 51, 0x0000000000000000
2026/09/30 14:37:58.396, 1410, 1215, 138.25, 51, 0x0000000000000000
2026/09/30 14:37:58.646, 1410, 1215, 158.64, 50, 0x0000000000000000
2026/09/30 14:37:58.896, 1410, 1215, 137.37, 50, 0x0000000000000000
2026/09/30 14:37:59.146, 1410, 1215, 205.91, 50, 0x0000000000000000
2026/09/30 14:37:59.396, 1410, 1215, 136.48, 50, 0x0000000000000000
2026/09/30 14:37:59.647, 1410, 1215, 188.37, 50, 0x0000000000000000
2026/09/30 14:37:59.897, 1410, 1215, 136.20, 50, 0x0000000000000000
2026/09/30 14:38:00.147, 1410, 1215, 137.82, 50, 0x0000000000000000
2026/09/30 14:38:00.397, 1410, 1215, 137.23, 50, 0x0000000000000000
2026/09/30 14:38:00.647, 1410, 1215, 136.21, 50, 0x0000000000000000
2026/09/30 14:38:00.897, 1410, 1215, 139.73, 50, 0x0000000000000000
2026/09/30 14:38:01.147, 1410, 1215, 135.47, 50, 0x0000000000000000
2026/09/30 14:38:01.397, 1410, 1215, 138.43, 50, 0x0000000000000000
2026/09/30 14:38:01.648, 1410, 1215, 135.61, 50, 0x0000000000000000
2026/09/30 14:38:01.898, 1410, 1215, 138.25, 50, 0x0000000000000000
2026/09/30 14:38:02.148, 1410, 1215, 135.61, 50, 0x0000000000000000
2026/09/30 14:38:02.398, 1410, 1215, 138.58, 50, 0x0000000000000000
2026/09/30 14:38:02.648, 1410, 1215, 136.35, 50, 0x0000000000000000
2026/09/30 14:38:02.898, 1410, 1215, 135.75, 50, 0x0000000000000000
2026/09/30 14:38:03.148, 1410, 1215, 136.76, 50, 0x0000000000000000
2026/09/30 14:38:03.398, 1410, 1215, 136.62, 50, 0x0000000000000000
2026/09/30 14:38:03.649, 1410, 1215, 137.64, 50, 0x0000000000000000
2026/09/30 14:38:03.899, 1410, 1215, 139.46, 50, 0x0000000000000000
2026/09/30 14:38:04.149, 1410, 1215, 137.64, 50, 0x0000000000000000
2026/09/30 14:38:04.399, 1410, 1215, 139.59, 50, 0x0000000000000000
2026/09/30 14:38:04.649, 1410, 1215, 137.64, 50, 0x0000000000000000
2026/09/30 14:38:04.899, 1410, 1215, 149.19, 50, 0x0000000000000000
2026/09/30 14:38:05.149, 1410, 1215, 135.61, 50, 0x0000000000000000
2026/09/30 14:38:05.399, 1410, 1215, 168.09, 50, 0x0000000000000000
2026/09/30 14:38:05.650, 1410, 1215, 137.37, 50, 0x0000000000000000
2026/09/30 14:38:05.900, 1410, 1215, 218.01, 51, 0x0000000000000000
2026/09/30 14:38:06.150, 1410, 1215, 271.54, 55, 0x0000000000000000
2026/09/30 14:38:06.400, 1410, 1215, 273.30, 55, 0x0000000000000000
2026/09/30 14:38:06.650, 1410, 1215, 296.60, 56, 0x0000000000000000
2026/09/30 14:38:06.900, 1410, 1215, 277.75, 56, 0x0000000000000000
2026/09/30 14:38:07.150, 1410, 1215, 274.78, 56, 0x0000000000000000
2026/09/30 14:38:07.400, 1410, 1215, 275.34, 56, 0x0000000000000000
2026/09/30 14:38:07.650, 1365, 1215, 402.29, 56, 0x0000000000000000
2026/09/30 14:38:07.901, 1395, 1215, 111.75, 55, 0x0000000000000004
2026/09/30 14:38:08.151, 1410, 1215, 104.99, 51, 0x0000000000000000
2026/09/30 14:38:08.401, 1410, 1215, 104.11, 49, 0x0000000000000000
2026/09/30 14:38:08.651, 1410, 1215, 108.24, 49, 0x0000000000000000
2026/09/30 14:38:08.901, 1410, 1215, 103.39, 48, 0x0000000000000000
2026/09/30 14:38:09.151, 1410, 1215, 103.07, 48, 0x0000000000000000
2026/09/30 14:38:09.401, 1410, 1215, 102.79, 48, 0x0000000000000000
2026/09/30 14:38:09.652, 1410, 1215, 102.69, 47, 0x0000000000000000
2026/09/30 14:38:09.902, 1410, 1215, 102.58, 47, 0x0000000000000000
2026/09/30 14:38:10.152, 1410, 1215, 102.58, 47, 0x0000000000000001
2026/09/30 14:38:10.402, 1410, 1215, 102.41, 47, 0x0000000000000001
2026/09/30 14:38:10.652, 285, 1215, 75.75, 46, 0x0000000000000001
2026/09/30 14:38:10.902, 270, 1215, 75.15, 46, 0x0000000000000001
2026/09/30 14:38:11.152, 225, 1215, 75.08, 46, 0x0000000000000001
2026/09/30 14:38:11.403, 210, 1215, 74.96, 45, 0x0000000000000001
2026/09/30 14:38:11.653, 1095, 1215, 79.76, 45, 0x0000000000000000
2026/09/30 14:38:11.903, 1095, 1215, 81.80, 45, 0x0000000000000000
2026/09/30 14:38:12.153, 1095, 1215, 81.52, 45, 0x0000000000000000
2026/09/30 14:38:12.403, 1095, 1215, 81.60, 45, 0x0000000000000000
2026/09/30 14:38:12.653, 1095, 1215, 81.88, 45, 0x0000000000000000
2026/09/30 14:38:12.904, 1095, 1215, 81.32, 45, 0x0000000000000000
2026/09/30 14:38:13.154, 1095, 1215, 81.24, 45, 0x0000000000000000
2026/09/30 14:38:13.404, 1095, 1215, 81.24, 45, 0x0000000000000000
2026/09/30 14:38:13.654, 1095, 1215, 81.52, 45, 0x0000000000000000
2026/09/30 14:38:13.904, 1095, 1215, 81.24, 45, 0x0000000000000000
2026/09/30 14:38:14.155, 1095, 1215, 81.32, 45, 0x0000000000000000
2026/09/30 14:38:14.405, 1095, 1215, 81.00, 45, 0x0000000000000000
2026/09/30 14:38:14.655, 1095, 1215, 81.24, 45, 0x0000000000000000
2026/09/30 14:38:14.905, 1095, 1215, 81.52, 45, 0x0000000000000000
2026/09/30 14:38:15.155, 1095, 1215, 80.91, 44, 0x0000000000000000
2026/09/30 14:38:15.405, 1095, 1215, 81.80, 44, 0x0000000000000000
2026/09/30 14:38:15.655, 1095, 1215, 81.80, 44, 0x0000000000000000
2026/09/30 14:38:15.906, 1095, 1215, 80.83, 44, 0x0000000000000000
2026/09/30 14:38:16.156, 1095, 1215, 84.40, 45, 0x0000000000000000
2026/09/30 14:38:16.406, 1095, 1215, 80.83, 44, 0x0000000000000000
2026/09/30 14:38:16.656, 1095, 1215, 80.83, 44, 0x0000000000000000
2026/09/30 14:38:16.906, 1095, 1215, 80.83, 44, 0x0000000000000000
2026/09/30 14:38:17.156, 1095, 1215, 80.67, 44, 0x0000000000000000
2026/09/30 14:38:17.406, 1095, 1215, 80.56, 44, 0x0000000000000000
2026/09/30 14:38:17.657, 1095, 1215, 80.64, 44, 0x0000000000000000
2026/09/30 14:38:17.907, 1095, 1215, 80.64, 44, 0x0000000000000000
2026/09/30 14:38:18.157, 1095, 1215, 80.64, 44, 0x0000000000000000
2026/09/30 14:38:18.407, 1095, 1215, 80.64, 44, 0x0000000000000000
2026/09/30 14:38:18.657, 1095, 1215, 157.31, 45, 0x0000000000000000
2026/09/30 14:38:18.907, 1410, 1215, 177.55, 49, 0x0000000000000000
2026/09/30 14:38:19.157, 1410, 1215, 347.98, 54, 0x0000000000000000
2026/09/30 14:38:19.408, 1395, 1215, 394.80, 55, 0x0000000000000004
2026/09/30 14:38:19.658, 1410, 1215, 130.55, 52, 0x0000000000000000
2026/09/30 14:38:19.908, 1395, 1215, 359.14, 56, 0x0000000000000004
2026/09/30 14:38:20.158, 1380, 1215, 332.61, 57, 0x0000000000000004
2026/09/30 14:38:20.408, 1380, 1215, 368.96, 57, 0x0000000000000004
2026/09/30 14:38:20.658, 1365, 1215, 393.72, 58, 0x0000000000000004
2026/09/30 14:38:20.908, 1305, 1215, 374.83, 56, 0x0000000000000004
2026/09/30 14:38:21.159, 1410, 1215, 104.28, 49, 0x0000000000000000
2026/09/30 14:38:21.409, 1410, 1215, 103.39, 48, 0x0000000000000000
2026/09/30 14:38:21.659, 1410, 1215, 108.73, 47, 0x0000000000000000
2026/09/30 14:38:21.909, 1410, 1215, 102.41, 47, 0x0000000000000000
2026/09/30 14:38:22.159, 1410, 1215, 102.08, 46, 0x0000000000000000
2026/09/30 14:38:22.409, 1410, 1215, 101.70, 46, 0x0000000000000000
2026/09/30 14:38:22.659, 1410, 1215, 100.83, 46, 0x0000000000000000
2026/09/30 14:38:22.910, 1095, 1215, 87.37, 46, 0x0000000000000000
2026/09/30 14:38:23.160, 1095, 1215, 81.24, 45, 0x0000000000000000
2026/09/30 14:38:23.410, 1095, 1215, 80.91, 45, 0x0000000000000000
2026/09/30 14:38:23.660, 1095, 1215, 81.16, 45, 0x0000000000000000
2026/09/30 14:38:23.910, 1095, 1215, 82.81, 44, 0x0000000000000000
2026/09/30 14:38:24.160, 1095, 1215, 81.60, 44, 0x0000000000000000
2026/09/30 14:38:24.410, 1095, 1215, 81.32, 44, 0x0000000000000000
2026/09/30 14:38:24.661, 1095, 1215, 81.00, 44, 0x0000000000000000
2026/09/30 14:38:24.911, 1095, 1215, 81.80, 44, 0x0000000000000000
2026/09/30 14:38:25.161, 1095, 1215, 81.52, 44, 0x0000000000000000
2026/09/30 14:38:25.411, 1095, 1215, 83.28, 44, 0x0000000000000000
2026/09/30 14:38:25.661, 1095, 1215, 81.71, 44, 0x0000000000000000
2026/09/30 14:38:25.911, 1095, 1215, 81.16, 44, 0x0000000000000000
2026/09/30 14:38:26.161, 1095, 1215, 82.64, 44, 0x0000000000000000
2026/09/30 14:38:26.412, 1095, 1215, 82.12, 44, 0x0000000000000000
2026/09/30 14:38:26.662, 1095, 1215, 80.91, 44, 0x0000000000000000
2026/09/30 14:38:26.912, 1095, 1215, 82.40, 44, 0x0000000000000000
2026/09/30 14:38:27.162, 1095, 1215, 80.64, 44, 0x0000000000000000
2026/09/30 14:38:27.412, 1095, 1215, 81.00, 43, 0x0000000000000000
2026/09/30 14:38:27.662, 1095, 1215, 80.91, 43, 0x0000000000000000
2026/09/30 14:38:27.912, 1095, 1215, 82.73, 43, 0x0000000000000000
2026/09/30 14:38:28.163, 1095, 1215, 80.72, 43, 0x0000000000000000
2026/09/30 14:38:28.413, 1095, 1215, 80.72, 43, 0x0000000000000000
2026/09/30 14:38:28.663, 1095, 1215, 82.48, 43, 0x0000000000000000
2026/09/30 14:38:28.913, 1095, 1215, 82.48, 43, 0x0000000000000000
2026/09/30 14:38:29.163, 1095, 1215, 80.45, 43, 0x0000000000000000
2026/09/30 14:38:29.413, 1095, 1215, 81.60, 43, 0x0000000000000000
2026/09/30 14:38:29.664, 1095, 1215, 80.45, 43, 0x0000000000000000
2026/09/30 14:38:29.914, 1095, 1215, 80.45, 43, 0x0000000000000000
2026/09/30 14:38:30.164, 1095, 1215, 80.03, 43, 0x0000000000000000
2026/09/30 14:38:30.414, 1095, 1215, 84.15, 43, 0x0000000000000000
2026/09/30 14:38:30.664, 1095, 1215, 80.03, 43, 0x0000000000000000
2026/09/30 14:38:30.914, 1095, 1215, 80.29, 43, 0x0000000000000000
2026/09/30 14:38:31.165, 1095, 1215, 80.29, 43, 0x0000000000000000
2026/09/30 14:38:31.415, 1095, 1215, 80.03, 43, 0x0000000000000000
2026/09/30 14:38:31.665, 1095, 1215, 81.00, 43, 0x0000000000000000
2026/09/30 14:38:31.915, 1095, 1215, 94.64, 43, 0x0000000000000000
2026/09/30 14:38:32.165, 1410, 1215, 117.70, 44, 0x0000000000000000
2026/09/30 14:38:32.415, 1410, 1215, 103.17, 44, 0x0000000000000000
2026/09/30 14:38:32.666, 1410, 1215, 99.93, 43, 0x0000000000000000
2026/09/30 14:38:32.916, 1410, 1215, 99.93, 43, 0x0000000000000000
2026/09/30 14:38:33.166, 1410, 1215, 99.37, 43, 0x0000000000000000
2026/09/30 14:38:33.416, 1410, 1215, 99.37, 43, 0x0000000000000000
2026/09/30 14:38:33.666, 1410, 1215, 99.82, 43, 0x0000000000000000
2026/09/30 14:38:33.916, 1410, 1215, 99.82, 43, 0x0000000000000000
2026/09/30 14:38:34.166, 1095, 1215, 92.46, 43, 0x0000000000000000
2026/09/30 14:38:34.417, 1095, 1215, 91.85, 43, 0x0000000000000000
2026/09/30 14:38:34.667, 1095, 1215, 91.76, 43, 0x0000000000000000
2026/09/30 14:38:34.917, 1095, 1215, 95.61, 43, 0x0000000000000000
2026/09/30 14:38:35.167, 1110, 1215, 92.46, 43, 0x0000000000000000
2026/09/30 14:38:35.417, 1110, 1215, 80.64, 42, 0x0000000000000000
2026/09/30 14:38:35.667, 1110, 1215, 80.45, 42, 0x0000000000000000
2026/09/30 14:38:35.918, 1110, 1215, 80.91, 42, 0x0000000000000000
2026/09/30 14:38:36.168, 1110, 1215, 85.09, 42, 0x0000000000000000
2026/09/30 14:38:36.418, 1110, 1215, 87.12, 42, 0x0000000000000000
2026/09/30 14:38:36.668, 1110, 1215, 91.67, 42, 0x0000000000000000
2026/09/30 14:38:36.918, 1110, 1215, 92.18, 42, 0x0000000000000000
2026/09/30 14:38:37.168, 1095, 1215, 79.76, 42, 0x0000000000000000
2026/09/30 14:38:37.418, 1095, 1215, 89.91, 42, 0x0000000000000000
2026/09/30 14:38:37.669, 1170, 1215, 82.81, 42, 0x0000000000000000
2026/09/30 14:38:37.919, 1170, 1215, 84.85, 42, 0x0000000000000000
2026/09/30 14:38:38.169, 1170, 1215, 83.28, 42, 0x0000000000000000
2026/09/30 14:38:38.419, 1170, 1215, 85.18, 42, 0x0000000000000000
2026/09/30 14:38:38.669, 1170, 1215, 84.85, 42, 0x0000000000000000
2026/09/30 14:38:38.919, 1170, 1215, 84.85, 42, 0x0000000000000000
2026/09/30 14:38:39.169, 1170, 1215, 84.76, 42, 0x0000000000000000
2026/09/30 14:38:39.420, 1095, 1215, 80.64, 42, 0x0000000000000000
2026/09/30 14:38:39.670, 1095, 1215, 82.91, 42, 0x0000000000000000
2026/09/30 14:38:39.920, 1095, 1215, 79.95, 42, 0x0000000000000000
2026/09/30 14:38:40.170, 1095, 1215, 79.76, 42, 0x0000000000000000
2026/09/30 14:38:40.420, 1095, 1215, 81.24, 42, 0x0000000000000000
2026/09/30 14:38:40.670, 1095, 1215, 79.84, 42, 0x0000000000000000
2026/09/30 14:38:40.920, 1095, 1215, 79.43, 42, 0x0000000000000000
2026/09/30 14:38:41.171, 1095, 1215, 79.84, 41, 0x0000000000000000
2026/09/30 14:38:41.421, 1095, 1215, 151.83, 42, 0x0000000000000000
2026/09/30 14:38:41.671, 1260, 1215, 86.85, 42, 0x0000000000000000
2026/09/30 14:38:41.921, 1260, 1215, 86.85, 42, 0x0000000000000000
2026/09/30 14:38:42.171, 1260, 1215, 86.85, 42, 0x0000000000000000
2026/09/30 14:38:42.421, 1260, 1215, 87.28, 42, 0x0000000000000000
2026/09/30 14:38:42.672, 1410, 1215, 98.47, 42, 0x0000000000000000
2026/09/30 14:38:42.922, 1410, 1215, 223.02, 44, 0x0000000000000000
2026/09/30 14:38:43.172, 1410, 1215, 98.86, 42, 0x0000000000000000
2026/09/30 14:38:43.422, 1410, 1215, 98.86, 42, 0x0000000000000000
2026/09/30 14:38:43.672, 1410, 1215, 98.37, 42, 0x0000000000000000
2026/09/30 14:38:43.922, 1410, 1215, 98.57, 42, 0x0000000000000000
2026/09/30 14:38:44.172, 1410, 1215, 111.25, 43, 0x0000000000000000
2026/09/30 14:38:44.423, 1410, 1215, 218.38, 44, 0x0000000000000000
2026/09/30 14:38:44.673, 1410, 1215, 119.69, 44, 0x0000000000000000
2026/09/30 14:38:44.923, 1410, 1215, 98.64, 43, 0x0000000000000000
2026/09/30 14:38:45.173, 1410, 1215, 98.94, 42, 0x0000000000000000
2026/09/30 14:38:45.423, 1410, 1215, 101.64, 42, 0x0000000000000000
2026/09/30 14:38:45.674, 1410, 1215, 98.94, 42, 0x0000000000000000
2026/09/30 14:38:45.924, 1410, 1215, 99.17, 42, 0x0000000000000000
2026/09/30 14:38:46.174, 1410, 1215, 99.04, 42, 0x0000000000000000
2026/09/30 14:38:46.424, 1410, 1215, 99.65, 42, 0x0000000000000000
2026/09/30 14:38:46.674, 1095, 1215, 84.24, 42, 0x0000000000000000
2026/09/30 14:38:46.924, 1095, 1215, 80.45, 42, 0x0000000000000000
2026/09/30 14:38:47.175, 1095, 1215, 80.11, 41, 0x0000000000000000
2026/09/30 14:38:47.425, 1095, 1215, 80.11, 41, 0x0000000000000000
2026/09/30 14:38:47.675, 1095, 1215, 80.45, 41, 0x0000000000000000
2026/09/30 14:38:47.925, 1095, 1215, 79.51, 41, 0x0000000000000000
2026/09/30 14:38:48.175, 1095, 1215, 82.48, 41, 0x0000000000000000
2026/09/30 14:38:48.425, 1095, 1215, 81.60, 41, 0x0000000000000000
2026/09/30 14:38:48.676, 1095, 1215, 79.43, 41, 0x0000000000000000
2026/09/30 14:38:48.926, 1095, 1215, 79.43, 41, 0x0000000000000000
2026/09/30 14:38:49.176, 1095, 1215, 81.52, 41, 0x0000000000000000
2026/09/30 14:38:49.427, 1095, 1215, 79.35, 41, 0x0000000000000000
2026/09/30 14:38:49.677, 1095, 1215, 81.96, 41, 0x0000000000000000
2026/09/30 14:38:49.927, 1095, 1215, 80.75, 41, 0x0000000000000000
2026/09/30 14:38:50.177, 1095, 1215, 79.68, 41, 0x0000000000000000
2026/09/30 14:38:50.427, 1095, 1215, 80.37, 41, 0x0000000000000000
2026/09/30 14:38:50.678, 1095, 1215, 79.51, 41, 0x0000000000000000
2026/09/30 14:38:50.928, 1095, 1215, 80.45, 41, 0x0000000000000000
2026/09/30 14:38:51.178, 1095, 1215, 79.51, 41, 0x0000000000000000
2026/09/30 14:38:51.428, 1095, 1215, 80.91, 41, 0x0000000000000000
2026/09/30 14:38:51.678, 1095, 1215, 80.37, 41, 0x0000000000000000
2026/09/30 14:38:51.928, 1095, 1215, 81.60, 41, 0x0000000000000000
2026/09/30 14:38:52.178, 1095, 1215, 83.00, 41, 0x0000000000000000
2026/09/30 14:38:52.429, 1095, 1215, 79.84, 41, 0x0000000000000000
2026/09/30 14:38:52.679, 1095, 1215, 80.45, 41, 0x0000000000000000
2026/09/30 14:38:52.929, 1095, 1215, 79.51, 41, 0x0000000000000000
2026/09/30 14:38:53.179, 1095, 1215, 81.80, 41, 0x0000000000000000
2026/09/30 14:38:53.429, 1095, 1215, 79.84, 41, 0x0000000000000000
2026/09/30 14:38:53.679, 1095, 1215, 79.16, 41, 0x0000000000000000
2026/09/30 14:38:53.930, 1095, 1215, 79.16, 41, 0x0000000000000000
2026/09/30 14:38:54.180, 1095, 1215, 80.64, 41, 0x0000000000000000
2026/09/30 14:38:54.430, 1095, 1215, 81.24, 41, 0x0000000000000000
2026/09/30 14:38:54.680, 1095, 1215, 79.43, 41, 0x0000000000000000
2026/09/30 14:38:54.930, 1095, 1215, 81.32, 41, 0x0000000000000000
2026/09/30 14:38:55.180, 1095, 1215, 79.51, 40, 0x0000000000000000
2026/09/30 14:38:55.430, 1095, 1215, 79.24, 40, 0x0000000000000000
2026/09/30 14:38:55.680, 1095, 1215, 81.88, 40, 0x0000000000000000
2026/09/30 14:38:55.931, 1095, 1215, 82.21, 40, 0x0000000000000000
2026/09/30 14:38:56.181, 1095, 1215, 80.72, 40, 0x0000000000000000
2026/09/30 14:38:56.431, 1095, 1215, 79.16, 40, 0x0000000000000000
2026/09/30 14:38:56.681, 1095, 1215, 80.91, 40, 0x0000000000000000
2026/09/30 14:38:56.931, 1095, 1215, 81.24, 40, 0x0000000000000000
2026/09/30 14:38:57.181, 1095, 1215, 79.16, 40, 0x0000000000000000
2026/09/30 14:38:57.431, 1095, 1215, 79.68, 40, 0x0000000000000000
2026/09/30 14:38:57.681, 1095, 1215, 79.87, 40, 0x0000000000000000
2026/09/30 14:38:57.932, 1095, 1215, 79.35, 40, 0x0000000000000000
2026/09/30 14:38:58.182, 1095, 1215, 80.91, 40, 0x0000000000000000
2026/09/30 14:38:58.432, 1095, 1215, 80.03, 40, 0x0000000000000000
2026/09/30 14:38:58.682, 1095, 1215, 79.16, 40, 0x0000000000000000
2026/09/30 14:38:58.932, 1095, 1215, 80.91, 40, 0x0000000000000000
2026/09/30 14:38:59.182, 1095, 1215, 79.16, 40, 0x0000000000000000
2026/09/30 14:38:59.432, 1095, 1215, 79.16, 40, 0x0000000000000000
2026/09/30 14:38:59.682, 1095, 1215, 79.43, 40, 0x0000000000000000
2026/09/30 14:38:59.933, 1095, 1215, 79.76, 40, 0x0000000000000000
2026/09/30 14:39:00.183, 1095, 1215, 80.11, 40, 0x0000000000000000
2026/09/30 14:39:00.433, 1095, 1215, 79.24, 40, 0x0000000000000000
2026/09/30 14:39:00.683, 1095, 1215, 78.96, 40, 0x0000000000000000
2026/09/30 14:39:00.933, 1095, 1215, 79.51, 40, 0x0000000000000000
2026/09/30 14:39:01.183, 1095, 1215, 79.16, 40, 0x0000000000000000
2026/09/30 14:39:01.433, 1095, 1215, 78.96, 40, 0x0000000000000000
2026/09/30 14:39:01.683, 1095, 1215, 79.16, 40, 0x0000000000000000
2026/09/30 14:39:01.934, 1095, 1215, 97.79, 41, 0x0000000000000000
2026/09/30 14:39:02.184, 1410, 1215, 100.60, 41, 0x0000000000000000
2026/09/30 14:39:02.434, 1410, 1215, 103.57, 42, 0x0000000000000000
2026/09/30 14:39:02.684, 1410, 1215, 105.05, 42, 0x0000000000000000
2026/09/30 14:39:02.934, 1410, 1215, 104.77, 42, 0x0000000000000000
2026/09/30 14:39:03.184, 1410, 1215, 234.91, 43, 0x0000000000000000
2026/09/30 14:39:03.434, 1410, 1215, 100.70, 42, 0x0000000000000000
2026/09/30 14:39:03.685, 1410, 1215, 101.64, 41, 0x0000000000000000
2026/09/30 14:39:03.935, 1410, 1215, 98.34, 41, 0x0000000000000000
2026/09/30 14:39:04.185, 1410, 1215, 99.45, 41, 0x0000000000000000
2026/09/30 14:39:04.435, 1410, 1215, 98.47, 41, 0x0000000000000000
2026/09/30 14:39:04.685, 1410, 1215, 98.47, 41, 0x0000000000000000
2026/09/30 14:39:04.935, 1410, 1215, 98.94, 41, 0x0000000000000000
2026/09/30 14:39:05.185, 1410, 1215, 109.00, 41, 0x0000000000000000
2026/09/30 14:39:05.435, 1095, 1215, 82.40, 41, 0x0000000000000000
2026/09/30 14:39:05.686, 1095, 1215, 81.32, 40, 0x0000000000000000
2026/09/30 14:39:05.936, 1095, 1215, 79.16, 40, 0x0000000000000000
2026/09/30 14:39:06.186, 1095, 1215, 78.96, 40, 0x0000000000000000
2026/09/30 14:39:06.436, 1095, 1215, 78.88, 40, 0x0000000000000000
2026/09/30 14:39:06.686, 1095, 1215, 81.24, 40, 0x0000000000000000
2026/09/30 14:39:06.936, 1095, 1215, 79.84, 40, 0x0000000000000000
2026/09/30 14:39:07.186, 1095, 1215, 79.24, 40, 0x0000000000000000
2026/09/30 14:39:07.437, 1095, 1215, 78.96, 40, 0x0000000000000000
2026/09/30 14:39:07.687, 1095, 1215, 79.84, 40, 0x0000000000000000
2026/09/30 14:39:07.937, 1095, 1215, 81.80, 40, 0x0000000000000000
2026/09/30 14:39:08.187, 1095, 1215, 78.88, 40, 0x0000000000000000
2026/09/30 14:39:08.437, 1095, 1215, 78.88, 40, 0x0000000000000000
2026/09/30 14:39:08.687, 1095, 1215, 81.24, 40, 0x0000000000000000
2026/09/30 14:39:08.937, 1095, 1215, 78.55, 40, 0x0000000000000000
2026/09/30 14:39:09.188, 1095, 1215, 80.91, 40, 0x0000000000000000
2026/09/30 14:39:09.438, 1095, 1215, 79.95, 40, 0x0000000000000000
2026/09/30 14:39:09.688, 1095, 1215, 78.47, 40, 0x0000000000000000
2026/09/30 14:39:09.938, 1095, 1215, 78.63, 40, 0x0000000000000000
2026/09/30 14:39:10.188, 1095, 1215, 78.31, 40, 0x0000000000000000
2026/09/30 14:39:10.438, 1095, 1215, 78.23, 40, 0x0000000000000000
2026/09/30 14:39:10.688, 1095, 1215, 78.39, 40, 0x0000000000000000
2026/09/30 14:39:10.938, 1095, 1215, 78.31, 40, 0x0000000000000000
2026/09/30 14:39:11.188, 1095, 1215, 79.08, 40, 0x0000000000000000
2026/09/30 14:39:11.439, 1095, 1215, 78.47, 40, 0x0000000000000000
2026/09/30 14:39:11.689, 1095, 1215, 78.47, 40, 0x0000000000000000
2026/09/30 14:39:11.939, 1095, 1215, 80.03, 40, 0x0000000000000000
2026/09/30 14:39:12.189, 1095, 1215, 78.55, 40, 0x0000000000000000
2026/09/30 14:39:12.439, 1095, 1215, 78.55, 40, 0x0000000000000000
2026/09/30 14:39:12.689, 1095, 1215, 80.03, 40, 0x0000000000000000
2026/09/30 14:39:12.939, 1095, 1215, 81.80, 40, 0x0000000000000000
2026/09/30 14:39:13.189, 1095, 1215, 78.47, 40, 0x0000000000000000
2026/09/30 14:39:13.440, 1095, 1215, 79.08, 40, 0x0000000000000000
2026/09/30 14:39:13.690, 1095, 1215, 80.83, 40, 0x0000000000000000
2026/09/30 14:39:13.940, 1095, 1215, 80.37, 40, 0x0000000000000000
2026/09/30 14:39:14.190, 1095, 1215, 78.55, 40, 0x0000000000000000
2026/09/30 14:39:14.440, 1095, 1215, 81.00, 40, 0x0000000000000000
2026/09/30 14:39:14.690, 1095, 1215, 81.00, 40, 0x0000000000000000
2026/09/30 14:39:14.940, 1095, 1215, 78.63, 40, 0x0000000000000000
2026/09/30 14:39:15.190, 1095, 1215, 78.63, 40, 0x0000000000000000
2026/09/30 14:39:15.440, 1095, 1215, 80.37, 39, 0x0000000000000000
2026/09/30 14:39:15.691, 1095, 1215, 78.28, 39, 0x0000000000000000
2026/09/30 14:39:15.941, 1095, 1215, 78.28, 39, 0x0000000000000000
2026/09/30 14:39:16.191, 1095, 1215, 79.08, 39, 0x0000000000000000
2026/09/30 14:39:16.441, 1095, 1215, 78.19, 39, 0x0000000000000000
2026/09/30 14:39:16.691, 1095, 1215, 78.28, 39, 0x0000000000000000
2026/09/30 14:39:16.941, 1095, 1215, 80.37, 39, 0x0000000000000000
2026/09/30 14:39:17.191, 1095, 1215, 78.28, 39, 0x0000000000000000
2026/09/30 14:39:17.441, 1095, 1215, 80.29, 39, 0x0000000000000000
2026/09/30 14:39:17.692, 1095, 1215, 78.28, 39, 0x0000000000000000
2026/09/30 14:39:17.942, 1095, 1215, 78.36, 39, 0x0000000000000000
2026/09/30 14:39:18.192, 1095, 1215, 78.63, 39, 0x0000000000000000
2026/09/30 14:39:18.442, 1095, 1215, 78.36, 39, 0x0000000000000000
2026/09/30 14:39:18.692, 1095, 1215, 78.96, 39, 0x0000000000000000
2026/09/30 14:39:18.942, 1095, 1215, 78.28, 39, 0x0000000000000000
2026/09/30 14:39:19.192, 1095, 1215, 79.43, 39, 0x0000000000000000
2026/09/30 14:39:19.443, 1095, 1215, 79.43, 39, 0x0000000000000000
2026/09/30 14:39:19.693, 1095, 1215, 78.55, 39, 0x0000000000000000
2026/09/30 14:39:19.943, 1095, 1215, 78.47, 39, 0x0000000000000000
2026/09/30 14:39:20.193, 1095, 1215, 80.29, 39, 0x0000000000000000
2026/09/30 14:39:20.443, 1095, 1215, 79.68, 39, 0x0000000000000000
2026/09/30 14:39:20.693, 1095, 1215, 78.80, 39, 0x0000000000000000
2026/09/30 14:39:20.943, 1095, 1215, 82.04, 39, 0x0000000000000000
2026/09/30 14:39:21.193, 1095, 1215, 80.29, 39, 0x0000000000000000
2026/09/30 14:39:21.444, 1095, 1215, 79.16, 39, 0x0000000000000000
2026/09/30 14:39:21.694, 1095, 1215, 78.88, 39, 0x0000000000000000
2026/09/30 14:39:21.944, 1095, 1215, 78.88, 39, 0x0000000000000000
2026/09/30 14:39:22.194, 1095, 1215, 78.28, 39, 0x0000000000000000
2026/09/30 14:39:22.444, 1095, 1215, 79.16, 39, 0x0000000000000000
2026/09/30 14:39:22.694, 1095, 1215, 79.51, 39, 0x0000000000000000
2026/09/30 14:39:22.944, 1095, 1215, 78.36, 39, 0x0000000000000000
2026/09/30 14:39:23.195, 1095, 1215, 79.24, 39, 0x0000000000000000
2026/09/30 14:39:23.445, 1095, 1215, 78.96, 39, 0x0000000000000000
2026/09/30 14:39:23.695, 1095, 1215, 78.28, 39, 0x0000000000000000
2026/09/30 14:39:23.945, 1095, 1215, 78.55, 39, 0x0000000000000000
2026/09/30 14:39:24.195, 1095, 1215, 78.88, 39, 0x0000000000000000
2026/09/30 14:39:24.445, 1095, 1215, 80.03, 39, 0x0000000000000000
2026/09/30 14:39:24.695, 1095, 1215, 79.43, 39, 0x0000000000000000
2026/09/30 14:39:24.945, 1095, 1215, 79.95, 39, 0x0000000000000000
2026/09/30 14:39:25.196, 1095, 1215, 78.47, 39, 0x0000000000000000
2026/09/30 14:39:25.446, 1095, 1215, 79.95, 39, 0x0000000000000000
2026/09/30 14:39:25.696, 1095, 1215, 80.20, 39, 0x0000000000000000
2026/09/30 14:39:25.946, 1095, 1215, 78.11, 39, 0x0000000000000000
2026/09/30 14:39:26.196, 1095, 1215, 78.31, 39, 0x0000000000000000
2026/09/30 14:39:26.446, 1095, 1215, 78.31, 39, 0x0000000000000000
2026/09/30 14:39:26.696, 1095, 1215, 78.11, 39, 0x0000000000000000
2026/09/30 14:39:26.946, 1095, 1215, 78.19, 39, 0x0000000000000000
2026/09/30 14:39:27.196, 1095, 1215, 78.28, 39, 0x0000000000000000
2026/09/30 14:39:27.447, 1095, 1215, 78.28, 39, 0x0000000000000000
2026/09/30 14:39:27.697, 1095, 1215, 78.36, 39, 0x0000000000000000
2026/09/30 14:39:27.947, 1095, 1215, 78.36, 39, 0x0000000000000000
2026/09/30 14:39:28.197, 1095, 1215, 78.36, 39, 0x0000000000000000
2026/09/30 14:39:28.447, 1095, 1215, 78.36, 39, 0x0000000000000000
2026/09/30 14:39:28.697, 1095, 1215, 78.28, 39, 0x0000000000000000
2026/09/30 14:39:28.947, 1095, 1215, 78.28, 39, 0x0000000000000000
2026/09/30 14:39:29.197, 1095, 1215, 78.00, 39, 0x0000000000000000
2026/09/30 14:39:29.448, 1095, 1215, 78.28, 39, 0x0000000000000000
2026/09/30 14:39:29.698, 1095, 1215, 78.00, 39, 0x0000000000000000
2026/09/30 14:39:29.948, 1095, 1215, 78.28, 39, 0x0000000000000000
2026/09/30 14:39:30.198, 1095, 1215, 78.28, 39, 0x0000000000000000
2026/09/30 14:39:30.448, 1095, 1215, 77.92, 39, 0x0000000000000000
2026/09/30 14:39:30.698, 1095, 1215, 78.19, 39, 0x0000000000000000
2026/09/30 14:39:30.948, 1095, 1215, 77.92, 39, 0x0000000000000000
2026/09/30 14:39:31.199, 1095, 1215, 78.04, 39, 0x0000000000000000
2026/09/30 14:39:31.449, 1095, 1215, 78.04, 39, 0x0000000000000000
2026/09/30 14:39:31.699, 1095, 1215, 77.95, 39, 0x0000000000000000
2026/09/30 14:39:31.949, 1095, 1215, 77.95, 39, 0x0000000000000000
2026/09/30 14:39:32.199, 1095, 1215, 78.11, 39, 0x0000000000000000
2026/09/30 14:39:32.449, 1095, 1215, 77.92, 39, 0x0000000000000000
2026/09/30 14:39:32.700, 1095, 1215, 78.00, 39, 0x0000000000000000
2026/09/30 14:39:32.950, 1095, 1215, 78.00, 39, 0x0000000000000000
2026/09/30 14:39:33.200, 1095, 1215, 78.19, 39, 0x0000000000000000
2026/09/30 14:39:33.450, 1095, 1215, 77.92, 39, 0x0000000000000000
2026/09/30 14:39:33.700, 1095, 1215, 78.00, 39, 0x0000000000000000
2026/09/30 14:39:33.950, 1095, 1215, 78.28, 39, 0x0000000000000000
2026/09/30 14:39:34.200, 1095, 1215, 78.00, 39, 0x0000000000000000
2026/09/30 14:39:34.451, 1095, 1215, 78.00, 39, 0x0000000000000000
2026/09/30 14:39:34.701, 1095, 1215, 78.00, 39, 0x0000000000000000
2026/09/30 14:39:34.951, 1095, 1215, 83.88, 39, 0x0000000000000000
2026/09/30 14:39:35.201, 1095, 1215, 78.36, 39, 0x0000000000000000
2026/09/30 14:39:35.451, 1095, 1215, 78.00, 39, 0x0000000000000000
2026/09/30 14:39:35.701, 1095, 1215, 78.08, 39, 0x0000000000000000
2026/09/30 14:39:35.951, 1095, 1215, 78.08, 39, 0x0000000000000000
2026/09/30 14:39:36.202, 1095, 1215, 78.00, 39, 0x0000000000000000
2026/09/30 14:39:36.452, 1095, 1215, 78.00, 39, 0x0000000000000000
2026/09/30 14:39:36.702, 1095, 1215, 78.00, 39, 0x0000000000000000
2026/09/30 14:39:36.952, 1095, 1215, 77.92, 39, 0x0000000000000000
2026/09/30 14:39:37.202, 1095, 1215, 77.92, 39, 0x0000000000000000
2026/09/30 14:39:37.452, 1095, 1215, 77.92, 39, 0x0000000000000000
2026/09/30 14:39:37.702, 1095, 1215, 78.04, 39, 0x0000000000000000
2026/09/30 14:39:37.953, 1095, 1215, 77.76, 39, 0x0000000000000000
2026/09/30 14:39:38.203, 1095, 1215, 77.76, 39, 0x0000000000000000
2026/09/30 14:39:38.453, 1095, 1215, 77.95, 39, 0x0000000000000000
2026/09/30 14:39:38.703, 1095, 1215, 77.84, 39, 0x0000000000000000
2026/09/30 14:39:38.953, 1095, 1215, 78.28, 39, 0x0000000000000000
2026/09/30 14:39:39.203, 1095, 1215, 90.37, 39, 0x0000000000000000
2026/09/30 14:39:39.453, 1095, 1215, 79.08, 39, 0x0000000000000000
2026/09/30 14:39:39.704, 1095, 1215, 78.00, 39, 0x0000000000000000
2026/09/30 14:39:39.954, 1095, 1215, 78.00, 39, 0x0000000000000000
2026/09/30 14:39:40.204, 1095, 1215, 78.00, 39, 0x0000000000000000
2026/09/30 14:39:40.454, 1095, 1215, 78.00, 39, 0x0000000000000000
2026/09/30 14:39:40.704, 1095, 1215, 77.92, 39, 0x0000000000000000
2026/09/30 14:39:40.954, 1095, 1215, 77.92, 39, 0x0000000000000000
2026/09/30 14:39:41.204, 1095, 1215, 77.84, 39, 0x0000000000000000
2026/09/30 14:39:41.455, 1095, 1215, 77.92, 38, 0x0000000000000000
2026/09/30 14:39:41.705, 1095, 1215, 78.00, 38, 0x0000000000000000
2026/09/30 14:39:41.955, 1095, 1215, 78.00, 38, 0x0000000000000000
2026/09/30 14:39:42.205, 1095, 1215, 78.00, 38, 0x0000000000000000
2026/09/30 14:39:42.455, 1095, 1215, 78.00, 38, 0x0000000000000000
2026/09/30 14:39:42.705, 1095, 1215, 78.00, 38, 0x0000000000000000
2026/09/30 14:39:42.955, 1095, 1215, 78.00, 38, 0x0000000000000000
2026/09/30 14:39:43.205, 1095, 1215, 78.08, 38, 0x0000000000000000
2026/09/30 14:39:43.455, 1095, 1215, 78.08, 38, 0x0000000000000000
2026/09/30 14:39:43.706, 1095, 1215, 78.00, 38, 0x0000000000000000
2026/09/30 14:39:43.956, 1095, 1215, 80.03, 38, 0x0000000000000000
2026/09/30 14:39:44.206, 1095, 1215, 78.00, 38, 0x0000000000000000
2026/09/30 14:39:44.456, 1095, 1215, 78.00, 38, 0x0000000000000000
2026/09/30 14:39:44.706, 1095, 1215, 77.92, 38, 0x0000000000000000
2026/09/30 14:39:44.956, 1095, 1215, 77.92, 38, 0x0000000000000000
2026/09/30 14:39:45.206, 1095, 1215, 78.39, 38, 0x0000000000000000
2026/09/30 14:39:45.457, 1095, 1215, 80.12, 38, 0x0000000000000000
2026/09/30 14:39:45.707, 1095, 1215, 78.80, 38, 0x0000000000000000
2026/09/30 14:39:45.957, 1095, 1215, 78.47, 39, 0x0000000000000000
2026/09/30 14:39:46.207, 1095, 1215, 78.19, 38, 0x0000000000000000
2026/09/30 14:39:46.457, 1095, 1215, 77.92, 38, 0x0000000000000000
2026/09/30 14:39:46.707, 1095, 1215, 78.00, 38, 0x0000000000000000
2026/09/30 14:39:46.957, 1095, 1215, 80.03, 38, 0x0000000000000000
2026/09/30 14:39:47.208, 1095, 1215, 80.03, 38, 0x0000000000000000
2026/09/30 14:39:47.458, 1095, 1215, 78.00, 38, 0x0000000000000000
2026/09/30 14:39:47.708, 1095, 1215, 78.08, 38, 0x0000000000000000
2026/09/30 14:39:47.958, 1095, 1215, 78.08, 38, 0x0000000000000000
2026/09/30 14:39:48.208, 1095, 1215, 78.00, 38, 0x0000000000000000
2026/09/30 14:39:48.458, 1095, 1215, 78.00, 38, 0x0000000000000000
2026/09/30 14:39:48.709, 1095, 1215, 78.00, 38, 0x0000000000000000
2026/09/30 14:39:48.959, 1095, 1215, 77.92, 38, 0x0000000000000000
2026/09/30 14:39:49.209, 1095, 1215, 77.92, 38, 0x0000000000000000
2026/09/30 14:39:49.459, 1095, 1215, 77.76, 38, 0x0000000000000000
2026/09/30 14:39:49.709, 1095, 1215, 77.84, 38, 0x0000000000000000
2026/09/30 14:39:49.959, 1095, 1215, 77.92, 38, 0x0000000000000000
2026/09/30 14:39:50.209, 1095, 1215, 78.00, 38, 0x0000000000000000
2026/09/30 14:39:50.463, 1095, 1215, 78.00, 38, 0x0000000000000000
2026/09/30 14:39:50.713, 1095, 1215, 78.00, 38, 0x0000000000000000
2026/09/30 14:39:50.963, 1095, 1215, 78.00, 38, 0x0000000000000000
2026/09/30 14:39:51.213, 1095, 1215, 78.00, 38, 0x0000000000000000
2026/09/30 14:39:51.463, 1095, 1215, 78.08, 38, 0x0000000000000000
2026/09/30 14:39:51.713, 1095, 1215, 77.75, 38, 0x0000000000000000
2026/09/30 14:39:51.964, 1095, 1215, 78.08, 38, 0x0000000000000000
2026/09/30 14:39:52.217, 1095, 1215, 78.08, 38, 0x0000000000000000
2026/09/30 14:39:52.467, 1095, 1215, 78.00, 38, 0x0000000000000000
2026/09/30 14:39:52.717, 1095, 1215, 78.00, 38, 0x0000000000000000
2026/09/30 14:39:52.967, 1095, 1215, 78.00, 38, 0x0000000000000000
2026/09/30 14:39:53.217, 1095, 1215, 78.00, 38, 0x0000000000000000
2026/09/30 14:39:53.467, 1095, 1215, 77.84, 38, 0x0000000000000000
2026/09/30 14:39:53.717, 1095, 1215, 77.84, 38, 0x0000000000000000
2026/09/30 14:39:53.969, 1095, 1215, 77.76, 38, 0x0000000000000000
2026/09/30 14:39:54.219, 1095, 1215, 77.76, 38, 0x0000000000000000
2026/09/30 14:39:54.469, 1095, 1215, 77.84, 38, 0x0000000000000000
2026/09/30 14:39:54.719, 1095, 1215, 77.84, 38, 0x0000000000000000
2026/09/30 14:39:54.969, 1095, 1215, 77.84, 38, 0x0000000000000000
2026/09/30 14:39:55.219, 1095, 1215, 77.76, 38, 0x0000000000000000
2026/09/30 14:39:55.469, 1095, 1215, 77.67, 38, 0x0000000000000000
2026/09/30 14:39:55.720, 1095, 1215, 77.67, 38, 0x0000000000000000
2026/09/30 14:39:55.970, 1095, 1215, 77.92, 38, 0x0000000000000000
2026/09/30 14:39:56.220, 1095, 1215, 77.67, 38, 0x0000000000000000
2026/09/30 14:39:56.470, 1095, 1215, 77.67, 38, 0x0000000000000000
2026/09/30 14:39:56.720, 1095, 1215, 77.67, 38, 0x0000000000000000
2026/09/30 14:39:56.970, 1095, 1215, 78.00, 38, 0x0000000000000000
2026/09/30 14:39:57.220, 1095, 1215, 77.67, 38, 0x0000000000000000
2026/09/30 14:39:57.470, 1095, 1215, 78.00, 38, 0x0000000000000000
2026/09/30 14:39:57.721, 1095, 1215, 78.00, 38, 0x0000000000000000
2026/09/30 14:39:57.971, 1095, 1215, 77.59, 38, 0x0000000000000000
2026/09/30 14:39:58.221, 1095, 1215, 78.47, 38, 0x0000000000000000
2026/09/30 14:39:58.471, 1095, 1215, 77.84, 38, 0x0000000000000000
2026/09/30 14:39:58.721, 1095, 1215, 77.76, 38, 0x0000000000000000
2026/09/30 14:39:58.971, 1095, 1215, 77.76, 38, 0x0000000000000000
2026/09/30 14:39:59.221, 1095, 1215, 77.76, 38, 0x0000000000000000
2026/09/30 14:39:59.472, 1095, 1215, 77.92, 38, 0x0000000000000000
2026/09/30 14:39:59.722, 1095, 1215, 77.92, 38, 0x0000000000000000
2026/09/30 14:39:59.972, 1095, 1215, 77.67, 38, 0x0000000000000000
2026/09/30 14:40:00.222, 1095, 1215, 77.59, 38, 0x0000000000000000
2026/09/30 14:40:00.472, 1095, 1215, 77.59, 38, 0x0000000000000000
2026/09/30 14:40:00.722, 1095, 1215, 77.67, 38, 0x0000000000000000
2026/09/30 14:40:00.973, 1095, 1215, 77.67, 38, 0x0000000000000000
2026/09/30 14:40:01.223, 1095, 1215, 77.67, 38, 0x0000000000000000
2026/09/30 14:40:01.473, 1095, 1215, 77.67, 38, 0x0000000000000000
2026/09/30 14:40:01.723, 1095, 1215, 77.67, 38, 0x0000000000000000
2026/09/30 14:40:01.973, 1095, 1215, 77.67, 38, 0x0000000000000000
2026/09/30 14:40:02.223, 1095, 1215, 77.67, 38, 0x0000000000000000
2026/09/30 14:40:02.473, 1095, 1215, 77.67, 38, 0x0000000000000000
2026/09/30 14:40:02.724, 1095, 1215, 77.67, 38, 0x0000000000000000
2026/09/30 14:40:02.974, 1095, 1215, 77.59, 38, 0x0000000000000000
2026/09/30 14:40:03.224, 1095, 1215, 77.59, 38, 0x0000000000000000
2026/09/30 14:40:03.474, 1095, 1215, 77.84, 38, 0x0000000000000000
2026/09/30 14:40:03.724, 1095, 1215, 77.59, 38, 0x0000000000000000
2026/09/30 14:40:03.974, 1095, 1215, 77.84, 38, 0x0000000000000000
2026/09/30 14:40:04.225, 1095, 1215, 78.39, 38, 0x0000000000000000
2026/09/30 14:40:04.475, 1095, 1215, 77.92, 38, 0x0000000000000000
2026/09/30 14:40:04.725, 1095, 1215, 77.67, 38, 0x0000000000000000
2026/09/30 14:40:04.975, 1095, 1215, 77.67, 38, 0x0000000000000000
2026/09/30 14:40:05.225, 1095, 1215, 77.67, 38, 0x0000000000000000
2026/09/30 14:40:05.475, 1095, 1215, 78.00, 38, 0x0000000000000000
2026/09/30 14:40:05.725, 1095, 1215, 78.00, 38, 0x0000000000000000
2026/09/30 14:40:05.976, 1095, 1215, 78.00, 38, 0x0000000000000000
2026/09/30 14:40:06.226, 1095, 1215, 78.00, 38, 0x0000000000000000
2026/09/30 14:40:06.476, 1095, 1215, 78.00, 38, 0x0000000000000000
2026/09/30 14:40:06.726, 1095, 1215, 78.00, 38, 0x0000000000000000
2026/09/30 14:40:06.976, 1095, 1215, 78.08, 38, 0x0000000000000000
2026/09/30 14:40:07.226, 1095, 1215, 78.00, 38, 0x0000000000000000
2026/09/30 14:40:07.476, 1095, 1215, 78.00, 38, 0x0000000000000000
2026/09/30 14:40:07.727, 1095, 1215, 78.00, 38, 0x0000000000000000
2026/09/30 14:40:07.977, 1095, 1215, 77.67, 38, 0x0000000000000000
2026/09/30 14:40:08.227, 1095, 1215, 78.00, 38, 0x0000000000000000
2026/09/30 14:40:08.477, 1095, 1215, 77.67, 38, 0x0000000000000000
2026/09/30 14:40:08.727, 1095, 1215, 77.67, 38, 0x0000000000000000
2026/09/30 14:40:08.977, 1095, 1215, 78.00, 38, 0x0000000000000000
2026/09/30 14:40:09.227, 1095, 1215, 78.00, 38, 0x0000000000000000
2026/09/30 14:40:09.478, 1095, 1215, 77.84, 38, 0x0000000000000000
2026/09/30 14:40:09.728, 1095, 1215, 77.92, 38, 0x0000000000000000
2026/09/30 14:40:09.978, 1095, 1215, 79.51, 38, 0x0000000000000000
2026/09/30 14:40:10.228, 1095, 1215, 77.84, 38, 0x0000000000000000
2026/09/30 14:40:10.478, 1095, 1215, 77.76, 38, 0x0000000000000000
2026/09/30 14:40:10.728, 1095, 1215, 77.67, 38, 0x0000000000000000
2026/09/30 14:40:10.978, 1095, 1215, 77.59, 38, 0x0000000000000000
2026/09/30 14:40:11.229, 1095, 1215, 77.92, 38, 0x0000000000000000
2026/09/30 14:40:11.479, 1095, 1215, 77.67, 38, 0x0000000000000000
2026/09/30 14:40:11.729, 1095, 1215, 77.67, 38, 0x0000000000000000
2026/09/30 14:40:11.979, 1095, 1215, 77.59, 38, 0x0000000000000000
2026/09/30 14:40:12.229, 1095, 1215, 77.75, 38, 0x0000000000000000
2026/09/30 14:40:12.479, 1095, 1215, 77.75, 38, 0x0000000000000000
2026/09/30 14:40:12.729, 1095, 1215, 77.67, 38, 0x0000000000000000
2026/09/30 14:40:12.980, 1095, 1215, 77.67, 38, 0x0000000000000000
2026/09/30 14:40:13.230, 1095, 1215, 77.67, 38, 0x0000000000000000
2026/09/30 14:40:13.480, 1095, 1215, 77.67, 38, 0x0000000000000000
2026/09/30 14:40:13.730, 1095, 1215, 77.59, 38, 0x0000000000000000
2026/09/30 14:40:13.980, 1095, 1215, 77.67, 38, 0x0000000000000000
2026/09/30 14:40:14.230, 1095, 1215, 77.59, 38, 0x0000000000000000
2026/09/30 14:40:14.480, 1095, 1215, 77.39, 38, 0x0000000000000000
2026/09/30 14:40:14.730, 1095, 1215, 77.67, 38, 0x0000000000000000
2026/09/30 14:40:14.981, 1095, 1215, 77.67, 38, 0x0000000000000000
2026/09/30 14:40:15.231, 1095, 1215, 78.80, 38, 0x0000000000000000
2026/09/30 14:40:15.481, 1095, 1215, 77.59, 38, 0x0000000000000000
2026/09/30 14:40:15.731, 1095, 1215, 79.60, 38, 0x0000000000000000
2026/09/30 14:40:15.981, 1095, 1215, 77.43, 38, 0x0000000000000000
2026/09/30 14:40:16.231, 1095, 1215, 77.36, 38, 0x0000000000000000
2026/09/30 14:40:16.482, 1095, 1215, 80.31, 38, 0x0000000000000000
2026/09/30 14:40:16.732, 1095, 1215, 77.51, 38, 0x0000000000000000
2026/09/30 14:40:16.982, 1095, 1215, 77.51, 38, 0x0000000000000000
2026/09/30 14:40:17.232, 1095, 1215, 77.31, 38, 0x0000000000000000
2026/09/30 14:40:17.482, 1095, 1215, 77.31, 38, 0x0000000000000000
2026/09/30 14:40:17.732, 1095, 1215, 77.31, 38, 0x0000000000000000
2026/09/30 14:40:17.982, 1095, 1215, 77.31, 38, 0x0000000000000000
2026/09/30 14:40:18.233, 1095, 1215, 77.43, 38, 0x0000000000000000
2026/09/30 14:40:18.483, 1095, 1215, 77.39, 38, 0x0000000000000000
2026/09/30 14:40:18.733, 1095, 1215, 77.39, 38, 0x0000000000000000
2026/09/30 14:40:18.983, 1095, 1215, 77.39, 38, 0x0000000000000000
2026/09/30 14:40:19.233, 1095, 1215, 77.39, 38, 0x0000000000000000
2026/09/30 14:40:19.483, 1095, 1215, 77.39, 38, 0x0000000000000000
2026/09/30 14:40:19.734, 1095, 1215, 77.39, 38, 0x0000000000000000
2026/09/30 14:40:19.984, 1095, 1215, 77.67, 38, 0x0000000000000000
2026/09/30 14:40:20.234, 1095, 1215, 77.67, 38, 0x0000000000000000
2026/09/30 14:40:20.484, 1095, 1215, 77.31, 38, 0x0000000000000000
2026/09/30 14:40:20.734, 1095, 1215, 77.59, 38, 0x0000000000000000
2026/09/30 14:40:20.984, 1095, 1215, 77.51, 38, 0x0000000000000000
2026/09/30 14:40:21.235, 1095, 1215, 80.75, 38, 0x0000000000000000
2026/09/30 14:40:21.485, 1095, 1215, 77.43, 38, 0x0000000000000000
2026/09/30 14:40:21.735, 1095, 1215, 77.59, 38, 0x0000000000000000
2026/09/30 14:40:21.985, 1095, 1215, 77.31, 38, 0x0000000000000000
2026/09/30 14:40:22.235, 1095, 1215, 77.39, 38, 0x0000000000000000
2026/09/30 14:40:22.485, 1095, 1215, 77.39, 38, 0x0000000000000000
2026/09/30 14:40:22.736, 1095, 1215, 77.39, 38, 0x0000000000000000
2026/09/30 14:40:22.986, 1095, 1215, 77.39, 38, 0x0000000000000000
2026/09/30 14:40:23.236, 1095, 1215, 77.39, 38, 0x0000000000000000
2026/09/30 14:40:23.486, 1095, 1215, 77.31, 38, 0x0000000000000000
2026/09/30 14:40:23.736, 1095, 1215, 77.31, 38, 0x0000000000000000
2026/09/30 14:40:23.986, 1095, 1215, 77.31, 38, 0x0000000000000000
2026/09/30 14:40:24.236, 1095, 1215, 77.31, 38, 0x0000000000000000
2026/09/30 14:40:24.487, 1095, 1215, 77.51, 38, 0x0000000000000000
2026/09/30 14:40:24.737, 1095, 1215, 77.23, 38, 0x0000000000000000
2026/09/30 14:40:24.987, 1095, 1215, 77.39, 38, 0x0000000000000000
2026/09/30 14:40:25.237, 1095, 1215, 77.39, 38, 0x0000000000000000
2026/09/30 14:40:25.487, 1095, 1215, 77.39, 38, 0x0000000000000000
2026/09/30 14:40:25.737, 1095, 1215, 77.31, 38, 0x0000000000000000
2026/09/30 14:40:25.987, 1095, 1215, 77.39, 38, 0x0000000000000000
2026/09/30 14:40:26.238, 1095, 1215, 77.39, 38, 0x0000000000000000
2026/09/30 14:40:26.488, 1095, 1215, 77.67, 38, 0x0000000000000000
2026/09/30 14:40:26.738, 1095, 1215, 77.67, 38, 0x0000000000000000
2026/09/30 14:40:26.988, 1095, 1215, 78.28, 38, 0x0000000000000000
2026/09/30 14:40:27.238, 1095, 1215, 79.43, 38, 0x0000000000000000
2026/09/30 14:40:27.488, 1095, 1215, 78.00, 38, 0x0000000000000000
2026/09/30 14:40:27.738, 1095, 1215, 77.67, 38, 0x0000000000000000
2026/09/30 14:40:27.989, 1095, 1215, 77.67, 38, 0x0000000000000000
2026/09/30 14:40:28.239, 1095, 1215, 78.00, 38, 0x0000000000000000
2026/09/30 14:40:28.489, 1095, 1215, 77.67, 38, 0x0000000000000000
2026/09/30 14:40:28.739, 1095, 1215, 77.59, 38, 0x0000000000000000
2026/09/30 14:40:28.989, 1095, 1215, 77.59, 38, 0x0000000000000000
2026/09/30 14:40:29.239, 1095, 1215, 77.51, 38, 0x0000000000000000
2026/09/30 14:40:29.489, 1095, 1215, 77.39, 38, 0x0000000000000000
2026/09/30 14:40:29.740, 1095, 1215, 77.67, 38, 0x0000000000000000
2026/09/30 14:40:29.990, 1095, 1215, 77.39, 38, 0x0000000000000000
2026/09/30 14:40:30.240, 1095, 1215, 77.59, 38, 0x0000000000000000
2026/09/30 14:40:30.490, 1095, 1215, 77.39, 38, 0x0000000000000000
2026/09/30 14:40:30.740, 1095, 1215, 77.47, 38, 0x0000000000000000
2026/09/30 14:40:30.990, 1095, 1215, 77.39, 38, 0x0000000000000000
2026/09/30 14:40:31.240, 1095, 1215, 77.39, 38, 0x0000000000000000
2026/09/30 14:40:31.491, 1095, 1215, 77.39, 38, 0x0000000000000000
2026/09/30 14:40:31.741, 1095, 1215, 77.39, 38, 0x0000000000000000
2026/09/30 14:40:31.991, 1095, 1215, 77.31, 38, 0x0000000000000000
2026/09/30 14:40:32.241, 1095, 1215, 77.31, 38, 0x0000000000000000
2026/09/30 14:40:32.491, 1095, 1215, 77.31, 38, 0x0000000000000000
2026/09/30 14:40:32.741, 1095, 1215, 77.39, 38, 0x0000000000000000
2026/09/30 14:40:32.991, 1095, 1215, 77.39, 38, 0x0000000000000000
2026/09/30 14:40:33.242, 1095, 1215, 77.39, 38, 0x0000000000000000
2026/09/30 14:40:33.492, 1095, 1215, 77.39, 38, 0x0000000000000000
2026/09/30 14:40:33.742, 1095, 1215, 77.39, 38, 0x0000000000000000
2026/09/30 14:40:33.992, 1095, 1215, 77.39, 38, 0x0000000000000000
2026/09/30 14:40:34.242, 1095, 1215, 77.39, 38, 0x0000000000000000
2026/09/30 14:40:34.492, 1095, 1215, 77.39, 38, 0x0000000000000000
2026/09/30 14:40:34.743, 1095, 1215, 77.31, 38, 0x0000000000000000
2026/09/30 14:40:34.993, 1095, 1215, 77.39, 38, 0x0000000000000000
2026/09/30 14:40:35.243, 1095, 1215, 77.39, 38, 0x0000000000000000
2026/09/30 14:40:35.493, 1095, 1215, 77.31, 38, 0x0000000000000000
2026/09/30 14:40:35.743, 1095, 1215, 77.39, 38, 0x0000000000000000
2026/09/30 14:40:35.993, 1095, 1215, 77.39, 38, 0x0000000000000000
2026/09/30 14:40:36.243, 1095, 1215, 77.39, 38, 0x0000000000000000
2026/09/30 14:40:36.494, 1095, 1215, 77.39, 38, 0x0000000000000000
2026/09/30 14:40:36.744, 1095, 1215, 77.39, 38, 0x0000000000000000
2026/09/30 14:40:36.994, 1095, 1215, 77.39, 38, 0x0000000000000000
2026/09/30 14:40:37.244, 1095, 1215, 77.39, 38, 0x0000000000000000
2026/09/30 14:40:37.494, 1095, 1215, 77.31, 38, 0x0000000000000000
2026/09/30 14:40:37.744, 1095, 1215, 77.39, 38, 0x0000000000000000
2026/09/30 14:40:37.994, 1095, 1215, 77.39, 38, 0x0000000000000000
2026/09/30 14:40:38.245, 1095, 1215, 77.23, 38, 0x0000000000000000
2026/09/30 14:40:38.495, 1095, 1215, 77.51, 38, 0x0000000000000000
2026/09/30 14:40:38.745, 1095, 1215, 77.43, 38, 0x0000000000000000
2026/09/30 14:40:38.995, 1095, 1215, 77.31, 38, 0x0000000000000000
2026/09/30 14:40:39.245, 1095, 1215, 77.31, 38, 0x0000000000000000
2026/09/30 14:40:39.495, 1095, 1215, 77.31, 38, 0x0000000000000000
2026/09/30 14:40:39.746, 1095, 1215, 77.39, 38, 0x0000000000000000
2026/09/30 14:40:39.996, 1095, 1215, 77.31, 38, 0x0000000000000000
2026/09/30 14:40:40.246, 1095, 1215, 77.31, 38, 0x0000000000000000
2026/09/30 14:40:40.496, 1095, 1215, 77.31, 38, 0x0000000000000000
2026/09/30 14:40:40.746, 1095, 1215, 77.31, 38, 0x0000000000000000
2026/09/30 14:40:40.996, 1095, 1215, 77.39, 38, 0x0000000000000000
2026/09/30 14:40:41.246, 1095, 1215, 77.39, 38, 0x0000000000000000
2026/09/30 14:40:41.496, 1095, 1215, 77.39, 38, 0x0000000000000000
2026/09/30 14:40:41.747, 1095, 1215, 77.39, 38, 0x0000000000000000
2026/09/30 14:40:41.997, 1095, 1215, 77.39, 38, 0x0000000000000000
2026/09/30 14:40:42.247, 1095, 1215, 77.39, 38, 0x0000000000000000
2026/09/30 14:40:42.497, 1095, 1215, 77.39, 38, 0x0000000000000000
2026/09/30 14:40:42.747, 1095, 1215, 77.39, 38, 0x0000000000000000
2026/09/30 14:40:42.997, 1095, 1215, 77.31, 38, 0x0000000000000000
2026/09/30 14:40:43.247, 1095, 1215, 77.31, 38, 0x0000000000000000
2026/09/30 14:40:43.497, 1095, 1215, 77.51, 38, 0x0000000000000000
2026/09/30 14:40:43.748, 1095, 1215, 77.23, 38, 0x0000000000000000
2026/09/30 14:40:43.998, 1095, 1215, 77.51, 38, 0x0000000000000000
2026/09/30 14:40:44.248, 1095, 1215, 77.43, 38, 0x0000000000000000
2026/09/30 14:40:44.498, 1095, 1215, 77.43, 38, 0x0000000000000000
2026/09/30 14:40:44.748, 1095, 1215, 77.43, 38, 0x0000000000000000
2026/09/30 14:40:44.998, 1095, 1215, 77.43, 38, 0x0000000000000000
2026/09/30 14:40:45.248, 1095, 1215, 77.39, 38, 0x0000000000000000
2026/09/30 14:40:45.499, 1095, 1215, 77.39, 38, 0x0000000000000000
2026/09/30 14:40:45.749, 1095, 1215, 77.31, 38, 0x0000000000000000
2026/09/30 14:40:45.999, 1095, 1215, 77.39, 38, 0x0000000000000000
2026/09/30 14:40:46.249, 1095, 1215, 77.39, 38, 0x0000000000000000
2026/09/30 14:40:46.499, 1095, 1215, 77.39, 37, 0x0000000000000000
2026/09/30 14:40:46.749, 1095, 1215, 77.39, 38, 0x0000000000000000
2026/09/30 14:40:46.999, 1095, 1215, 77.39, 38, 0x0000000000000000
2026/09/30 14:40:47.250, 1095, 1215, 77.39, 37, 0x0000000000000000
2026/09/30 14:40:47.500, 1095, 1215, 77.31, 38, 0x0000000000000000
2026/09/30 14:40:47.750, 1095, 1215, 77.39, 38, 0x0000000000000000
2026/09/30 14:40:48.000, 1095, 1215, 77.47, 37, 0x0000000000000000
2026/09/30 14:40:48.250, 1095, 1215, 77.47, 37, 0x0000000000000000
2026/09/30 14:40:48.500, 1095, 1215, 77.67, 38, 0x0000000000000000
2026/09/30 14:40:48.750, 1095, 1215, 77.67, 38, 0x0000000000000000
2026/09/30 14:40:49.000, 1095, 1215, 77.67, 37, 0x0000000000000000
2026/09/30 14:40:49.251, 1095, 1215, 77.67, 37, 0x0000000000000000
2026/09/30 14:40:49.501, 1095, 1215, 77.59, 37, 0x0000000000000000
2026/09/30 14:40:49.751, 1095, 1215, 77.59, 37, 0x0000000000000000
2026/09/30 14:40:50.001, 1095, 1215, 77.51, 37, 0x0000000000000000
2026/09/30 14:40:50.251, 1095, 1215, 77.59, 37, 0x0000000000000000
2026/09/30 14:40:50.501, 1095, 1215, 77.43, 37, 0x0000000000000000
2026/09/30 14:40:50.752, 1095, 1215, 77.36, 37, 0x0000000000000000
2026/09/30 14:40:51.002, 1095, 1215, 77.36, 37, 0x0000000000000000
2026/09/30 14:40:51.252, 1095, 1215, 77.51, 37, 0x0000000000000000
2026/09/30 14:40:51.502, 1095, 1215, 77.59, 37, 0x0000000000000000
2026/09/30 14:40:51.752, 1095, 1215, 80.37, 38, 0x0000000000000000
